instance_id,source,stages,menu_size,gates,risk_budget,method,feasible,bound_ns,risk_sum,frontier_peak,runtime_ns,peak_rss_bytes,seed,selected_menu_ids,calendar_signature
syn_4_3_1_00,synthetic,4,3,1,0.01,pareto_dp,True,1148946,0.00925,4.0,63100,,17362688474173183607,"[""m0@0.0020"", ""m1@0.0020"", ""m2@0.0020"", ""m3@0.0032""]","[""C1"", 1000000, 0, 50000, [[400000, 700000]], 455509]"
syn_4_3_1_01,synthetic,4,3,1,0.01,pareto_dp,True,953630,0.00925,3.0,52100,,1662597480358610141,"[""m0@0.0020"", ""m1@0.0020"", ""m2@0.0032"", ""m3@0.0020""]","[""C1"", 1000000, 0, 50000, [[400000, 700000]], 455509]"
syn_4_3_1_02,synthetic,4,3,1,0.01,pareto_dp,True,992629,0.00925,4.0,57800,,10125579854736362071,"[""m0@0.0020"", ""m1@0.0020"", ""m2@0.0020"", ""m3@0.0032""]","[""C1"", 1000000, 0, 50000, [[400000, 700000]], 455509]"
syn_4_3_1_03,synthetic,4,3,1,0.01,pareto_dp,True,823954,0.00925,3.0,47600,,11462353672119675811,"[""m0@0.0020"", ""m1@0.0020"", ""m2@0.0020"", ""m3@0.0032""]","[""C1"", 1000000, 0, 50000, [[400000, 700000]], 455509]"
syn_4_3_1_04,synthetic,4,3,1,0.01,pareto_dp,True,1399232,0.00925,4.0,47700,,8917639509637200707,"[""m0@0.0020"", ""m1@0.0020"", ""m2@0.0020"", ""m3@0.0032""]","[""C1"", 1000000, 0, 50000, [[400000, 700000]], 455509]"
syn_4_3_1_05,synthetic,4,3,1,0.01,pareto_dp,True,791899,0.00925,3.0,45400,,17762360866143615167,"[""m0@0.0020"", ""m1@0.0020"", ""m2@0.0020"", ""m3@0.0032""]","[""C1"", 1000000, 0, 50000, [[400000, 700000]], 455509]"
syn_4_3_1_06,synthetic,4,3,1,0.01,pareto_dp,True,1113859,0.00925,3.0,46100,,157270250071638023,"[""m0@0.0020"", ""m1@0.0020"", ""m2@0.0020"", ""m3@0.0032""]","[""C1"", 1000000, 0, 50000, [[400000, 700000]], 455509]"
syn_4_3_1_07,synthetic,4,3,1,0.01,pareto_dp,True,1276082,0.00925,3.0,46400,,8589349825586867944,"[""m0@0.0020"", ""m1@0.0020"", ""m2@0.0020"", ""m3@0.0032""]","[""C1"", 1000000, 0, 50000, [[400000, 700000]], 455509]"
syn_4_3_1_08,synthetic,4,3,1,0.01,pareto_dp,True,708629,0.00925,4.0,47600,,3555987409075831408,"[""m0@0.0020"", ""m1@0.0020"", ""m2@0.0020"", ""m3@0.0032""]","[""C1"", 1000000, 0, 50000, [[400000, 700000]], 455509]"
syn_4_3_1_09,synthetic,4,3,1,0.01,pareto_dp,True,906152,0.00925,3.0,43200,,17769990851087747771,"[""m0@0.0020"", ""m1@0.0020"", ""m2@0.0020"", ""m3@0.0032""]","[""C1"", 1000000, 0, 50000, [[400000, 700000]], 455509]"
syn_4_3_1_10,synthetic,4,3,1,0.01,pareto_dp,True,871388,0.00925,3.0,44400,,9111494899183805626,"[""m0@0.0020"", ""m1@0.0020"", ""m2@0.0020"", ""m3@0.0032""]","[""C1"", 1000000, 0, 50000, [[400000, 700000]], 455509]"
syn_4_3_1_11,synthetic,4,3,1,0.01,pareto_dp,True,1421959,0.00925,3.0,43300,,17564603686548033103,"[""m0@0.0020"", ""m1@0.0020"", ""m2@0.0020"", ""m3@0.0032""]","[""C1"", 1000000, 0, 50000, [[400000, 700000]], 455509]"
syn_4_3_1_12,synthetic,4,3,1,0.01,pareto_dp,True,1046863,0.00925,3.0,44300,,15342070657373713409,"[""m0@0.0020"", ""m1@0.0020"", ""m2@0.0020"", ""m3@0.0032""]","[""C1"", 1000000, 0, 50000, [[400000, 700000]], 455509]"
syn_4_3_1_13,synthetic,4,3,1,0.01,pareto_dp,True,870706,0.00925,4.0,49900,,6550162264215980467,"[""m0@0.0020"", ""m1@0.0020"", ""m2@0.0020"", ""m3@0.0032""]","[""C1"", 1000000, 0, 50000, [[400000, 700000]], 455509]"
syn_4_3_1_14,synthetic,4,3,1,0.01,pareto_dp,True,1355862,0.00925,3.0,43800,,15519549800955992495,"[""m0@0.0020"", ""m1@0.0020"", ""m2@0.0020"", ""m3@0.0032""]","[""C1"", 1000000, 0, 50000, [[400000, 700000]], 455509]"
syn_4_3_1_15,synthetic,4,3,1,0.01,pareto_dp,True,1329103,0.00925,4.0,49500,,7162269041708621202,"[""m0@0.0020"", ""m1@0.0020"", ""m2@0.0020"", ""m3@0.0032""]","[""C1"", 1000000, 0, 50000, [[400000, 700000]], 455509]"
syn_4_3_1_16,synthetic,4,3,1,0.01,pareto_dp,True,1188912,0.00925,3.0,44300,,17612980923589086891,"[""m0@0.0020"", ""m1@0.0020"", ""m2@0.0020"", ""m3@0.0032""]","[""C1"", 1000000, 0, 50000, [[400000, 700000]], 455509]"
syn_4_3_1_17,synthetic,4,3,1,0.01,pareto_dp,True,716280,0.00925,3.0,43500,,9602119372426234579,"[""m0@0.0020"", ""m1@0.0020"", ""m2@0.0020"", ""m3@0.0032""]","[""C1"", 1000000, 0, 50000, [[400000, 700000]], 455509]"
syn_4_3_1_18,synthetic,4,3,1,0.01,pareto_dp,True,860425,0.00925,3.0,45200,,3127612904611529279,"[""m0@0.0020"", ""m1@0.0020"", ""m2@0.0020"", ""m3@0.0032""]","[""C1"", 1000000, 0, 50000, [[400000, 700000]], 455509]"
syn_4_3_1_19,synthetic,4,3,1,0.01,pareto_dp,True,826678,0.00925,4.0,49700,,4514323210357745062,"[""m0@0.0020"", ""m1@0.0020"", ""m2@0.0020"", ""m3@0.0032""]","[""C1"", 1000000, 0, 50000, [[400000, 700000]], 455509]"
syn_4_3_4_00,synthetic,4,3,4,0.01,pareto_dp,True,1582967,0.00925,3.0,47700,,4573766533958328254,"[""m0@0.0020"", ""m1@0.0020"", ""m2@0.0020"", ""m3@0.0032""]","[""C1"", 1000000, 0, 50000, [[400000, 700000]], 455509]"
syn_4_3_4_01,synthetic,4,3,4,0.01,pareto_dp,True,1756752,0.00925,3.0,47400,,5292003921811953130,"[""m0@0.0020"", ""m1@0.0020"", ""m2@0.0020"", ""m3@0.0032""]","[""C1"", 1000000, 0, 50000, [[400000, 700000]], 455509]"
syn_4_3_4_02,synthetic,4,3,4,0.01,pareto_dp,True,2013419,0.00925,3.0,49200,,17592892111087812148,"[""m0@0.0020"", ""m1@0.0020"", ""m2@0.0020"", ""m3@0.0032""]","[""C1"", 1000000, 0, 50000, [[400000, 700000]], 455509]"
syn_4_3_4_03,synthetic,4,3,4,0.01,pareto_dp,True,1775337,0.00925,3.0,47900,,1366483428483644973,"[""m0@0.0020"", ""m1@0.0020"", ""m2@0.0020"", ""m3@0.0032""]","[""C1"", 1000000, 0, 50000, [[400000, 700000]], 455509]"
syn_4_3_4_04,synthetic,4,3,4,0.01,pareto_dp,True,2026860,0.00925,3.0,46400,,13707076019043315279,"[""m0@0.0020"", ""m1@0.0020"", ""m2@0.0020"", ""m3@0.0032""]","[""C1"", 1000000, 0, 50000, [[400000, 700000]], 455509]"
syn_4_3_4_05,synthetic,4,3,4,0.01,pareto_dp,True,1719881,0.00925,3.0,45400,,13830053281037399959,"[""m0@0.0020"", ""m1@0.0020"", ""m2@0.0020"", ""m3@0.0032""]","[""C1"", 1000000, 0, 50000, [[400000, 700000]], 455509]"
syn_4_3_4_06,synthetic,4,3,4,0.01,pareto_dp,True,1523129,0.00925,3.0,46100,,18083572688825669191,"[""m0@0.0020"", ""m1@0.0020"", ""m2@0.0020"", ""m3@0.0032""]","[""C1"", 1000000, 0, 50000, [[400000, 700000]], 455509]"
syn_4_3_4_07,synthetic,4,3,4,0.01,pareto_dp,True,1538902,0.00925,3.0,48300,,13671559697961794169,"[""m0@0.0020"", ""m1@0.0020"", ""m2@0.0020"", ""m3@0.0032""]","[""C1"", 1000000, 0, 50000, [[400000, 700000]], 455509]"
syn_4_3_4_08,synthetic,4,3,4,0.01,pareto_dp,True,1711813,0.00925,3.0,44900,,8115361544555011469,"[""m0@0.0020"", ""m1@0.0020"", ""m2@0.0020"", ""m3@0.0032""]","[""C1"", 1000000, 0, 50000, [[400000, 700000]], 455509]"
syn_4_3_4_09,synthetic,4,3,4,0.01,pareto_dp,True,1703280,0.00925,3.0,47700,,14124960576887829149,"[""m0@0.0020"", ""m1@0.0020"", ""m2@0.0020"", ""m3@0.0032""]","[""C1"", 1000000, 0, 50000, [[400000, 700000]], 455509]"
syn_4_3_4_10,synthetic,4,3,4,0.01,pareto_dp,True,1811395,0.00925,3.0,46600,,356138263553303609,"[""m0@0.0020"", ""m1@0.0020"", ""m2@0.0020"", ""m3@0.0032""]","[""C1"", 1000000, 0, 50000, [[400000, 700000]], 455509]"
syn_4_3_4_11,synthetic,4,3,4,0.01,pareto_dp,True,1698247,0.00925,3.0,44500,,17453494205151395523,"[""m0@0.0020"", ""m1@0.0020"", ""m2@0.0020"", ""m3@0.0032""]","[""C1"", 1000000, 0, 50000, [[400000, 700000]], 455509]"
syn_4_3_4_12,synthetic,4,3,4,0.01,pareto_dp,True,1490667,0.00925,3.0,44500,,15958050027781589206,"[""m0@0.0020"", ""m1@0.0020"", ""m2@0.0020"", ""m3@0.0032""]","[""C1"", 1000000, 0, 50000, [[400000, 700000]], 455509]"
syn_4_3_4_13,synthetic,4,3,4,0.01,pareto_dp,True,1624022,0.00925,3.0,43900,,17856823141027513098,"[""m0@0.0020"", ""m1@0.0020"", ""m2@0.0020"", ""m3@0.0032""]","[""C1"", 1000000, 0, 50000, [[400000, 700000]], 455509]"
syn_4_3_4_14,synthetic,4,3,4,0.01,pareto_dp,True,1044199,0.00925,4.0,48900,,10194873683455459726,"[""m0@0.0020"", ""m1@0.0020"", ""m2@0.0020"", ""m3@0.0032""]","[""C1"", 1000000, 0, 50000, [[400000, 700000]], 455509]"
syn_4_3_4_15,synthetic,4,3,4,0.01,pareto_dp,True,1956264,0.00925,3.0,45000,,79921279438599797,"[""m0@0.0020"", ""m1@0.0020"", ""m2@0.0020"", ""m3@0.0032""]","[""C1"", 1000000, 0, 50000, [[400000, 700000]], 455509]"
syn_4_3_4_16,synthetic,4,3,4,0.01,pareto_dp,True,720925,0.00925,4.0,48200,,11668055705041103832,"[""m0@0.0020"", ""m1@0.0020"", ""m2@0.0020"", ""m3@0.0032""]","[""C1"", 1000000, 0, 50000, [[400000, 700000]], 455509]"
syn_4_3_4_17,synthetic,4,3,4,0.01,pareto_dp,True,1577008,0.00925,3.0,47300,,6758168492101546464,"[""m0@0.0020"", ""m1@0.0020"", ""m2@0.0020"", ""m3@0.0032""]","[""C1"", 1000000, 0, 50000, [[400000, 700000]], 455509]"
syn_4_3_4_18,synthetic,4,3,4,0.01,pareto_dp,True,1592650,0.00925,3.0,46300,,12687934800418227649,"[""m0@0.0020"", ""m1@0.0020"", ""m2@0.0020"", ""m3@0.0032""]","[""C1"", 1000000, 0, 50000, [[400000, 700000]], 455509]"
syn_4_3_4_19,synthetic,4,3,4,0.01,pareto_dp,True,1590003,0.00925,3.0,45400,,4118222023385891482,"[""m0@0.0020"", ""m1@0.0020"", ""m2@0.0020"", ""m3@0.0032""]","[""C1"", 1000000, 0, 50000, [[400000, 700000]], 455509]"
syn_4_6_1_00,synthetic,4,6,1,0.01,pareto_dp,True,868533,0.01,9.0,100100,,8267431242662499836,"[""m0@0.0020"", ""m1@0.0020"", ""m2@0.0020"", ""m3@0.0040""]","[""C1"", 1000000, 0, 50000, [[400000, 700000]], 455509]"
syn_4_6_1_01,synthetic,4,6,1,0.01,pareto_dp,True,1096056,0.01,7.0,90100,,3740369253576034583,"[""m0@0.0020"", ""m1@0.0020"", ""m2@0.0020"", ""m3@0.0040""]","[""C1"", 1000000, 0, 50000, [[400000, 700000]], 455509]"
syn_4_6_1_02,synthetic,4,6,1,0.01,pareto_dp,True,1127511,0.01,6.0,89400,,17140485576185820072,"[""m0@0.0020"", ""m1@0.0020"", ""m2@0.0020"", ""m3@0.0040""]","[""C1"", 1000000, 0, 50000, [[400000, 700000]], 455509]"
syn_4_6_1_03,synthetic,4,6,1,0.01,pareto_dp,True,820637,0.01,6.0,90200,,14949018899125947140,"[""m0@0.0020"", ""m1@0.0020"", ""m2@0.0020"", ""m3@0.0040""]","[""C1"", 1000000, 0, 50000, [[400000, 700000]], 455509]"
syn_4_6_1_04,synthetic,4,6,1,0.01,pareto_dp,True,1121691,0.01,6.0,85400,,12116456455016559669,"[""m0@0.0020"", ""m1@0.0020"", ""m2@0.0020"", ""m3@0.0040""]","[""C1"", 1000000, 0, 50000, [[400000, 700000]], 455509]"
syn_4_6_1_05,synthetic,4,6,1,0.01,pareto_dp,True,1161733,0.01,6.0,88900,,2314232146715433339,"[""m0@0.0020"", ""m1@0.0020"", ""m2@0.0020"", ""m3@0.0040""]","[""C1"", 1000000, 0, 50000, [[400000, 700000]], 455509]"
syn_4_6_1_06,synthetic,4,6,1,0.01,pareto_dp,True,1039918,0.01,8.0,88200,,12724907686751230834,"[""m0@0.0020"", ""m1@0.0020"", ""m2@0.0020"", ""m3@0.0040""]","[""C1"", 1000000, 0, 50000, [[400000, 700000]], 455509]"
syn_4_6_1_07,synthetic,4,6,1,0.01,pareto_dp,True,798814,0.01,6.0,86700,,15492401310251207875,"[""m0@0.0020"", ""m1@0.0020"", ""m2@0.0025"", ""m3@0.0035""]","[""C1"", 1000000, 0, 50000, [[400000, 700000]], 455509]"
syn_4_6_1_08,synthetic,4,6,1,0.01,pareto_dp,True,1107968,0.01,6.0,84300,,12460795196085724114,"[""m0@0.0020"", ""m1@0.0020"", ""m2@0.0020"", ""m3@0.0040""]","[""C1"", 1000000, 0, 50000, [[400000, 700000]], 455509]"
syn_4_6_1_09,synthetic,4,6,1,0.01,pareto_dp,True,922273,0.01,6.0,85300,,12490599018404199915,"[""m0@0.0020"", ""m1@0.0020"", ""m2@0.0020"", ""m3@0.0040""]","[""C1"", 1000000, 0, 50000, [[400000, 700000]], 455509]"
syn_4_6_1_10,synthetic,4,6,1,0.01,pareto_dp,True,571125,0.01,6.0,85000,,2590481441529691253,"[""m0@0.0020"", ""m1@0.0020"", ""m2@0.0020"", ""m3@0.0040""]","[""C1"", 1000000, 0, 50000, [[400000, 700000]], 455509]"
syn_4_6_1_11,synthetic,4,6,1,0.01,pareto_dp,True,971299,0.01,6.0,83300,,15209927104271203615,"[""m0@0.0020"", ""m1@0.0020"", ""m2@0.0020"", ""m3@0.0040""]","[""C1"", 1000000, 0, 50000, [[400000, 700000]], 455509]"
syn_4_6_1_12,synthetic,4,6,1,0.01,pareto_dp,True,1142729,0.01,6.0,82500,,12970145813274751435,"[""m0@0.0020"", ""m1@0.0020"", ""m2@0.0020"", ""m3@0.0040""]","[""C1"", 1000000, 0, 50000, [[400000, 700000]], 455509]"
syn_4_6_1_13,synthetic,4,6,1,0.01,pareto_dp,True,1135312,0.01,8.0,93500,,7567010045516543311,"[""m0@0.0020"", ""m1@0.0020"", ""m2@0.0020"", ""m3@0.0040""]","[""C1"", 1000000, 0, 50000, [[400000, 700000]], 455509]"
syn_4_6_1_14,synthetic,4,6,1,0.01,pareto_dp,True,964476,0.01,6.0,86400,,9306612280512328830,"[""m0@0.0020"", ""m1@0.0020"", ""m2@0.0025"", ""m3@0.0035""]","[""C1"", 1000000, 0, 50000, [[400000, 700000]], 455509]"
syn_4_6_1_15,synthetic,4,6,1,0.01,pareto_dp,True,1055464,0.01,8.0,93300,,11813249594716438119,"[""m0@0.0020"", ""m1@0.0020"", ""m2@0.0020"", ""m3@0.0040""]","[""C1"", 1000000, 0, 50000, [[400000, 700000]], 455509]"
syn_4_6_1_16,synthetic,4,6,1,0.01,pareto_dp,True,843600,0.01,6.0,83700,,16490928453622011125,"[""m0@0.0020"", ""m1@0.0020"", ""m2@0.0020"", ""m3@0.0040""]","[""C1"", 1000000, 0, 50000, [[400000, 700000]], 455509]"
syn_4_6_1_17,synthetic,4,6,1,0.01,pareto_dp,True,860927,0.01,13.0,101700,,13089600727899283081,"[""m0@0.0020"", ""m1@0.0020"", ""m2@0.0040"", ""m3@0.0020""]","[""C1"", 1000000, 0, 50000, [[400000, 700000]], 455509]"
syn_4_6_1_18,synthetic,4,6,1,0.01,pareto_dp,True,1259707,0.01,6.0,93700,,5451785134641825707,"[""m0@0.0020"", ""m1@0.0020"", ""m2@0.0020"", ""m3@0.0040""]","[""C1"", 1000000, 0, 50000, [[400000, 700000]], 455509]"
syn_4_6_1_19,synthetic,4,6,1,0.01,pareto_dp,True,1009441,0.01,6.0,91900,,17935239269956578882,"[""m0@0.0020"", ""m1@0.0020"", ""m2@0.0020"", ""m3@0.0040""]","[""C1"", 1000000, 0, 50000, [[400000, 700000]], 455509]"
syn_4_6_4_00,synthetic,4,6,4,0.01,pareto_dp,True,1893953,0.01,6.0,94600,,17020143905982036626,"[""m0@0.0020"", ""m1@0.0020"", ""m2@0.0020"", ""m3@0.0040""]","[""C1"", 1000000, 0, 50000, [[400000, 700000]], 455509]"
syn_4_6_4_01,synthetic,4,6,4,0.01,pareto_dp,True,962129,0.01,7.0,98600,,7685059567897785916,"[""m0@0.0020"", ""m1@0.0020"", ""m2@0.0040"", ""m3@0.0020""]","[""C1"", 1000000, 0, 50000, [[400000, 700000]], 455509]"
syn_4_6_4_02,synthetic,4,6,4,0.01,pareto_dp,True,1369588,0.01,8.0,95800,,3980253574159414682,"[""m0@0.0020"", ""m1@0.0020"", ""m2@0.0030"", ""m3@0.0030""]","[""C1"", 1000000, 0, 50000, [[400000, 700000]], 455509]"
syn_4_6_4_03,synthetic,4,6,4,0.01,pareto_dp,True,1931373,0.01,6.0,89300,,18177470584987746201,"[""m0@0.0020"", ""m1@0.0020"", ""m2@0.0020"", ""m3@0.0040""]","[""C1"", 1000000, 0, 50000, [[400000, 700000]], 455509]"
syn_4_6_4_04,synthetic,4,6,4,0.01,pareto_dp,True,1597842,0.01,6.0,90300,,6800254074548980011,"[""m0@0.0020"", ""m1@0.0020"", ""m2@0.0020"", ""m3@0.0040""]","[""C1"", 1000000, 0, 50000, [[400000, 700000]], 455509]"
syn_4_6_4_05,synthetic,4,6,4,0.01,pareto_dp,True,1654913,0.01,6.0,86900,,16122387475776173180,"[""m0@0.0020"", ""m1@0.0020"", ""m2@0.0020"", ""m3@0.0040""]","[""C1"", 1000000, 0, 50000, [[400000, 700000]], 455509]"
syn_4_6_4_06,synthetic,4,6,4,0.01,pareto_dp,True,1481710,0.01,6.0,85900,,15532598484227711201,"[""m0@0.0020"", ""m1@0.0020"", ""m2@0.0020"", ""m3@0.0040""]","[""C1"", 1000000, 0, 50000, [[400000, 700000]], 455509]"
syn_4_6_4_07,synthetic,4,6,4,0.01,pareto_dp,True,1883661,0.01,6.0,85400,,8421356494218959141,"[""m0@0.0020"", ""m1@0.0020"", ""m2@0.0020"", ""m3@0.0040""]","[""C1"", 1000000, 0, 50000, [[400000, 700000]], 455509]"
syn_4_6_4_08,synthetic,4,6,4,0.01,pareto_dp,True,1739091,0.01,6.0,84400,,6233409425602972611,"[""m0@0.0020"", ""m1@0.0020"", ""m2@0.0020"", ""m3@0.0040""]","[""C1"", 1000000, 0, 50000, [[400000, 700000]], 455509]"
syn_4_6_4_09,synthetic,4,6,4,0.01,pareto_dp,True,1564273,0.01,6.0,86500,,7841326040366237730,"[""m0@0.0020"", ""m1@0.0020"", ""m2@0.0020"", ""m3@0.0040""]","[""C1"", 1000000, 0, 50000, [[400000, 700000]], 455509]"
syn_4_6_4_10,synthetic,4,6,4,0.01,pareto_dp,True,1558194,0.01,6.0,88500,,5932633880091571002,"[""m0@0.0020"", ""m1@0.0020"", ""m2@0.0020"", ""m3@0.0040""]","[""C1"", 1000000, 0, 50000, [[400000, 700000]], 455509]"
syn_4_6_4_11,synthetic,4,6,4,0.01,pareto_dp,True,1165508,0.01,10.0,95700,,4725564685520349302,"[""m0@0.0020"", ""m1@0.0020"", ""m2@0.0030"", ""m3@0.0030""]","[""C1"", 1000000, 0, 50000, [[400000, 700000]], 455509]"
syn_4_6_4_12,synthetic,4,6,4,0.01,pareto_dp,True,1886047,0.01,6.0,85800,,3503394098346852765,"[""m0@0.0020"", ""m1@0.0020"", ""m2@0.0020"", ""m3@0.0040""]","[""C1"", 1000000, 0, 50000, [[400000, 700000]], 455509]"
syn_4_6_4_13,synthetic,4,6,4,0.01,pareto_dp,True,1507165,0.01,6.0,88000,,5602801750840081501,"[""m0@0.0020"", ""m1@0.0020"", ""m2@0.0020"", ""m3@0.0040""]","[""C1"", 1000000, 0, 50000, [[400000, 700000]], 455509]"
syn_4_6_4_14,synthetic,4,6,4,0.01,pareto_dp,True,1588774,0.01,6.0,86100,,7153633552320318726,"[""m0@0.0020"", ""m1@0.0020"", ""m2@0.0020"", ""m3@0.0040""]","[""C1"", 1000000, 0, 50000, [[400000, 700000]], 455509]"
syn_4_6_4_15,synthetic,4,6,4,0.01,pareto_dp,True,1509485,0.01,6.0,90600,,4197445529249007542,"[""m0@0.0020"", ""m1@0.0020"", ""m2@0.0020"", ""m3@0.0040""]","[""C1"", 1000000, 0, 50000, [[400000, 700000]], 455509]"
syn_4_6_4_16,synthetic,4,6,4,0.01,pareto_dp,True,1560791,0.01,6.0,83500,,11895643928844722497,"[""m0@0.0020"", ""m1@0.0020"", ""m2@0.0020"", ""m3@0.0040""]","[""C1"", 1000000, 0, 50000, [[400000, 700000]], 455509]"
syn_4_6_4_17,synthetic,4,6,4,0.01,pareto_dp,True,1785474,0.01,6.0,85300,,8410450574822643871,"[""m0@0.0020"", ""m1@0.0020"", ""m2@0.0020"", ""m3@0.0040""]","[""C1"", 1000000, 0, 50000, [[400000, 700000]], 455509]"
syn_4_6_4_18,synthetic,4,6,4,0.01,pareto_dp,True,1679447,0.01,6.0,89900,,4272699044050087624,"[""m0@0.0020"", ""m1@0.0020"", ""m2@0.0020"", ""m3@0.0040""]","[""C1"", 1000000, 0, 50000, [[400000, 700000]], 455509]"
syn_4_6_4_19,synthetic,4,6,4,0.01,pareto_dp,True,1821527,0.01,6.0,87400,,17728662396789575650,"[""m0@0.0020"", ""m1@0.0020"", ""m2@0.0020"", ""m3@0.0040""]","[""C1"", 1000000, 0, 50000, [[400000, 700000]], 455509]"
syn_8_3_1_00,synthetic,8,3,1,0.02,pareto_dp,True,1842693,0.01975,7.0,104600,,1139750624305727704,"[""m0@0.0020"", ""m1@0.0020"", ""m2@0.0020"", ""m3@0.0020"", ""m4@0.0020"", ""m5@0.0020"", ""m6@0.0032"", ""m7@0.0045""]","[""C1"", 1000000, 0, 50000, [[400000, 700000]], 455509]"
syn_8_3_1_01,synthetic,8,3,1,0.02,pareto_dp,True,2143913,0.01975,7.0,113000,,386129403685702656,"[""m0@0.0020"", ""m1@0.0020"", ""m2@0.0020"", ""m3@0.0032"", ""m4@0.0020"", ""m5@0.0020"", ""m6@0.0020"", ""m7@0.0045""]","[""C1"", 1000000, 0, 50000, [[400000, 700000]], 455509]"
syn_8_3_1_02,synthetic,8,3,1,0.02,pareto_dp,True,2099003,0.01975,7.0,108400,,11520194353427927884,"[""m0@0.0020"", ""m1@0.0020"", ""m2@0.0020"", ""m3@0.0020"", ""m4@0.0020"", ""m5@0.0020"", ""m6@0.0032"", ""m7@0.0045""]","[""C1"", 1000000, 0, 50000, [[400000, 700000]], 455509]"
syn_8_3_1_03,synthetic,8,3,1,0.02,pareto_dp,True,1887910,0.01975,7.0,102600,,3918476418995653839,"[""m0@0.0020"", ""m1@0.0020"", ""m2@0.0020"", ""m3@0.0020"", ""m4@0.0020"", ""m5@0.0020"", ""m6@0.0032"", ""m7@0.0045""]","[""C1"", 1000000, 0, 50000, [[400000, 700000]], 455509]"
syn_8_3_1_04,synthetic,8,3,1,0.02,pareto_dp,True,2312301,0.01975,7.0,106600,,6892564661269433248,"[""m0@0.0020"", ""m1@0.0020"", ""m2@0.0020"", ""m3@0.0020"", ""m4@0.0020"", ""m5@0.0020"", ""m6@0.0032"", ""m7@0.0045""]","[""C1"", 1000000, 0, 50000, [[400000, 700000]], 455509]"
syn_8_3_1_05,synthetic,8,3,1,0.02,pareto_dp,True,1979439,0.01975,9.0,118200,,4507448584144833661,"[""m0@0.0020"", ""m1@0.0020"", ""m2@0.0020"", ""m3@0.0020"", ""m4@0.0020"", ""m5@0.0020"", ""m6@0.0032"", ""m7@0.0045""]","[""C1"", 1000000, 0, 50000, [[400000, 700000]], 455509]"
syn_8_3_1_06,synthetic,8,3,1,0.02,pareto_dp,True,2557442,0.01975,8.0,106400,,10284267218403137830,"[""m0@0.0020"", ""m1@0.0020"", ""m2@0.0020"", ""m3@0.0020"", ""m4@0.0020"", ""m5@0.0020"", ""m6@0.0032"", ""m7@0.0045""]","[""C1"", 1000000, 0, 50000, [[400000, 700000]], 455509]"
syn_8_3_1_07,synthetic,8,3,1,0.02,pareto_dp,True,1936677,0.01975,8.0,101600,,6607314383361205315,"[""m0@0.0020"", ""m1@0.0020"", ""m2@0.0020"", ""m3@0.0020"", ""m4@0.0020"", ""m5@0.0020"", ""m6@0.0045"", ""m7@0.0032""]","[""C1"", 1000000, 0, 50000, [[400000, 700000]], 455509]"
syn_8_3_1_08,synthetic,8,3,1,0.02,pareto_dp,True,2040198,0.01975,7.0,100200,,8222747545738184424,"[""m0@0.0020"", ""m1@0.0020"", ""m2@0.0020"", ""m3@0.0020"", ""m4@0.0020"", ""m5@0.0020"", ""m6@0.0032"", ""m7@0.0045""]","[""C1"", 1000000, 0, 50000, [[400000, 700000]], 455509]"
syn_8_3_1_09,synthetic,8,3,1,0.02,pareto_dp,True,2290186,0.01975,8.0,106000,,16128509139126407037,"[""m0@0.0020"", ""m1@0.0020"", ""m2@0.0020"", ""m3@0.0020"", ""m4@0.0020"", ""m5@0.0020"", ""m6@0.0032"", ""m7@0.0045""]","[""C1"", 1000000, 0, 50000, [[400000, 700000]], 455509]"
syn_8_3_1_10,synthetic,8,3,1,0.02,pareto_dp,True,2178652,0.01975,7.0,106700,,12957943314384526965,"[""m0@0.0020"", ""m1@0.0020"", ""m2@0.0020"", ""m3@0.0020"", ""m4@0.0020"", ""m5@0.0020"", ""m6@0.0032"", ""m7@0.0045""]","[""C1"", 1000000, 0, 50000, [[400000, 700000]], 455509]"
syn_8_3_1_11,synthetic,8,3,1,0.02,pareto_dp,True,2157833,0.01975,11.0,113900,,7638101534030470709,"[""m0@0.0020"", ""m1@0.0020"", ""m2@0.0020"", ""m3@0.0020"", ""m4@0.0020"", ""m5@0.0020"", ""m6@0.0032"", ""m7@0.0045""]","[""C1"", 1000000, 0, 50000, [[400000, 700000]], 455509]"
syn_8_3_1_12,synthetic,8,3,1,0.02,pareto_dp,True,2138580,0.01975,10.0,113500,,9915452255154093700,"[""m0@0.0020"", ""m1@0.0020"", ""m2@0.0020"", ""m3@0.0032"", ""m4@0.0020"", ""m5@0.0020"", ""m6@0.0045"", ""m7@0.0020""]","[""C1"", 1000000, 0, 50000, [[400000, 700000]], 455509]"
syn_8_3_1_13,synthetic,8,3,1,0.02,pareto_dp,True,2268287,0.01975,9.0,115800,,2511493992105170335,"[""m0@0.0020"", ""m1@0.0020"", ""m2@0.0020"", ""m3@0.0045"", ""m4@0.0020"", ""m5@0.0020"", ""m6@0.0020"", ""m7@0.0032""]","[""C1"", 1000000, 0, 50000, [[400000, 700000]], 455509]"
syn_8_3_1_14,synthetic,8,3,1,0.02,pareto_dp,True,2464288,0.01975,7.0,155500,,15814125209481064267,"[""m0@0.0020"", ""m1@0.0020"", ""m2@0.0020"", ""m3@0.0020"", ""m4@0.0020"", ""m5@0.0020"", ""m6@0.0032"", ""m7@0.0045""]","[""C1"", 1000000, 0, 50000, [[400000, 700000]], 455509]"
syn_8_3_1_15,synthetic,8,3,1,0.02,pareto_dp,True,2058278,0.01975,10.0,113500,,8375641664397673140,"[""m0@0.0020"", ""m1@0.0020"", ""m2@0.0020"", ""m3@0.0020"", ""m4@0.0020"", ""m5@0.0020"", ""m6@0.0032"", ""m7@0.0045""]","[""C1"", 1000000, 0, 50000, [[400000, 700000]], 455509]"
syn_8_3_1_16,synthetic,8,3,1,0.02,pareto_dp,True,2294186,0.01975,7.0,100600,,9740423774735717283,"[""m0@0.0020"", ""m1@0.0020"", ""m2@0.0020"", ""m3@0.0020"", ""m4@0.0020"", ""m5@0.0020"", ""m6@0.0032"", ""m7@0.0045""]","[""C1"", 1000000, 0, 50000, [[400000, 700000]], 455509]"
syn_8_3_1_17,synthetic,8,3,1,0.02,pareto_dp,True,2188723,0.01975,7.0,111800,,1295133013573078465,"[""m0@0.0020"", ""m1@0.0020"", ""m2@0.0020"", ""m3@0.0032"", ""m4@0.0020"", ""m5@0.0020"", ""m6@0.0020"", ""m7@0.0045""]","[""C1"", 1000000, 0, 50000, [[400000, 700000]], 455509]"
syn_8_3_1_18,synthetic,8,3,1,0.02,pareto_dp,True,2302537,0.01975,11.0,115300,,10122825434781249332,"[""m0@0.0020"", ""m1@0.0020"", ""m2@0.0020"", ""m3@0.0020"", ""m4@0.0020"", ""m5@0.0020"", ""m6@0.0032"", ""m7@0.0045""]","[""C1"", 1000000, 0, 50000, [[400000, 700000]], 455509]"
syn_8_3_1_19,synthetic,8,3,1,0.02,pareto_dp,True,2184545,0.01975,10.0,120000,,17143313063699227870,"[""m0@0.0020"", ""m1@0.0020"", ""m2@0.0020"", ""m3@0.0032"", ""m4@0.0020"", ""m5@0.0020"", ""m6@0.0020"", ""m7@0.0045""]","[""C1"", 1000000, 0, 50000, [[400000, 700000]], 455509]"
syn_8_3_4_00,synthetic,8,3,4,0.02,pareto_dp,True,2219452,0.01975,7.0,113400,,741198544635406578,"[""m0@0.0020"", ""m1@0.0020"", ""m2@0.0020"", ""m3@0.0020"", ""m4@0.0020"", ""m5@0.0020"", ""m6@0.0032"", ""m7@0.0045""]","[""C1"", 1000000, 0, 50000, [[400000, 700000]], 455509]"
syn_8_3_4_01,synthetic,8,3,4,0.02,pareto_dp,True,2460127,0.01975,10.0,126400,,14353242695583362363,"[""m0@0.0020"", ""m1@0.0020"", ""m2@0.0032"", ""m3@0.0032"", ""m4@0.0020"", ""m5@0.0020"", ""m6@0.0020"", ""m7@0.0032""]","[""C1"", 1000000, 0, 50000, [[400000, 700000]], 455509]"
syn_8_3_4_02,synthetic,8,3,4,0.02,pareto_dp,True,2359056,0.01975,6.0,102900,,155739920426157269,"[""m0@0.0020"", ""m1@0.0020"", ""m2@0.0045"", ""m3@0.0020"", ""m4@0.0020"", ""m5@0.0020"", ""m6@0.0020"", ""m7@0.0032""]","[""C1"", 1000000, 0, 50000, [[400000, 700000]], 455509]"
syn_8_3_4_03,synthetic,8,3,4,0.02,pareto_dp,True,2459704,0.01975,7.0,122300,,16654602395332070990,"[""m0@0.0020"", ""m1@0.0020"", ""m2@0.0045"", ""m3@0.0020"", ""m4@0.0020"", ""m5@0.0020"", ""m6@0.0020"", ""m7@0.0032""]","[""C1"", 1000000, 0, 50000, [[400000, 700000]], 455509]"
syn_8_3_4_04,synthetic,8,3,4,0.02,pareto_dp,True,2928280,0.01975,9.0,94200,,12023371270065817705,"[""m0@0.0020"", ""m1@0.0020"", ""m2@0.0020"", ""m3@0.0020"", ""m4@0.0020"", ""m5@0.0032"", ""m6@0.0020"", ""m7@0.0045""]","[""C1"", 1000000, 0, 50000, [[400000, 700000]], 455509]"
syn_8_3_4_05,synthetic,8,3,4,0.02,pareto_dp,True,2038647,0.01975,8.0,106800,,8257796816905352956,"[""m0@0.0020"", ""m1@0.0020"", ""m2@0.0020"", ""m3@0.0032"", ""m4@0.0020"", ""m5@0.0020"", ""m6@0.0045"", ""m7@0.0020""]","[""C1"", 1000000, 0, 50000, [[400000, 700000]], 455509]"
syn_8_3_4_06,synthetic,8,3,4,0.02,pareto_dp,True,3093619,0.01975,11.0,125100,,10877257071978182782,"[""m0@0.0020"", ""m1@0.0020"", ""m2@0.0020"", ""m3@0.0020"", ""m4@0.0020"", ""m5@0.0020"", ""m6@0.0032"", ""m7@0.0045""]","[""C1"", 1000000, 0, 50000, [[400000, 700000]], 455509]"
syn_8_3_4_07,synthetic,8,3,4,0.02,pareto_dp,True,1897448,0.01975,5.0,96100,,7107059665287728372,"[""m0@0.0020"", ""m1@0.0020"", ""m2@0.0020"", ""m3@0.0020"", ""m4@0.0020"", ""m5@0.0020"", ""m6@0.0032"", ""m7@0.0045""]","[""C1"", 1000000, 0, 50000, [[400000, 700000]], 455509]"
syn_8_3_4_08,synthetic,8,3,4,0.02,pareto_dp,True,1941659,0.01975,8.0,106000,,2435750189317835654,"[""m0@0.0020"", ""m1@0.0020"", ""m2@0.0020"", ""m3@0.0032"", ""m4@0.0020"", ""m5@0.0020"", ""m6@0.0045"", ""m7@0.0020""]","[""C1"", 1000000, 0, 50000, [[400000, 700000]], 455509]"
syn_8_3_4_09,synthetic,8,3,4,0.02,pareto_dp,True,2721349,0.01975,11.0,119200,,530237006129896948,"[""m0@0.0020"", ""m1@0.0020"", ""m2@0.0032"", ""m3@0.0032"", ""m4@0.0020"", ""m5@0.0020"", ""m6@0.0020"", ""m7@0.0032""]","[""C1"", 1000000, 0, 50000, [[400000, 700000]], 455509]"
syn_8_3_4_10,synthetic,8,3,4,0.02,pareto_dp,True,2352473,0.01975,8.0,119200,,14927974567754338649,"[""m0@0.0020"", ""m1@0.0020"", ""m2@0.0045"", ""m3@0.0032"", ""m4@0.0020"", ""m5@0.0020"", ""m6@0.0020"", ""m7@0.0020""]","[""C1"", 1000000, 0, 50000, [[400000, 700000]], 455509]"
syn_8_3_4_11,synthetic,8,3,4,0.02,pareto_dp,True,2058230,0.01975,6.0,104900,,5469192953294837225,"[""m0@0.0020"", ""m1@0.0020"", ""m2@0.0020"", ""m3@0.0032"", ""m4@0.0020"", ""m5@0.0020"", ""m6@0.0020"", ""m7@0.0045""]","[""C1"", 1000000, 0, 50000, [[400000, 700000]], 455509]"
syn_8_3_4_12,synthetic,8,3,4,0.02,pareto_dp,True,2316696,0.01975,5.0,91500,,1907120797873930057,"[""m0@0.0020"", ""m1@0.0020"", ""m2@0.0020"", ""m3@0.0020"", ""m4@0.0020"", ""m5@0.0020"", ""m6@0.0032"", ""m7@0.0045""]","[""C1"", 1000000, 0, 50000, [[400000, 700000]], 455509]"
syn_8_3_4_13,synthetic,8,3,4,0.02,pareto_dp,True,2145475,0.01975,9.0,110500,,3532170017325835696,"[""m0@0.0020"", ""m1@0.0020"", ""m2@0.0032"", ""m3@0.0032"", ""m4@0.0020"", ""m5@0.0020"", ""m6@0.0032"", ""m7@0.0020""]","[""C1"", 1000000, 0, 50000, [[400000, 700000]], 455509]"
syn_8_3_4_14,synthetic,8,3,4,0.02,pareto_dp,True,2131094,0.01975,7.0,114300,,16668151113325833437,"[""m0@0.0020"", ""m1@0.0020"", ""m2@0.0045"", ""m3@0.0020"", ""m4@0.0020"", ""m5@0.0020"", ""m6@0.0020"", ""m7@0.0032""]","[""C1"", 1000000, 0, 50000, [[400000, 700000]], 455509]"
syn_8_3_4_15,synthetic,8,3,4,0.02,pareto_dp,True,2324669,0.01975,9.0,104800,,14628922377849128211,"[""m0@0.0020"", ""m1@0.0020"", ""m2@0.0045"", ""m3@0.0020"", ""m4@0.0020"", ""m5@0.0020"", ""m6@0.0032"", ""m7@0.0020""]","[""C1"", 1000000, 0, 50000, [[400000, 700000]], 455509]"
syn_8_3_4_16,synthetic,8,3,4,0.02,pareto_dp,True,2297334,0.01975,10.0,112200,,14407572712176725953,"[""m0@0.0020"", ""m1@0.0020"", ""m2@0.0045"", ""m3@0.0020"", ""m4@0.0020"", ""m5@0.0020"", ""m6@0.0032"", ""m7@0.0020""]","[""C1"", 1000000, 0, 50000, [[400000, 700000]], 455509]"
syn_8_3_4_17,synthetic,8,3,4,0.02,pareto_dp,True,2653226,0.01975,8.0,107000,,3315342508323241125,"[""m0@0.0020"", ""m1@0.0020"", ""m2@0.0045"", ""m3@0.0032"", ""m4@0.0020"", ""m5@0.0020"", ""m6@0.0020"", ""m7@0.0020""]","[""C1"", 1000000, 0, 50000, [[400000, 700000]], 455509]"
syn_8_3_4_18,synthetic,8,3,4,0.02,pareto_dp,True,2034941,0.01975,5.0,96600,,672279189298144267,"[""m0@0.0020"", ""m1@0.0020"", ""m2@0.0020"", ""m3@0.0020"", ""m4@0.0020"", ""m5@0.0020"", ""m6@0.0032"", ""m7@0.0045""]","[""C1"", 1000000, 0, 50000, [[400000, 700000]], 455509]"
syn_8_3_4_19,synthetic,8,3,4,0.02,pareto_dp,True,3074139,0.01975,6.0,98500,,9435032074701533023,"[""m0@0.0020"", ""m1@0.0020"", ""m2@0.0020"", ""m3@0.0045"", ""m4@0.0020"", ""m5@0.0020"", ""m6@0.0020"", ""m7@0.0032""]","[""C1"", 1000000, 0, 50000, [[400000, 700000]], 455509]"
syn_8_6_1_00,synthetic,8,6,1,0.02,pareto_dp,True,1947016,0.02,19.0,335600,,6574602910646603182,"[""m0@0.0020"", ""m1@0.0020"", ""m2@0.0020"", ""m3@0.0025"", ""m4@0.0020"", ""m5@0.0020"", ""m6@0.0035"", ""m7@0.0040""]","[""C1"", 1000000, 0, 50000, [[400000, 700000]], 455509]"
syn_8_6_1_01,synthetic,8,6,1,0.02,pareto_dp,True,2203606,0.02,21.0,350200,,5889769076360815989,"[""m0@0.0020"", ""m1@0.0020"", ""m2@0.0020"", ""m3@0.0030"", ""m4@0.0020"", ""m5@0.0020"", ""m6@0.0025"", ""m7@0.0045""]","[""C1"", 1000000, 0, 50000, [[400000, 700000]], 455509]"
syn_8_6_1_02,synthetic,8,6,1,0.02,pareto_dp,True,2093571,0.02,30.0,367700,,3784318125404564623,"[""m0@0.0020"", ""m1@0.0020"", ""m2@0.0020"", ""m3@0.0020"", ""m4@0.0020"", ""m5@0.0020"", ""m6@0.0035"", ""m7@0.0045""]","[""C1"", 1000000, 0, 50000, [[400000, 700000]], 455509]"
syn_8_6_1_03,synthetic,8,6,1,0.02,pareto_dp,True,1911541,0.02,28.0,357600,,14670233261130204884,"[""m0@0.0020"", ""m1@0.0020"", ""m2@0.0020"", ""m3@0.0020"", ""m4@0.0020"", ""m5@0.0030"", ""m6@0.0045"", ""m7@0.0025""]","[""C1"", 1000000, 0, 50000, [[400000, 700000]], 455509]"
syn_8_6_1_04,synthetic,8,6,1,0.02,pareto_dp,True,2381578,0.02,27.0,412000,,2919514419748548663,"[""m0@0.0020"", ""m1@0.0020"", ""m2@0.0020"", ""m3@0.0020"", ""m4@0.0020"", ""m5@0.0020"", ""m6@0.0040"", ""m7@0.0040""]","[""C1"", 1000000, 0, 50000, [[400000, 700000]], 455509]"
syn_8_6_1_05,synthetic,8,6,1,0.02,pareto_dp,True,2271751,0.02,21.0,327100,,11201047839649331742,"[""m0@0.0020"", ""m1@0.0020"", ""m2@0.0020"", ""m3@0.0020"", ""m4@0.0020"", ""m5@0.0020"", ""m6@0.0035"", ""m7@0.0045""]","[""C1"", 1000000, 0, 50000, [[400000, 700000]], 455509]"
syn_8_6_1_06,synthetic,8,6,1,0.02,pareto_dp,True,2085764,0.02,22.0,312400,,4662470074192083784,"[""m0@0.0020"", ""m1@0.0020"", ""m2@0.0020"", ""m3@0.0020"", ""m4@0.0020"", ""m5@0.0020"", ""m6@0.0040"", ""m7@0.0040""]","[""C1"", 1000000, 0, 50000, [[400000, 700000]], 455509]"
syn_8_6_1_07,synthetic,8,6,1,0.02,pareto_dp,True,2078569,0.02,19.0,316900,,8550690767347762874,"[""m0@0.0020"", ""m1@0.0020"", ""m2@0.0020"", ""m3@0.0020"", ""m4@0.0020"", ""m5@0.0020"", ""m6@0.0035"", ""m7@0.0045""]","[""C1"", 1000000, 0, 50000, [[400000, 700000]], 455509]"
syn_8_6_1_08,synthetic,8,6,1,0.02,pareto_dp,True,2186104,0.02,22.0,321100,,13250928688415982569,"[""m0@0.0020"", ""m1@0.0020"", ""m2@0.0020"", ""m3@0.0035"", ""m4@0.0020"", ""m5@0.0020"", ""m6@0.0020"", ""m7@0.0045""]","[""C1"", 1000000, 0, 50000, [[400000, 700000]], 455509]"
syn_8_6_1_09,synthetic,8,6,1,0.02,pareto_dp,True,2025380,0.02,22.0,304700,,13350651921562560166,"[""m0@0.0020"", ""m1@0.0020"", ""m2@0.0020"", ""m3@0.0025"", ""m4@0.0020"", ""m5@0.0020"", ""m6@0.0030"", ""m7@0.0045""]","[""C1"", 1000000, 0, 50000, [[400000, 700000]], 455509]"
syn_8_6_1_10,synthetic,8,6,1,0.02,pareto_dp,True,2293664,0.02,21.0,306000,,9554656362107748066,"[""m0@0.0020"", ""m1@0.0020"", ""m2@0.0020"", ""m3@0.0025"", ""m4@0.0020"", ""m5@0.0020"", ""m6@0.0035"", ""m7@0.0040""]","[""C1"", 1000000, 0, 50000, [[400000, 700000]], 455509]"
syn_8_6_1_11,synthetic,8,6,1,0.02,pareto_dp,True,2001488,0.02,27.0,345200,,10180003392639196779,"[""m0@0.0020"", ""m1@0.0020"", ""m2@0.0020"", ""m3@0.0025"", ""m4@0.0020"", ""m5@0.0020"", ""m6@0.0030"", ""m7@0.0045""]","[""C1"", 1000000, 0, 50000, [[400000, 700000]], 455509]"
syn_8_6_1_12,synthetic,8,6,1,0.02,pareto_dp,True,1801673,0.02,40.0,437200,,380947320479611344,"[""m0@0.0020"", ""m1@0.0025"", ""m2@0.0030"", ""m3@0.0045"", ""m4@0.0020"", ""m5@0.0020"", ""m6@0.0020"", ""m7@0.0020""]","[""C1"", 1000000, 0, 50000, [[400000, 700000]], 455509]"
syn_8_6_1_13,synthetic,8,6,1,0.02,pareto_dp,True,2145733,0.02,21.0,355100,,14241142641708455322,"[""m0@0.0020"", ""m1@0.0020"", ""m2@0.0020"", ""m3@0.0030"", ""m4@0.0020"", ""m5@0.0020"", ""m6@0.0025"", ""m7@0.0045""]","[""C1"", 1000000, 0, 50000, [[400000, 700000]], 455509]"
syn_8_6_1_14,synthetic,8,6,1,0.02,pareto_dp,True,2150928,0.02,23.0,330600,,2033749284572836667,"[""m0@0.0020"", ""m1@0.0020"", ""m2@0.0020"", ""m3@0.0030"", ""m4@0.0020"", ""m5@0.0020"", ""m6@0.0025"", ""m7@0.0045""]","[""C1"", 1000000, 0, 50000, [[400000, 700000]], 455509]"
syn_8_6_1_15,synthetic,8,6,1,0.02,pareto_dp,True,2151263,0.02,20.0,312100,,777026618551517955,"[""m0@0.0020"", ""m1@0.0020"", ""m2@0.0020"", ""m3@0.0030"", ""m4@0.0020"", ""m5@0.0020"", ""m6@0.0025"", ""m7@0.0045""]","[""C1"", 1000000, 0, 50000, [[400000, 700000]], 455509]"
syn_8_6_1_16,synthetic,8,6,1,0.02,pareto_dp,True,2049012,0.02,27.0,329100,,13516837007065285895,"[""m0@0.0020"", ""m1@0.0020"", ""m2@0.0020"", ""m3@0.0020"", ""m4@0.0020"", ""m5@0.0020"", ""m6@0.0035"", ""m7@0.0045""]","[""C1"", 1000000, 0, 50000, [[400000, 700000]], 455509]"
syn_8_6_1_17,synthetic,8,6,1,0.02,pareto_dp,True,2249165,0.02,25.0,367900,,7458445268304208521,"[""m0@0.0020"", ""m1@0.0020"", ""m2@0.0020"", ""m3@0.0030"", ""m4@0.0020"", ""m5@0.0020"", ""m6@0.0025"", ""m7@0.0045""]","[""C1"", 1000000, 0, 50000, [[400000, 700000]], 455509]"
syn_8_6_1_18,synthetic,8,6,1,0.02,pareto_dp,True,2229044,0.02,16.0,282200,,9550385993659295170,"[""m0@0.0020"", ""m1@0.0020"", ""m2@0.0020"", ""m3@0.0020"", ""m4@0.0020"", ""m5@0.0020"", ""m6@0.0040"", ""m7@0.0040""]","[""C1"", 1000000, 0, 50000, [[400000, 700000]], 455509]"
syn_8_6_1_19,synthetic,8,6,1,0.02,pareto_dp,True,1960059,0.02,24.0,347900,,11982357375795471017,"[""m0@0.0020"", ""m1@0.0020"", ""m2@0.0020"", ""m3@0.0020"", ""m4@0.0020"", ""m5@0.0020"", ""m6@0.0035"", ""m7@0.0045""]","[""C1"", 1000000, 0, 50000, [[400000, 700000]], 455509]"
syn_8_6_4_00,synthetic,8,6,4,0.02,pareto_dp,True,2291326,0.02,18.0,298400,,4496716905600720433,"[""m0@0.0020"", ""m1@0.0020"", ""m2@0.0035"", ""m3@0.0020"", ""m4@0.0020"", ""m5@0.0020"", ""m6@0.0020"", ""m7@0.0045""]","[""C1"", 1000000, 0, 50000, [[400000, 700000]], 455509]"
syn_8_6_4_01,synthetic,8,6,4,0.02,pareto_dp,True,1918110,0.02,27.0,267600,,13681426847388497964,"[""m0@0.0020"", ""m1@0.0020"", ""m2@0.0045"", ""m3@0.0020"", ""m4@0.0020"", ""m5@0.0020"", ""m6@0.0035"", ""m7@0.0020""]","[""C1"", 1000000, 0, 50000, [[400000, 700000]], 455509]"
syn_8_6_4_02,synthetic,8,6,4,0.02,pareto_dp,True,2190513,0.02,13.0,261500,,7524218484940610340,"[""m0@0.0020"", ""m1@0.0020"", ""m2@0.0025"", ""m3@0.0020"", ""m4@0.0020"", ""m5@0.0020"", ""m6@0.0030"", ""m7@0.0045""]","[""C1"", 1000000, 0, 50000, [[400000, 700000]], 455509]"
syn_8_6_4_03,synthetic,8,6,4,0.02,pareto_dp,True,3134898,0.02,11.0,187900,,1725703474906544735,"[""m0@0.0020"", ""m1@0.0020"", ""m2@0.0020"", ""m3@0.0020"", ""m4@0.0020"", ""m5@0.0020"", ""m6@0.0035"", ""m7@0.0045""]","[""C1"", 1000000, 0, 50000, [[400000, 700000]], 455509]"
syn_8_6_4_04,synthetic,8,6,4,0.02,pareto_dp,True,3254344,0.02,12.0,189300,,6056152765213729646,"[""m0@0.0020"", ""m1@0.0020"", ""m2@0.0020"", ""m3@0.0020"", ""m4@0.0020"", ""m5@0.0020"", ""m6@0.0040"", ""m7@0.0040""]","[""C1"", 1000000, 0, 50000, [[400000, 700000]], 455509]"
syn_8_6_4_05,synthetic,8,6,4,0.02,pareto_dp,True,1782588,0.02,20.0,272800,,9666589325593200192,"[""m0@0.0020"", ""m1@0.0020"", ""m2@0.0020"", ""m3@0.0030"", ""m4@0.0020"", ""m5@0.0020"", ""m6@0.0025"", ""m7@0.0045""]","[""C1"", 1000000, 0, 50000, [[400000, 700000]], 455509]"
syn_8_6_4_06,synthetic,8,6,4,0.02,pareto_dp,True,2198095,0.02,14.0,256700,,16227105569310255561,"[""m0@0.0020"", ""m1@0.0030"", ""m2@0.0045"", ""m3@0.0020"", ""m4@0.0020"", ""m5@0.0020"", ""m6@0.0020"", ""m7@0.0025""]","[""C1"", 1000000, 0, 50000, [[400000, 700000]], 455509]"
syn_8_6_4_07,synthetic,8,6,4,0.02,pareto_dp,True,2872522,0.02,24.0,234100,,14045989005966030069,"[""m0@0.0020"", ""m1@0.0020"", ""m2@0.0020"", ""m3@0.0020"", ""m4@0.0020"", ""m5@0.0020"", ""m6@0.0040"", ""m7@0.0040""]","[""C1"", 1000000, 0, 50000, [[400000, 700000]], 455509]"
syn_8_6_4_08,synthetic,8,6,4,0.02,pareto_dp,True,1920849,0.02,19.0,270800,,3117179975541501640,"[""m0@0.0020"", ""m1@0.0020"", ""m2@0.0025"", ""m3@0.0025"", ""m4@0.0020"", ""m5@0.0020"", ""m6@0.0025"", ""m7@0.0045""]","[""C1"", 1000000, 0, 50000, [[400000, 700000]], 455509]"
syn_8_6_4_09,synthetic,8,6,4,0.02,pareto_dp,True,1856503,0.02,11.0,224100,,11957429626278643460,"[""m0@0.0020"", ""m1@0.0020"", ""m2@0.0020"", ""m3@0.0020"", ""m4@0.0020"", ""m5@0.0020"", ""m6@0.0035"", ""m7@0.0045""]","[""C1"", 1000000, 0, 50000, [[400000, 700000]], 455509]"
syn_8_6_4_10,synthetic,8,6,4,0.02,pareto_dp,True,2742302,0.02,22.0,213100,,17460943713012937515,"[""m0@0.0020"", ""m1@0.0020"", ""m2@0.0020"", ""m3@0.0020"", ""m4@0.0020"", ""m5@0.0020"", ""m6@0.0035"", ""m7@0.0045""]","[""C1"", 1000000, 0, 50000, [[400000, 700000]], 455509]"
syn_8_6_4_11,synthetic,8,6,4,0.02,pareto_dp,True,1896910,0.02,15.0,265700,,17232136427425403631,"[""m0@0.0020"", ""m1@0.0020"", ""m2@0.0040"", ""m3@0.0020"", ""m4@0.0020"", ""m5@0.0020"", ""m6@0.0020"", ""m7@0.0040""]","[""C1"", 1000000, 0, 50000, [[400000, 700000]], 455509]"
syn_8_6_4_12,synthetic,8,6,4,0.02,pareto_dp,True,1937813,0.02,21.0,305200,,14415595883886836469,"[""m0@0.0020"", ""m1@0.0020"", ""m2@0.0030"", ""m3@0.0020"", ""m4@0.0020"", ""m5@0.0020"", ""m6@0.0025"", ""m7@0.0045""]","[""C1"", 1000000, 0, 50000, [[400000, 700000]], 455509]"
syn_8_6_4_13,synthetic,8,6,4,0.02,pareto_dp,True,2440926,0.02,15.0,240200,,12528304492468156047,"[""m0@0.0020"", ""m1@0.0020"", ""m2@0.0035"", ""m3@0.0020"", ""m4@0.0020"", ""m5@0.0020"", ""m6@0.0025"", ""m7@0.0040""]","[""C1"", 1000000, 0, 50000, [[400000, 700000]], 455509]"
syn_8_6_4_14,synthetic,8,6,4,0.02,pareto_dp,True,2132876,0.02,33.0,310100,,8532461491664462672,"[""m0@0.0020"", ""m1@0.0025"", ""m2@0.0040"", ""m3@0.0020"", ""m4@0.0020"", ""m5@0.0020"", ""m6@0.0020"", ""m7@0.0035""]","[""C1"", 1000000, 0, 50000, [[400000, 700000]], 455509]"
syn_8_6_4_15,synthetic,8,6,4,0.02,pareto_dp,True,2002836,0.02,25.0,272700,,15877238399867618334,"[""m0@0.0020"", ""m1@0.0020"", ""m2@0.0045"", ""m3@0.0020"", ""m4@0.0020"", ""m5@0.0020"", ""m6@0.0030"", ""m7@0.0025""]","[""C1"", 1000000, 0, 50000, [[400000, 700000]], 455509]"
syn_8_6_4_16,synthetic,8,6,4,0.02,pareto_dp,True,2472039,0.02,23.0,367900,,13793369924775696459,"[""m0@0.0020"", ""m1@0.0020"", ""m2@0.0040"", ""m3@0.0020"", ""m4@0.0020"", ""m5@0.0020"", ""m6@0.0020"", ""m7@0.0040""]","[""C1"", 1000000, 0, 50000, [[400000, 700000]], 455509]"
syn_8_6_4_17,synthetic,8,6,4,0.02,pareto_dp,True,1952172,0.02,22.0,295700,,15557261549099918744,"[""m0@0.0020"", ""m1@0.0020"", ""m2@0.0020"", ""m3@0.0025"", ""m4@0.0020"", ""m5@0.0020"", ""m6@0.0045"", ""m7@0.0030""]","[""C1"", 1000000, 0, 50000, [[400000, 700000]], 455509]"
syn_8_6_4_18,synthetic,8,6,4,0.02,pareto_dp,True,1692182,0.02,20.0,251400,,3698608946270882472,"[""m0@0.0020"", ""m1@0.0020"", ""m2@0.0020"", ""m3@0.0020"", ""m4@0.0020"", ""m5@0.0030"", ""m6@0.0025"", ""m7@0.0045""]","[""C1"", 1000000, 0, 50000, [[400000, 700000]], 455509]"
syn_8_6_4_19,synthetic,8,6,4,0.02,pareto_dp,True,2226894,0.02,19.0,300700,,9591564120765068352,"[""m0@0.0020"", ""m1@0.0020"", ""m2@0.0030"", ""m3@0.0025"", ""m4@0.0020"", ""m5@0.0020"", ""m6@0.0025"", ""m7@0.0040""]","[""C1"", 1000000, 0, 50000, [[400000, 700000]], 455509]"
syn_16_3_1_00,synthetic,16,3,1,0.04,pareto_dp,True,4033427,0.0395,37.0,638800,,17537844705103927171,"[""m0@0.0020"", ""m1@0.0020"", ""m2@0.0020"", ""m3@0.0032"", ""m4@0.0020"", ""m5@0.0020"", ""m6@0.0020"", ""m7@0.0020"", ""m8@0.0020"", ""m9@0.0020"", ""m10@0.0020"", ""m11@0.0045"", ""m12@0.0020"", ""m13@0.0020"", ""m14@0.0032"", ""m15@0.0045""]","[""C1"", 1000000, 0, 50000, [[400000, 700000]], 455509]"
syn_16_3_1_01,synthetic,16,3,1,0.04,pareto_dp,True,4153334,0.0395,45.0,612700,,15407143894166258710,"[""m0@0.0020"", ""m1@0.0020"", ""m2@0.0020"", ""m3@0.0032"", ""m4@0.0020"", ""m5@0.0020"", ""m6@0.0020"", ""m7@0.0020"", ""m8@0.0020"", ""m9@0.0020"", ""m10@0.0045"", ""m11@0.0020"", ""m12@0.0020"", ""m13@0.0020"", ""m14@0.0032"", ""m15@0.0045""]","[""C1"", 1000000, 0, 50000, [[400000, 700000]], 455509]"
syn_16_3_1_02,synthetic,16,3,1,0.04,pareto_dp,True,4132400,0.0395,34.0,583400,,9278479022326417336,"[""m0@0.0020"", ""m1@0.0020"", ""m2@0.0020"", ""m3@0.0032"", ""m4@0.0020"", ""m5@0.0020"", ""m6@0.0020"", ""m7@0.0032"", ""m8@0.0020"", ""m9@0.0020"", ""m10@0.0032"", ""m11@0.0045"", ""m12@0.0020"", ""m13@0.0020"", ""m14@0.0020"", ""m15@0.0032""]","[""C1"", 1000000, 0, 50000, [[400000, 700000]], 455509]"
syn_16_3_1_03,synthetic,16,3,1,0.04,pareto_dp,True,3494139,0.0395,33.0,498100,,5197102421572968317,"[""m0@0.0020"", ""m1@0.0020"", ""m2@0.0020"", ""m3@0.0020"", ""m4@0.0020"", ""m5@0.0020"", ""m6@0.0020"", ""m7@0.0020"", ""m8@0.0020"", ""m9@0.0020"", ""m10@0.0020"", ""m11@0.0045"", ""m12@0.0020"", ""m13@0.0020"", ""m14@0.0045"", ""m15@0.0045""]","[""C1"", 1000000, 0, 50000, [[400000, 700000]], 455509]"
syn_16_3_1_04,synthetic,16,3,1,0.04,pareto_dp,True,3406719,0.0395,27.0,431100,,16425388293394427761,"[""m0@0.0020"", ""m1@0.0020"", ""m2@0.0020"", ""m3@0.0045"", ""m4@0.0020"", ""m5@0.0020"", ""m6@0.0020"", ""m7@0.0045"", ""m8@0.0020"", ""m9@0.0020"", ""m10@0.0020"", ""m11@0.0020"", ""m12@0.0020"", ""m13@0.0020"", ""m14@0.0020"", ""m15@0.0045""]","[""C1"", 1000000, 0, 50000, [[400000, 700000]], 455509]"
syn_16_3_1_05,synthetic,16,3,1,0.04,pareto_dp,True,3547626,0.0395,51.0,576600,,8833923325014852755,"[""m0@0.0020"", ""m1@0.0020"", ""m2@0.0032"", ""m3@0.0045"", ""m4@0.0020"", ""m5@0.0020"", ""m6@0.0020"", ""m7@0.0045"", ""m8@0.0020"", ""m9@0.0020"", ""m10@0.0020"", ""m11@0.0020"", ""m12@0.0020"", ""m13@0.0020"", ""m14@0.0020"", ""m15@0.0032""]","[""C1"", 1000000, 0, 50000, [[400000, 700000]], 455509]"
syn_16_3_1_06,synthetic,16,3,1,0.04,pareto_dp,True,4405599,0.0395,33.0,468400,,17482358591658279600,"[""m0@0.0020"", ""m1@0.0020"", ""m2@0.0020"", ""m3@0.0032"", ""m4@0.0020"", ""m5@0.0020"", ""m6@0.0020"", ""m7@0.0032"", ""m8@0.0020"", ""m9@0.0020"", ""m10@0.0020"", ""m11@0.0045"", ""m12@0.0020"", ""m13@0.0020"", ""m14@0.0020"", ""m15@0.0045""]","[""C1"", 1000000, 0, 50000, [[400000, 700000]], 455509]"
syn_16_3_1_07,synthetic,16,3,1,0.04,pareto_dp,True,3747668,0.0395,36.0,551300,,472651686129662127,"[""m0@0.0020"", ""m1@0.0020"", ""m2@0.0020"", ""m3@0.0045"", ""m4@0.0020"", ""m5@0.0020"", ""m6@0.0020"", ""m7@0.0045"", ""m8@0.0020"", ""m9@0.0020"", ""m10@0.0020"", ""m11@0.0045"", ""m12@0.0020"", ""m13@0.0020"", ""m14@0.0020"", ""m15@0.0020""]","[""C1"", 1000000, 0, 50000, [[400000, 700000]], 455509]"
syn_16_3_1_08,synthetic,16,3,1,0.04,pareto_dp,True,3908158,0.0395,25.0,440400,,15023985909796914665,"[""m0@0.0020"", ""m1@0.0020"", ""m2@0.0020"", ""m3@0.0020"", ""m4@0.0020"", ""m5@0.0020"", ""m6@0.0020"", ""m7@0.0045"", ""m8@0.0020"", ""m9@0.0020"", ""m10@0.0020"", ""m11@0.0045"", ""m12@0.0020"", ""m13@0.0020"", ""m14@0.0020"", ""m15@0.0045""]","[""C1"", 1000000, 0, 50000, [[400000, 700000]], 455509]"
syn_16_3_1_09,synthetic,16,3,1,0.04,pareto_dp,True,3155136,0.0395,44.0,670700,,14713346717946670986,"[""m0@0.0020"", ""m1@0.0020"", ""m2@0.0020"", ""m3@0.0020"", ""m4@0.0020"", ""m5@0.0020"", ""m6@0.0020"", ""m7@0.0032"", ""m8@0.0020"", ""m9@0.0020"", ""m10@0.0020"", ""m11@0.0045"", ""m12@0.0020"", ""m13@0.0020"", ""m14@0.0032"", ""m15@0.0045""]","[""C1"", 1000000, 0, 50000, [[400000, 700000]], 455509]"
syn_16_3_1_10,synthetic,16,3,1,0.04,pareto_dp,True,3811016,0.0395,33.0,478600,,3881270704196575443,"[""m0@0.0020"", ""m1@0.0020"", ""m2@0.0045"", ""m3@0.0045"", ""m4@0.0020"", ""m5@0.0020"", ""m6@0.0020"", ""m7@0.0045"", ""m8@0.0020"", ""m9@0.0020"", ""m10@0.0020"", ""m11@0.0020"", ""m12@0.0020"", ""m13@0.0020"", ""m14@0.0020"", ""m15@0.0020""]","[""C1"", 1000000, 0, 50000, [[400000, 700000]], 455509]"
syn_16_3_1_11,synthetic,16,3,1,0.04,pareto_dp,True,3105170,0.0395,32.0,460500,,16402881580072060368,"[""m0@0.0020"", ""m1@0.0020"", ""m2@0.0020"", ""m3@0.0045"", ""m4@0.0020"", ""m5@0.0020"", ""m6@0.0020"", ""m7@0.0020"", ""m8@0.0020"", ""m9@0.0020"", ""m10@0.0045"", ""m11@0.0045"", ""m12@0.0020"", ""m13@0.0020"", ""m14@0.0020"", ""m15@0.0020""]","[""C1"", 1000000, 0, 50000, [[400000, 700000]], 455509]"
syn_16_3_1_12,synthetic,16,3,1,0.04,pareto_dp,True,3940157,0.0395,33.0,472800,,10964560829061990085,"[""m0@0.0020"", ""m1@0.0020"", ""m2@0.0020"", ""m3@0.0020"", ""m4@0.0020"", ""m5@0.0020"", ""m6@0.0020"", ""m7@0.0020"", ""m8@0.0020"", ""m9@0.0020"", ""m10@0.0032"", ""m11@0.0045"", ""m12@0.0020"", ""m13@0.0020"", ""m14@0.0032"", ""m15@0.0045""]","[""C1"", 1000000, 0, 50000, [[400000, 700000]], 455509]"
syn_16_3_1_13,synthetic,16,3,1,0.04,pareto_dp,True,4152277,0.0395,39.0,571400,,13706252410571772238,"[""m0@0.0020"", ""m1@0.0020"", ""m2@0.0020"", ""m3@0.0032"", ""m4@0.0020"", ""m5@0.0020"", ""m6@0.0020"", ""m7@0.0020"", ""m8@0.0020"", ""m9@0.0020"", ""m10@0.0020"", ""m11@0.0045"", ""m12@0.0020"", ""m13@0.0020"", ""m14@0.0032"", ""m15@0.0045""]","[""C1"", 1000000, 0, 50000, [[400000, 700000]], 455509]"
syn_16_3_1_14,synthetic,16,3,1,0.04,pareto_dp,True,3868858,0.0395,33.0,487600,,13226551304617113138,"[""m0@0.0020"", ""m1@0.0020"", ""m2@0.0020"", ""m3@0.0020"", ""m4@0.0020"", ""m5@0.0020"", ""m6@0.0020"", ""m7@0.0032"", ""m8@0.0020"", ""m9@0.0020"", ""m10@0.0020"", ""m11@0.0045"", ""m12@0.0020"", ""m13@0.0020"", ""m14@0.0032"", ""m15@0.0045""]","[""C1"", 1000000, 0, 50000, [[400000, 700000]], 455509]"
syn_16_3_1_15,synthetic,16,3,1,0.04,pareto_dp,True,3761080,0.0395,39.0,588100,,2694265127331433975,"[""m0@0.0020"", ""m1@0.0020"", ""m2@0.0020"", ""m3@0.0032"", ""m4@0.0020"", ""m5@0.0020"", ""m6@0.0020"", ""m7@0.0020"", ""m8@0.0020"", ""m9@0.0020"", ""m10@0.0032"", ""m11@0.0045"", ""m12@0.0020"", ""m13@0.0020"", ""m14@0.0045"", ""m15@0.0020""]","[""C1"", 1000000, 0, 50000, [[400000, 700000]], 455509]"
syn_16_3_1_16,synthetic,16,3,1,0.04,pareto_dp,True,4020929,0.0395,52.0,624300,,5437280429642394994,"[""m0@0.0020"", ""m1@0.0020"", ""m2@0.0020"", ""m3@0.0020"", ""m4@0.0020"", ""m5@0.0020"", ""m6@0.0020"", ""m7@0.0020"", ""m8@0.0020"", ""m9@0.0020"", ""m10@0.0020"", ""m11@0.0045"", ""m12@0.0020"", ""m13@0.0020"", ""m14@0.0045"", ""m15@0.0045""]","[""C1"", 1000000, 0, 50000, [[400000, 700000]], 455509]"
syn_16_3_1_17,synthetic,16,3,1,0.04,pareto_dp,True,3857160,0.0395,38.0,513800,,10525116001310872232,"[""m0@0.0020"", ""m1@0.0020"", ""m2@0.0045"", ""m3@0.0045"", ""m4@0.0020"", ""m5@0.0020"", ""m6@0.0020"", ""m7@0.0020"", ""m8@0.0020"", ""m9@0.0020"", ""m10@0.0020"", ""m11@0.0045"", ""m12@0.0020"", ""m13@0.0020"", ""m14@0.0020"", ""m15@0.0020""]","[""C1"", 1000000, 0, 50000, [[400000, 700000]], 455509]"
syn_16_3_1_18,synthetic,16,3,1,0.04,pareto_dp,True,3717171,0.0395,52.0,617800,,3088426501495408793,"[""m0@0.0020"", ""m1@0.0020"", ""m2@0.0020"", ""m3@0.0020"", ""m4@0.0020"", ""m5@0.0020"", ""m6@0.0020"", ""m7@0.0045"", ""m8@0.0020"", ""m9@0.0020"", ""m10@0.0020"", ""m11@0.0020"", ""m12@0.0020"", ""m13@0.0020"", ""m14@0.0045"", ""m15@0.0045""]","[""C1"", 1000000, 0, 50000, [[400000, 700000]], 455509]"
syn_16_3_1_19,synthetic,16,3,1,0.04,pareto_dp,True,4379356,0.0395,30.0,489000,,4774979051471510386,"[""m0@0.0020"", ""m1@0.0020"", ""m2@0.0020"", ""m3@0.0020"", ""m4@0.0020"", ""m5@0.0020"", ""m6@0.0020"", ""m7@0.0020"", ""m8@0.0020"", ""m9@0.0020"", ""m10@0.0032"", ""m11@0.0045"", ""m12@0.0020"", ""m13@0.0020"", ""m14@0.0032"", ""m15@0.0045""]","[""C1"", 1000000, 0, 50000, [[400000, 700000]], 455509]"
syn_16_3_4_00,synthetic,16,3,4,0.04,pareto_dp,True,4180938,0.0395,18.0,293600,,3839030957973848086,"[""m0@0.0020"", ""m1@0.0020"", ""m2@0.0020"", ""m3@0.0032"", ""m4@0.0020"", ""m5@0.0032"", ""m6@0.0045"", ""m7@0.0020"", ""m8@0.0020"", ""m9@0.0020"", ""m10@0.0020"", ""m11@0.0020"", ""m12@0.0020"", ""m13@0.0020"", ""m14@0.0020"", ""m15@0.0045""]","[""C1"", 1000000, 0, 50000, [[400000, 700000]], 455509]"
syn_16_3_4_01,synthetic,16,3,4,0.04,pareto_dp,True,5046797,0.0395,13.0,210000,,1418845859770821488,"[""m0@0.0020"", ""m1@0.0020"", ""m2@0.0020"", ""m3@0.0020"", ""m4@0.0020"", ""m5@0.0020"", ""m6@0.0020"", ""m7@0.0020"", ""m8@0.0020"", ""m9@0.0020"", ""m10@0.0020"", ""m11@0.0032"", ""m12@0.0020"", ""m13@0.0045"", ""m14@0.0032"", ""m15@0.0045""]","[""C1"", 1000000, 0, 50000, [[400000, 700000]], 455509]"
syn_16_3_4_02,synthetic,16,3,4,0.04,pareto_dp,True,5108046,0.0395,16.0,232500,,9072349399817427426,"[""m0@0.0020"", ""m1@0.0020"", ""m2@0.0020"", ""m3@0.0020"", ""m4@0.0020"", ""m5@0.0020"", ""m6@0.0020"", ""m7@0.0020"", ""m8@0.0020"", ""m9@0.0020"", ""m10@0.0020"", ""m11@0.0045"", ""m12@0.0020"", ""m13@0.0020"", ""m14@0.0045"", ""m15@0.0045""]","[""C1"", 1000000, 0, 50000, [[400000, 700000]], 455509]"
syn_16_3_4_03,synthetic,16,3,4,0.04,pareto_dp,True,4433918,0.0395,26.0,380600,,13321685652162784771,"[""m0@0.0020"", ""m1@0.0020"", ""m2@0.0020"", ""m3@0.0020"", ""m4@0.0020"", ""m5@0.0045"", ""m6@0.0045"", ""m7@0.0020"", ""m8@0.0020"", ""m9@0.0020"", ""m10@0.0020"", ""m11@0.0020"", ""m12@0.0020"", ""m13@0.0020"", ""m14@0.0020"", ""m15@0.0045""]","[""C1"", 1000000, 0, 50000, [[400000, 700000]], 455509]"
syn_16_3_4_04,synthetic,16,3,4,0.04,pareto_dp,True,4012385,0.0395,26.0,329800,,7089418381622540947,"[""m0@0.0020"", ""m1@0.0020"", ""m2@0.0032"", ""m3@0.0045"", ""m4@0.0020"", ""m5@0.0020"", ""m6@0.0020"", ""m7@0.0020"", ""m8@0.0020"", ""m9@0.0020"", ""m10@0.0020"", ""m11@0.0020"", ""m12@0.0020"", ""m13@0.0020"", ""m14@0.0045"", ""m15@0.0032""]","[""C1"", 1000000, 0, 50000, [[400000, 700000]], 455509]"
syn_16_3_4_05,synthetic,16,3,4,0.04,pareto_dp,True,4465461,0.0395,21.0,333500,,18441516049280372110,"[""m0@0.0020"", ""m1@0.0020"", ""m2@0.0020"", ""m3@0.0032"", ""m4@0.0020"", ""m5@0.0032"", ""m6@0.0045"", ""m7@0.0020"", ""m8@0.0020"", ""m9@0.0020"", ""m10@0.0020"", ""m11@0.0032"", ""m12@0.0020"", ""m13@0.0020"", ""m14@0.0020"", ""m15@0.0032""]","[""C1"", 1000000, 0, 50000, [[400000, 700000]], 455509]"
syn_16_3_4_06,synthetic,16,3,4,0.04,pareto_dp,True,4775034,0.0395,19.0,225100,,9756938873519843619,"[""m0@0.0020"", ""m1@0.0020"", ""m2@0.0020"", ""m3@0.0020"", ""m4@0.0020"", ""m5@0.0020"", ""m6@0.0020"", ""m7@0.0020"", ""m8@0.0020"", ""m9@0.0020"", ""m10@0.0020"", ""m11@0.0045"", ""m12@0.0020"", ""m13@0.0020"", ""m14@0.0045"", ""m15@0.0045""]","[""C1"", 1000000, 0, 50000, [[400000, 700000]], 455509]"
syn_16_3_4_07,synthetic,16,3,4,0.04,pareto_dp,True,4952057,0.0395,14.0,289200,,14789116703173330606,"[""m0@0.0020"", ""m1@0.0020"", ""m2@0.0020"", ""m3@0.0032"", ""m4@0.0020"", ""m5@0.0020"", ""m6@0.0020"", ""m7@0.0020"", ""m8@0.0020"", ""m9@0.0020"", ""m10@0.0020"", ""m11@0.0032"", ""m12@0.0020"", ""m13@0.0020"", ""m14@0.0045"", ""m15@0.0045""]","[""C1"", 1000000, 0, 50000, [[400000, 700000]], 455509]"
syn_16_3_4_08,synthetic,16,3,4,0.04,pareto_dp,True,4668742,0.0395,16.0,283100,,15399063298029773518,"[""m0@0.0020"", ""m1@0.0020"", ""m2@0.0020"", ""m3@0.0032"", ""m4@0.0020"", ""m5@0.0045"", ""m6@0.0045"", ""m7@0.0020"", ""m8@0.0020"", ""m9@0.0020"", ""m10@0.0020"", ""m11@0.0020"", ""m12@0.0020"", ""m13@0.0020"", ""m14@0.0020"", ""m15@0.0032""]","[""C1"", 1000000, 0, 50000, [[400000, 700000]], 455509]"
syn_16_3_4_09,synthetic,16,3,4,0.04,pareto_dp,True,4686535,0.0395,19.0,336600,,3476672661587729404,"[""m0@0.0020"", ""m1@0.0020"", ""m2@0.0020"", ""m3@0.0045"", ""m4@0.0020"", ""m5@0.0045"", ""m6@0.0045"", ""m7@0.0020"", ""m8@0.0020"", ""m9@0.0020"", ""m10@0.0020"", ""m11@0.0020"", ""m12@0.0020"", ""m13@0.0020"", ""m14@0.0020"", ""m15@0.0020""]","[""C1"", 1000000, 0, 50000, [[400000, 700000]], 455509]"
syn_16_3_4_10,synthetic,16,3,4,0.04,pareto_dp,True,4936593,0.0395,18.0,314200,,2785320843142093096,"[""m0@0.0020"", ""m1@0.0020"", ""m2@0.0020"", ""m3@0.0020"", ""m4@0.0020"", ""m5@0.0020"", ""m6@0.0020"", ""m7@0.0020"", ""m8@0.0020"", ""m9@0.0020"", ""m10@0.0020"", ""m11@0.0032"", ""m12@0.0020"", ""m13@0.0032"", ""m14@0.0045"", ""m15@0.0045""]","[""C1"", 1000000, 0, 50000, [[400000, 700000]], 455509]"
syn_16_3_4_11,synthetic,16,3,4,0.04,pareto_dp,True,4421051,0.0395,11.0,223500,,8481239259187332363,"[""m0@0.0020"", ""m1@0.0020"", ""m2@0.0020"", ""m3@0.0020"", ""m4@0.0020"", ""m5@0.0020"", ""m6@0.0020"", ""m7@0.0020"", ""m8@0.0020"", ""m9@0.0020"", ""m10@0.0045"", ""m11@0.0045"", ""m12@0.0020"", ""m13@0.0020"", ""m14@0.0020"", ""m15@0.0045""]","[""C1"", 1000000, 0, 50000, [[400000, 700000]], 455509]"
syn_16_3_4_12,synthetic,16,3,4,0.04,pareto_dp,True,5285099,0.0395,19.0,260300,,1842682397167893317,"[""m0@0.0020"", ""m1@0.0020"", ""m2@0.0020"", ""m3@0.0020"", ""m4@0.0020"", ""m5@0.0020"", ""m6@0.0020"", ""m7@0.0032"", ""m8@0.0020"", ""m9@0.0020"", ""m10@0.0020"", ""m11@0.0045"", ""m12@0.0020"", ""m13@0.0020"", ""m14@0.0032"", ""m15@0.0045""]","[""C1"", 1000000, 0, 50000, [[400000, 700000]], 455509]"
syn_16_3_4_13,synthetic,16,3,4,0.04,pareto_dp,True,3967456,0.0395,26.0,339400,,11689379895114145909,"[""m0@0.0020"", ""m1@0.0020"", ""m2@0.0020"", ""m3@0.0032"", ""m4@0.0020"", ""m5@0.0020"", ""m6@0.0045"", ""m7@0.0020"", ""m8@0.0020"", ""m9@0.0032"", ""m10@0.0020"", ""m11@0.0020"", ""m12@0.0020"", ""m13@0.0020"", ""m14@0.0045"", ""m15@0.0020""]","[""C1"", 1000000, 0, 50000, [[400000, 700000]], 455509]"
syn_16_3_4_14,synthetic,16,3,4,0.04,pareto_dp,True,4856770,0.0395,18.0,275800,,7907712213289632841,"[""m0@0.0020"", ""m1@0.0020"", ""m2@0.0020"", ""m3@0.0020"", ""m4@0.0020"", ""m5@0.0020"", ""m6@0.0020"", ""m7@0.0020"", ""m8@0.0020"", ""m9@0.0020"", ""m10@0.0020"", ""m11@0.0020"", ""m12@0.0020"", ""m13@0.0045"", ""m14@0.0045"", ""m15@0.0045""]","[""C1"", 1000000, 0, 50000, [[400000, 700000]], 455509]"
syn_16_3_4_15,synthetic,16,3,4,0.04,pareto_dp,True,4192995,0.0395,22.0,285100,,8961580150887588484,"[""m0@0.0020"", ""m1@0.0020"", ""m2@0.0020"", ""m3@0.0020"", ""m4@0.0020"", ""m5@0.0020"", ""m6@0.0045"", ""m7@0.0020"", ""m8@0.0020"", ""m9@0.0020"", ""m10@0.0020"", ""m11@0.0020"", ""m12@0.0020"", ""m13@0.0020"", ""m14@0.0045"", ""m15@0.0045""]","[""C1"", 1000000, 0, 50000, [[400000, 700000]], 455509]"
syn_16_3_4_16,synthetic,16,3,4,0.04,pareto_dp,True,4929264,0.0395,10.0,238300,,13068245069853854227,"[""m0@0.0020"", ""m1@0.0020"", ""m2@0.0020"", ""m3@0.0020"", ""m4@0.0020"", ""m5@0.0020"", ""m6@0.0020"", ""m7@0.0020"", ""m8@0.0020"", ""m9@0.0020"", ""m10@0.0020"", ""m11@0.0020"", ""m12@0.0020"", ""m13@0.0045"", ""m14@0.0045"", ""m15@0.0045""]","[""C1"", 1000000, 0, 50000, [[400000, 700000]], 455509]"
syn_16_3_4_17,synthetic,16,3,4,0.04,pareto_dp,True,4194197,0.0395,9.0,201500,,5601349417834408118,"[""m0@0.0020"", ""m1@0.0020"", ""m2@0.0020"", ""m3@0.0020"", ""m4@0.0020"", ""m5@0.0020"", ""m6@0.0020"", ""m7@0.0020"", ""m8@0.0020"", ""m9@0.0020"", ""m10@0.0045"", ""m11@0.0045"", ""m12@0.0032"", ""m13@0.0020"", ""m14@0.0020"", ""m15@0.0032""]","[""C1"", 1000000, 0, 50000, [[400000, 700000]], 455509]"
syn_16_3_4_18,synthetic,16,3,4,0.04,pareto_dp,True,4160923,0.0395,16.0,302000,,1020066672658658701,"[""m0@0.0020"", ""m1@0.0045"", ""m2@0.0045"", ""m3@0.0045"", ""m4@0.0020"", ""m5@0.0020"", ""m6@0.0020"", ""m7@0.0020"", ""m8@0.0020"", ""m9@0.0020"", ""m10@0.0020"", ""m11@0.0020"", ""m12@0.0020"", ""m13@0.0020"", ""m14@0.0020"", ""m15@0.0020""]","[""C1"", 1000000, 0, 50000, [[400000, 700000]], 455509]"
syn_16_3_4_19,synthetic,16,3,4,0.04,pareto_dp,True,3797686,0.0395,20.0,368600,,12471805563483991709,"[""m0@0.0020"", ""m1@0.0020"", ""m2@0.0020"", ""m3@0.0020"", ""m4@0.0020"", ""m5@0.0032"", ""m6@0.0045"", ""m7@0.0020"", ""m8@0.0020"", ""m9@0.0020"", ""m10@0.0020"", ""m11@0.0020"", ""m12@0.0020"", ""m13@0.0020"", ""m14@0.0032"", ""m15@0.0045""]","[""C1"", 1000000, 0, 50000, [[400000, 700000]], 455509]"
syn_16_6_1_00,synthetic,16,6,1,0.04,pareto_dp,True,3112369,0.04,108.0,2921200,,1046611506110476264,"[""m0@0.0020"", ""m1@0.0020"", ""m2@0.0020"", ""m3@0.0045"", ""m4@0.0020"", ""m5@0.0020"", ""m6@0.0020"", ""m7@0.0045"", ""m8@0.0020"", ""m9@0.0020"", ""m10@0.0040"", ""m11@0.0020"", ""m12@0.0020"", ""m13@0.0020"", ""m14@0.0020"", ""m15@0.0030""]","[""C1"", 1000000, 0, 50000, [[400000, 700000]], 455509]"
syn_16_6_1_01,synthetic,16,6,1,0.04,pareto_dp,True,3793363,0.04,132.0,3509000,,769713062038141725,"[""m0@0.0020"", ""m1@0.0020"", ""m2@0.0045"", ""m3@0.0045"", ""m4@0.0020"", ""m5@0.0020"", ""m6@0.0035"", ""m7@0.0035"", ""m8@0.0020"", ""m9@0.0020"", ""m10@0.0020"", ""m11@0.0020"", ""m12@0.0020"", ""m13@0.0020"", ""m14@0.0020"", ""m15@0.0020""]","[""C1"", 1000000, 0, 50000, [[400000, 700000]], 455509]"
syn_16_6_1_02,synthetic,16,6,1,0.04,pareto_dp,True,2848882,0.04,117.0,3093200,,8498201335940255647,"[""m0@0.0020"", ""m1@0.0020"", ""m2@0.0020"", ""m3@0.0045"", ""m4@0.0020"", ""m5@0.0020"", ""m6@0.0020"", ""m7@0.0040"", ""m8@0.0020"", ""m9@0.0020"", ""m10@0.0045"", ""m11@0.0025"", ""m12@0.0020"", ""m13@0.0020"", ""m14@0.0020"", ""m15@0.0025""]","[""C1"", 1000000, 0, 50000, [[400000, 700000]], 455509]"
syn_16_6_1_03,synthetic,16,6,1,0.04,pareto_dp,True,4088587,0.04,115.0,3028300,,1552133945182811930,"[""m0@0.0020"", ""m1@0.0020"", ""m2@0.0020"", ""m3@0.0035"", ""m4@0.0020"", ""m5@0.0020"", ""m6@0.0020"", ""m7@0.0020"", ""m8@0.0020"", ""m9@0.0020"", ""m10@0.0035"", ""m11@0.0045"", ""m12@0.0020"", ""m13@0.0020"", ""m14@0.0020"", ""m15@0.0045""]","[""C1"", 1000000, 0, 50000, [[400000, 700000]], 455509]"
syn_16_6_1_04,synthetic,16,6,1,0.04,pareto_dp,True,3924201,0.04,115.0,3022600,,12623468461592058862,"[""m0@0.0020"", ""m1@0.0020"", ""m2@0.0020"", ""m3@0.0040"", ""m4@0.0020"", ""m5@0.0020"", ""m6@0.0020"", ""m7@0.0030"", ""m8@0.0020"", ""m9@0.0020"", ""m10@0.0020"", ""m11@0.0040"", ""m12@0.0020"", ""m13@0.0020"", ""m14@0.0025"", ""m15@0.0045""]","[""C1"", 1000000, 0, 50000, [[400000, 700000]], 455509]"
syn_16_6_1_05,synthetic,16,6,1,0.04,pareto_dp,True,3443485,0.04,151.0,3990000,,17392369865621404093,"[""m0@0.0020"", ""m1@0.0020"", ""m2@0.0040"", ""m3@0.0020"", ""m4@0.0020"", ""m5@0.0020"", ""m6@0.0025"", ""m7@0.0045"", ""m8@0.0020"", ""m9@0.0020"", ""m10@0.0020"", ""m11@0.0025"", ""m12@0.0020"", ""m13@0.0020"", ""m14@0.0020"", ""m15@0.0045""]","[""C1"", 1000000, 0, 50000, [[400000, 700000]], 455509]"
syn_16_6_1_06,synthetic,16,6,1,0.04,pareto_dp,True,3815407,0.04,95.0,2504200,,13338184053095893825,"[""m0@0.0020"", ""m1@0.0020"", ""m2@0.0020"", ""m3@0.0020"", ""m4@0.0020"", ""m5@0.0020"", ""m6@0.0020"", ""m7@0.0020"", ""m8@0.0020"", ""m9@0.0030"", ""m10@0.0045"", ""m11@0.0045"", ""m12@0.0020"", ""m13@0.0020"", ""m14@0.0020"", ""m15@0.0040""]","[""C1"", 1000000, 0, 50000, [[400000, 700000]], 455509]"
syn_16_6_1_07,synthetic,16,6,1,0.04,pareto_dp,True,3837423,0.04,110.0,2720500,,17479821179465881319,"[""m0@0.0020"", ""m1@0.0020"", ""m2@0.0020"", ""m3@0.0020"", ""m4@0.0020"", ""m5@0.0020"", ""m6@0.0020"", ""m7@0.0020"", ""m8@0.0020"", ""m9@0.0040"", ""m10@0.0040"", ""m11@0.0040"", ""m12@0.0020"", ""m13@0.0020"", ""m14@0.0020"", ""m15@0.0040""]","[""C1"", 1000000, 0, 50000, [[400000, 700000]], 455509]"
syn_16_6_1_08,synthetic,16,6,1,0.04,pareto_dp,True,4194940,0.04,104.0,2413000,,15602532480170465240,"[""m0@0.0020"", ""m1@0.0020"", ""m2@0.0020"", ""m3@0.0045"", ""m4@0.0020"", ""m5@0.0020"", ""m6@0.0020"", ""m7@0.0025"", ""m8@0.0020"", ""m9@0.0020"", ""m10@0.0020"", ""m11@0.0045"", ""m12@0.0020"", ""m13@0.0020"", ""m14@0.0020"", ""m15@0.0045""]","[""C1"", 1000000, 0, 50000, [[400000, 700000]], 455509]"
syn_16_6_1_09,synthetic,16,6,1,0.04,pareto_dp,True,4141448,0.04,87.0,2612400,,13736037532673839368,"[""m0@0.0020"", ""m1@0.0020"", ""m2@0.0020"", ""m3@0.0040"", ""m4@0.0020"", ""m5@0.0020"", ""m6@0.0020"", ""m7@0.0020"", ""m8@0.0020"", ""m9@0.0020"", ""m10@0.0020"", ""m11@0.0040"", ""m12@0.0020"", ""m13@0.0020"", ""m14@0.0040"", ""m15@0.0040""]","[""C1"", 1000000, 0, 50000, [[400000, 700000]], 455509]"
syn_16_6_1_10,synthetic,16,6,1,0.04,pareto_dp,True,3613926,0.04,104.0,2620900,,12473061343609690404,"[""m0@0.0020"", ""m1@0.0020"", ""m2@0.0020"", ""m3@0.0045"", ""m4@0.0020"", ""m5@0.0020"", ""m6@0.0020"", ""m7@0.0040"", ""m8@0.0020"", ""m9@0.0020"", ""m10@0.0020"", ""m11@0.0030"", ""m12@0.0020"", ""m13@0.0020"", ""m14@0.0020"", ""m15@0.0045""]","[""C1"", 1000000, 0, 50000, [[400000, 700000]], 455509]"
syn_16_6_1_11,synthetic,16,6,1,0.04,pareto_dp,True,3604474,0.04,133.0,2697600,,6732716697331070028,"[""m0@0.0020"", ""m1@0.0020"", ""m2@0.0040"", ""m3@0.0020"", ""m4@0.0020"", ""m5@0.0020"", ""m6@0.0020"", ""m7@0.0045"", ""m8@0.0020"", ""m9@0.0020"", ""m10@0.0020"", ""m11@0.0030"", ""m12@0.0020"", ""m13@0.0020"", ""m14@0.0020"", ""m15@0.0045""]","[""C1"", 1000000, 0, 50000, [[400000, 700000]], 455509]"
syn_16_6_1_12,synthetic,16,6,1,0.04,pareto_dp,True,3246952,0.04,116.0,2419900,,15565956441205492192,"[""m0@0.0020"", ""m1@0.0020"", ""m2@0.0020"", ""m3@0.0045"", ""m4@0.0020"", ""m5@0.0020"", ""m6@0.0020"", ""m7@0.0040"", ""m8@0.0020"", ""m9@0.0020"", ""m10@0.0020"", ""m11@0.0045"", ""m12@0.0020"", ""m13@0.0020"", ""m14@0.0030"", ""m15@0.0020""]","[""C1"", 1000000, 0, 50000, [[400000, 700000]], 455509]"
syn_16_6_1_13,synthetic,16,6,1,0.04,pareto_dp,True,2862717,0.04,103.0,3307400,,8843061237366686502,"[""m0@0.0020"", ""m1@0.0020"", ""m2@0.0020"", ""m3@0.0035"", ""m4@0.0020"", ""m5@0.0020"", ""m6@0.0020"", ""m7@0.0035"", ""m8@0.0020"", ""m9@0.0020"", ""m10@0.0020"", ""m11@0.0045"", ""m12@0.0020"", ""m13@0.0020"", ""m14@0.0020"", ""m15@0.0045""]","[""C1"", 1000000, 0, 50000, [[400000, 700000]], 455509]"
syn_16_6_1_14,synthetic,16,6,1,0.04,pareto_dp,True,3368816,0.04,148.0,2853200,,3763318622387297016,"[""m0@0.0020"", ""m1@0.0020"", ""m2@0.0040"", ""m3@0.0045"", ""m4@0.0020"", ""m5@0.0020"", ""m6@0.0035"", ""m7@0.0020"", ""m8@0.0020"", ""m9@0.0020"", ""m10@0.0020"", ""m11@0.0040"", ""m12@0.0020"", ""m13@0.0020"", ""m14@0.0020"", ""m15@0.0020""]","[""C1"", 1000000, 0, 50000, [[400000, 700000]], 455509]"
syn_16_6_1_15,synthetic,16,6,1,0.04,pareto_dp,True,4598997,0.04,83.0,2124100,,15775095311614987058,"[""m0@0.0020"", ""m1@0.0020"", ""m2@0.0020"", ""m3@0.0035"", ""m4@0.0020"", ""m5@0.0020"", ""m6@0.0020"", ""m7@0.0045"", ""m8@0.0020"", ""m9@0.0020"", ""m10@0.0020"", ""m11@0.0035"", ""m12@0.0020"", ""m13@0.0020"", ""m14@0.0020"", ""m15@0.0045""]","[""C1"", 1000000, 0, 50000, [[400000, 700000]], 455509]"
syn_16_6_1_16,synthetic,16,6,1,0.04,pareto_dp,True,4044078,0.04,111.0,2541100,,12502498699484507419,"[""m0@0.0020"", ""m1@0.0020"", ""m2@0.0020"", ""m3@0.0020"", ""m4@0.0020"", ""m5@0.0020"", ""m6@0.0020"", ""m7@0.0030"", ""m8@0.0020"", ""m9@0.0020"", ""m10@0.0020"", ""m11@0.0045"", ""m12@0.0020"", ""m13@0.0020"", ""m14@0.0045"", ""m15@0.0040""]","[""C1"", 1000000, 0, 50000, [[400000, 700000]], 455509]"
syn_16_6_1_17,synthetic,16,6,1,0.04,pareto_dp,True,3851024,0.04,105.0,2623500,,5819449557740863210,"[""m0@0.0020"", ""m1@0.0020"", ""m2@0.0020"", ""m3@0.0025"", ""m4@0.0020"", ""m5@0.0020"", ""m6@0.0020"", ""m7@0.0025"", ""m8@0.0020"", ""m9@0.0020"", ""m10@0.0045"", ""m11@0.0040"", ""m12@0.0020"", ""m13@0.0020"", ""m14@0.0020"", ""m15@0.0045""]","[""C1"", 1000000, 0, 50000, [[400000, 700000]], 455509]"
syn_16_6_1_18,synthetic,16,6,1,0.04,pareto_dp,True,4010026,0.04,79.0,2348400,,1390597462282314793,"[""m0@0.0020"", ""m1@0.0020"", ""m2@0.0025"", ""m3@0.0040"", ""m4@0.0020"", ""m5@0.0020"", ""m6@0.0040"", ""m7@0.0045"", ""m8@0.0020"", ""m9@0.0020"", ""m10@0.0020"", ""m11@0.0030"", ""m12@0.0020"", ""m13@0.0020"", ""m14@0.0020"", ""m15@0.0020""]","[""C1"", 1000000, 0, 50000, [[400000, 700000]], 455509]"
syn_16_6_1_19,synthetic,16,6,1,0.04,pareto_dp,True,3849998,0.04,127.0,3113000,,14896878669013648432,"[""m0@0.0020"", ""m1@0.0020"", ""m2@0.0020"", ""m3@0.0030"", ""m4@0.0020"", ""m5@0.0020"", ""m6@0.0020"", ""m7@0.0020"", ""m8@0.0020"", ""m9@0.0025"", ""m10@0.0020"", ""m11@0.0045"", ""m12@0.0020"", ""m13@0.0020"", ""m14@0.0035"", ""m15@0.0045""]","[""C1"", 1000000, 0, 50000, [[400000, 700000]], 455509]"
syn_16_6_4_00,synthetic,16,6,4,0.04,pareto_dp,True,4049196,0.04,41.0,1101500,,12742100175227272283,"[""m0@0.0020"", ""m1@0.0030"", ""m2@0.0045"", ""m3@0.0045"", ""m4@0.0020"", ""m5@0.0020"", ""m6@0.0020"", ""m7@0.0020"", ""m8@0.0020"", ""m9@0.0020"", ""m10@0.0020"", ""m11@0.0020"", ""m12@0.0020"", ""m13@0.0020"", ""m14@0.0040"", ""m15@0.0020""]","[""C1"", 1000000, 0, 50000, [[400000, 700000]], 455509]"
syn_16_6_4_01,synthetic,16,6,4,0.04,pareto_dp,True,5054706,0.04,25.0,778900,,6991628820232131928,"[""m0@0.0020"", ""m1@0.0020"", ""m2@0.0020"", ""m3@0.0020"", ""m4@0.0020"", ""m5@0.0020"", ""m6@0.0020"", ""m7@0.0020"", ""m8@0.0020"", ""m9@0.0020"", ""m10@0.0020"", ""m11@0.0025"", ""m12@0.0020"", ""m13@0.0045"", ""m14@0.0045"", ""m15@0.0045""]","[""C1"", 1000000, 0, 50000, [[400000, 700000]], 455509]"
syn_16_6_4_02,synthetic,16,6,4,0.04,pareto_dp,True,3840964,0.04,51.0,1224300,,13460153464977185178,"[""m0@0.0020"", ""m1@0.0020"", ""m2@0.0020"", ""m3@0.0020"", ""m4@0.0020"", ""m5@0.0020"", ""m6@0.0035"", ""m7@0.0020"", ""m8@0.0020"", ""m9@0.0020"", ""m10@0.0020"", ""m11@0.0020"", ""m12@0.0020"", ""m13@0.0045"", ""m14@0.0035"", ""m15@0.0045""]","[""C1"", 1000000, 0, 50000, [[400000, 700000]], 455509]"
syn_16_6_4_03,synthetic,16,6,4,0.04,pareto_dp,True,4386355,0.04,33.0,996700,,152900363329617126,"[""m0@0.0020"", ""m1@0.0030"", ""m2@0.0045"", ""m3@0.0045"", ""m4@0.0020"", ""m5@0.0020"", ""m6@0.0020"", ""m7@0.0020"", ""m8@0.0020"", ""m9@0.0020"", ""m10@0.0020"", ""m11@0.0020"", ""m12@0.0020"", ""m13@0.0020"", ""m14@0.0020"", ""m15@0.0040""]","[""C1"", 1000000, 0, 50000, [[400000, 700000]], 455509]"
syn_16_6_4_04,synthetic,16,6,4,0.04,pareto_dp,True,4825963,0.04,45.0,754400,,14910112250058995014,"[""m0@0.0020"", ""m1@0.0020"", ""m2@0.0020"", ""m3@0.0020"", ""m4@0.0020"", ""m5@0.0020"", ""m6@0.0020"", ""m7@0.0020"", ""m8@0.0020"", ""m9@0.0020"", ""m10@0.0020"", ""m11@0.0035"", ""m12@0.0020"", ""m13@0.0035"", ""m14@0.0045"", ""m15@0.0045""]","[""C1"", 1000000, 0, 50000, [[400000, 700000]], 455509]"
syn_16_6_4_05,synthetic,16,6,4,0.04,pareto_dp,True,4970946,0.0395,21.0,683200,,16183055150453940626,"[""m0@0.0020"", ""m1@0.0020"", ""m2@0.0020"", ""m3@0.0020"", ""m4@0.0020"", ""m5@0.0020"", ""m6@0.0020"", ""m7@0.0020"", ""m8@0.0020"", ""m9@0.0020"", ""m10@0.0020"", ""m11@0.0020"", ""m12@0.0020"", ""m13@0.0045"", ""m14@0.0045"", ""m15@0.0045""]","[""C1"", 1000000, 0, 50000, [[400000, 700000]], 455509]"
syn_16_6_4_06,synthetic,16,6,4,0.04,pareto_dp,True,3852684,0.04,52.0,1141800,,16563428045694445107,"[""m0@0.0020"", ""m1@0.0020"", ""m2@0.0020"", ""m3@0.0020"", ""m4@0.0020"", ""m5@0.0020"", ""m6@0.0045"", ""m7@0.0020"", ""m8@0.0020"", ""m9@0.0020"", ""m10@0.0020"", ""m11@0.0020"", ""m12@0.0020"", ""m13@0.0025"", ""m14@0.0045"", ""m15@0.0045""]","[""C1"", 1000000, 0, 50000, [[400000, 700000]], 455509]"
syn_16_6_4_07,synthetic,16,6,4,0.04,pareto_dp,True,4341356,0.04,46.0,1256400,,3354173418987633080,"[""m0@0.0020"", ""m1@0.0045"", ""m2@0.0045"", ""m3@0.0045"", ""m4@0.0020"", ""m5@0.0020"", ""m6@0.0020"", ""m7@0.0020"", ""m8@0.0020"", ""m9@0.0020"", ""m10@0.0020"", ""m11@0.0025"", ""m12@0.0020"", ""m13@0.0020"", ""m14@0.0020"", ""m15@0.0020""]","[""C1"", 1000000, 0, 50000, [[400000, 700000]], 455509]"
syn_16_6_4_08,synthetic,16,6,4,0.04,pareto_dp,True,3985890,0.04,50.0,1125900,,18131119078141972443,"[""m0@0.0020"", ""m1@0.0020"", ""m2@0.0020"", ""m3@0.0020"", ""m4@0.0020"", ""m5@0.0030"", ""m6@0.0045"", ""m7@0.0020"", ""m8@0.0020"", ""m9@0.0020"", ""m10@0.0020"", ""m11@0.0020"", ""m12@0.0020"", ""m13@0.0020"", ""m14@0.0040"", ""m15@0.0045""]","[""C1"", 1000000, 0, 50000, [[400000, 700000]], 455509]"
syn_16_6_4_09,synthetic,16,6,4,0.04,pareto_dp,True,3713367,0.04,42.0,901500,,17643278563548758659,"[""m0@0.0020"", ""m1@0.0020"", ""m2@0.0020"", ""m3@0.0020"", ""m4@0.0020"", ""m5@0.0020"", ""m6@0.0020"", ""m7@0.0045"", ""m8@0.0020"", ""m9@0.0040"", ""m10@0.0020"", ""m11@0.0020"", ""m12@0.0020"", ""m13@0.0020"", ""m14@0.0030"", ""m15@0.0045""]","[""C1"", 1000000, 0, 50000, [[400000, 700000]], 455509]"
syn_16_6_4_10,synthetic,16,6,4,0.04,pareto_dp,True,4799692,0.04,52.0,1330600,,11797310446077971810,"[""m0@0.0020"", ""m1@0.0020"", ""m2@0.0020"", ""m3@0.0020"", ""m4@0.0020"", ""m5@0.0020"", ""m6@0.0020"", ""m7@0.0020"", ""m8@0.0020"", ""m9@0.0020"", ""m10@0.0020"", ""m11@0.0040"", ""m12@0.0020"", ""m13@0.0030"", ""m14@0.0045"", ""m15@0.0045""]","[""C1"", 1000000, 0, 50000, [[400000, 700000]], 455509]"
syn_16_6_4_11,synthetic,16,6,4,0.04,pareto_dp,True,4536862,0.04,78.0,1470800,,6700832515353869069,"[""m0@0.0020"", ""m1@0.0020"", ""m2@0.0020"", ""m3@0.0020"", ""m4@0.0020"", ""m5@0.0035"", ""m6@0.0045"", ""m7@0.0035"", ""m8@0.0020"", ""m9@0.0020"", ""m10@0.0020"", ""m11@0.0040"", ""m12@0.0020"", ""m13@0.0020"", ""m14@0.0025"", ""m15@0.0020""]","[""C1"", 1000000, 0, 50000, [[400000, 700000]], 455509]"
syn_16_6_4_12,synthetic,16,6,4,0.04,pareto_dp,True,4331211,0.04,65.0,1328000,,9745824759624609976,"[""m0@0.0020"", ""m1@0.0020"", ""m2@0.0020"", ""m3@0.0035"", ""m4@0.0020"", ""m5@0.0045"", ""m6@0.0045"", ""m7@0.0020"", ""m8@0.0020"", ""m9@0.0020"", ""m10@0.0020"", ""m11@0.0020"", ""m12@0.0020"", ""m13@0.0020"", ""m14@0.0020"", ""m15@0.0035""]","[""C1"", 1000000, 0, 50000, [[400000, 700000]], 455509]"
syn_16_6_4_13,synthetic,16,6,4,0.04,pareto_dp,True,4228726,0.04,46.0,1138700,,15393356311799589354,"[""m0@0.0020"", ""m1@0.0045"", ""m2@0.0045"", ""m3@0.0045"", ""m4@0.0020"", ""m5@0.0020"", ""m6@0.0020"", ""m7@0.0020"", ""m8@0.0020"", ""m9@0.0020"", ""m10@0.0020"", ""m11@0.0020"", ""m12@0.0020"", ""m13@0.0020"", ""m14@0.0025"", ""m15@0.0020""]","[""C1"", 1000000, 0, 50000, [[400000, 700000]], 455509]"
syn_16_6_4_14,synthetic,16,6,4,0.04,pareto_dp,True,4184575,0.04,39.0,1171000,,15626371879638359712,"[""m0@0.0020"", ""m1@0.0035"", ""m2@0.0045"", ""m3@0.0045"", ""m4@0.0020"", ""m5@0.0020"", ""m6@0.0020"", ""m7@0.0020"", ""m8@0.0020"", ""m9@0.0020"", ""m10@0.0020"", ""m11@0.0020"", ""m12@0.0020"", ""m13@0.0020"", ""m14@0.0025"", ""m15@0.0030""]","[""C1"", 1000000, 0, 50000, [[400000, 700000]], 455509]"
syn_16_6_4_15,synthetic,16,6,4,0.04,pareto_dp,True,4118939,0.04,44.0,1333100,,10749320498359674943,"[""m0@0.0020"", ""m1@0.0020"", ""m2@0.0020"", ""m3@0.0020"", ""m4@0.0020"", ""m5@0.0020"", ""m6@0.0030"", ""m7@0.0020"", ""m8@0.0020"", ""m9@0.0020"", ""m10@0.0020"", ""m11@0.0020"", ""m12@0.0020"", ""m13@0.0045"", ""m14@0.0040"", ""m15@0.0045""]","[""C1"", 1000000, 0, 50000, [[400000, 700000]], 455509]"
syn_16_6_4_16,synthetic,16,6,4,0.04,pareto_dp,True,4660959,0.0395,25.0,706600,,6088518694827714476,"[""m0@0.0020"", ""m1@0.0020"", ""m2@0.0020"", ""m3@0.0020"", ""m4@0.0020"", ""m5@0.0020"", ""m6@0.0020"", ""m7@0.0020"", ""m8@0.0020"", ""m9@0.0020"", ""m10@0.0020"", ""m11@0.0020"", ""m12@0.0020"", ""m13@0.0045"", ""m14@0.0045"", ""m15@0.0045""]","[""C1"", 1000000, 0, 50000, [[400000, 700000]], 455509]"
syn_16_6_4_17,synthetic,16,6,4,0.04,pareto_dp,True,4206448,0.04,34.0,1066400,,6910636432631350429,"[""m0@0.0020"", ""m1@0.0045"", ""m2@0.0045"", ""m3@0.0045"", ""m4@0.0020"", ""m5@0.0020"", ""m6@0.0020"", ""m7@0.0020"", ""m8@0.0020"", ""m9@0.0020"", ""m10@0.0020"", ""m11@0.0020"", ""m12@0.0020"", ""m13@0.0020"", ""m14@0.0020"", ""m15@0.0025""]","[""C1"", 1000000, 0, 50000, [[400000, 700000]], 455509]"
syn_16_6_4_18,synthetic,16,6,4,0.04,pareto_dp,True,4224549,0.04,63.0,1686200,,4372290561826954393,"[""m0@0.0020"", ""m1@0.0020"", ""m2@0.0030"", ""m3@0.0040"", ""m4@0.0020"", ""m5@0.0020"", ""m6@0.0020"", ""m7@0.0025"", ""m8@0.0020"", ""m9@0.0020"", ""m10@0.0020"", ""m11@0.0045"", ""m12@0.0020"", ""m13@0.0020"", ""m14@0.0020"", ""m15@0.0040""]","[""C1"", 1000000, 0, 50000, [[400000, 700000]], 455509]"
syn_16_6_4_19,synthetic,16,6,4,0.04,pareto_dp,True,5030898,0.0395,27.0,783400,,7067579827600582667,"[""m0@0.0020"", ""m1@0.0020"", ""m2@0.0020"", ""m3@0.0020"", ""m4@0.0020"", ""m5@0.0020"", ""m6@0.0020"", ""m7@0.0020"", ""m8@0.0020"", ""m9@0.0020"", ""m10@0.0020"", ""m11@0.0020"", ""m12@0.0020"", ""m13@0.0045"", ""m14@0.0045"", ""m15@0.0045""]","[""C1"", 1000000, 0, 50000, [[400000, 700000]], 455509]"
syn_32_3_1_00,synthetic,32,3,1,0.08,pareto_dp,True,7299431,0.079,142.0,3502600,,11710286401379450959,"[""m0@0.0020"", ""m1@0.0020"", ""m2@0.0020"", ""m3@0.0045"", ""m4@0.0020"", ""m5@0.0020"", ""m6@0.0020"", ""m7@0.0045"", ""m8@0.0020"", ""m9@0.0020"", ""m10@0.0020"", ""m11@0.0045"", ""m12@0.0020"", ""m13@0.0020"", ""m14@0.0045"", ""m15@0.0045"", ""m16@0.0020"", ""m17@0.0020"", ""m18@0.0020"", ""m19@0.0045"", ""m20@0.0020"", ""m21@0.0020"", ""m22@0.0020"", ""m23@0.0020"", ""m24@0.0020"", ""m25@0.0020"", ""m26@0.0020"", ""m27@0.0020"", ""m28@0.0020"", ""m29@0.0020"", ""m30@0.0020"", ""m31@0.0020""]","[""C1"", 1000000, 0, 50000, [[400000, 700000]], 455509]"
syn_32_3_1_01,synthetic,32,3,1,0.08,pareto_dp,True,6615577,0.079,154.0,3944600,,17602866422453987979,"[""m0@0.0020"", ""m1@0.0020"", ""m2@0.0032"", ""m3@0.0045"", ""m4@0.0020"", ""m5@0.0020"", ""m6@0.0020"", ""m7@0.0045"", ""m8@0.0020"", ""m9@0.0020"", ""m10@0.0020"", ""m11@0.0045"", ""m12@0.0020"", ""m13@0.0020"", ""m14@0.0020"", ""m15@0.0020"", ""m16@0.0020"", ""m17@0.0020"", ""m18@0.0020"", ""m19@0.0045"", ""m20@0.0020"", ""m21@0.0020"", ""m22@0.0020"", ""m23@0.0020"", ""m24@0.0020"", ""m25@0.0020"", ""m26@0.0020"", ""m27@0.0045"", ""m28@0.0020"", ""m29@0.0020"", ""m30@0.0020"", ""m31@0.0032""]","[""C1"", 1000000, 0, 50000, [[400000, 700000]], 455509]"
syn_32_3_1_02,synthetic,32,3,1,0.08,pareto_dp,True,6863152,0.079,115.0,3505400,,2194780623943087071,"[""m0@0.0020"", ""m1@0.0020"", ""m2@0.0020"", ""m3@0.0020"", ""m4@0.0020"", ""m5@0.0020"", ""m6@0.0020"", ""m7@0.0020"", ""m8@0.0020"", ""m9@0.0020"", ""m10@0.0045"", ""m11@0.0045"", ""m12@0.0020"", ""m13@0.0020"", ""m14@0.0020"", ""m15@0.0045"", ""m16@0.0020"", ""m17@0.0020"", ""m18@0.0020"", ""m19@0.0045"", ""m20@0.0020"", ""m21@0.0020"", ""m22@0.0020"", ""m23@0.0020"", ""m24@0.0020"", ""m25@0.0020"", ""m26@0.0045"", ""m27@0.0045"", ""m28@0.0020"", ""m29@0.0020"", ""m30@0.0020"", ""m31@0.0020""]","[""C1"", 1000000, 0, 50000, [[400000, 700000]], 455509]"
syn_32_3_1_03,synthetic,32,3,1,0.08,pareto_dp,True,7275081,0.079,255.0,4585300,,3383507275058706995,"[""m0@0.0020"", ""m1@0.0020"", ""m2@0.0032"", ""m3@0.0045"", ""m4@0.0020"", ""m5@0.0020"", ""m6@0.0020"", ""m7@0.0032"", ""m8@0.0020"", ""m9@0.0020"", ""m10@0.0020"", ""m11@0.0045"", ""m12@0.0020"", ""m13@0.0020"", ""m14@0.0020"", ""m15@0.0045"", ""m16@0.0020"", ""m17@0.0020"", ""m18@0.0020"", ""m19@0.0020"", ""m20@0.0020"", ""m21@0.0020"", ""m22@0.0020"", ""m23@0.0045"", ""m24@0.0020"", ""m25@0.0020"", ""m26@0.0020"", ""m27@0.0020"", ""m28@0.0020"", ""m29@0.0020"", ""m30@0.0020"", ""m31@0.0045""]","[""C1"", 1000000, 0, 50000, [[400000, 700000]], 455509]"
syn_32_3_1_04,synthetic,32,3,1,0.08,pareto_dp,True,7042925,0.079,133.0,3663600,,9268121425428520660,"[""m0@0.0020"", ""m1@0.0020"", ""m2@0.0020"", ""m3@0.0045"", ""m4@0.0020"", ""m5@0.0020"", ""m6@0.0020"", ""m7@0.0045"", ""m8@0.0020"", ""m9@0.0020"", ""m10@0.0045"", ""m11@0.0020"", ""m12@0.0020"", ""m13@0.0020"", ""m14@0.0020"", ""m15@0.0045"", ""m16@0.0020"", ""m17@0.0020"", ""m18@0.0020"", ""m19@0.0045"", ""m20@0.0020"", ""m21@0.0020"", ""m22@0.0020"", ""m23@0.0020"", ""m24@0.0020"", ""m25@0.0020"", ""m26@0.0020"", ""m27@0.0020"", ""m28@0.0020"", ""m29@0.0020"", ""m30@0.0020"", ""m31@0.0045""]","[""C1"", 1000000, 0, 50000, [[400000, 700000]], 455509]"
syn_32_3_1_05,synthetic,32,3,1,0.08,pareto_dp,True,7582554,0.079,132.0,3098800,,5445831531948121649,"[""m0@0.0020"", ""m1@0.0020"", ""m2@0.0020"", ""m3@0.0045"", ""m4@0.0020"", ""m5@0.0020"", ""m6@0.0020"", ""m7@0.0020"", ""m8@0.0020"", ""m9@0.0020"", ""m10@0.0020"", ""m11@0.0045"", ""m12@0.0020"", ""m13@0.0020"", ""m14@0.0020"", ""m15@0.0045"", ""m16@0.0020"", ""m17@0.0020"", ""m18@0.0020"", ""m19@0.0045"", ""m20@0.0020"", ""m21@0.0020"", ""m22@0.0020"", ""m23@0.0032"", ""m24@0.0020"", ""m25@0.0020"", ""m26@0.0032"", ""m27@0.0020"", ""m28@0.0020"", ""m29@0.0020"", ""m30@0.0020"", ""m31@0.0045""]","[""C1"", 1000000, 0, 50000, [[400000, 700000]], 455509]"
syn_32_3_1_06,synthetic,32,3,1,0.08,pareto_dp,True,7064728,0.079,136.0,3646000,,6606279309353190665,"[""m0@0.0020"", ""m1@0.0020"", ""m2@0.0020"", ""m3@0.0045"", ""m4@0.0020"", ""m5@0.0020"", ""m6@0.0020"", ""m7@0.0045"", ""m8@0.0020"", ""m9@0.0020"", ""m10@0.0020"", ""m11@0.0045"", ""m12@0.0020"", ""m13@0.0020"", ""m14@0.0020"", ""m15@0.0045"", ""m16@0.0020"", ""m17@0.0020"", ""m18@0.0020"", ""m19@0.0020"", ""m20@0.0020"", ""m21@0.0020"", ""m22@0.0020"", ""m23@0.0020"", ""m24@0.0020"", ""m25@0.0020"", ""m26@0.0020"", ""m27@0.0045"", ""m28@0.0020"", ""m29@0.0020"", ""m30@0.0020"", ""m31@0.0045""]","[""C1"", 1000000, 0, 50000, [[400000, 700000]], 455509]"
syn_32_3_1_07,synthetic,32,3,1,0.08,pareto_dp,True,7308230,0.079,115.0,3612200,,1299276700258925273,"[""m0@0.0020"", ""m1@0.0020"", ""m2@0.0020"", ""m3@0.0045"", ""m4@0.0020"", ""m5@0.0020"", ""m6@0.0020"", ""m7@0.0045"", ""m8@0.0020"", ""m9@0.0020"", ""m10@0.0020"", ""m11@0.0020"", ""m12@0.0020"", ""m13@0.0020"", ""m14@0.0020"", ""m15@0.0045"", ""m16@0.0020"", ""m17@0.0020"", ""m18@0.0020"", ""m19@0.0045"", ""m20@0.0020"", ""m21@0.0020"", ""m22@0.0020"", ""m23@0.0045"", ""m24@0.0020"", ""m25@0.0020"", ""m26@0.0020"", ""m27@0.0020"", ""m28@0.0020"", ""m29@0.0020"", ""m30@0.0020"", ""m31@0.0045""]","[""C1"", 1000000, 0, 50000, [[400000, 700000]], 455509]"
syn_32_3_1_08,synthetic,32,3,1,0.08,pareto_dp,True,7224526,0.079,172.0,4526500,,7633921338202009914,"[""m0@0.0020"", ""m1@0.0020"", ""m2@0.0020"", ""m3@0.0045"", ""m4@0.0020"", ""m5@0.0020"", ""m6@0.0020"", ""m7@0.0045"", ""m8@0.0020"", ""m9@0.0020"", ""m10@0.0020"", ""m11@0.0045"", ""m12@0.0020"", ""m13@0.0020"", ""m14@0.0020"", ""m15@0.0045"", ""m16@0.0020"", ""m17@0.0020"", ""m18@0.0020"", ""m19@0.0020"", ""m20@0.0020"", ""m21@0.0020"", ""m22@0.0020"", ""m23@0.0020"", ""m24@0.0020"", ""m25@0.0020"", ""m26@0.0020"", ""m27@0.0045"", ""m28@0.0020"", ""m29@0.0020"", ""m30@0.0020"", ""m31@0.0045""]","[""C1"", 1000000, 0, 50000, [[400000, 700000]], 455509]"
syn_32_3_1_09,synthetic,32,3,1,0.08,pareto_dp,True,6278589,0.079,182.0,3997700,,7708192348252966227,"[""m0@0.0020"", ""m1@0.0020"", ""m2@0.0020"", ""m3@0.0020"", ""m4@0.0020"", ""m5@0.0020"", ""m6@0.0020"", ""m7@0.0032"", ""m8@0.0020"", ""m9@0.0020"", ""m10@0.0032"", ""m11@0.0020"", ""m12@0.0020"", ""m13@0.0020"", ""m14@0.0020"", ""m15@0.0045"", ""m16@0.0020"", ""m17@0.0020"", ""m18@0.0020"", ""m19@0.0045"", ""m20@0.0020"", ""m21@0.0020"", ""m22@0.0020"", ""m23@0.0045"", ""m24@0.0020"", ""m25@0.0020"", ""m26@0.0045"", ""m27@0.0045"", ""m28@0.0020"", ""m29@0.0020"", ""m30@0.0020"", ""m31@0.0020""]","[""C1"", 1000000, 0, 50000, [[400000, 700000]], 455509]"
syn_32_3_1_10,synthetic,32,3,1,0.08,pareto_dp,True,7211173,0.079,132.0,3212400,,16041326920316531363,"[""m0@0.0020"", ""m1@0.0020"", ""m2@0.0020"", ""m3@0.0045"", ""m4@0.0020"", ""m5@0.0020"", ""m6@0.0020"", ""m7@0.0045"", ""m8@0.0020"", ""m9@0.0020"", ""m10@0.0020"", ""m11@0.0032"", ""m12@0.0020"", ""m13@0.0020"", ""m14@0.0020"", ""m15@0.0045"", ""m16@0.0020"", ""m17@0.0020"", ""m18@0.0020"", ""m19@0.0020"", ""m20@0.0020"", ""m21@0.0020"", ""m22@0.0020"", ""m23@0.0045"", ""m24@0.0020"", ""m25@0.0020"", ""m26@0.0020"", ""m27@0.0045"", ""m28@0.0020"", ""m29@0.0020"", ""m30@0.0020"", ""m31@0.0032""]","[""C1"", 1000000, 0, 50000, [[400000, 700000]], 455509]"
syn_32_3_1_11,synthetic,32,3,1,0.08,pareto_dp,True,7433829,0.079,154.0,3870900,,10531207426406948531,"[""m0@0.0020"", ""m1@0.0020"", ""m2@0.0020"", ""m3@0.0045"", ""m4@0.0020"", ""m5@0.0020"", ""m6@0.0020"", ""m7@0.0045"", ""m8@0.0020"", ""m9@0.0020"", ""m10@0.0020"", ""m11@0.0020"", ""m12@0.0020"", ""m13@0.0020"", ""m14@0.0020"", ""m15@0.0020"", ""m16@0.0020"", ""m17@0.0020"", ""m18@0.0020"", ""m19@0.0045"", ""m20@0.0020"", ""m21@0.0020"", ""m22@0.0020"", ""m23@0.0045"", ""m24@0.0020"", ""m25@0.0020"", ""m26@0.0020"", ""m27@0.0045"", ""m28@0.0020"", ""m29@0.0020"", ""m30@0.0020"", ""m31@0.0045""]","[""C1"", 1000000, 0, 50000, [[400000, 700000]], 455509]"
syn_32_3_1_12,synthetic,32,3,1,0.08,pareto_dp,True,6982124,0.079,130.0,3738900,,12527271022667465491,"[""m0@0.0020"", ""m1@0.0020"", ""m2@0.0020"", ""m3@0.0045"", ""m4@0.0020"", ""m5@0.0020"", ""m6@0.0020"", ""m7@0.0020"", ""m8@0.0020"", ""m9@0.0020"", ""m10@0.0020"", ""m11@0.0020"", ""m12@0.0020"", ""m13@0.0020"", ""m14@0.0020"", ""m15@0.0045"", ""m16@0.0020"", ""m17@0.0020"", ""m18@0.0020"", ""m19@0.0032"", ""m20@0.0020"", ""m21@0.0020"", ""m22@0.0020"", ""m23@0.0045"", ""m24@0.0020"", ""m25@0.0020"", ""m26@0.0032"", ""m27@0.0045"", ""m28@0.0020"", ""m29@0.0020"", ""m30@0.0020"", ""m31@0.0045""]","[""C1"", 1000000, 0, 50000, [[400000, 700000]], 455509]"
syn_32_3_1_13,synthetic,32,3,1,0.08,pareto_dp,True,7721295,0.079,134.0,3454400,,11366652327417556806,"[""m0@0.0020"", ""m1@0.0020"", ""m2@0.0020"", ""m3@0.0020"", ""m4@0.0020"", ""m5@0.0020"", ""m6@0.0020"", ""m7@0.0045"", ""m8@0.0020"", ""m9@0.0020"", ""m10@0.0020"", ""m11@0.0020"", ""m12@0.0020"", ""m13@0.0020"", ""m14@0.0020"", ""m15@0.0045"", ""m16@0.0020"", ""m17@0.0020"", ""m18@0.0020"", ""m19@0.0045"", ""m20@0.0020"", ""m21@0.0020"", ""m22@0.0020"", ""m23@0.0045"", ""m24@0.0020"", ""m25@0.0020"", ""m26@0.0020"", ""m27@0.0045"", ""m28@0.0020"", ""m29@0.0020"", ""m30@0.0020"", ""m31@0.0045""]","[""C1"", 1000000, 0, 50000, [[400000, 700000]], 455509]"
syn_32_3_1_14,synthetic,32,3,1,0.08,pareto_dp,True,7275103,0.079,149.0,4066100,,4657121923529669461,"[""m0@0.0020"", ""m1@0.0020"", ""m2@0.0045"", ""m3@0.0020"", ""m4@0.0020"", ""m5@0.0020"", ""m6@0.0020"", ""m7@0.0045"", ""m8@0.0020"", ""m9@0.0020"", ""m10@0.0020"", ""m11@0.0045"", ""m12@0.0020"", ""m13@0.0020"", ""m14@0.0020"", ""m15@0.0045"", ""m16@0.0020"", ""m17@0.0020"", ""m18@0.0020"", ""m19@0.0045"", ""m20@0.0020"", ""m21@0.0020"", ""m22@0.0020"", ""m23@0.0020"", ""m24@0.0020"", ""m25@0.0020"", ""m26@0.0020"", ""m27@0.0045"", ""m28@0.0020"", ""m29@0.0020"", ""m30@0.0020"", ""m31@0.0020""]","[""C1"", 1000000, 0, 50000, [[400000, 700000]], 455509]"
syn_32_3_1_15,synthetic,32,3,1,0.08,pareto_dp,True,7282471,0.079,128.0,3296100,,6268444014291909950,"[""m0@0.0020"", ""m1@0.0020"", ""m2@0.0020"", ""m3@0.0045"", ""m4@0.0020"", ""m5@0.0020"", ""m6@0.0020"", ""m7@0.0045"", ""m8@0.0020"", ""m9@0.0020"", ""m10@0.0020"", ""m11@0.0045"", ""m12@0.0020"", ""m13@0.0020"", ""m14@0.0020"", ""m15@0.0045"", ""m16@0.0020"", ""m17@0.0020"", ""m18@0.0020"", ""m19@0.0045"", ""m20@0.0020"", ""m21@0.0020"", ""m22@0.0020"", ""m23@0.0045"", ""m24@0.0020"", ""m25@0.0020"", ""m26@0.0020"", ""m27@0.0020"", ""m28@0.0020"", ""m29@0.0020"", ""m30@0.0020"", ""m31@0.0020""]","[""C1"", 1000000, 0, 50000, [[400000, 700000]], 455509]"
syn_32_3_1_16,synthetic,32,3,1,0.08,pareto_dp,True,7684735,0.079,116.0,2965000,,780447823221118218,"[""m0@0.0020"", ""m1@0.0020"", ""m2@0.0020"", ""m3@0.0045"", ""m4@0.0020"", ""m5@0.0020"", ""m6@0.0020"", ""m7@0.0032"", ""m8@0.0020"", ""m9@0.0020"", ""m10@0.0032"", ""m11@0.0045"", ""m12@0.0020"", ""m13@0.0020"", ""m14@0.0020"", ""m15@0.0045"", ""m16@0.0020"", ""m17@0.0020"", ""m18@0.0020"", ""m19@0.0020"", ""m20@0.0020"", ""m21@0.0020"", ""m22@0.0020"", ""m23@0.0020"", ""m24@0.0020"", ""m25@0.0020"", ""m26@0.0020"", ""m27@0.0045"", ""m28@0.0020"", ""m29@0.0020"", ""m30@0.0020"", ""m31@0.0045""]","[""C1"", 1000000, 0, 50000, [[400000, 700000]], 455509]"
syn_32_3_1_17,synthetic,32,3,1,0.08,pareto_dp,True,8102151,0.079,174.0,4323900,,3029891887716178998,"[""m0@0.0020"", ""m1@0.0020"", ""m2@0.0020"", ""m3@0.0045"", ""m4@0.0020"", ""m5@0.0020"", ""m6@0.0020"", ""m7@0.0032"", ""m8@0.0020"", ""m9@0.0020"", ""m10@0.0020"", ""m11@0.0045"", ""m12@0.0020"", ""m13@0.0020"", ""m14@0.0020"", ""m15@0.0020"", ""m16@0.0020"", ""m17@0.0020"", ""m18@0.0020"", ""m19@0.0045"", ""m20@0.0020"", ""m21@0.0020"", ""m22@0.0020"", ""m23@0.0045"", ""m24@0.0020"", ""m25@0.0020"", ""m26@0.0032"", ""m27@0.0045"", ""m28@0.0020"", ""m29@0.0020"", ""m30@0.0020"", ""m31@0.0020""]","[""C1"", 1000000, 0, 50000, [[400000, 700000]], 455509]"
syn_32_3_1_18,synthetic,32,3,1,0.08,pareto_dp,True,7859305,0.079,138.0,3527600,,7852615817416113294,"[""m0@0.0020"", ""m1@0.0020"", ""m2@0.0020"", ""m3@0.0045"", ""m4@0.0020"", ""m5@0.0020"", ""m6@0.0020"", ""m7@0.0045"", ""m8@0.0020"", ""m9@0.0020"", ""m10@0.0020"", ""m11@0.0032"", ""m12@0.0020"", ""m13@0.0020"", ""m14@0.0032"", ""m15@0.0045"", ""m16@0.0020"", ""m17@0.0020"", ""m18@0.0020"", ""m19@0.0032"", ""m20@0.0020"", ""m21@0.0020"", ""m22@0.0020"", ""m23@0.0020"", ""m24@0.0020"", ""m25@0.0020"", ""m26@0.0020"", ""m27@0.0032"", ""m28@0.0020"", ""m29@0.0020"", ""m30@0.0020"", ""m31@0.0045""]","[""C1"", 1000000, 0, 50000, [[400000, 700000]], 455509]"
syn_32_3_1_19,synthetic,32,3,1,0.08,pareto_dp,True,6952998,0.079,166.0,3827300,,12881158377481268047,"[""m0@0.0020"", ""m1@0.0020"", ""m2@0.0020"", ""m3@0.0020"", ""m4@0.0020"", ""m5@0.0020"", ""m6@0.0020"", ""m7@0.0045"", ""m8@0.0020"", ""m9@0.0020"", ""m10@0.0020"", ""m11@0.0045"", ""m12@0.0020"", ""m13@0.0020"", ""m14@0.0020"", ""m15@0.0045"", ""m16@0.0020"", ""m17@0.0020"", ""m18@0.0020"", ""m19@0.0020"", ""m20@0.0020"", ""m21@0.0020"", ""m22@0.0020"", ""m23@0.0045"", ""m24@0.0020"", ""m25@0.0020"", ""m26@0.0020"", ""m27@0.0045"", ""m28@0.0020"", ""m29@0.0020"", ""m30@0.0020"", ""m31@0.0045""]","[""C1"", 1000000, 0, 50000, [[400000, 700000]], 455509]"
syn_32_3_4_00,synthetic,32,3,4,0.08,pareto_dp,True,7351195,0.079,61.0,1845000,,11083936062664113823,"[""m0@0.0020"", ""m1@0.0020"", ""m2@0.0020"", ""m3@0.0020"", ""m4@0.0020"", ""m5@0.0020"", ""m6@0.0020"", ""m7@0.0045"", ""m8@0.0020"", ""m9@0.0020"", ""m10@0.0020"", ""m11@0.0032"", ""m12@0.0020"", ""m13@0.0020"", ""m14@0.0020"", ""m15@0.0045"", ""m16@0.0020"", ""m17@0.0020"", ""m18@0.0045"", ""m19@0.0020"", ""m20@0.0020"", ""m21@0.0020"", ""m22@0.0020"", ""m23@0.0032"", ""m24@0.0020"", ""m25@0.0020"", ""m26@0.0020"", ""m27@0.0045"", ""m28@0.0020"", ""m29@0.0020"", ""m30@0.0020"", ""m31@0.0045""]","[""C1"", 1000000, 0, 50000, [[400000, 700000]], 455509]"
syn_32_3_4_01,synthetic,32,3,4,0.08,pareto_dp,True,8030241,0.079,89.0,2295700,,4660693226537521336,"[""m0@0.0020"", ""m1@0.0020"", ""m2@0.0020"", ""m3@0.0045"", ""m4@0.0020"", ""m5@0.0020"", ""m6@0.0020"", ""m7@0.0020"", ""m8@0.0020"", ""m9@0.0020"", ""m10@0.0020"", ""m11@0.0020"", ""m12@0.0020"", ""m13@0.0020"", ""m14@0.0020"", ""m15@0.0032"", ""m16@0.0020"", ""m17@0.0020"", ""m18@0.0020"", ""m19@0.0045"", ""m20@0.0020"", ""m21@0.0020"", ""m22@0.0020"", ""m23@0.0045"", ""m24@0.0020"", ""m25@0.0020"", ""m26@0.0045"", ""m27@0.0032"", ""m28@0.0020"", ""m29@0.0020"", ""m30@0.0020"", ""m31@0.0045""]","[""C1"", 1000000, 0, 50000, [[400000, 700000]], 455509]"
syn_32_3_4_02,synthetic,32,3,4,0.08,pareto_dp,True,6612708,0.079,106.0,2322700,,6712566415192343536,"[""m0@0.0020"", ""m1@0.0020"", ""m2@0.0020"", ""m3@0.0020"", ""m4@0.0020"", ""m5@0.0020"", ""m6@0.0020"", ""m7@0.0045"", ""m8@0.0020"", ""m9@0.0032"", ""m10@0.0020"", ""m11@0.0045"", ""m12@0.0020"", ""m13@0.0020"", ""m14@0.0020"", ""m15@0.0045"", ""m16@0.0020"", ""m17@0.0020"", ""m18@0.0045"", ""m19@0.0020"", ""m20@0.0020"", ""m21@0.0020"", ""m22@0.0020"", ""m23@0.0020"", ""m24@0.0020"", ""m25@0.0020"", ""m26@0.0020"", ""m27@0.0032"", ""m28@0.0020"", ""m29@0.0020"", ""m30@0.0045"", ""m31@0.0020""]","[""C1"", 1000000, 0, 50000, [[400000, 700000]], 455509]"
syn_32_3_4_03,synthetic,32,3,4,0.08,pareto_dp,True,7885326,0.079,121.0,3047300,,12328041340357995994,"[""m0@0.0020"", ""m1@0.0020"", ""m2@0.0020"", ""m3@0.0045"", ""m4@0.0020"", ""m5@0.0032"", ""m6@0.0045"", ""m7@0.0020"", ""m8@0.0020"", ""m9@0.0020"", ""m10@0.0020"", ""m11@0.0020"", ""m12@0.0020"", ""m13@0.0020"", ""m14@0.0032"", ""m15@0.0045"", ""m16@0.0020"", ""m17@0.0020"", ""m18@0.0020"", ""m19@0.0020"", ""m20@0.0020"", ""m21@0.0020"", ""m22@0.0020"", ""m23@0.0045"", ""m24@0.0020"", ""m25@0.0020"", ""m26@0.0020"", ""m27@0.0020"", ""m28@0.0020"", ""m29@0.0020"", ""m30@0.0045"", ""m31@0.0020""]","[""C1"", 1000000, 0, 50000, [[400000, 700000]], 455509]"
syn_32_3_4_04,synthetic,32,3,4,0.08,pareto_dp,True,6451849,0.079,106.0,2406200,,16079973728324411746,"[""m0@0.0020"", ""m1@0.0020"", ""m2@0.0020"", ""m3@0.0045"", ""m4@0.0020"", ""m5@0.0020"", ""m6@0.0020"", ""m7@0.0045"", ""m8@0.0020"", ""m9@0.0020"", ""m10@0.0020"", ""m11@0.0045"", ""m12@0.0020"", ""m13@0.0020"", ""m14@0.0045"", ""m15@0.0045"", ""m16@0.0020"", ""m17@0.0020"", ""m18@0.0020"", ""m19@0.0020"", ""m20@0.0020"", ""m21@0.0020"", ""m22@0.0020"", ""m23@0.0045"", ""m24@0.0020"", ""m25@0.0020"", ""m26@0.0020"", ""m27@0.0020"", ""m28@0.0020"", ""m29@0.0020"", ""m30@0.0020"", ""m31@0.0020""]","[""C1"", 1000000, 0, 50000, [[400000, 700000]], 455509]"
syn_32_3_4_05,synthetic,32,3,4,0.08,pareto_dp,True,7459046,0.079,63.0,1789600,,16144606541197849653,"[""m0@0.0020"", ""m1@0.0020"", ""m2@0.0020"", ""m3@0.0020"", ""m4@0.0020"", ""m5@0.0020"", ""m6@0.0020"", ""m7@0.0045"", ""m8@0.0020"", ""m9@0.0020"", ""m10@0.0032"", ""m11@0.0045"", ""m12@0.0020"", ""m13@0.0020"", ""m14@0.0020"", ""m15@0.0032"", ""m16@0.0020"", ""m17@0.0020"", ""m18@0.0020"", ""m19@0.0032"", ""m20@0.0020"", ""m21@0.0020"", ""m22@0.0020"", ""m23@0.0045"", ""m24@0.0020"", ""m25@0.0020"", ""m26@0.0020"", ""m27@0.0032"", ""m28@0.0020"", ""m29@0.0020"", ""m30@0.0020"", ""m31@0.0045""]","[""C1"", 1000000, 0, 50000, [[400000, 700000]], 455509]"
syn_32_3_4_06,synthetic,32,3,4,0.08,pareto_dp,True,7476385,0.079,110.0,2505600,,13853452162685080940,"[""m0@0.0020"", ""m1@0.0020"", ""m2@0.0020"", ""m3@0.0045"", ""m4@0.0020"", ""m5@0.0020"", ""m6@0.0020"", ""m7@0.0045"", ""m8@0.0020"", ""m9@0.0020"", ""m10@0.0020"", ""m11@0.0045"", ""m12@0.0020"", ""m13@0.0020"", ""m14@0.0020"", ""m15@0.0020"", ""m16@0.0020"", ""m17@0.0020"", ""m18@0.0020"", ""m19@0.0020"", ""m20@0.0020"", ""m21@0.0020"", ""m22@0.0020"", ""m23@0.0045"", ""m24@0.0020"", ""m25@0.0020"", ""m26@0.0020"", ""m27@0.0045"", ""m28@0.0020"", ""m29@0.0020"", ""m30@0.0020"", ""m31@0.0045""]","[""C1"", 1000000, 0, 50000, [[400000, 700000]], 455509]"
syn_32_3_4_07,synthetic,32,3,4,0.08,pareto_dp,True,7213379,0.079,106.0,2785900,,13536760219099818241,"[""m0@0.0020"", ""m1@0.0020"", ""m2@0.0020"", ""m3@0.0020"", ""m4@0.0020"", ""m5@0.0020"", ""m6@0.0032"", ""m7@0.0045"", ""m8@0.0020"", ""m9@0.0020"", ""m10@0.0045"", ""m11@0.0045"", ""m12@0.0020"", ""m13@0.0020"", ""m14@0.0020"", ""m15@0.0020"", ""m16@0.0020"", ""m17@0.0020"", ""m18@0.0020"", ""m19@0.0045"", ""m20@0.0020"", ""m21@0.0020"", ""m22@0.0020"", ""m23@0.0032"", ""m24@0.0020"", ""m25@0.0020"", ""m26@0.0020"", ""m27@0.0020"", ""m28@0.0020"", ""m29@0.0020"", ""m30@0.0020"", ""m31@0.0045""]","[""C1"", 1000000, 0, 50000, [[400000, 700000]], 455509]"
syn_32_3_4_08,synthetic,32,3,4,0.08,pareto_dp,True,7293734,0.079,81.0,1809500,,8279068506136923755,"[""m0@0.0020"", ""m1@0.0020"", ""m2@0.0020"", ""m3@0.0020"", ""m4@0.0020"", ""m5@0.0020"", ""m6@0.0020"", ""m7@0.0032"", ""m8@0.0020"", ""m9@0.0020"", ""m10@0.0020"", ""m11@0.0045"", ""m12@0.0020"", ""m13@0.0020"", ""m14@0.0020"", ""m15@0.0032"", ""m16@0.0020"", ""m17@0.0020"", ""m18@0.0020"", ""m19@0.0020"", ""m20@0.0020"", ""m21@0.0020"", ""m22@0.0045"", ""m23@0.0032"", ""m24@0.0020"", ""m25@0.0020"", ""m26@0.0020"", ""m27@0.0032"", ""m28@0.0020"", ""m29@0.0020"", ""m30@0.0045"", ""m31@0.0045""]","[""C1"", 1000000, 0, 50000, [[400000, 700000]], 455509]"
syn_32_3_4_09,synthetic,32,3,4,0.08,pareto_dp,True,8181658,0.079,133.0,2747800,,14907072816166334049,"[""m0@0.0020"", ""m1@0.0020"", ""m2@0.0045"", ""m3@0.0045"", ""m4@0.0020"", ""m5@0.0020"", ""m6@0.0032"", ""m7@0.0020"", ""m8@0.0020"", ""m9@0.0020"", ""m10@0.0020"", ""m11@0.0020"", ""m12@0.0020"", ""m13@0.0020"", ""m14@0.0020"", ""m15@0.0032"", ""m16@0.0020"", ""m17@0.0020"", ""m18@0.0020"", ""m19@0.0020"", ""m20@0.0020"", ""m21@0.0020"", ""m22@0.0020"", ""m23@0.0032"", ""m24@0.0020"", ""m25@0.0020"", ""m26@0.0020"", ""m27@0.0045"", ""m28@0.0020"", ""m29@0.0020"", ""m30@0.0032"", ""m31@0.0045""]","[""C1"", 1000000, 0, 50000, [[400000, 700000]], 455509]"
syn_32_3_4_10,synthetic,32,3,4,0.08,pareto_dp,True,7700117,0.079,68.0,1726000,,9456272113670093757,"[""m0@0.0020"", ""m1@0.0020"", ""m2@0.0020"", ""m3@0.0045"", ""m4@0.0020"", ""m5@0.0020"", ""m6@0.0020"", ""m7@0.0020"", ""m8@0.0020"", ""m9@0.0020"", ""m10@0.0020"", ""m11@0.0045"", ""m12@0.0020"", ""m13@0.0020"", ""m14@0.0020"", ""m15@0.0032"", ""m16@0.0020"", ""m17@0.0020"", ""m18@0.0020"", ""m19@0.0045"", ""m20@0.0020"", ""m21@0.0020"", ""m22@0.0045"", ""m23@0.0045"", ""m24@0.0020"", ""m25@0.0020"", ""m26@0.0020"", ""m27@0.0032"", ""m28@0.0020"", ""m29@0.0020"", ""m30@0.0020"", ""m31@0.0020""]","[""C1"", 1000000, 0, 50000, [[400000, 700000]], 455509]"
syn_32_3_4_11,synthetic,32,3,4,0.08,pareto_dp,True,7541293,0.079,106.0,2360200,,8051156231023348705,"[""m0@0.0020"", ""m1@0.0020"", ""m2@0.0020"", ""m3@0.0045"", ""m4@0.0020"", ""m5@0.0020"", ""m6@0.0045"", ""m7@0.0045"", ""m8@0.0020"", ""m9@0.0020"", ""m10@0.0020"", ""m11@0.0045"", ""m12@0.0020"", ""m13@0.0020"", ""m14@0.0020"", ""m15@0.0020"", ""m16@0.0020"", ""m17@0.0020"", ""m18@0.0020"", ""m19@0.0045"", ""m20@0.0020"", ""m21@0.0020"", ""m22@0.0020"", ""m23@0.0032"", ""m24@0.0020"", ""m25@0.0020"", ""m26@0.0020"", ""m27@0.0020"", ""m28@0.0020"", ""m29@0.0020"", ""m30@0.0020"", ""m31@0.0032""]","[""C1"", 1000000, 0, 50000, [[400000, 700000]], 455509]"
syn_32_3_4_12,synthetic,32,3,4,0.08,pareto_dp,True,6928616,0.079,66.0,1524300,,3998426836212941489,"[""m0@0.0020"", ""m1@0.0020"", ""m2@0.0020"", ""m3@0.0020"", ""m4@0.0020"", ""m5@0.0020"", ""m6@0.0020"", ""m7@0.0045"", ""m8@0.0020"", ""m9@0.0020"", ""m10@0.0020"", ""m11@0.0045"", ""m12@0.0020"", ""m13@0.0020"", ""m14@0.0020"", ""m15@0.0020"", ""m16@0.0020"", ""m17@0.0020"", ""m18@0.0020"", ""m19@0.0045"", ""m20@0.0020"", ""m21@0.0020"", ""m22@0.0045"", ""m23@0.0045"", ""m24@0.0020"", ""m25@0.0020"", ""m26@0.0020"", ""m27@0.0045"", ""m28@0.0020"", ""m29@0.0020"", ""m30@0.0020"", ""m31@0.0020""]","[""C1"", 1000000, 0, 50000, [[400000, 700000]], 455509]"
syn_32_3_4_13,synthetic,32,3,4,0.08,pareto_dp,True,8456411,0.079,127.0,3118800,,6680693381127106581,"[""m0@0.0020"", ""m1@0.0020"", ""m2@0.0032"", ""m3@0.0045"", ""m4@0.0020"", ""m5@0.0032"", ""m6@0.0020"", ""m7@0.0020"", ""m8@0.0020"", ""m9@0.0020"", ""m10@0.0020"", ""m11@0.0020"", ""m12@0.0020"", ""m13@0.0020"", ""m14@0.0020"", ""m15@0.0045"", ""m16@0.0020"", ""m17@0.0020"", ""m18@0.0020"", ""m19@0.0032"", ""m20@0.0020"", ""m21@0.0020"", ""m22@0.0032"", ""m23@0.0045"", ""m24@0.0020"", ""m25@0.0020"", ""m26@0.0020"", ""m27@0.0020"", ""m28@0.0020"", ""m29@0.0020"", ""m30@0.0020"", ""m31@0.0045""]","[""C1"", 1000000, 0, 50000, [[400000, 700000]], 455509]"
syn_32_3_4_14,synthetic,32,3,4,0.08,pareto_dp,True,7149543,0.079,91.0,2661500,,15291709995045421546,"[""m0@0.0020"", ""m1@0.0020"", ""m2@0.0020"", ""m3@0.0045"", ""m4@0.0020"", ""m5@0.0020"", ""m6@0.0045"", ""m7@0.0020"", ""m8@0.0020"", ""m9@0.0020"", ""m10@0.0032"", ""m11@0.0045"", ""m12@0.0020"", ""m13@0.0020"", ""m14@0.0020"", ""m15@0.0020"", ""m16@0.0020"", ""m17@0.0020"", ""m18@0.0020"", ""m19@0.0032"", ""m20@0.0020"", ""m21@0.0020"", ""m22@0.0020"", ""m23@0.0020"", ""m24@0.0020"", ""m25@0.0020"", ""m26@0.0020"", ""m27@0.0045"", ""m28@0.0020"", ""m29@0.0020"", ""m30@0.0020"", ""m31@0.0045""]","[""C1"", 1000000, 0, 50000, [[400000, 700000]], 455509]"
syn_32_3_4_15,synthetic,32,3,4,0.08,pareto_dp,True,8224965,0.079,135.0,2745300,,10711284219394122806,"[""m0@0.0020"", ""m1@0.0020"", ""m2@0.0020"", ""m3@0.0032"", ""m4@0.0020"", ""m5@0.0020"", ""m6@0.0020"", ""m7@0.0032"", ""m8@0.0020"", ""m9@0.0020"", ""m10@0.0020"", ""m11@0.0020"", ""m12@0.0020"", ""m13@0.0020"", ""m14@0.0020"", ""m15@0.0032"", ""m16@0.0020"", ""m17@0.0020"", ""m18@0.0020"", ""m19@0.0045"", ""m20@0.0020"", ""m21@0.0020"", ""m22@0.0032"", ""m23@0.0020"", ""m24@0.0020"", ""m25@0.0020"", ""m26@0.0020"", ""m27@0.0045"", ""m28@0.0020"", ""m29@0.0020"", ""m30@0.0045"", ""m31@0.0045""]","[""C1"", 1000000, 0, 50000, [[400000, 700000]], 455509]"
syn_32_3_4_16,synthetic,32,3,4,0.08,pareto_dp,True,7376545,0.079,162.0,3435300,,14784915477537824987,"[""m0@0.0020"", ""m1@0.0020"", ""m2@0.0020"", ""m3@0.0045"", ""m4@0.0020"", ""m5@0.0020"", ""m6@0.0045"", ""m7@0.0020"", ""m8@0.0020"", ""m9@0.0020"", ""m10@0.0020"", ""m11@0.0020"", ""m12@0.0020"", ""m13@0.0020"", ""m14@0.0020"", ""m15@0.0045"", ""m16@0.0020"", ""m17@0.0020"", ""m18@0.0032"", ""m19@0.0020"", ""m20@0.0020"", ""m21@0.0020"", ""m22@0.0045"", ""m23@0.0020"", ""m24@0.0020"", ""m25@0.0020"", ""m26@0.0020"", ""m27@0.0032"", ""m28@0.0020"", ""m29@0.0020"", ""m30@0.0020"", ""m31@0.0045""]","[""C1"", 1000000, 0, 50000, [[400000, 700000]], 455509]"
syn_32_3_4_17,synthetic,32,3,4,0.08,pareto_dp,True,7584740,0.079,112.0,2458000,,14984705632200212340,"[""m0@0.0020"", ""m1@0.0020"", ""m2@0.0020"", ""m3@0.0020"", ""m4@0.0020"", ""m5@0.0020"", ""m6@0.0020"", ""m7@0.0032"", ""m8@0.0020"", ""m9@0.0020"", ""m10@0.0020"", ""m11@0.0020"", ""m12@0.0020"", ""m13@0.0020"", ""m14@0.0020"", ""m15@0.0045"", ""m16@0.0020"", ""m17@0.0020"", ""m18@0.0020"", ""m19@0.0020"", ""m20@0.0020"", ""m21@0.0020"", ""m22@0.0032"", ""m23@0.0045"", ""m24@0.0020"", ""m25@0.0020"", ""m26@0.0045"", ""m27@0.0045"", ""m28@0.0020"", ""m29@0.0020"", ""m30@0.0020"", ""m31@0.0045""]","[""C1"", 1000000, 0, 50000, [[400000, 700000]], 455509]"
syn_32_3_4_18,synthetic,32,3,4,0.08,pareto_dp,True,7757483,0.079,77.0,2191200,,7719218026787517993,"[""m0@0.0020"", ""m1@0.0020"", ""m2@0.0020"", ""m3@0.0045"", ""m4@0.0020"", ""m5@0.0020"", ""m6@0.0020"", ""m7@0.0020"", ""m8@0.0020"", ""m9@0.0020"", ""m10@0.0020"", ""m11@0.0045"", ""m12@0.0020"", ""m13@0.0020"", ""m14@0.0032"", ""m15@0.0045"", ""m16@0.0020"", ""m17@0.0020"", ""m18@0.0020"", ""m19@0.0020"", ""m20@0.0020"", ""m21@0.0020"", ""m22@0.0020"", ""m23@0.0020"", ""m24@0.0020"", ""m25@0.0020"", ""m26@0.0032"", ""m27@0.0045"", ""m28@0.0020"", ""m29@0.0020"", ""m30@0.0020"", ""m31@0.0045""]","[""C1"", 1000000, 0, 50000, [[400000, 700000]], 455509]"
syn_32_3_4_19,synthetic,32,3,4,0.08,pareto_dp,True,6952696,0.079,120.0,3166900,,1270987712184312457,"[""m0@0.0020"", ""m1@0.0020"", ""m2@0.0032"", ""m3@0.0045"", ""m4@0.0020"", ""m5@0.0020"", ""m6@0.0020"", ""m7@0.0032"", ""m8@0.0020"", ""m9@0.0020"", ""m10@0.0020"", ""m11@0.0032"", ""m12@0.0020"", ""m13@0.0020"", ""m14@0.0020"", ""m15@0.0045"", ""m16@0.0020"", ""m17@0.0020"", ""m18@0.0045"", ""m19@0.0032"", ""m20@0.0020"", ""m21@0.0020"", ""m22@0.0020"", ""m23@0.0045"", ""m24@0.0020"", ""m25@0.0020"", ""m26@0.0020"", ""m27@0.0020"", ""m28@0.0020"", ""m29@0.0020"", ""m30@0.0020"", ""m31@0.0020""]","[""C1"", 1000000, 0, 50000, [[400000, 700000]], 455509]"
syn_32_6_1_00,synthetic,32,6,1,0.08,pareto_dp,True,6666608,0.08,459.0,30397600,,2205164956189263314,"[""m0@0.0020"", ""m1@0.0020"", ""m2@0.0020"", ""m3@0.0040"", ""m4@0.0020"", ""m5@0.0020"", ""m6@0.0020"", ""m7@0.0020"", ""m8@0.0020"", ""m9@0.0020"", ""m10@0.0025"", ""m11@0.0045"", ""m12@0.0020"", ""m13@0.0020"", ""m14@0.0020"", ""m15@0.0045"", ""m16@0.0020"", ""m17@0.0020"", ""m18@0.0020"", ""m19@0.0045"", ""m20@0.0020"", ""m21@0.0020"", ""m22@0.0020"", ""m23@0.0045"", ""m24@0.0020"", ""m25@0.0020"", ""m26@0.0020"", ""m27@0.0045"", ""m28@0.0020"", ""m29@0.0020"", ""m30@0.0020"", ""m31@0.0030""]","[""C1"", 1000000, 0, 50000, [[400000, 700000]], 455509]"
syn_32_6_1_01,synthetic,32,6,1,0.08,pareto_dp,True,7988080,0.08,378.0,22266500,,9951078879055148535,"[""m0@0.0020"", ""m1@0.0020"", ""m2@0.0020"", ""m3@0.0020"", ""m4@0.0020"", ""m5@0.0020"", ""m6@0.0020"", ""m7@0.0020"", ""m8@0.0020"", ""m9@0.0020"", ""m10@0.0020"", ""m11@0.0020"", ""m12@0.0020"", ""m13@0.0020"", ""m14@0.0020"", ""m15@0.0045"", ""m16@0.0020"", ""m17@0.0020"", ""m18@0.0045"", ""m19@0.0045"", ""m20@0.0020"", ""m21@0.0020"", ""m22@0.0020"", ""m23@0.0045"", ""m24@0.0020"", ""m25@0.0020"", ""m26@0.0030"", ""m27@0.0045"", ""m28@0.0020"", ""m29@0.0020"", ""m30@0.0020"", ""m31@0.0045""]","[""C1"", 1000000, 0, 50000, [[400000, 700000]], 455509]"
syn_32_6_1_02,synthetic,32,6,1,0.08,pareto_dp,True,8008716,0.08,363.0,32336200,,7563240731583394979,"[""m0@0.0020"", ""m1@0.0020"", ""m2@0.0030"", ""m3@0.0020"", ""m4@0.0020"", ""m5@0.0020"", ""m6@0.0045"", ""m7@0.0045"", ""m8@0.0020"", ""m9@0.0020"", ""m10@0.0020"", ""m11@0.0045"", ""m12@0.0020"", ""m13@0.0020"", ""m14@0.0020"", ""m15@0.0045"", ""m16@0.0020"", ""m17@0.0020"", ""m18@0.0020"", ""m19@0.0040"", ""m20@0.0020"", ""m21@0.0020"", ""m22@0.0020"", ""m23@0.0040"", ""m24@0.0020"", ""m25@0.0020"", ""m26@0.0020"", ""m27@0.0030"", ""m28@0.0020"", ""m29@0.0020"", ""m30@0.0020"", ""m31@0.0020""]","[""C1"", 1000000, 0, 50000, [[400000, 700000]], 455509]"
syn_32_6_1_03,synthetic,32,6,1,0.08,pareto_dp,True,6713912,0.08,523.0,32964700,,18136632934843845635,"[""m0@0.0020"", ""m1@0.0020"", ""m2@0.0020"", ""m3@0.0045"", ""m4@0.0020"", ""m5@0.0020"", ""m6@0.0040"", ""m7@0.0020"", ""m8@0.0020"", ""m9@0.0020"", ""m10@0.0020"", ""m11@0.0020"", ""m12@0.0020"", ""m13@0.0020"", ""m14@0.0020"", ""m15@0.0040"", ""m16@0.0020"", ""m17@0.0020"", ""m18@0.0020"", ""m19@0.0040"", ""m20@0.0020"", ""m21@0.0020"", ""m22@0.0020"", ""m23@0.0045"", ""m24@0.0020"", ""m25@0.0020"", ""m26@0.0020"", ""m27@0.0035"", ""m28@0.0020"", ""m29@0.0020"", ""m30@0.0035"", ""m31@0.0040""]","[""C1"", 1000000, 0, 50000, [[400000, 700000]], 455509]"
syn_32_6_1_04,synthetic,32,6,1,0.08,pareto_dp,True,6699069,0.08,379.0,26041700,,962962012944606250,"[""m0@0.0020"", ""m1@0.0020"", ""m2@0.0020"", ""m3@0.0020"", ""m4@0.0020"", ""m5@0.0020"", ""m6@0.0020"", ""m7@0.0040"", ""m8@0.0020"", ""m9@0.0020"", ""m10@0.0020"", ""m11@0.0040"", ""m12@0.0020"", ""m13@0.0020"", ""m14@0.0035"", ""m15@0.0040"", ""m16@0.0020"", ""m17@0.0020"", ""m18@0.0020"", ""m19@0.0045"", ""m20@0.0020"", ""m21@0.0020"", ""m22@0.0020"", ""m23@0.0045"", ""m24@0.0020"", ""m25@0.0020"", ""m26@0.0020"", ""m27@0.0030"", ""m28@0.0020"", ""m29@0.0020"", ""m30@0.0020"", ""m31@0.0045""]","[""C1"", 1000000, 0, 50000, [[400000, 700000]], 455509]"
syn_32_6_1_05,synthetic,32,6,1,0.08,pareto_dp,True,7165484,0.08,453.0,27828500,,5257850675582838707,"[""m0@0.0020"", ""m1@0.0020"", ""m2@0.0035"", ""m3@0.0035"", ""m4@0.0020"", ""m5@0.0020"", ""m6@0.0025"", ""m7@0.0035"", ""m8@0.0020"", ""m9@0.0020"", ""m10@0.0020"", ""m11@0.0040"", ""m12@0.0020"", ""m13@0.0020"", ""m14@0.0020"", ""m15@0.0045"", ""m16@0.0020"", ""m17@0.0020"", ""m18@0.0020"", ""m19@0.0020"", ""m20@0.0020"", ""m21@0.0020"", ""m22@0.0020"", ""m23@0.0045"", ""m24@0.0020"", ""m25@0.0020"", ""m26@0.0020"", ""m27@0.0045"", ""m28@0.0020"", ""m29@0.0020"", ""m30@0.0020"", ""m31@0.0035""]","[""C1"", 1000000, 0, 50000, [[400000, 700000]], 455509]"
syn_32_6_1_06,synthetic,32,6,1,0.08,pareto_dp,True,6432590,0.08,383.0,26034600,,17050719190200742031,"[""m0@0.0020"", ""m1@0.0020"", ""m2@0.0020"", ""m3@0.0045"", ""m4@0.0020"", ""m5@0.0020"", ""m6@0.0020"", ""m7@0.0045"", ""m8@0.0020"", ""m9@0.0020"", ""m10@0.0040"", ""m11@0.0040"", ""m12@0.0020"", ""m13@0.0020"", ""m14@0.0020"", ""m15@0.0040"", ""m16@0.0020"", ""m17@0.0020"", ""m18@0.0020"", ""m19@0.0020"", ""m20@0.0020"", ""m21@0.0020"", ""m22@0.0020"", ""m23@0.0020"", ""m24@0.0020"", ""m25@0.0020"", ""m26@0.0020"", ""m27@0.0045"", ""m28@0.0020"", ""m29@0.0020"", ""m30@0.0045"", ""m31@0.0020""]","[""C1"", 1000000, 0, 50000, [[400000, 700000]], 455509]"
syn_32_6_1_07,synthetic,32,6,1,0.08,pareto_dp,True,5898928,0.08,488.0,38656200,,11253873759984137936,"[""m0@0.0020"", ""m1@0.0020"", ""m2@0.0020"", ""m3@0.0020"", ""m4@0.0020"", ""m5@0.0020"", ""m6@0.0040"", ""m7@0.0020"", ""m8@0.0020"", ""m9@0.0020"", ""m10@0.0020"", ""m11@0.0020"", ""m12@0.0020"", ""m13@0.0020"", ""m14@0.0020"", ""m15@0.0045"", ""m16@0.0020"", ""m17@0.0020"", ""m18@0.0045"", ""m19@0.0045"", ""m20@0.0020"", ""m21@0.0020"", ""m22@0.0035"", ""m23@0.0020"", ""m24@0.0020"", ""m25@0.0020"", ""m26@0.0020"", ""m27@0.0045"", ""m28@0.0020"", ""m29@0.0020"", ""m30@0.0020"", ""m31@0.0045""]","[""C1"", 1000000, 0, 50000, [[400000, 700000]], 455509]"
syn_32_6_1_08,synthetic,32,6,1,0.08,pareto_dp,True,6027447,0.08,468.0,31163300,,8422234971044375960,"[""m0@0.0020"", ""m1@0.0020"", ""m2@0.0020"", ""m3@0.0040"", ""m4@0.0020"", ""m5@0.0020"", ""m6@0.0020"", ""m7@0.0040"", ""m8@0.0020"", ""m9@0.0020"", ""m10@0.0020"", ""m11@0.0020"", ""m12@0.0020"", ""m13@0.0020"", ""m14@0.0020"", ""m15@0.0045"", ""m16@0.0020"", ""m17@0.0020"", ""m18@0.0020"", ""m19@0.0045"", ""m20@0.0020"", ""m21@0.0020"", ""m22@0.0025"", ""m23@0.0040"", ""m24@0.0020"", ""m25@0.0020"", ""m26@0.0020"", ""m27@0.0045"", ""m28@0.0020"", ""m29@0.0020"", ""m30@0.0030"", ""m31@0.0030""]","[""C1"", 1000000, 0, 50000, [[400000, 700000]], 455509]"
syn_32_6_1_09,synthetic,32,6,1,0.08,pareto_dp,True,6581893,0.08,586.0,37284500,,16829522628847247942,"[""m0@0.0020"", ""m1@0.0020"", ""m2@0.0020"", ""m3@0.0045"", ""m4@0.0020"", ""m5@0.0020"", ""m6@0.0020"", ""m7@0.0040"", ""m8@0.0020"", ""m9@0.0020"", ""m10@0.0020"", ""m11@0.0020"", ""m12@0.0020"", ""m13@0.0020"", ""m14@0.0020"", ""m15@0.0045"", ""m16@0.0020"", ""m17@0.0020"", ""m18@0.0045"", ""m19@0.0040"", ""m20@0.0020"", ""m21@0.0020"", ""m22@0.0040"", ""m23@0.0020"", ""m24@0.0020"", ""m25@0.0020"", ""m26@0.0020"", ""m27@0.0020"", ""m28@0.0020"", ""m29@0.0020"", ""m30@0.0020"", ""m31@0.0045""]","[""C1"", 1000000, 0, 50000, [[400000, 700000]], 455509]"
syn_32_6_1_10,synthetic,32,6,1,0.08,pareto_dp,True,7162465,0.08,393.0,37997800,,18377791693581698742,"[""m0@0.0020"", ""m1@0.0020"", ""m2@0.0040"", ""m3@0.0030"", ""m4@0.0020"", ""m5@0.0020"", ""m6@0.0020"", ""m7@0.0020"", ""m8@0.0020"", ""m9@0.0020"", ""m10@0.0020"", ""m11@0.0045"", ""m12@0.0020"", ""m13@0.0020"", ""m14@0.0035"", ""m15@0.0020"", ""m16@0.0020"", ""m17@0.0020"", ""m18@0.0025"", ""m19@0.0045"", ""m20@0.0020"", ""m21@0.0020"", ""m22@0.0020"", ""m23@0.0035"", ""m24@0.0020"", ""m25@0.0020"", ""m26@0.0020"", ""m27@0.0040"", ""m28@0.0020"", ""m29@0.0020"", ""m30@0.0020"", ""m31@0.0045""]","[""C1"", 1000000, 0, 50000, [[400000, 700000]], 455509]"
syn_32_6_1_11,synthetic,32,6,1,0.08,pareto_dp,True,6152368,0.08,335.0,22359200,,1997280804578919819,"[""m0@0.0020"", ""m1@0.0020"", ""m2@0.0020"", ""m3@0.0045"", ""m4@0.0020"", ""m5@0.0020"", ""m6@0.0020"", ""m7@0.0020"", ""m8@0.0020"", ""m9@0.0020"", ""m10@0.0020"", ""m11@0.0020"", ""m12@0.0020"", ""m13@0.0020"", ""m14@0.0020"", ""m15@0.0020"", ""m16@0.0020"", ""m17@0.0020"", ""m18@0.0040"", ""m19@0.0045"", ""m20@0.0020"", ""m21@0.0020"", ""m22@0.0020"", ""m23@0.0045"", ""m24@0.0020"", ""m25@0.0020"", ""m26@0.0035"", ""m27@0.0045"", ""m28@0.0020"", ""m29@0.0020"", ""m30@0.0020"", ""m31@0.0045""]","[""C1"", 1000000, 0, 50000, [[400000, 700000]], 455509]"
syn_32_6_1_12,synthetic,32,6,1,0.08,pareto_dp,True,7382517,0.08,383.0,23363500,,3256777675552734368,"[""m0@0.0020"", ""m1@0.0020"", ""m2@0.0045"", ""m3@0.0030"", ""m4@0.0020"", ""m5@0.0020"", ""m6@0.0020"", ""m7@0.0035"", ""m8@0.0020"", ""m9@0.0020"", ""m10@0.0020"", ""m11@0.0045"", ""m12@0.0020"", ""m13@0.0020"", ""m14@0.0020"", ""m15@0.0045"", ""m16@0.0020"", ""m17@0.0020"", ""m18@0.0020"", ""m19@0.0045"", ""m20@0.0020"", ""m21@0.0020"", ""m22@0.0020"", ""m23@0.0045"", ""m24@0.0020"", ""m25@0.0020"", ""m26@0.0020"", ""m27@0.0030"", ""m28@0.0020"", ""m29@0.0020"", ""m30@0.0020"", ""m31@0.0020""]","[""C1"", 1000000, 0, 50000, [[400000, 700000]], 455509]"
syn_32_6_1_13,synthetic,32,6,1,0.08,pareto_dp,True,7084062,0.08,345.0,21448800,,6565070658301350751,"[""m0@0.0020"", ""m1@0.0020"", ""m2@0.0020"", ""m3@0.0045"", ""m4@0.0020"", ""m5@0.0020"", ""m6@0.0030"", ""m7@0.0045"", ""m8@0.0020"", ""m9@0.0020"", ""m10@0.0020"", ""m11@0.0020"", ""m12@0.0020"", ""m13@0.0020"", ""m14@0.0020"", ""m15@0.0040"", ""m16@0.0020"", ""m17@0.0020"", ""m18@0.0020"", ""m19@0.0030"", ""m20@0.0020"", ""m21@0.0020"", ""m22@0.0020"", ""m23@0.0040"", ""m24@0.0020"", ""m25@0.0020"", ""m26@0.0020"", ""m27@0.0045"", ""m28@0.0020"", ""m29@0.0020"", ""m30@0.0020"", ""m31@0.0045""]","[""C1"", 1000000, 0, 50000, [[400000, 700000]], 455509]"
syn_32_6_1_14,synthetic,32,6,1,0.08,pareto_dp,True,7356615,0.08,384.0,34061400,,10866597398908531005,"[""m0@0.0020"", ""m1@0.0020"", ""m2@0.0020"", ""m3@0.0045"", ""m4@0.0020"", ""m5@0.0020"", ""m6@0.0020"", ""m7@0.0040"", ""m8@0.0020"", ""m9@0.0020"", ""m10@0.0020"", ""m11@0.0020"", ""m12@0.0020"", ""m13@0.0020"", ""m14@0.0020"", ""m15@0.0045"", ""m16@0.0020"", ""m17@0.0020"", ""m18@0.0020"", ""m19@0.0045"", ""m20@0.0020"", ""m21@0.0020"", ""m22@0.0020"", ""m23@0.0020"", ""m24@0.0020"", ""m25@0.0020"", ""m26@0.0020"", ""m27@0.0040"", ""m28@0.0020"", ""m29@0.0020"", ""m30@0.0040"", ""m31@0.0045""]","[""C1"", 1000000, 0, 50000, [[400000, 700000]], 455509]"
syn_32_6_1_15,synthetic,32,6,1,0.08,pareto_dp,True,6774778,0.08,413.0,27586100,,11715501765363071158,"[""m0@0.0020"", ""m1@0.0020"", ""m2@0.0045"", ""m3@0.0020"", ""m4@0.0020"", ""m5@0.0020"", ""m6@0.0020"", ""m7@0.0045"", ""m8@0.0020"", ""m9@0.0020"", ""m10@0.0020"", ""m11@0.0020"", ""m12@0.0020"", ""m13@0.0020"", ""m14@0.0020"", ""m15@0.0045"", ""m16@0.0020"", ""m17@0.0020"", ""m18@0.0045"", ""m19@0.0045"", ""m20@0.0020"", ""m21@0.0020"", ""m22@0.0020"", ""m23@0.0030"", ""m24@0.0020"", ""m25@0.0020"", ""m26@0.0020"", ""m27@0.0020"", ""m28@0.0020"", ""m29@0.0020"", ""m30@0.0020"", ""m31@0.0045""]","[""C1"", 1000000, 0, 50000, [[400000, 700000]], 455509]"
syn_32_6_1_16,synthetic,32,6,1,0.08,pareto_dp,True,7100628,0.08,369.0,25100400,,8390881706650809168,"[""m0@0.0020"", ""m1@0.0020"", ""m2@0.0020"", ""m3@0.0035"", ""m4@0.0020"", ""m5@0.0020"", ""m6@0.0030"", ""m7@0.0045"", ""m8@0.0020"", ""m9@0.0020"", ""m10@0.0020"", ""m11@0.0020"", ""m12@0.0020"", ""m13@0.0020"", ""m14@0.0020"", ""m15@0.0040"", ""m16@0.0020"", ""m17@0.0020"", ""m18@0.0040"", ""m19@0.0045"", ""m20@0.0020"", ""m21@0.0020"", ""m22@0.0020"", ""m23@0.0045"", ""m24@0.0020"", ""m25@0.0020"", ""m26@0.0020"", ""m27@0.0020"", ""m28@0.0020"", ""m29@0.0020"", ""m30@0.0020"", ""m31@0.0040""]","[""C1"", 1000000, 0, 50000, [[400000, 700000]], 455509]"
syn_32_6_1_17,synthetic,32,6,1,0.08,pareto_dp,True,7766184,0.08,399.0,25660200,,15982529229280559499,"[""m0@0.0020"", ""m1@0.0020"", ""m2@0.0020"", ""m3@0.0045"", ""m4@0.0020"", ""m5@0.0020"", ""m6@0.0020"", ""m7@0.0035"", ""m8@0.0020"", ""m9@0.0020"", ""m10@0.0020"", ""m11@0.0020"", ""m12@0.0020"", ""m13@0.0020"", ""m14@0.0020"", ""m15@0.0040"", ""m16@0.0020"", ""m17@0.0020"", ""m18@0.0020"", ""m19@0.0035"", ""m20@0.0020"", ""m21@0.0020"", ""m22@0.0045"", ""m23@0.0020"", ""m24@0.0020"", ""m25@0.0020"", ""m26@0.0030"", ""m27@0.0045"", ""m28@0.0020"", ""m29@0.0020"", ""m30@0.0020"", ""m31@0.0045""]","[""C1"", 1000000, 0, 50000, [[400000, 700000]], 455509]"
syn_32_6_1_18,synthetic,32,6,1,0.08,pareto_dp,True,7992892,0.08,420.0,37807000,,6958255579305713050,"[""m0@0.0020"", ""m1@0.0020"", ""m2@0.0020"", ""m3@0.0045"", ""m4@0.0020"", ""m5@0.0020"", ""m6@0.0020"", ""m7@0.0035"", ""m8@0.0020"", ""m9@0.0020"", ""m10@0.0020"", ""m11@0.0020"", ""m12@0.0020"", ""m13@0.0020"", ""m14@0.0020"", ""m15@0.0040"", ""m16@0.0020"", ""m17@0.0020"", ""m18@0.0025"", ""m19@0.0045"", ""m20@0.0020"", ""m21@0.0020"", ""m22@0.0020"", ""m23@0.0045"", ""m24@0.0020"", ""m25@0.0020"", ""m26@0.0040"", ""m27@0.0020"", ""m28@0.0020"", ""m29@0.0020"", ""m30@0.0020"", ""m31@0.0045""]","[""C1"", 1000000, 0, 50000, [[400000, 700000]], 455509]"
syn_32_6_1_19,synthetic,32,6,1,0.08,pareto_dp,True,7258283,0.08,353.0,22826800,,10350860511820559090,"[""m0@0.0020"", ""m1@0.0020"", ""m2@0.0020"", ""m3@0.0045"", ""m4@0.0020"", ""m5@0.0020"", ""m6@0.0020"", ""m7@0.0045"", ""m8@0.0020"", ""m9@0.0020"", ""m10@0.0020"", ""m11@0.0045"", ""m12@0.0020"", ""m13@0.0020"", ""m14@0.0020"", ""m15@0.0045"", ""m16@0.0020"", ""m17@0.0020"", ""m18@0.0020"", ""m19@0.0045"", ""m20@0.0020"", ""m21@0.0020"", ""m22@0.0020"", ""m23@0.0035"", ""m24@0.0020"", ""m25@0.0020"", ""m26@0.0020"", ""m27@0.0020"", ""m28@0.0020"", ""m29@0.0020"", ""m30@0.0020"", ""m31@0.0040""]","[""C1"", 1000000, 0, 50000, [[400000, 700000]], 455509]"
syn_32_6_4_00,synthetic,32,6,4,0.08,pareto_dp,True,7177111,0.08,452.0,22473200,,13585041448260024221,"[""m0@0.0020"", ""m1@0.0020"", ""m2@0.0035"", ""m3@0.0040"", ""m4@0.0020"", ""m5@0.0020"", ""m6@0.0045"", ""m7@0.0030"", ""m8@0.0020"", ""m9@0.0020"", ""m10@0.0025"", ""m11@0.0045"", ""m12@0.0020"", ""m13@0.0020"", ""m14@0.0020"", ""m15@0.0025"", ""m16@0.0020"", ""m17@0.0020"", ""m18@0.0020"", ""m19@0.0020"", ""m20@0.0020"", ""m21@0.0020"", ""m22@0.0045"", ""m23@0.0020"", ""m24@0.0020"", ""m25@0.0020"", ""m26@0.0020"", ""m27@0.0045"", ""m28@0.0020"", ""m29@0.0020"", ""m30@0.0020"", ""m31@0.0025""]","[""C1"", 1000000, 0, 50000, [[400000, 700000]], 455509]"
syn_32_6_4_01,synthetic,32,6,4,0.08,pareto_dp,True,6361577,0.08,211.0,9293800,,16960303900746031591,"[""m0@0.0020"", ""m1@0.0020"", ""m2@0.0020"", ""m3@0.0030"", ""m4@0.0020"", ""m5@0.0020"", ""m6@0.0020"", ""m7@0.0020"", ""m8@0.0020"", ""m9@0.0020"", ""m10@0.0020"", ""m11@0.0025"", ""m12@0.0020"", ""m13@0.0020"", ""m14@0.0020"", ""m15@0.0035"", ""m16@0.0020"", ""m17@0.0020"", ""m18@0.0045"", ""m19@0.0045"", ""m20@0.0020"", ""m21@0.0020"", ""m22@0.0020"", ""m23@0.0035"", ""m24@0.0020"", ""m25@0.0020"", ""m26@0.0020"", ""m27@0.0045"", ""m28@0.0020"", ""m29@0.0020"", ""m30@0.0035"", ""m31@0.0045""]","[""C1"", 1000000, 0, 50000, [[400000, 700000]], 455509]"
syn_32_6_4_02,synthetic,32,6,4,0.08,pareto_dp,True,7360054,0.08,404.0,19786900,,17336539206398106509,"[""m0@0.0020"", ""m1@0.0020"", ""m2@0.0045"", ""m3@0.0045"", ""m4@0.0020"", ""m5@0.0020"", ""m6@0.0030"", ""m7@0.0035"", ""m8@0.0020"", ""m9@0.0020"", ""m10@0.0020"", ""m11@0.0020"", ""m12@0.0020"", ""m13@0.0020"", ""m14@0.0020"", ""m15@0.0045"", ""m16@0.0020"", ""m17@0.0020"", ""m18@0.0035"", ""m19@0.0020"", ""m20@0.0020"", ""m21@0.0020"", ""m22@0.0040"", ""m23@0.0045"", ""m24@0.0020"", ""m25@0.0020"", ""m26@0.0020"", ""m27@0.0020"", ""m28@0.0020"", ""m29@0.0020"", ""m30@0.0020"", ""m31@0.0020""]","[""C1"", 1000000, 0, 50000, [[400000, 700000]], 455509]"
syn_32_6_4_03,synthetic,32,6,4,0.08,pareto_dp,True,6660323,0.08,368.0,15883200,,1094507652280684106,"[""m0@0.0020"", ""m1@0.0020"", ""m2@0.0020"", ""m3@0.0020"", ""m4@0.0020"", ""m5@0.0020"", ""m6@0.0020"", ""m7@0.0045"", ""m8@0.0020"", ""m9@0.0020"", ""m10@0.0035"", ""m11@0.0045"", ""m12@0.0020"", ""m13@0.0020"", ""m14@0.0035"", ""m15@0.0020"", ""m16@0.0020"", ""m17@0.0020"", ""m18@0.0030"", ""m19@0.0045"", ""m20@0.0020"", ""m21@0.0020"", ""m22@0.0040"", ""m23@0.0045"", ""m24@0.0020"", ""m25@0.0020"", ""m26@0.0020"", ""m27@0.0020"", ""m28@0.0020"", ""m29@0.0020"", ""m30@0.0020"", ""m31@0.0020""]","[""C1"", 1000000, 0, 50000, [[400000, 700000]], 455509]"
syn_32_6_4_04,synthetic,32,6,4,0.08,pareto_dp,True,6877783,0.08,268.0,19290500,,831499904132008334,"[""m0@0.0020"", ""m1@0.0020"", ""m2@0.0020"", ""m3@0.0020"", ""m4@0.0020"", ""m5@0.0020"", ""m6@0.0020"", ""m7@0.0040"", ""m8@0.0020"", ""m9@0.0020"", ""m10@0.0025"", ""m11@0.0045"", ""m12@0.0020"", ""m13@0.0020"", ""m14@0.0020"", ""m15@0.0020"", ""m16@0.0020"", ""m17@0.0020"", ""m18@0.0020"", ""m19@0.0045"", ""m20@0.0020"", ""m21@0.0020"", ""m22@0.0025"", ""m23@0.0045"", ""m24@0.0020"", ""m25@0.0020"", ""m26@0.0035"", ""m27@0.0035"", ""m28@0.0020"", ""m29@0.0020"", ""m30@0.0020"", ""m31@0.0045""]","[""C1"", 1000000, 0, 50000, [[400000, 700000]], 455509]"
syn_32_6_4_05,synthetic,32,6,4,0.08,pareto_dp,True,7444662,0.08,211.0,19158700,,14329104736375288604,"[""m0@0.0020"", ""m1@0.0020"", ""m2@0.0020"", ""m3@0.0020"", ""m4@0.0020"", ""m5@0.0020"", ""m6@0.0035"", ""m7@0.0045"", ""m8@0.0020"", ""m9@0.0020"", ""m10@0.0025"", ""m11@0.0045"", ""m12@0.0020"", ""m13@0.0020"", ""m14@0.0020"", ""m15@0.0035"", ""m16@0.0020"", ""m17@0.0020"", ""m18@0.0020"", ""m19@0.0030"", ""m20@0.0020"", ""m21@0.0020"", ""m22@0.0020"", ""m23@0.0045"", ""m24@0.0020"", ""m25@0.0020"", ""m26@0.0020"", ""m27@0.0045"", ""m28@0.0020"", ""m29@0.0020"", ""m30@0.0020"", ""m31@0.0035""]","[""C1"", 1000000, 0, 50000, [[400000, 700000]], 455509]"
syn_32_6_4_06,synthetic,32,6,4,0.08,pareto_dp,True,7188968,0.08,253.0,24871700,,16325735806515522443,"[""m0@0.0020"", ""m1@0.0020"", ""m2@0.0020"", ""m3@0.0020"", ""m4@0.0020"", ""m5@0.0020"", ""m6@0.0020"", ""m7@0.0020"", ""m8@0.0020"", ""m9@0.0020"", ""m10@0.0030"", ""m11@0.0045"", ""m12@0.0020"", ""m13@0.0020"", ""m14@0.0020"", ""m15@0.0020"", ""m16@0.0020"", ""m17@0.0020"", ""m18@0.0020"", ""m19@0.0045"", ""m20@0.0020"", ""m21@0.0020"", ""m22@0.0020"", ""m23@0.0045"", ""m24@0.0020"", ""m25@0.0025"", ""m26@0.0020"", ""m27@0.0040"", ""m28@0.0020"", ""m29@0.0025"", ""m30@0.0040"", ""m31@0.0045""]","[""C1"", 1000000, 0, 50000, [[400000, 700000]], 455509]"
syn_32_6_4_07,synthetic,32,6,4,0.08,pareto_dp,True,6920776,0.08,264.0,20510800,,9809004843274741209,"[""m0@0.0020"", ""m1@0.0020"", ""m2@0.0020"", ""m3@0.0030"", ""m4@0.0020"", ""m5@0.0020"", ""m6@0.0020"", ""m7@0.0045"", ""m8@0.0020"", ""m9@0.0020"", ""m10@0.0020"", ""m11@0.0020"", ""m12@0.0020"", ""m13@0.0020"", ""m14@0.0020"", ""m15@0.0020"", ""m16@0.0020"", ""m17@0.0020"", ""m18@0.0020"", ""m19@0.0045"", ""m20@0.0020"", ""m21@0.0020"", ""m22@0.0025"", ""m23@0.0040"", ""m24@0.0020"", ""m25@0.0020"", ""m26@0.0020"", ""m27@0.0045"", ""m28@0.0020"", ""m29@0.0020"", ""m30@0.0045"", ""m31@0.0045""]","[""C1"", 1000000, 0, 50000, [[400000, 700000]], 455509]"
syn_32_6_4_08,synthetic,32,6,4,0.08,pareto_dp,True,6597367,0.08,172.0,16385500,,344674840442930534,"[""m0@0.0020"", ""m1@0.0020"", ""m2@0.0020"", ""m3@0.0030"", ""m4@0.0020"", ""m5@0.0020"", ""m6@0.0020"", ""m7@0.0020"", ""m8@0.0020"", ""m9@0.0020"", ""m10@0.0035"", ""m11@0.0040"", ""m12@0.0020"", ""m13@0.0020"", ""m14@0.0020"", ""m15@0.0020"", ""m16@0.0020"", ""m17@0.0020"", ""m18@0.0020"", ""m19@0.0030"", ""m20@0.0020"", ""m21@0.0020"", ""m22@0.0020"", ""m23@0.0040"", ""m24@0.0020"", ""m25@0.0020"", ""m26@0.0040"", ""m27@0.0045"", ""m28@0.0020"", ""m29@0.0020"", ""m30@0.0045"", ""m31@0.0035""]","[""C1"", 1000000, 0, 50000, [[400000, 700000]], 455509]"
syn_32_6_4_09,synthetic,32,6,4,0.08,pareto_dp,True,7932651,0.08,231.0,27814100,,10278469630338048163,"[""m0@0.0020"", ""m1@0.0020"", ""m2@0.0025"", ""m3@0.0045"", ""m4@0.0020"", ""m5@0.0020"", ""m6@0.0030"", ""m7@0.0045"", ""m8@0.0020"", ""m9@0.0020"", ""m10@0.0020"", ""m11@0.0030"", ""m12@0.0020"", ""m13@0.0020"", ""m14@0.0020"", ""m15@0.0035"", ""m16@0.0020"", ""m17@0.0020"", ""m18@0.0020"", ""m19@0.0020"", ""m20@0.0020"", ""m21@0.0020"", ""m22@0.0020"", ""m23@0.0030"", ""m24@0.0020"", ""m25@0.0020"", ""m26@0.0045"", ""m27@0.0040"", ""m28@0.0020"", ""m29@0.0020"", ""m30@0.0020"", ""m31@0.0035""]","[""C1"", 1000000, 0, 50000, [[400000, 700000]], 455509]"
syn_32_6_4_10,synthetic,32,6,4,0.08,pareto_dp,True,6827958,0.08,197.0,20396000,,15284088492351597548,"[""m0@0.0020"", ""m1@0.0020"", ""m2@0.0020"", ""m3@0.0025"", ""m4@0.0020"", ""m5@0.0020"", ""m6@0.0020"", ""m7@0.0020"", ""m8@0.0020"", ""m9@0.0020"", ""m10@0.0025"", ""m11@0.0045"", ""m12@0.0020"", ""m13@0.0020"", ""m14@0.0020"", ""m15@0.0020"", ""m16@0.0020"", ""m17@0.0020"", ""m18@0.0020"", ""m19@0.0045"", ""m20@0.0020"", ""m21@0.0020"", ""m22@0.0020"", ""m23@0.0045"", ""m24@0.0020"", ""m25@0.0020"", ""m26@0.0020"", ""m27@0.0045"", ""m28@0.0020"", ""m29@0.0020"", ""m30@0.0045"", ""m31@0.0045""]","[""C1"", 1000000, 0, 50000, [[400000, 700000]], 455509]"
syn_32_6_4_11,synthetic,32,6,4,0.08,pareto_dp,True,7228870,0.08,329.0,32819600,,15792723620905706364,"[""m0@0.0020"", ""m1@0.0020"", ""m2@0.0020"", ""m3@0.0045"", ""m4@0.0020"", ""m5@0.0020"", ""m6@0.0020"", ""m7@0.0040"", ""m8@0.0020"", ""m9@0.0020"", ""m10@0.0020"", ""m11@0.0025"", ""m12@0.0020"", ""m13@0.0020"", ""m14@0.0045"", ""m15@0.0045"", ""m16@0.0020"", ""m17@0.0020"", ""m18@0.0030"", ""m19@0.0045"", ""m20@0.0020"", ""m21@0.0020"", ""m22@0.0020"", ""m23@0.0045"", ""m24@0.0020"", ""m25@0.0020"", ""m26@0.0020"", ""m27@0.0020"", ""m28@0.0020"", ""m29@0.0020"", ""m30@0.0020"", ""m31@0.0020""]","[""C1"", 1000000, 0, 50000, [[400000, 700000]], 455509]"
syn_32_6_4_12,synthetic,32,6,4,0.08,pareto_dp,True,6992662,0.08,306.0,26012500,,14706084170184645306,"[""m0@0.0020"", ""m1@0.0020"", ""m2@0.0020"", ""m3@0.0040"", ""m4@0.0020"", ""m5@0.0020"", ""m6@0.0020"", ""m7@0.0045"", ""m8@0.0020"", ""m9@0.0020"", ""m10@0.0020"", ""m11@0.0045"", ""m12@0.0020"", ""m13@0.0020"", ""m14@0.0020"", ""m15@0.0020"", ""m16@0.0020"", ""m17@0.0020"", ""m18@0.0020"", ""m19@0.0045"", ""m20@0.0020"", ""m21@0.0020"", ""m22@0.0040"", ""m23@0.0025"", ""m24@0.0020"", ""m25@0.0020"", ""m26@0.0045"", ""m27@0.0035"", ""m28@0.0020"", ""m29@0.0020"", ""m30@0.0020"", ""m31@0.0020""]","[""C1"", 1000000, 0, 50000, [[400000, 700000]], 455509]"
syn_32_6_4_13,synthetic,32,6,4,0.08,pareto_dp,True,6775101,0.08,304.0,29211300,,13005802278740737188,"[""m0@0.0020"", ""m1@0.0020"", ""m2@0.0020"", ""m3@0.0020"", ""m4@0.0020"", ""m5@0.0020"", ""m6@0.0030"", ""m7@0.0020"", ""m8@0.0020"", ""m9@0.0020"", ""m10@0.0045"", ""m11@0.0045"", ""m12@0.0020"", ""m13@0.0020"", ""m14@0.0020"", ""m15@0.0045"", ""m16@0.0020"", ""m17@0.0020"", ""m18@0.0040"", ""m19@0.0035"", ""m20@0.0020"", ""m21@0.0020"", ""m22@0.0020"", ""m23@0.0020"", ""m24@0.0020"", ""m25@0.0020"", ""m26@0.0020"", ""m27@0.0035"", ""m28@0.0020"", ""m29@0.0020"", ""m30@0.0020"", ""m31@0.0045""]","[""C1"", 1000000, 0, 50000, [[400000, 700000]], 455509]"
syn_32_6_4_14,synthetic,32,6,4,0.08,pareto_dp,True,8005198,0.08,171.0,16986000,,8073554440858224232,"[""m0@0.0020"", ""m1@0.0020"", ""m2@0.0020"", ""m3@0.0045"", ""m4@0.0020"", ""m5@0.0020"", ""m6@0.0030"", ""m7@0.0035"", ""m8@0.0020"", ""m9@0.0020"", ""m10@0.0020"", ""m11@0.0040"", ""m12@0.0020"", ""m13@0.0020"", ""m14@0.0045"", ""m15@0.0045"", ""m16@0.0020"", ""m17@0.0020"", ""m18@0.0020"", ""m19@0.0040"", ""m20@0.0020"", ""m21@0.0020"", ""m22@0.0020"", ""m23@0.0025"", ""m24@0.0020"", ""m25@0.0020"", ""m26@0.0020"", ""m27@0.0035"", ""m28@0.0020"", ""m29@0.0020"", ""m30@0.0020"", ""m31@0.0020""]","[""C1"", 1000000, 0, 50000, [[400000, 700000]], 455509]"
syn_32_6_4_15,synthetic,32,6,4,0.08,pareto_dp,True,6712196,0.08,356.0,30321100,,18349430021351795419,"[""m0@0.0020"", ""m1@0.0020"", ""m2@0.0020"", ""m3@0.0045"", ""m4@0.0020"", ""m5@0.0020"", ""m6@0.0025"", ""m7@0.0040"", ""m8@0.0020"", ""m9@0.0020"", ""m10@0.0020"", ""m11@0.0035"", ""m12@0.0020"", ""m13@0.0020"", ""m14@0.0020"", ""m15@0.0025"", ""m16@0.0020"", ""m17@0.0020"", ""m18@0.0020"", ""m19@0.0040"", ""m20@0.0020"", ""m21@0.0020"", ""m22@0.0020"", ""m23@0.0045"", ""m24@0.0020"", ""m25@0.0020"", ""m26@0.0020"", ""m27@0.0040"", ""m28@0.0020"", ""m29@0.0020"", ""m30@0.0020"", ""m31@0.0045""]","[""C1"", 1000000, 0, 50000, [[400000, 700000]], 455509]"
syn_32_6_4_16,synthetic,32,6,4,0.08,pareto_dp,True,6965834,0.08,457.0,48830300,,17094071149770896916,"[""m0@0.0020"", ""m1@0.0020"", ""m2@0.0020"", ""m3@0.0020"", ""m4@0.0020"", ""m5@0.0020"", ""m6@0.0020"", ""m7@0.0020"", ""m8@0.0020"", ""m9@0.0020"", ""m10@0.0020"", ""m11@0.0035"", ""m12@0.0020"", ""m13@0.0020"", ""m14@0.0020"", ""m15@0.0045"", ""m16@0.0020"", ""m17@0.0020"", ""m18@0.0020"", ""m19@0.0045"", ""m20@0.0020"", ""m21@0.0020"", ""m22@0.0045"", ""m23@0.0040"", ""m24@0.0020"", ""m25@0.0020"", ""m26@0.0020"", ""m27@0.0045"", ""m28@0.0020"", ""m29@0.0020"", ""m30@0.0020"", ""m31@0.0045""]","[""C1"", 1000000, 0, 50000, [[400000, 700000]], 455509]"
syn_32_6_4_17,synthetic,32,6,4,0.08,pareto_dp,True,7805691,0.08,228.0,24649700,,7805538830834271263,"[""m0@0.0020"", ""m1@0.0020"", ""m2@0.0035"", ""m3@0.0045"", ""m4@0.0020"", ""m5@0.0020"", ""m6@0.0020"", ""m7@0.0045"", ""m8@0.0020"", ""m9@0.0020"", ""m10@0.0035"", ""m11@0.0045"", ""m12@0.0020"", ""m13@0.0020"", ""m14@0.0020"", ""m15@0.0025"", ""m16@0.0020"", ""m17@0.0020"", ""m18@0.0020"", ""m19@0.0020"", ""m20@0.0020"", ""m21@0.0020"", ""m22@0.0045"", ""m23@0.0045"", ""m24@0.0020"", ""m25@0.0020"", ""m26@0.0020"", ""m27@0.0020"", ""m28@0.0020"", ""m29@0.0020"", ""m30@0.0020"", ""m31@0.0020""]","[""C1"", 1000000, 0, 50000, [[400000, 700000]], 455509]"
syn_32_6_4_18,synthetic,32,6,4,0.08,pareto_dp,True,8226457,0.08,234.0,21532600,,15158629291609825323,"[""m0@0.0020"", ""m1@0.0020"", ""m2@0.0020"", ""m3@0.0035"", ""m4@0.0020"", ""m5@0.0020"", ""m6@0.0020"", ""m7@0.0030"", ""m8@0.0020"", ""m9@0.0020"", ""m10@0.0020"", ""m11@0.0035"", ""m12@0.0020"", ""m13@0.0020"", ""m14@0.0045"", ""m15@0.0045"", ""m16@0.0020"", ""m17@0.0020"", ""m18@0.0035"", ""m19@0.0025"", ""m20@0.0020"", ""m21@0.0020"", ""m22@0.0020"", ""m23@0.0020"", ""m24@0.0020"", ""m25@0.0020"", ""m26@0.0020"", ""m27@0.0040"", ""m28@0.0020"", ""m29@0.0020"", ""m30@0.0025"", ""m31@0.0045""]","[""C1"", 1000000, 0, 50000, [[400000, 700000]], 455509]"
syn_32_6_4_19,synthetic,32,6,4,0.08,pareto_dp,True,7181403,0.08,415.0,30061400,,1277432350888818896,"[""m0@0.0020"", ""m1@0.0020"", ""m2@0.0020"", ""m3@0.0045"", ""m4@0.0020"", ""m5@0.0020"", ""m6@0.0020"", ""m7@0.0040"", ""m8@0.0020"", ""m9@0.0020"", ""m10@0.0045"", ""m11@0.0045"", ""m12@0.0020"", ""m13@0.0020"", ""m14@0.0020"", ""m15@0.0020"", ""m16@0.0020"", ""m17@0.0020"", ""m18@0.0020"", ""m19@0.0040"", ""m20@0.0020"", ""m21@0.0020"", ""m22@0.0020"", ""m23@0.0045"", ""m24@0.0020"", ""m25@0.0020"", ""m26@0.0020"", ""m27@0.0020"", ""m28@0.0020"", ""m29@0.0020"", ""m30@0.0020"", ""m31@0.0040""]","[""C1"", 1000000, 0, 50000, [[400000, 700000]], 455509]"
syn_64_3_1_00,synthetic,64,3,1,0.16,pareto_dp,True,13891860,0.15925,713.0,93784100,,2557602152439619486,"[""m0@0.0020"", ""m1@0.0020"", ""m2@0.0032"", ""m3@0.0020"", ""m4@0.0020"", ""m5@0.0020"", ""m6@0.0020"", ""m7@0.0045"", ""m8@0.0020"", ""m9@0.0020"", ""m10@0.0020"", ""m11@0.0045"", ""m12@0.0020"", ""m13@0.0020"", ""m14@0.0020"", ""m15@0.0020"", ""m16@0.0020"", ""m17@0.0020"", ""m18@0.0020"", ""m19@0.0045"", ""m20@0.0020"", ""m21@0.0020"", ""m22@0.0020"", ""m23@0.0020"", ""m24@0.0020"", ""m25@0.0020"", ""m26@0.0020"", ""m27@0.0045"", ""m28@0.0020"", ""m29@0.0020"", ""m30@0.0020"", ""m31@0.0020"", ""m32@0.0020"", ""m33@0.0020"", ""m34@0.0020"", ""m35@0.0045"", ""m36@0.0020"", ""m37@0.0020"", ""m38@0.0032"", ""m39@0.0032"", ""m40@0.0020"", ""m41@0.0020"", ""m42@0.0020"", ""m43@0.0020"", ""m44@0.0020"", ""m45@0.0020"", ""m46@0.0032"", ""m47@0.0045"", ""m48@0.0020"", ""m49@0.0020"", ""m50@0.0020"", ""m51@0.0045"", ""m52@0.0020"", ""m53@0.0020"", ""m54@0.0020"", ""m55@0.0045"", ""m56@0.0020"", ""m57@0.0020"", ""m58@0.0020"", ""m59@0.0045"", ""m60@0.0020"", ""m61@0.0020"", ""m62@0.0032"", ""m63@0.0045""]","[""C1"", 1000000, 0, 50000, [[400000, 700000]], 455509]"
syn_64_3_1_01,synthetic,64,3,1,0.16,pareto_dp,True,12889245,0.15925,617.0,107661600,,8599311778809909969,"[""m0@0.0020"", ""m1@0.0020"", ""m2@0.0020"", ""m3@0.0020"", ""m4@0.0020"", ""m5@0.0020"", ""m6@0.0020"", ""m7@0.0045"", ""m8@0.0020"", ""m9@0.0020"", ""m10@0.0020"", ""m11@0.0020"", ""m12@0.0020"", ""m13@0.0020"", ""m14@0.0045"", ""m15@0.0020"", ""m16@0.0020"", ""m17@0.0020"", ""m18@0.0020"", ""m19@0.0045"", ""m20@0.0020"", ""m21@0.0020"", ""m22@0.0020"", ""m23@0.0045"", ""m24@0.0020"", ""m25@0.0020"", ""m26@0.0020"", ""m27@0.0045"", ""m28@0.0020"", ""m29@0.0020"", ""m30@0.0020"", ""m31@0.0045"", ""m32@0.0020"", ""m33@0.0020"", ""m34@0.0020"", ""m35@0.0045"", ""m36@0.0020"", ""m37@0.0020"", ""m38@0.0020"", ""m39@0.0045"", ""m40@0.0020"", ""m41@0.0020"", ""m42@0.0020"", ""m43@0.0045"", ""m44@0.0020"", ""m45@0.0020"", ""m46@0.0020"", ""m47@0.0032"", ""m48@0.0020"", ""m49@0.0020"", ""m50@0.0020"", ""m51@0.0032"", ""m52@0.0020"", ""m53@0.0020"", ""m54@0.0020"", ""m55@0.0032"", ""m56@0.0020"", ""m57@0.0020"", ""m58@0.0032"", ""m59@0.0032"", ""m60@0.0020"", ""m61@0.0020"", ""m62@0.0020"", ""m63@0.0045""]","[""C1"", 1000000, 0, 50000, [[400000, 700000]], 455509]"
syn_64_3_1_02,synthetic,64,3,1,0.16,pareto_dp,True,14344181,0.15925,650.0,95309300,,5931695274761160160,"[""m0@0.0020"", ""m1@0.0020"", ""m2@0.0020"", ""m3@0.0020"", ""m4@0.0020"", ""m5@0.0020"", ""m6@0.0020"", ""m7@0.0045"", ""m8@0.0020"", ""m9@0.0020"", ""m10@0.0032"", ""m11@0.0020"", ""m12@0.0020"", ""m13@0.0020"", ""m14@0.0020"", ""m15@0.0045"", ""m16@0.0020"", ""m17@0.0020"", ""m18@0.0020"", ""m19@0.0020"", ""m20@0.0020"", ""m21@0.0020"", ""m22@0.0020"", ""m23@0.0020"", ""m24@0.0020"", ""m25@0.0020"", ""m26@0.0020"", ""m27@0.0045"", ""m28@0.0020"", ""m29@0.0020"", ""m30@0.0020"", ""m31@0.0032"", ""m32@0.0020"", ""m33@0.0020"", ""m34@0.0020"", ""m35@0.0020"", ""m36@0.0020"", ""m37@0.0020"", ""m38@0.0045"", ""m39@0.0045"", ""m40@0.0020"", ""m41@0.0020"", ""m42@0.0020"", ""m43@0.0045"", ""m44@0.0020"", ""m45@0.0020"", ""m46@0.0020"", ""m47@0.0032"", ""m48@0.0020"", ""m49@0.0020"", ""m50@0.0020"", ""m51@0.0045"", ""m52@0.0020"", ""m53@0.0020"", ""m54@0.0032"", ""m55@0.0045"", ""m56@0.0020"", ""m57@0.0020"", ""m58@0.0020"", ""m59@0.0032"", ""m60@0.0020"", ""m61@0.0020"", ""m62@0.0045"", ""m63@0.0045""]","[""C1"", 1000000, 0, 50000, [[400000, 700000]], 455509]"
syn_64_3_1_03,synthetic,64,3,1,0.16,pareto_dp,True,13168952,0.15925,842.0,115181100,,383429015433942453,"[""m0@0.0020"", ""m1@0.0020"", ""m2@0.0020"", ""m3@0.0032"", ""m4@0.0020"", ""m5@0.0020"", ""m6@0.0020"", ""m7@0.0045"", ""m8@0.0020"", ""m9@0.0020"", ""m10@0.0020"", ""m11@0.0045"", ""m12@0.0020"", ""m13@0.0020"", ""m14@0.0032"", ""m15@0.0045"", ""m16@0.0020"", ""m17@0.0020"", ""m18@0.0020"", ""m19@0.0045"", ""m20@0.0020"", ""m21@0.0020"", ""m22@0.0020"", ""m23@0.0045"", ""m24@0.0020"", ""m25@0.0020"", ""m26@0.0020"", ""m27@0.0020"", ""m28@0.0020"", ""m29@0.0020"", ""m30@0.0045"", ""m31@0.0032"", ""m32@0.0020"", ""m33@0.0020"", ""m34@0.0020"", ""m35@0.0032"", ""m36@0.0020"", ""m37@0.0020"", ""m38@0.0032"", ""m39@0.0020"", ""m40@0.0020"", ""m41@0.0020"", ""m42@0.0020"", ""m43@0.0045"", ""m44@0.0020"", ""m45@0.0020"", ""m46@0.0020"", ""m47@0.0020"", ""m48@0.0020"", ""m49@0.0020"", ""m50@0.0020"", ""m51@0.0045"", ""m52@0.0020"", ""m53@0.0020"", ""m54@0.0020"", ""m55@0.0020"", ""m56@0.0020"", ""m57@0.0020"", ""m58@0.0045"", ""m59@0.0045"", ""m60@0.0020"", ""m61@0.0020"", ""m62@0.0020"", ""m63@0.0020""]","[""C1"", 1000000, 0, 50000, [[400000, 700000]], 455509]"
syn_64_3_1_04,synthetic,64,3,1,0.16,pareto_dp,True,13162277,0.15925,792.0,119411400,,14223977614474275477,"[""m0@0.0020"", ""m1@0.0020"", ""m2@0.0020"", ""m3@0.0020"", ""m4@0.0020"", ""m5@0.0020"", ""m6@0.0032"", ""m7@0.0032"", ""m8@0.0020"", ""m9@0.0020"", ""m10@0.0020"", ""m11@0.0045"", ""m12@0.0020"", ""m13@0.0020"", ""m14@0.0020"", ""m15@0.0045"", ""m16@0.0020"", ""m17@0.0020"", ""m18@0.0020"", ""m19@0.0020"", ""m20@0.0020"", ""m21@0.0020"", ""m22@0.0020"", ""m23@0.0020"", ""m24@0.0020"", ""m25@0.0020"", ""m26@0.0020"", ""m27@0.0045"", ""m28@0.0020"", ""m29@0.0020"", ""m30@0.0045"", ""m31@0.0020"", ""m32@0.0020"", ""m33@0.0020"", ""m34@0.0020"", ""m35@0.0020"", ""m36@0.0020"", ""m37@0.0020"", ""m38@0.0020"", ""m39@0.0020"", ""m40@0.0020"", ""m41@0.0020"", ""m42@0.0020"", ""m43@0.0020"", ""m44@0.0020"", ""m45@0.0020"", ""m46@0.0045"", ""m47@0.0045"", ""m48@0.0020"", ""m49@0.0020"", ""m50@0.0045"", ""m51@0.0045"", ""m52@0.0020"", ""m53@0.0020"", ""m54@0.0020"", ""m55@0.0045"", ""m56@0.0020"", ""m57@0.0020"", ""m58@0.0020"", ""m59@0.0045"", ""m60@0.0020"", ""m61@0.0020"", ""m62@0.0045"", ""m63@0.0032""]","[""C1"", 1000000, 0, 50000, [[400000, 700000]], 455509]"
syn_64_3_1_05,synthetic,64,3,1,0.16,pareto_dp,True,14470606,0.15925,735.0,97867100,,9821542078949178529,"[""m0@0.0020"", ""m1@0.0020"", ""m2@0.0020"", ""m3@0.0045"", ""m4@0.0020"", ""m5@0.0020"", ""m6@0.0020"", ""m7@0.0032"", ""m8@0.0020"", ""m9@0.0020"", ""m10@0.0020"", ""m11@0.0045"", ""m12@0.0020"", ""m13@0.0020"", ""m14@0.0020"", ""m15@0.0045"", ""m16@0.0020"", ""m17@0.0020"", ""m18@0.0020"", ""m19@0.0020"", ""m20@0.0020"", ""m21@0.0020"", ""m22@0.0020"", ""m23@0.0045"", ""m24@0.0020"", ""m25@0.0020"", ""m26@0.0020"", ""m27@0.0045"", ""m28@0.0020"", ""m29@0.0020"", ""m30@0.0020"", ""m31@0.0045"", ""m32@0.0020"", ""m33@0.0020"", ""m34@0.0020"", ""m35@0.0045"", ""m36@0.0020"", ""m37@0.0020"", ""m38@0.0020"", ""m39@0.0045"", ""m40@0.0020"", ""m41@0.0020"", ""m42@0.0020"", ""m43@0.0045"", ""m44@0.0020"", ""m45@0.0020"", ""m46@0.0020"", ""m47@0.0020"", ""m48@0.0020"", ""m49@0.0020"", ""m50@0.0020"", ""m51@0.0045"", ""m52@0.0020"", ""m53@0.0020"", ""m54@0.0020"", ""m55@0.0045"", ""m56@0.0020"", ""m57@0.0020"", ""m58@0.0020"", ""m59@0.0045"", ""m60@0.0020"", ""m61@0.0020"", ""m62@0.0020"", ""m63@0.0020""]","[""C1"", 1000000, 0, 50000, [[400000, 700000]], 455509]"
syn_64_3_1_06,synthetic,64,3,1,0.16,pareto_dp,True,14183214,0.15925,755.0,113219800,,12133782681350242924,"[""m0@0.0020"", ""m1@0.0020"", ""m2@0.0020"", ""m3@0.0045"", ""m4@0.0020"", ""m5@0.0020"", ""m6@0.0032"", ""m7@0.0020"", ""m8@0.0020"", ""m9@0.0020"", ""m10@0.0020"", ""m11@0.0045"", ""m12@0.0020"", ""m13@0.0020"", ""m14@0.0045"", ""m15@0.0045"", ""m16@0.0020"", ""m17@0.0020"", ""m18@0.0020"", ""m19@0.0045"", ""m20@0.0020"", ""m21@0.0020"", ""m22@0.0020"", ""m23@0.0045"", ""m24@0.0020"", ""m25@0.0020"", ""m26@0.0020"", ""m27@0.0032"", ""m28@0.0020"", ""m29@0.0020"", ""m30@0.0020"", ""m31@0.0045"", ""m32@0.0020"", ""m33@0.0020"", ""m34@0.0020"", ""m35@0.0045"", ""m36@0.0020"", ""m37@0.0020"", ""m38@0.0020"", ""m39@0.0045"", ""m40@0.0020"", ""m41@0.0020"", ""m42@0.0020"", ""m43@0.0020"", ""m44@0.0020"", ""m45@0.0020"", ""m46@0.0020"", ""m47@0.0045"", ""m48@0.0020"", ""m49@0.0020"", ""m50@0.0020"", ""m51@0.0032"", ""m52@0.0020"", ""m53@0.0020"", ""m54@0.0020"", ""m55@0.0020"", ""m56@0.0020"", ""m57@0.0020"", ""m58@0.0020"", ""m59@0.0020"", ""m60@0.0020"", ""m61@0.0020"", ""m62@0.0020"", ""m63@0.0045""]","[""C1"", 1000000, 0, 50000, [[400000, 700000]], 455509]"
syn_64_3_1_07,synthetic,64,3,1,0.16,pareto_dp,True,14131302,0.15925,647.0,98969000,,10140614238737694594,"[""m0@0.0020"", ""m1@0.0020"", ""m2@0.0020"", ""m3@0.0045"", ""m4@0.0020"", ""m5@0.0020"", ""m6@0.0020"", ""m7@0.0045"", ""m8@0.0020"", ""m9@0.0020"", ""m10@0.0032"", ""m11@0.0045"", ""m12@0.0020"", ""m13@0.0020"", ""m14@0.0020"", ""m15@0.0020"", ""m16@0.0020"", ""m17@0.0020"", ""m18@0.0020"", ""m19@0.0045"", ""m20@0.0020"", ""m21@0.0020"", ""m22@0.0020"", ""m23@0.0045"", ""m24@0.0020"", ""m25@0.0020"", ""m26@0.0020"", ""m27@0.0045"", ""m28@0.0020"", ""m29@0.0020"", ""m30@0.0020"", ""m31@0.0045"", ""m32@0.0020"", ""m33@0.0020"", ""m34@0.0020"", ""m35@0.0020"", ""m36@0.0020"", ""m37@0.0020"", ""m38@0.0020"", ""m39@0.0020"", ""m40@0.0020"", ""m41@0.0020"", ""m42@0.0020"", ""m43@0.0045"", ""m44@0.0020"", ""m45@0.0020"", ""m46@0.0020"", ""m47@0.0045"", ""m48@0.0020"", ""m49@0.0020"", ""m50@0.0020"", ""m51@0.0020"", ""m52@0.0020"", ""m53@0.0020"", ""m54@0.0020"", ""m55@0.0045"", ""m56@0.0020"", ""m57@0.0020"", ""m58@0.0020"", ""m59@0.0045"", ""m60@0.0020"", ""m61@0.0020"", ""m62@0.0020"", ""m63@0.0045""]","[""C1"", 1000000, 0, 50000, [[400000, 700000]], 455509]"
syn_64_3_1_08,synthetic,64,3,1,0.16,pareto_dp,True,14210132,0.15925,903.0,132689800,,1558730383971433001,"[""m0@0.0020"", ""m1@0.0020"", ""m2@0.0020"", ""m3@0.0045"", ""m4@0.0020"", ""m5@0.0020"", ""m6@0.0020"", ""m7@0.0045"", ""m8@0.0020"", ""m9@0.0020"", ""m10@0.0032"", ""m11@0.0020"", ""m12@0.0020"", ""m13@0.0020"", ""m14@0.0045"", ""m15@0.0045"", ""m16@0.0020"", ""m17@0.0020"", ""m18@0.0020"", ""m19@0.0020"", ""m20@0.0020"", ""m21@0.0020"", ""m22@0.0020"", ""m23@0.0045"", ""m24@0.0020"", ""m25@0.0020"", ""m26@0.0020"", ""m27@0.0032"", ""m28@0.0020"", ""m29@0.0020"", ""m30@0.0020"", ""m31@0.0045"", ""m32@0.0020"", ""m33@0.0020"", ""m34@0.0032"", ""m35@0.0045"", ""m36@0.0020"", ""m37@0.0020"", ""m38@0.0020"", ""m39@0.0045"", ""m40@0.0020"", ""m41@0.0020"", ""m42@0.0020"", ""m43@0.0020"", ""m44@0.0020"", ""m45@0.0020"", ""m46@0.0020"", ""m47@0.0045"", ""m48@0.0020"", ""m49@0.0020"", ""m50@0.0020"", ""m51@0.0032"", ""m52@0.0020"", ""m53@0.0020"", ""m54@0.0020"", ""m55@0.0045"", ""m56@0.0020"", ""m57@0.0020"", ""m58@0.0020"", ""m59@0.0032"", ""m60@0.0020"", ""m61@0.0020"", ""m62@0.0020"", ""m63@0.0020""]","[""C1"", 1000000, 0, 50000, [[400000, 700000]], 455509]"
syn_64_3_1_09,synthetic,64,3,1,0.16,pareto_dp,True,14805991,0.15925,550.0,101999100,,6888725904069099803,"[""m0@0.0020"", ""m1@0.0020"", ""m2@0.0020"", ""m3@0.0045"", ""m4@0.0020"", ""m5@0.0020"", ""m6@0.0020"", ""m7@0.0045"", ""m8@0.0020"", ""m9@0.0020"", ""m10@0.0020"", ""m11@0.0045"", ""m12@0.0020"", ""m13@0.0020"", ""m14@0.0032"", ""m15@0.0045"", ""m16@0.0020"", ""m17@0.0020"", ""m18@0.0020"", ""m19@0.0020"", ""m20@0.0020"", ""m21@0.0020"", ""m22@0.0020"", ""m23@0.0020"", ""m24@0.0020"", ""m25@0.0020"", ""m26@0.0020"", ""m27@0.0045"", ""m28@0.0020"", ""m29@0.0020"", ""m30@0.0020"", ""m31@0.0045"", ""m32@0.0020"", ""m33@0.0020"", ""m34@0.0020"", ""m35@0.0020"", ""m36@0.0020"", ""m37@0.0020"", ""m38@0.0045"", ""m39@0.0020"", ""m40@0.0020"", ""m41@0.0020"", ""m42@0.0020"", ""m43@0.0045"", ""m44@0.0020"", ""m45@0.0020"", ""m46@0.0020"", ""m47@0.0045"", ""m48@0.0020"", ""m49@0.0020"", ""m50@0.0020"", ""m51@0.0045"", ""m52@0.0020"", ""m53@0.0020"", ""m54@0.0020"", ""m55@0.0045"", ""m56@0.0020"", ""m57@0.0020"", ""m58@0.0020"", ""m59@0.0045"", ""m60@0.0020"", ""m61@0.0020"", ""m62@0.0020"", ""m63@0.0020""]","[""C1"", 1000000, 0, 50000, [[400000, 700000]], 455509]"
syn_64_3_1_10,synthetic,64,3,1,0.16,pareto_dp,True,14246694,0.15925,599.0,88455700,,16025955034918048501,"[""m0@0.0020"", ""m1@0.0020"", ""m2@0.0020"", ""m3@0.0045"", ""m4@0.0020"", ""m5@0.0020"", ""m6@0.0020"", ""m7@0.0045"", ""m8@0.0020"", ""m9@0.0020"", ""m10@0.0020"", ""m11@0.0045"", ""m12@0.0020"", ""m13@0.0020"", ""m14@0.0020"", ""m15@0.0032"", ""m16@0.0020"", ""m17@0.0020"", ""m18@0.0020"", ""m19@0.0020"", ""m20@0.0020"", ""m21@0.0020"", ""m22@0.0020"", ""m23@0.0045"", ""m24@0.0020"", ""m25@0.0020"", ""m26@0.0020"", ""m27@0.0032"", ""m28@0.0020"", ""m29@0.0020"", ""m30@0.0020"", ""m31@0.0045"", ""m32@0.0020"", ""m33@0.0020"", ""m34@0.0020"", ""m35@0.0045"", ""m36@0.0020"", ""m37@0.0020"", ""m38@0.0020"", ""m39@0.0045"", ""m40@0.0020"", ""m41@0.0020"", ""m42@0.0020"", ""m43@0.0045"", ""m44@0.0020"", ""m45@0.0020"", ""m46@0.0020"", ""m47@0.0045"", ""m48@0.0020"", ""m49@0.0020"", ""m50@0.0020"", ""m51@0.0045"", ""m52@0.0020"", ""m53@0.0020"", ""m54@0.0020"", ""m55@0.0032"", ""m56@0.0020"", ""m57@0.0020"", ""m58@0.0020"", ""m59@0.0020"", ""m60@0.0020"", ""m61@0.0020"", ""m62@0.0020"", ""m63@0.0045""]","[""C1"", 1000000, 0, 50000, [[400000, 700000]], 455509]"
syn_64_3_1_11,synthetic,64,3,1,0.16,pareto_dp,True,13320389,0.15925,653.0,89568900,,1727447423106454274,"[""m0@0.0020"", ""m1@0.0020"", ""m2@0.0020"", ""m3@0.0045"", ""m4@0.0020"", ""m5@0.0020"", ""m6@0.0020"", ""m7@0.0045"", ""m8@0.0020"", ""m9@0.0020"", ""m10@0.0020"", ""m11@0.0020"", ""m12@0.0020"", ""m13@0.0020"", ""m14@0.0020"", ""m15@0.0020"", ""m16@0.0020"", ""m17@0.0020"", ""m18@0.0020"", ""m19@0.0020"", ""m20@0.0020"", ""m21@0.0020"", ""m22@0.0020"", ""m23@0.0045"", ""m24@0.0020"", ""m25@0.0020"", ""m26@0.0020"", ""m27@0.0020"", ""m28@0.0020"", ""m29@0.0020"", ""m30@0.0020"", ""m31@0.0020"", ""m32@0.0020"", ""m33@0.0020"", ""m34@0.0020"", ""m35@0.0045"", ""m36@0.0020"", ""m37@0.0020"", ""m38@0.0045"", ""m39@0.0032"", ""m40@0.0020"", ""m41@0.0020"", ""m42@0.0020"", ""m43@0.0045"", ""m44@0.0020"", ""m45@0.0020"", ""m46@0.0045"", ""m47@0.0045"", ""m48@0.0020"", ""m49@0.0020"", ""m50@0.0020"", ""m51@0.0045"", ""m52@0.0020"", ""m53@0.0020"", ""m54@0.0020"", ""m55@0.0045"", ""m56@0.0020"", ""m57@0.0020"", ""m58@0.0020"", ""m59@0.0045"", ""m60@0.0020"", ""m61@0.0020"", ""m62@0.0020"", ""m63@0.0045""]","[""C1"", 1000000, 0, 50000, [[400000, 700000]], 455509]"
syn_64_3_1_12,synthetic,64,3,1,0.16,pareto_dp,True,13672717,0.15925,682.0,110087900,,2453529124015229625,"[""m0@0.0020"", ""m1@0.0020"", ""m2@0.0020"", ""m3@0.0045"", ""m4@0.0020"", ""m5@0.0020"", ""m6@0.0020"", ""m7@0.0045"", ""m8@0.0020"", ""m9@0.0020"", ""m10@0.0020"", ""m11@0.0020"", ""m12@0.0020"", ""m13@0.0020"", ""m14@0.0020"", ""m15@0.0045"", ""m16@0.0020"", ""m17@0.0020"", ""m18@0.0020"", ""m19@0.0045"", ""m20@0.0020"", ""m21@0.0020"", ""m22@0.0020"", ""m23@0.0020"", ""m24@0.0020"", ""m25@0.0020"", ""m26@0.0020"", ""m27@0.0045"", ""m28@0.0020"", ""m29@0.0020"", ""m30@0.0020"", ""m31@0.0032"", ""m32@0.0020"", ""m33@0.0020"", ""m34@0.0020"", ""m35@0.0045"", ""m36@0.0020"", ""m37@0.0020"", ""m38@0.0020"", ""m39@0.0032"", ""m40@0.0020"", ""m41@0.0020"", ""m42@0.0020"", ""m43@0.0045"", ""m44@0.0020"", ""m45@0.0020"", ""m46@0.0020"", ""m47@0.0045"", ""m48@0.0020"", ""m49@0.0020"", ""m50@0.0020"", ""m51@0.0045"", ""m52@0.0020"", ""m53@0.0020"", ""m54@0.0020"", ""m55@0.0045"", ""m56@0.0020"", ""m57@0.0020"", ""m58@0.0032"", ""m59@0.0020"", ""m60@0.0020"", ""m61@0.0020"", ""m62@0.0020"", ""m63@0.0045""]","[""C1"", 1000000, 0, 50000, [[400000, 700000]], 455509]"
syn_64_3_1_13,synthetic,64,3,1,0.16,pareto_dp,True,14458740,0.15925,484.0,63335600,,2996451456220258707,"[""m0@0.0020"", ""m1@0.0020"", ""m2@0.0020"", ""m3@0.0020"", ""m4@0.0020"", ""m5@0.0020"", ""m6@0.0020"", ""m7@0.0045"", ""m8@0.0020"", ""m9@0.0020"", ""m10@0.0020"", ""m11@0.0045"", ""m12@0.0020"", ""m13@0.0020"", ""m14@0.0020"", ""m15@0.0020"", ""m16@0.0020"", ""m17@0.0020"", ""m18@0.0020"", ""m19@0.0045"", ""m20@0.0020"", ""m21@0.0020"", ""m22@0.0020"", ""m23@0.0045"", ""m24@0.0020"", ""m25@0.0020"", ""m26@0.0020"", ""m27@0.0032"", ""m28@0.0020"", ""m29@0.0020"", ""m30@0.0020"", ""m31@0.0032"", ""m32@0.0020"", ""m33@0.0020"", ""m34@0.0020"", ""m35@0.0045"", ""m36@0.0020"", ""m37@0.0020"", ""m38@0.0020"", ""m39@0.0045"", ""m40@0.0020"", ""m41@0.0020"", ""m42@0.0020"", ""m43@0.0045"", ""m44@0.0020"", ""m45@0.0020"", ""m46@0.0020"", ""m47@0.0045"", ""m48@0.0020"", ""m49@0.0020"", ""m50@0.0020"", ""m51@0.0045"", ""m52@0.0020"", ""m53@0.0020"", ""m54@0.0020"", ""m55@0.0045"", ""m56@0.0020"", ""m57@0.0020"", ""m58@0.0020"", ""m59@0.0032"", ""m60@0.0020"", ""m61@0.0020"", ""m62@0.0020"", ""m63@0.0045""]","[""C1"", 1000000, 0, 50000, [[400000, 700000]], 455509]"
syn_64_3_1_14,synthetic,64,3,1,0.16,pareto_dp,True,14466079,0.15925,549.0,84462000,,14923744957292186960,"[""m0@0.0020"", ""m1@0.0020"", ""m2@0.0020"", ""m3@0.0045"", ""m4@0.0020"", ""m5@0.0020"", ""m6@0.0020"", ""m7@0.0020"", ""m8@0.0020"", ""m9@0.0020"", ""m10@0.0020"", ""m11@0.0045"", ""m12@0.0020"", ""m13@0.0020"", ""m14@0.0045"", ""m15@0.0020"", ""m16@0.0020"", ""m17@0.0020"", ""m18@0.0020"", ""m19@0.0020"", ""m20@0.0020"", ""m21@0.0020"", ""m22@0.0020"", ""m23@0.0045"", ""m24@0.0020"", ""m25@0.0020"", ""m26@0.0020"", ""m27@0.0045"", ""m28@0.0020"", ""m29@0.0020"", ""m30@0.0045"", ""m31@0.0045"", ""m32@0.0020"", ""m33@0.0020"", ""m34@0.0020"", ""m35@0.0020"", ""m36@0.0020"", ""m37@0.0020"", ""m38@0.0020"", ""m39@0.0045"", ""m40@0.0020"", ""m41@0.0020"", ""m42@0.0020"", ""m43@0.0032"", ""m44@0.0020"", ""m45@0.0020"", ""m46@0.0020"", ""m47@0.0045"", ""m48@0.0020"", ""m49@0.0020"", ""m50@0.0020"", ""m51@0.0045"", ""m52@0.0020"", ""m53@0.0020"", ""m54@0.0020"", ""m55@0.0045"", ""m56@0.0020"", ""m57@0.0020"", ""m58@0.0020"", ""m59@0.0020"", ""m60@0.0020"", ""m61@0.0020"", ""m62@0.0020"", ""m63@0.0045""]","[""C1"", 1000000, 0, 50000, [[400000, 700000]], 455509]"
syn_64_3_1_15,synthetic,64,3,1,0.16,pareto_dp,True,14522088,0.15925,585.0,78396300,,14206466232477613205,"[""m0@0.0020"", ""m1@0.0020"", ""m2@0.0020"", ""m3@0.0020"", ""m4@0.0020"", ""m5@0.0020"", ""m6@0.0020"", ""m7@0.0045"", ""m8@0.0020"", ""m9@0.0020"", ""m10@0.0020"", ""m11@0.0020"", ""m12@0.0020"", ""m13@0.0020"", ""m14@0.0020"", ""m15@0.0020"", ""m16@0.0020"", ""m17@0.0020"", ""m18@0.0020"", ""m19@0.0020"", ""m20@0.0020"", ""m21@0.0020"", ""m22@0.0020"", ""m23@0.0032"", ""m24@0.0020"", ""m25@0.0020"", ""m26@0.0020"", ""m27@0.0045"", ""m28@0.0020"", ""m29@0.0020"", ""m30@0.0020"", ""m31@0.0020"", ""m32@0.0020"", ""m33@0.0020"", ""m34@0.0020"", ""m35@0.0045"", ""m36@0.0020"", ""m37@0.0020"", ""m38@0.0020"", ""m39@0.0045"", ""m40@0.0020"", ""m41@0.0020"", ""m42@0.0020"", ""m43@0.0045"", ""m44@0.0020"", ""m45@0.0020"", ""m46@0.0020"", ""m47@0.0045"", ""m48@0.0020"", ""m49@0.0020"", ""m50@0.0020"", ""m51@0.0045"", ""m52@0.0020"", ""m53@0.0020"", ""m54@0.0045"", ""m55@0.0045"", ""m56@0.0020"", ""m57@0.0020"", ""m58@0.0045"", ""m59@0.0045"", ""m60@0.0020"", ""m61@0.0020"", ""m62@0.0020"", ""m63@0.0045""]","[""C1"", 1000000, 0, 50000, [[400000, 700000]], 455509]"
syn_64_3_1_16,synthetic,64,3,1,0.16,pareto_dp,True,13788826,0.15925,601.0,89517900,,16816380476316507205,"[""m0@0.0020"", ""m1@0.0020"", ""m2@0.0020"", ""m3@0.0020"", ""m4@0.0020"", ""m5@0.0020"", ""m6@0.0020"", ""m7@0.0045"", ""m8@0.0020"", ""m9@0.0020"", ""m10@0.0020"", ""m11@0.0045"", ""m12@0.0020"", ""m13@0.0020"", ""m14@0.0020"", ""m15@0.0032"", ""m16@0.0020"", ""m17@0.0020"", ""m18@0.0020"", ""m19@0.0045"", ""m20@0.0020"", ""m21@0.0020"", ""m22@0.0020"", ""m23@0.0045"", ""m24@0.0020"", ""m25@0.0020"", ""m26@0.0020"", ""m27@0.0020"", ""m28@0.0020"", ""m29@0.0020"", ""m30@0.0020"", ""m31@0.0032"", ""m32@0.0020"", ""m33@0.0020"", ""m34@0.0020"", ""m35@0.0045"", ""m36@0.0020"", ""m37@0.0020"", ""m38@0.0045"", ""m39@0.0020"", ""m40@0.0020"", ""m41@0.0020"", ""m42@0.0020"", ""m43@0.0032"", ""m44@0.0020"", ""m45@0.0020"", ""m46@0.0020"", ""m47@0.0020"", ""m48@0.0020"", ""m49@0.0020"", ""m50@0.0045"", ""m51@0.0045"", ""m52@0.0020"", ""m53@0.0020"", ""m54@0.0045"", ""m55@0.0045"", ""m56@0.0020"", ""m57@0.0020"", ""m58@0.0020"", ""m59@0.0020"", ""m60@0.0020"", ""m61@0.0020"", ""m62@0.0020"", ""m63@0.0045""]","[""C1"", 1000000, 0, 50000, [[400000, 700000]], 455509]"
syn_64_3_1_17,synthetic,64,3,1,0.16,pareto_dp,True,13176724,0.15925,560.0,84603000,,12041753312507042732,"[""m0@0.0020"", ""m1@0.0020"", ""m2@0.0020"", ""m3@0.0045"", ""m4@0.0020"", ""m5@0.0020"", ""m6@0.0020"", ""m7@0.0045"", ""m8@0.0020"", ""m9@0.0020"", ""m10@0.0020"", ""m11@0.0020"", ""m12@0.0020"", ""m13@0.0020"", ""m14@0.0020"", ""m15@0.0045"", ""m16@0.0020"", ""m17@0.0020"", ""m18@0.0032"", ""m19@0.0020"", ""m20@0.0020"", ""m21@0.0020"", ""m22@0.0020"", ""m23@0.0045"", ""m24@0.0020"", ""m25@0.0020"", ""m26@0.0020"", ""m27@0.0045"", ""m28@0.0020"", ""m29@0.0020"", ""m30@0.0020"", ""m31@0.0045"", ""m32@0.0020"", ""m33@0.0020"", ""m34@0.0020"", ""m35@0.0020"", ""m36@0.0020"", ""m37@0.0020"", ""m38@0.0020"", ""m39@0.0045"", ""m40@0.0020"", ""m41@0.0020"", ""m42@0.0020"", ""m43@0.0045"", ""m44@0.0020"", ""m45@0.0020"", ""m46@0.0020"", ""m47@0.0045"", ""m48@0.0020"", ""m49@0.0020"", ""m50@0.0020"", ""m51@0.0045"", ""m52@0.0020"", ""m53@0.0020"", ""m54@0.0020"", ""m55@0.0045"", ""m56@0.0020"", ""m57@0.0020"", ""m58@0.0020"", ""m59@0.0020"", ""m60@0.0020"", ""m61@0.0020"", ""m62@0.0020"", ""m63@0.0045""]","[""C1"", 1000000, 0, 50000, [[400000, 700000]], 455509]"
syn_64_3_1_18,synthetic,64,3,1,0.16,pareto_dp,True,14058347,0.15925,717.0,115911800,,16433994708463541302,"[""m0@0.0020"", ""m1@0.0020"", ""m2@0.0020"", ""m3@0.0045"", ""m4@0.0020"", ""m5@0.0020"", ""m6@0.0020"", ""m7@0.0032"", ""m8@0.0020"", ""m9@0.0020"", ""m10@0.0020"", ""m11@0.0045"", ""m12@0.0020"", ""m13@0.0020"", ""m14@0.0020"", ""m15@0.0020"", ""m16@0.0020"", ""m17@0.0020"", ""m18@0.0020"", ""m19@0.0045"", ""m20@0.0020"", ""m21@0.0020"", ""m22@0.0020"", ""m23@0.0045"", ""m24@0.0020"", ""m25@0.0020"", ""m26@0.0020"", ""m27@0.0045"", ""m28@0.0020"", ""m29@0.0020"", ""m30@0.0020"", ""m31@0.0032"", ""m32@0.0020"", ""m33@0.0020"", ""m34@0.0020"", ""m35@0.0032"", ""m36@0.0020"", ""m37@0.0020"", ""m38@0.0045"", ""m39@0.0045"", ""m40@0.0020"", ""m41@0.0020"", ""m42@0.0020"", ""m43@0.0020"", ""m44@0.0020"", ""m45@0.0020"", ""m46@0.0020"", ""m47@0.0032"", ""m48@0.0020"", ""m49@0.0020"", ""m50@0.0020"", ""m51@0.0045"", ""m52@0.0020"", ""m53@0.0020"", ""m54@0.0020"", ""m55@0.0045"", ""m56@0.0020"", ""m57@0.0020"", ""m58@0.0020"", ""m59@0.0020"", ""m60@0.0020"", ""m61@0.0020"", ""m62@0.0032"", ""m63@0.0045""]","[""C1"", 1000000, 0, 50000, [[400000, 700000]], 455509]"
syn_64_3_1_19,synthetic,64,3,1,0.16,pareto_dp,True,14245054,0.15925,563.0,79477400,,2930606461209406732,"[""m0@0.0020"", ""m1@0.0020"", ""m2@0.0045"", ""m3@0.0045"", ""m4@0.0020"", ""m5@0.0020"", ""m6@0.0020"", ""m7@0.0045"", ""m8@0.0020"", ""m9@0.0020"", ""m10@0.0020"", ""m11@0.0020"", ""m12@0.0020"", ""m13@0.0020"", ""m14@0.0020"", ""m15@0.0045"", ""m16@0.0020"", ""m17@0.0020"", ""m18@0.0020"", ""m19@0.0020"", ""m20@0.0020"", ""m21@0.0020"", ""m22@0.0020"", ""m23@0.0045"", ""m24@0.0020"", ""m25@0.0020"", ""m26@0.0020"", ""m27@0.0020"", ""m28@0.0020"", ""m29@0.0020"", ""m30@0.0045"", ""m31@0.0045"", ""m32@0.0020"", ""m33@0.0020"", ""m34@0.0020"", ""m35@0.0045"", ""m36@0.0020"", ""m37@0.0020"", ""m38@0.0020"", ""m39@0.0032"", ""m40@0.0020"", ""m41@0.0020"", ""m42@0.0020"", ""m43@0.0045"", ""m44@0.0020"", ""m45@0.0020"", ""m46@0.0020"", ""m47@0.0020"", ""m48@0.0020"", ""m49@0.0020"", ""m50@0.0020"", ""m51@0.0020"", ""m52@0.0020"", ""m53@0.0020"", ""m54@0.0020"", ""m55@0.0045"", ""m56@0.0020"", ""m57@0.0020"", ""m58@0.0045"", ""m59@0.0045"", ""m60@0.0020"", ""m61@0.0020"", ""m62@0.0020"", ""m63@0.0020""]","[""C1"", 1000000, 0, 50000, [[400000, 700000]], 455509]"
syn_64_3_4_00,synthetic,64,3,4,0.16,pareto_dp,True,12808613,0.15925,445.0,44272800,,1740519104354386934,"[""m0@0.0020"", ""m1@0.0020"", ""m2@0.0020"", ""m3@0.0020"", ""m4@0.0020"", ""m5@0.0020"", ""m6@0.0020"", ""m7@0.0045"", ""m8@0.0020"", ""m9@0.0020"", ""m10@0.0032"", ""m11@0.0045"", ""m12@0.0020"", ""m13@0.0020"", ""m14@0.0020"", ""m15@0.0020"", ""m16@0.0020"", ""m17@0.0020"", ""m18@0.0020"", ""m19@0.0045"", ""m20@0.0020"", ""m21@0.0020"", ""m22@0.0020"", ""m23@0.0045"", ""m24@0.0020"", ""m25@0.0020"", ""m26@0.0045"", ""m27@0.0045"", ""m28@0.0020"", ""m29@0.0020"", ""m30@0.0045"", ""m31@0.0045"", ""m32@0.0020"", ""m33@0.0020"", ""m34@0.0020"", ""m35@0.0020"", ""m36@0.0020"", ""m37@0.0020"", ""m38@0.0020"", ""m39@0.0020"", ""m40@0.0020"", ""m41@0.0020"", ""m42@0.0020"", ""m43@0.0045"", ""m44@0.0020"", ""m45@0.0020"", ""m46@0.0045"", ""m47@0.0045"", ""m48@0.0020"", ""m49@0.0020"", ""m50@0.0020"", ""m51@0.0020"", ""m52@0.0020"", ""m53@0.0020"", ""m54@0.0020"", ""m55@0.0032"", ""m56@0.0020"", ""m57@0.0020"", ""m58@0.0020"", ""m59@0.0032"", ""m60@0.0020"", ""m61@0.0020"", ""m62@0.0020"", ""m63@0.0020""]","[""C1"", 1000000, 0, 50000, [[400000, 700000]], 455509]"
syn_64_3_4_01,synthetic,64,3,4,0.16,pareto_dp,True,14721751,0.15925,360.0,38489000,,18004950685442546576,"[""m0@0.0020"", ""m1@0.0020"", ""m2@0.0020"", ""m3@0.0045"", ""m4@0.0020"", ""m5@0.0020"", ""m6@0.0032"", ""m7@0.0045"", ""m8@0.0020"", ""m9@0.0020"", ""m10@0.0045"", ""m11@0.0032"", ""m12@0.0020"", ""m13@0.0020"", ""m14@0.0020"", ""m15@0.0045"", ""m16@0.0020"", ""m17@0.0020"", ""m18@0.0020"", ""m19@0.0032"", ""m20@0.0020"", ""m21@0.0020"", ""m22@0.0020"", ""m23@0.0020"", ""m24@0.0020"", ""m25@0.0020"", ""m26@0.0020"", ""m27@0.0045"", ""m28@0.0020"", ""m29@0.0020"", ""m30@0.0020"", ""m31@0.0045"", ""m32@0.0020"", ""m33@0.0020"", ""m34@0.0020"", ""m35@0.0020"", ""m36@0.0020"", ""m37@0.0020"", ""m38@0.0020"", ""m39@0.0045"", ""m40@0.0020"", ""m41@0.0020"", ""m42@0.0020"", ""m43@0.0032"", ""m44@0.0020"", ""m45@0.0020"", ""m46@0.0020"", ""m47@0.0045"", ""m48@0.0020"", ""m49@0.0020"", ""m50@0.0020"", ""m51@0.0045"", ""m52@0.0020"", ""m53@0.0020"", ""m54@0.0020"", ""m55@0.0020"", ""m56@0.0020"", ""m57@0.0020"", ""m58@0.0020"", ""m59@0.0032"", ""m60@0.0020"", ""m61@0.0020"", ""m62@0.0020"", ""m63@0.0045""]","[""C1"", 1000000, 0, 50000, [[400000, 700000]], 455509]"
syn_64_3_4_02,synthetic,64,3,4,0.16,pareto_dp,True,13964670,0.15925,393.0,40659100,,7236475659281049659,"[""m0@0.0020"", ""m1@0.0020"", ""m2@0.0020"", ""m3@0.0020"", ""m4@0.0020"", ""m5@0.0020"", ""m6@0.0020"", ""m7@0.0045"", ""m8@0.0020"", ""m9@0.0020"", ""m10@0.0020"", ""m11@0.0045"", ""m12@0.0020"", ""m13@0.0020"", ""m14@0.0020"", ""m15@0.0020"", ""m16@0.0020"", ""m17@0.0020"", ""m18@0.0020"", ""m19@0.0045"", ""m20@0.0020"", ""m21@0.0020"", ""m22@0.0020"", ""m23@0.0045"", ""m24@0.0020"", ""m25@0.0020"", ""m26@0.0020"", ""m27@0.0020"", ""m28@0.0020"", ""m29@0.0020"", ""m30@0.0020"", ""m31@0.0032"", ""m32@0.0020"", ""m33@0.0020"", ""m34@0.0020"", ""m35@0.0020"", ""m36@0.0020"", ""m37@0.0020"", ""m38@0.0020"", ""m39@0.0045"", ""m40@0.0020"", ""m41@0.0020"", ""m42@0.0020"", ""m43@0.0045"", ""m44@0.0020"", ""m45@0.0020"", ""m46@0.0045"", ""m47@0.0045"", ""m48@0.0020"", ""m49@0.0020"", ""m50@0.0020"", ""m51@0.0045"", ""m52@0.0020"", ""m53@0.0020"", ""m54@0.0020"", ""m55@0.0045"", ""m56@0.0020"", ""m57@0.0020"", ""m58@0.0020"", ""m59@0.0045"", ""m60@0.0020"", ""m61@0.0020"", ""m62@0.0020"", ""m63@0.0045""]","[""C1"", 1000000, 0, 50000, [[400000, 700000]], 455509]"
syn_64_3_4_03,synthetic,64,3,4,0.16,pareto_dp,True,14432524,0.15925,458.0,57884300,,14064595957059341431,"[""m0@0.0020"", ""m1@0.0020"", ""m2@0.0045"", ""m3@0.0045"", ""m4@0.0020"", ""m5@0.0020"", ""m6@0.0032"", ""m7@0.0032"", ""m8@0.0020"", ""m9@0.0020"", ""m10@0.0020"", ""m11@0.0045"", ""m12@0.0020"", ""m13@0.0020"", ""m14@0.0020"", ""m15@0.0045"", ""m16@0.0020"", ""m17@0.0020"", ""m18@0.0032"", ""m19@0.0032"", ""m20@0.0020"", ""m21@0.0020"", ""m22@0.0020"", ""m23@0.0020"", ""m24@0.0020"", ""m25@0.0020"", ""m26@0.0020"", ""m27@0.0045"", ""m28@0.0020"", ""m29@0.0020"", ""m30@0.0020"", ""m31@0.0045"", ""m32@0.0020"", ""m33@0.0020"", ""m34@0.0020"", ""m35@0.0032"", ""m36@0.0020"", ""m37@0.0020"", ""m38@0.0020"", ""m39@0.0045"", ""m40@0.0020"", ""m41@0.0020"", ""m42@0.0020"", ""m43@0.0045"", ""m44@0.0020"", ""m45@0.0020"", ""m46@0.0020"", ""m47@0.0045"", ""m48@0.0020"", ""m49@0.0020"", ""m50@0.0020"", ""m51@0.0020"", ""m52@0.0020"", ""m53@0.0020"", ""m54@0.0020"", ""m55@0.0020"", ""m56@0.0020"", ""m57@0.0020"", ""m58@0.0045"", ""m59@0.0020"", ""m60@0.0020"", ""m61@0.0020"", ""m62@0.0020"", ""m63@0.0020""]","[""C1"", 1000000, 0, 50000, [[400000, 700000]], 455509]"
syn_64_3_4_04,synthetic,64,3,4,0.16,pareto_dp,True,14095670,0.15925,400.0,39270000,,419306335916150129,"[""m0@0.0020"", ""m1@0.0020"", ""m2@0.0020"", ""m3@0.0020"", ""m4@0.0020"", ""m5@0.0020"", ""m6@0.0045"", ""m7@0.0045"", ""m8@0.0020"", ""m9@0.0020"", ""m10@0.0020"", ""m11@0.0045"", ""m12@0.0020"", ""m13@0.0020"", ""m14@0.0020"", ""m15@0.0032"", ""m16@0.0020"", ""m17@0.0020"", ""m18@0.0020"", ""m19@0.0045"", ""m20@0.0020"", ""m21@0.0020"", ""m22@0.0032"", ""m23@0.0045"", ""m24@0.0020"", ""m25@0.0020"", ""m26@0.0020"", ""m27@0.0045"", ""m28@0.0020"", ""m29@0.0020"", ""m30@0.0020"", ""m31@0.0032"", ""m32@0.0020"", ""m33@0.0020"", ""m34@0.0020"", ""m35@0.0020"", ""m36@0.0020"", ""m37@0.0020"", ""m38@0.0020"", ""m39@0.0045"", ""m40@0.0020"", ""m41@0.0020"", ""m42@0.0020"", ""m43@0.0045"", ""m44@0.0020"", ""m45@0.0020"", ""m46@0.0020"", ""m47@0.0045"", ""m48@0.0020"", ""m49@0.0020"", ""m50@0.0020"", ""m51@0.0020"", ""m52@0.0020"", ""m53@0.0020"", ""m54@0.0020"", ""m55@0.0045"", ""m56@0.0020"", ""m57@0.0020"", ""m58@0.0020"", ""m59@0.0020"", ""m60@0.0020"", ""m61@0.0020"", ""m62@0.0020"", ""m63@0.0045""]","[""C1"", 1000000, 0, 50000, [[400000, 700000]], 455509]"
syn_64_3_4_05,synthetic,64,3,4,0.16,pareto_dp,True,14308889,0.15925,382.0,59338300,,3071461361106606282,"[""m0@0.0020"", ""m1@0.0020"", ""m2@0.0020"", ""m3@0.0045"", ""m4@0.0020"", ""m5@0.0020"", ""m6@0.0020"", ""m7@0.0020"", ""m8@0.0020"", ""m9@0.0020"", ""m10@0.0020"", ""m11@0.0020"", ""m12@0.0020"", ""m13@0.0020"", ""m14@0.0020"", ""m15@0.0045"", ""m16@0.0020"", ""m17@0.0020"", ""m18@0.0020"", ""m19@0.0045"", ""m20@0.0020"", ""m21@0.0020"", ""m22@0.0032"", ""m23@0.0045"", ""m24@0.0020"", ""m25@0.0020"", ""m26@0.0020"", ""m27@0.0020"", ""m28@0.0020"", ""m29@0.0020"", ""m30@0.0020"", ""m31@0.0045"", ""m32@0.0020"", ""m33@0.0020"", ""m34@0.0020"", ""m35@0.0045"", ""m36@0.0020"", ""m37@0.0020"", ""m38@0.0020"", ""m39@0.0020"", ""m40@0.0020"", ""m41@0.0020"", ""m42@0.0020"", ""m43@0.0045"", ""m44@0.0020"", ""m45@0.0020"", ""m46@0.0045"", ""m47@0.0045"", ""m48@0.0020"", ""m49@0.0020"", ""m50@0.0020"", ""m51@0.0045"", ""m52@0.0020"", ""m53@0.0020"", ""m54@0.0020"", ""m55@0.0045"", ""m56@0.0020"", ""m57@0.0020"", ""m58@0.0020"", ""m59@0.0020"", ""m60@0.0020"", ""m61@0.0020"", ""m62@0.0020"", ""m63@0.0045""]","[""C1"", 1000000, 0, 50000, [[400000, 700000]], 455509]"
syn_64_3_4_06,synthetic,64,3,4,0.16,pareto_dp,True,13981206,0.15925,416.0,45570700,,588163724583604050,"[""m0@0.0020"", ""m1@0.0020"", ""m2@0.0032"", ""m3@0.0045"", ""m4@0.0020"", ""m5@0.0020"", ""m6@0.0020"", ""m7@0.0045"", ""m8@0.0020"", ""m9@0.0020"", ""m10@0.0020"", ""m11@0.0045"", ""m12@0.0020"", ""m13@0.0020"", ""m14@0.0032"", ""m15@0.0020"", ""m16@0.0020"", ""m17@0.0020"", ""m18@0.0020"", ""m19@0.0045"", ""m20@0.0020"", ""m21@0.0020"", ""m22@0.0020"", ""m23@0.0045"", ""m24@0.0020"", ""m25@0.0020"", ""m26@0.0020"", ""m27@0.0020"", ""m28@0.0020"", ""m29@0.0020"", ""m30@0.0020"", ""m31@0.0045"", ""m32@0.0020"", ""m33@0.0020"", ""m34@0.0020"", ""m35@0.0020"", ""m36@0.0020"", ""m37@0.0020"", ""m38@0.0020"", ""m39@0.0020"", ""m40@0.0020"", ""m41@0.0020"", ""m42@0.0020"", ""m43@0.0020"", ""m44@0.0020"", ""m45@0.0020"", ""m46@0.0020"", ""m47@0.0045"", ""m48@0.0020"", ""m49@0.0020"", ""m50@0.0020"", ""m51@0.0032"", ""m52@0.0020"", ""m53@0.0020"", ""m54@0.0020"", ""m55@0.0045"", ""m56@0.0020"", ""m57@0.0020"", ""m58@0.0045"", ""m59@0.0045"", ""m60@0.0020"", ""m61@0.0020"", ""m62@0.0045"", ""m63@0.0020""]","[""C1"", 1000000, 0, 50000, [[400000, 700000]], 455509]"
syn_64_3_4_07,synthetic,64,3,4,0.16,pareto_dp,True,14140039,0.15925,474.0,49824300,,11968829228528539527,"[""m0@0.0020"", ""m1@0.0020"", ""m2@0.0045"", ""m3@0.0045"", ""m4@0.0020"", ""m5@0.0020"", ""m6@0.0045"", ""m7@0.0045"", ""m8@0.0020"", ""m9@0.0020"", ""m10@0.0032"", ""m11@0.0045"", ""m12@0.0020"", ""m13@0.0020"", ""m14@0.0020"", ""m15@0.0032"", ""m16@0.0020"", ""m17@0.0020"", ""m18@0.0020"", ""m19@0.0020"", ""m20@0.0020"", ""m21@0.0020"", ""m22@0.0020"", ""m23@0.0045"", ""m24@0.0020"", ""m25@0.0020"", ""m26@0.0020"", ""m27@0.0045"", ""m28@0.0020"", ""m29@0.0020"", ""m30@0.0020"", ""m31@0.0020"", ""m32@0.0020"", ""m33@0.0020"", ""m34@0.0020"", ""m35@0.0020"", ""m36@0.0020"", ""m37@0.0020"", ""m38@0.0020"", ""m39@0.0045"", ""m40@0.0020"", ""m41@0.0020"", ""m42@0.0020"", ""m43@0.0020"", ""m44@0.0020"", ""m45@0.0020"", ""m46@0.0020"", ""m47@0.0045"", ""m48@0.0020"", ""m49@0.0020"", ""m50@0.0020"", ""m51@0.0032"", ""m52@0.0020"", ""m53@0.0020"", ""m54@0.0020"", ""m55@0.0045"", ""m56@0.0020"", ""m57@0.0020"", ""m58@0.0020"", ""m59@0.0020"", ""m60@0.0020"", ""m61@0.0020"", ""m62@0.0020"", ""m63@0.0045""]","[""C1"", 1000000, 0, 50000, [[400000, 700000]], 455509]"
syn_64_3_4_08,synthetic,64,3,4,0.16,pareto_dp,True,14040400,0.15925,524.0,56011200,,13546478258258751620,"[""m0@0.0020"", ""m1@0.0020"", ""m2@0.0020"", ""m3@0.0045"", ""m4@0.0020"", ""m5@0.0020"", ""m6@0.0020"", ""m7@0.0020"", ""m8@0.0020"", ""m9@0.0020"", ""m10@0.0020"", ""m11@0.0032"", ""m12@0.0020"", ""m13@0.0020"", ""m14@0.0020"", ""m15@0.0020"", ""m16@0.0020"", ""m17@0.0020"", ""m18@0.0020"", ""m19@0.0020"", ""m20@0.0020"", ""m21@0.0020"", ""m22@0.0020"", ""m23@0.0045"", ""m24@0.0020"", ""m25@0.0020"", ""m26@0.0020"", ""m27@0.0020"", ""m28@0.0020"", ""m29@0.0020"", ""m30@0.0020"", ""m31@0.0045"", ""m32@0.0020"", ""m33@0.0020"", ""m34@0.0020"", ""m35@0.0045"", ""m36@0.0020"", ""m37@0.0020"", ""m38@0.0045"", ""m39@0.0045"", ""m40@0.0020"", ""m41@0.0020"", ""m42@0.0020"", ""m43@0.0045"", ""m44@0.0020"", ""m45@0.0020"", ""m46@0.0020"", ""m47@0.0045"", ""m48@0.0020"", ""m49@0.0020"", ""m50@0.0032"", ""m51@0.0045"", ""m52@0.0020"", ""m53@0.0020"", ""m54@0.0020"", ""m55@0.0045"", ""m56@0.0020"", ""m57@0.0020"", ""m58@0.0032"", ""m59@0.0020"", ""m60@0.0020"", ""m61@0.0020"", ""m62@0.0020"", ""m63@0.0045""]","[""C1"", 1000000, 0, 50000, [[400000, 700000]], 455509]"
syn_64_3_4_09,synthetic,64,3,4,0.16,pareto_dp,True,14982944,0.15925,346.0,44206500,,793680000680436221,"[""m0@0.0020"", ""m1@0.0020"", ""m2@0.0020"", ""m3@0.0045"", ""m4@0.0020"", ""m5@0.0020"", ""m6@0.0020"", ""m7@0.0045"", ""m8@0.0020"", ""m9@0.0020"", ""m10@0.0020"", ""m11@0.0045"", ""m12@0.0020"", ""m13@0.0020"", ""m14@0.0020"", ""m15@0.0045"", ""m16@0.0020"", ""m17@0.0020"", ""m18@0.0020"", ""m19@0.0045"", ""m20@0.0020"", ""m21@0.0020"", ""m22@0.0020"", ""m23@0.0045"", ""m24@0.0020"", ""m25@0.0020"", ""m26@0.0032"", ""m27@0.0045"", ""m28@0.0020"", ""m29@0.0020"", ""m30@0.0020"", ""m31@0.0020"", ""m32@0.0020"", ""m33@0.0020"", ""m34@0.0020"", ""m35@0.0045"", ""m36@0.0020"", ""m37@0.0020"", ""m38@0.0020"", ""m39@0.0045"", ""m40@0.0020"", ""m41@0.0020"", ""m42@0.0020"", ""m43@0.0045"", ""m44@0.0020"", ""m45@0.0020"", ""m46@0.0020"", ""m47@0.0032"", ""m48@0.0020"", ""m49@0.0020"", ""m50@0.0020"", ""m51@0.0045"", ""m52@0.0020"", ""m53@0.0020"", ""m54@0.0020"", ""m55@0.0020"", ""m56@0.0020"", ""m57@0.0020"", ""m58@0.0020"", ""m59@0.0020"", ""m60@0.0020"", ""m61@0.0020"", ""m62@0.0020"", ""m63@0.0032""]","[""C1"", 1000000, 0, 50000, [[400000, 700000]], 455509]"
syn_64_3_4_10,synthetic,64,3,4,0.16,pareto_dp,True,13320772,0.15925,558.0,56066500,,12571357394474679771,"[""m0@0.0020"", ""m1@0.0020"", ""m2@0.0020"", ""m3@0.0045"", ""m4@0.0020"", ""m5@0.0020"", ""m6@0.0032"", ""m7@0.0045"", ""m8@0.0020"", ""m9@0.0020"", ""m10@0.0020"", ""m11@0.0045"", ""m12@0.0020"", ""m13@0.0020"", ""m14@0.0020"", ""m15@0.0045"", ""m16@0.0020"", ""m17@0.0020"", ""m18@0.0032"", ""m19@0.0045"", ""m20@0.0020"", ""m21@0.0020"", ""m22@0.0020"", ""m23@0.0045"", ""m24@0.0020"", ""m25@0.0020"", ""m26@0.0020"", ""m27@0.0045"", ""m28@0.0020"", ""m29@0.0020"", ""m30@0.0020"", ""m31@0.0045"", ""m32@0.0020"", ""m33@0.0020"", ""m34@0.0020"", ""m35@0.0045"", ""m36@0.0020"", ""m37@0.0020"", ""m38@0.0032"", ""m39@0.0020"", ""m40@0.0020"", ""m41@0.0020"", ""m42@0.0020"", ""m43@0.0020"", ""m44@0.0020"", ""m45@0.0020"", ""m46@0.0020"", ""m47@0.0045"", ""m48@0.0020"", ""m49@0.0020"", ""m50@0.0020"", ""m51@0.0020"", ""m52@0.0020"", ""m53@0.0020"", ""m54@0.0020"", ""m55@0.0020"", ""m56@0.0020"", ""m57@0.0020"", ""m58@0.0020"", ""m59@0.0045"", ""m60@0.0020"", ""m61@0.0020"", ""m62@0.0020"", ""m63@0.0020""]","[""C1"", 1000000, 0, 50000, [[400000, 700000]], 455509]"
syn_64_3_4_11,synthetic,64,3,4,0.16,pareto_dp,True,14265270,0.15925,355.0,43475000,,18441561552955516745,"[""m0@0.0020"", ""m1@0.0020"", ""m2@0.0020"", ""m3@0.0020"", ""m4@0.0020"", ""m5@0.0020"", ""m6@0.0020"", ""m7@0.0045"", ""m8@0.0020"", ""m9@0.0020"", ""m10@0.0020"", ""m11@0.0020"", ""m12@0.0020"", ""m13@0.0020"", ""m14@0.0045"", ""m15@0.0045"", ""m16@0.0020"", ""m17@0.0020"", ""m18@0.0045"", ""m19@0.0045"", ""m20@0.0020"", ""m21@0.0020"", ""m22@0.0020"", ""m23@0.0045"", ""m24@0.0020"", ""m25@0.0020"", ""m26@0.0020"", ""m27@0.0032"", ""m28@0.0020"", ""m29@0.0020"", ""m30@0.0020"", ""m31@0.0045"", ""m32@0.0020"", ""m33@0.0020"", ""m34@0.0020"", ""m35@0.0045"", ""m36@0.0020"", ""m37@0.0020"", ""m38@0.0020"", ""m39@0.0020"", ""m40@0.0020"", ""m41@0.0020"", ""m42@0.0020"", ""m43@0.0045"", ""m44@0.0020"", ""m45@0.0020"", ""m46@0.0020"", ""m47@0.0032"", ""m48@0.0020"", ""m49@0.0020"", ""m50@0.0020"", ""m51@0.0032"", ""m52@0.0020"", ""m53@0.0020"", ""m54@0.0020"", ""m55@0.0045"", ""m56@0.0020"", ""m57@0.0020"", ""m58@0.0032"", ""m59@0.0020"", ""m60@0.0020"", ""m61@0.0020"", ""m62@0.0020"", ""m63@0.0032""]","[""C1"", 1000000, 0, 50000, [[400000, 700000]], 455509]"
syn_64_3_4_12,synthetic,64,3,4,0.16,pareto_dp,True,13639370,0.15925,397.0,57032900,,7464240170896700436,"[""m0@0.0020"", ""m1@0.0020"", ""m2@0.0045"", ""m3@0.0045"", ""m4@0.0020"", ""m5@0.0020"", ""m6@0.0032"", ""m7@0.0045"", ""m8@0.0020"", ""m9@0.0020"", ""m10@0.0032"", ""m11@0.0045"", ""m12@0.0020"", ""m13@0.0020"", ""m14@0.0020"", ""m15@0.0020"", ""m16@0.0020"", ""m17@0.0020"", ""m18@0.0020"", ""m19@0.0032"", ""m20@0.0020"", ""m21@0.0020"", ""m22@0.0020"", ""m23@0.0045"", ""m24@0.0020"", ""m25@0.0020"", ""m26@0.0020"", ""m27@0.0045"", ""m28@0.0020"", ""m29@0.0020"", ""m30@0.0020"", ""m31@0.0045"", ""m32@0.0020"", ""m33@0.0020"", ""m34@0.0045"", ""m35@0.0045"", ""m36@0.0020"", ""m37@0.0020"", ""m38@0.0020"", ""m39@0.0020"", ""m40@0.0020"", ""m41@0.0020"", ""m42@0.0020"", ""m43@0.0045"", ""m44@0.0020"", ""m45@0.0020"", ""m46@0.0020"", ""m47@0.0020"", ""m48@0.0020"", ""m49@0.0020"", ""m50@0.0020"", ""m51@0.0020"", ""m52@0.0020"", ""m53@0.0020"", ""m54@0.0020"", ""m55@0.0020"", ""m56@0.0020"", ""m57@0.0020"", ""m58@0.0020"", ""m59@0.0045"", ""m60@0.0020"", ""m61@0.0020"", ""m62@0.0020"", ""m63@0.0020""]","[""C1"", 1000000, 0, 50000, [[400000, 700000]], 455509]"
syn_64_3_4_13,synthetic,64,3,4,0.16,pareto_dp,True,14116721,0.15925,804.0,82174300,,5076199913001021167,"[""m0@0.0020"", ""m1@0.0020"", ""m2@0.0032"", ""m3@0.0045"", ""m4@0.0020"", ""m5@0.0020"", ""m6@0.0045"", ""m7@0.0020"", ""m8@0.0020"", ""m9@0.0020"", ""m10@0.0032"", ""m11@0.0045"", ""m12@0.0020"", ""m13@0.0020"", ""m14@0.0020"", ""m15@0.0032"", ""m16@0.0020"", ""m17@0.0020"", ""m18@0.0020"", ""m19@0.0045"", ""m20@0.0020"", ""m21@0.0020"", ""m22@0.0020"", ""m23@0.0020"", ""m24@0.0020"", ""m25@0.0020"", ""m26@0.0020"", ""m27@0.0020"", ""m28@0.0020"", ""m29@0.0020"", ""m30@0.0020"", ""m31@0.0020"", ""m32@0.0020"", ""m33@0.0020"", ""m34@0.0020"", ""m35@0.0032"", ""m36@0.0020"", ""m37@0.0020"", ""m38@0.0020"", ""m39@0.0045"", ""m40@0.0020"", ""m41@0.0020"", ""m42@0.0020"", ""m43@0.0045"", ""m44@0.0020"", ""m45@0.0020"", ""m46@0.0020"", ""m47@0.0045"", ""m48@0.0020"", ""m49@0.0020"", ""m50@0.0045"", ""m51@0.0032"", ""m52@0.0020"", ""m53@0.0020"", ""m54@0.0020"", ""m55@0.0020"", ""m56@0.0020"", ""m57@0.0020"", ""m58@0.0020"", ""m59@0.0045"", ""m60@0.0020"", ""m61@0.0020"", ""m62@0.0020"", ""m63@0.0045""]","[""C1"", 1000000, 0, 50000, [[400000, 700000]], 455509]"
syn_64_3_4_14,synthetic,64,3,4,0.16,pareto_dp,True,12772664,0.15925,479.0,62321500,,15418576005014179697,"[""m0@0.0020"", ""m1@0.0020"", ""m2@0.0020"", ""m3@0.0020"", ""m4@0.0020"", ""m5@0.0020"", ""m6@0.0020"", ""m7@0.0032"", ""m8@0.0020"", ""m9@0.0020"", ""m10@0.0020"", ""m11@0.0045"", ""m12@0.0020"", ""m13@0.0020"", ""m14@0.0020"", ""m15@0.0045"", ""m16@0.0020"", ""m17@0.0020"", ""m18@0.0020"", ""m19@0.0045"", ""m20@0.0020"", ""m21@0.0020"", ""m22@0.0020"", ""m23@0.0045"", ""m24@0.0020"", ""m25@0.0045"", ""m26@0.0020"", ""m27@0.0045"", ""m28@0.0020"", ""m29@0.0020"", ""m30@0.0020"", ""m31@0.0045"", ""m32@0.0020"", ""m33@0.0020"", ""m34@0.0020"", ""m35@0.0020"", ""m36@0.0020"", ""m37@0.0020"", ""m38@0.0032"", ""m39@0.0045"", ""m40@0.0020"", ""m41@0.0020"", ""m42@0.0020"", ""m43@0.0032"", ""m44@0.0020"", ""m45@0.0020"", ""m46@0.0020"", ""m47@0.0045"", ""m48@0.0020"", ""m49@0.0020"", ""m50@0.0020"", ""m51@0.0020"", ""m52@0.0020"", ""m53@0.0020"", ""m54@0.0020"", ""m55@0.0045"", ""m56@0.0020"", ""m57@0.0020"", ""m58@0.0020"", ""m59@0.0020"", ""m60@0.0020"", ""m61@0.0020"", ""m62@0.0020"", ""m63@0.0045""]","[""C1"", 1000000, 0, 50000, [[400000, 700000]], 455509]"
syn_64_3_4_15,synthetic,64,3,4,0.16,pareto_dp,True,13361951,0.15925,328.0,40127700,,10430191963583858103,"[""m0@0.0020"", ""m1@0.0020"", ""m2@0.0032"", ""m3@0.0045"", ""m4@0.0020"", ""m5@0.0020"", ""m6@0.0045"", ""m7@0.0032"", ""m8@0.0020"", ""m9@0.0020"", ""m10@0.0045"", ""m11@0.0045"", ""m12@0.0020"", ""m13@0.0020"", ""m14@0.0032"", ""m15@0.0020"", ""m16@0.0020"", ""m17@0.0020"", ""m18@0.0020"", ""m19@0.0045"", ""m20@0.0020"", ""m21@0.0020"", ""m22@0.0020"", ""m23@0.0045"", ""m24@0.0020"", ""m25@0.0020"", ""m26@0.0020"", ""m27@0.0045"", ""m28@0.0020"", ""m29@0.0020"", ""m30@0.0020"", ""m31@0.0020"", ""m32@0.0020"", ""m33@0.0020"", ""m34@0.0020"", ""m35@0.0045"", ""m36@0.0020"", ""m37@0.0020"", ""m38@0.0020"", ""m39@0.0020"", ""m40@0.0020"", ""m41@0.0020"", ""m42@0.0020"", ""m43@0.0045"", ""m44@0.0020"", ""m45@0.0020"", ""m46@0.0020"", ""m47@0.0020"", ""m48@0.0020"", ""m49@0.0020"", ""m50@0.0020"", ""m51@0.0045"", ""m52@0.0020"", ""m53@0.0020"", ""m54@0.0020"", ""m55@0.0020"", ""m56@0.0020"", ""m57@0.0020"", ""m58@0.0020"", ""m59@0.0020"", ""m60@0.0020"", ""m61@0.0020"", ""m62@0.0020"", ""m63@0.0045""]","[""C1"", 1000000, 0, 50000, [[400000, 700000]], 455509]"
syn_64_3_4_16,synthetic,64,3,4,0.16,pareto_dp,True,13220045,0.15925,406.0,45027200,,6501374456082001982,"[""m0@0.0020"", ""m1@0.0020"", ""m2@0.0020"", ""m3@0.0045"", ""m4@0.0020"", ""m5@0.0020"", ""m6@0.0020"", ""m7@0.0045"", ""m8@0.0020"", ""m9@0.0020"", ""m10@0.0020"", ""m11@0.0045"", ""m12@0.0020"", ""m13@0.0020"", ""m14@0.0032"", ""m15@0.0045"", ""m16@0.0020"", ""m17@0.0020"", ""m18@0.0045"", ""m19@0.0045"", ""m20@0.0020"", ""m21@0.0020"", ""m22@0.0020"", ""m23@0.0045"", ""m24@0.0020"", ""m25@0.0020"", ""m26@0.0020"", ""m27@0.0045"", ""m28@0.0020"", ""m29@0.0020"", ""m30@0.0020"", ""m31@0.0020"", ""m32@0.0020"", ""m33@0.0020"", ""m34@0.0020"", ""m35@0.0020"", ""m36@0.0020"", ""m37@0.0020"", ""m38@0.0020"", ""m39@0.0020"", ""m40@0.0020"", ""m41@0.0020"", ""m42@0.0032"", ""m43@0.0020"", ""m44@0.0020"", ""m45@0.0020"", ""m46@0.0020"", ""m47@0.0045"", ""m48@0.0020"", ""m49@0.0020"", ""m50@0.0020"", ""m51@0.0045"", ""m52@0.0020"", ""m53@0.0020"", ""m54@0.0032"", ""m55@0.0020"", ""m56@0.0020"", ""m57@0.0020"", ""m58@0.0045"", ""m59@0.0020"", ""m60@0.0020"", ""m61@0.0020"", ""m62@0.0020"", ""m63@0.0020""]","[""C1"", 1000000, 0, 50000, [[400000, 700000]], 455509]"
syn_64_3_4_17,synthetic,64,3,4,0.16,pareto_dp,True,13371990,0.15925,313.0,37033500,,16373037399466622990,"[""m0@0.0020"", ""m1@0.0020"", ""m2@0.0020"", ""m3@0.0045"", ""m4@0.0020"", ""m5@0.0020"", ""m6@0.0020"", ""m7@0.0045"", ""m8@0.0020"", ""m9@0.0020"", ""m10@0.0020"", ""m11@0.0020"", ""m12@0.0020"", ""m13@0.0020"", ""m14@0.0020"", ""m15@0.0020"", ""m16@0.0020"", ""m17@0.0020"", ""m18@0.0020"", ""m19@0.0045"", ""m20@0.0020"", ""m21@0.0020"", ""m22@0.0020"", ""m23@0.0020"", ""m24@0.0020"", ""m25@0.0020"", ""m26@0.0045"", ""m27@0.0045"", ""m28@0.0020"", ""m29@0.0020"", ""m30@0.0020"", ""m31@0.0045"", ""m32@0.0020"", ""m33@0.0020"", ""m34@0.0020"", ""m35@0.0045"", ""m36@0.0020"", ""m37@0.0020"", ""m38@0.0020"", ""m39@0.0045"", ""m40@0.0020"", ""m41@0.0020"", ""m42@0.0020"", ""m43@0.0045"", ""m44@0.0020"", ""m45@0.0020"", ""m46@0.0020"", ""m47@0.0045"", ""m48@0.0020"", ""m49@0.0020"", ""m50@0.0032"", ""m51@0.0032"", ""m52@0.0020"", ""m53@0.0020"", ""m54@0.0020"", ""m55@0.0020"", ""m56@0.0020"", ""m57@0.0020"", ""m58@0.0020"", ""m59@0.0045"", ""m60@0.0020"", ""m61@0.0020"", ""m62@0.0032"", ""m63@0.0020""]","[""C1"", 1000000, 0, 50000, [[400000, 700000]], 455509]"
syn_64_3_4_18,synthetic,64,3,4,0.16,pareto_dp,True,13670610,0.15925,389.0,40455000,,8028286987060057397,"[""m0@0.0020"", ""m1@0.0020"", ""m2@0.0020"", ""m3@0.0045"", ""m4@0.0020"", ""m5@0.0020"", ""m6@0.0032"", ""m7@0.0045"", ""m8@0.0020"", ""m9@0.0020"", ""m10@0.0020"", ""m11@0.0045"", ""m12@0.0020"", ""m13@0.0020"", ""m14@0.0020"", ""m15@0.0045"", ""m16@0.0020"", ""m17@0.0020"", ""m18@0.0020"", ""m19@0.0020"", ""m20@0.0020"", ""m21@0.0020"", ""m22@0.0020"", ""m23@0.0020"", ""m24@0.0020"", ""m25@0.0020"", ""m26@0.0032"", ""m27@0.0045"", ""m28@0.0020"", ""m29@0.0020"", ""m30@0.0020"", ""m31@0.0045"", ""m32@0.0020"", ""m33@0.0020"", ""m34@0.0020"", ""m35@0.0020"", ""m36@0.0020"", ""m37@0.0020"", ""m38@0.0020"", ""m39@0.0045"", ""m40@0.0020"", ""m41@0.0020"", ""m42@0.0045"", ""m43@0.0045"", ""m44@0.0020"", ""m45@0.0020"", ""m46@0.0020"", ""m47@0.0020"", ""m48@0.0020"", ""m49@0.0020"", ""m50@0.0020"", ""m51@0.0032"", ""m52@0.0020"", ""m53@0.0020"", ""m54@0.0020"", ""m55@0.0045"", ""m56@0.0020"", ""m57@0.0020"", ""m58@0.0020"", ""m59@0.0045"", ""m60@0.0020"", ""m61@0.0020"", ""m62@0.0020"", ""m63@0.0020""]","[""C1"", 1000000, 0, 50000, [[400000, 700000]], 455509]"
syn_64_3_4_19,synthetic,64,3,4,0.16,pareto_dp,True,15019016,0.15925,430.0,58133300,,1679794937850552712,"[""m0@0.0020"", ""m1@0.0020"", ""m2@0.0020"", ""m3@0.0032"", ""m4@0.0020"", ""m5@0.0020"", ""m6@0.0020"", ""m7@0.0045"", ""m8@0.0020"", ""m9@0.0020"", ""m10@0.0045"", ""m11@0.0020"", ""m12@0.0020"", ""m13@0.0020"", ""m14@0.0020"", ""m15@0.0045"", ""m16@0.0020"", ""m17@0.0020"", ""m18@0.0020"", ""m19@0.0020"", ""m20@0.0020"", ""m21@0.0020"", ""m22@0.0020"", ""m23@0.0045"", ""m24@0.0020"", ""m25@0.0020"", ""m26@0.0020"", ""m27@0.0045"", ""m28@0.0020"", ""m29@0.0020"", ""m30@0.0020"", ""m31@0.0045"", ""m32@0.0020"", ""m33@0.0020"", ""m34@0.0020"", ""m35@0.0045"", ""m36@0.0020"", ""m37@0.0020"", ""m38@0.0020"", ""m39@0.0045"", ""m40@0.0020"", ""m41@0.0020"", ""m42@0.0020"", ""m43@0.0020"", ""m44@0.0020"", ""m45@0.0020"", ""m46@0.0020"", ""m47@0.0032"", ""m48@0.0020"", ""m49@0.0020"", ""m50@0.0020"", ""m51@0.0045"", ""m52@0.0020"", ""m53@0.0020"", ""m54@0.0020"", ""m55@0.0020"", ""m56@0.0020"", ""m57@0.0020"", ""m58@0.0032"", ""m59@0.0045"", ""m60@0.0020"", ""m61@0.0020"", ""m62@0.0020"", ""m63@0.0045""]","[""C1"", 1000000, 0, 50000, [[400000, 700000]], 455509]"
syn_64_6_1_00,synthetic,64,6,1,0.16,pareto_dp,True,14803165,0.16,1518.0,514819500,,7669293757526627289,"[""m0@0.0020"", ""m1@0.0020"", ""m2@0.0020"", ""m3@0.0040"", ""m4@0.0020"", ""m5@0.0020"", ""m6@0.0020"", ""m7@0.0020"", ""m8@0.0020"", ""m9@0.0020"", ""m10@0.0020"", ""m11@0.0045"", ""m12@0.0020"", ""m13@0.0020"", ""m14@0.0020"", ""m15@0.0040"", ""m16@0.0020"", ""m17@0.0020"", ""m18@0.0020"", ""m19@0.0045"", ""m20@0.0020"", ""m21@0.0020"", ""m22@0.0020"", ""m23@0.0020"", ""m24@0.0020"", ""m25@0.0020"", ""m26@0.0020"", ""m27@0.0020"", ""m28@0.0020"", ""m29@0.0020"", ""m30@0.0020"", ""m31@0.0045"", ""m32@0.0020"", ""m33@0.0020"", ""m34@0.0020"", ""m35@0.0040"", ""m36@0.0020"", ""m37@0.0020"", ""m38@0.0020"", ""m39@0.0045"", ""m40@0.0020"", ""m41@0.0020"", ""m42@0.0020"", ""m43@0.0040"", ""m44@0.0020"", ""m45@0.0020"", ""m46@0.0020"", ""m47@0.0035"", ""m48@0.0020"", ""m49@0.0020"", ""m50@0.0020"", ""m51@0.0040"", ""m52@0.0020"", ""m53@0.0020"", ""m54@0.0020"", ""m55@0.0040"", ""m56@0.0020"", ""m57@0.0020"", ""m58@0.0035"", ""m59@0.0040"", ""m60@0.0020"", ""m61@0.0020"", ""m62@0.0045"", ""m63@0.0045""]","[""C1"", 1000000, 0, 50000, [[400000, 700000]], 455509]"
syn_64_6_1_01,synthetic,64,6,1,0.16,pareto_dp,True,14363833,0.16,1505.0,532608600,,587882540732591805,"[""m0@0.0020"", ""m1@0.0020"", ""m2@0.0020"", ""m3@0.0045"", ""m4@0.0020"", ""m5@0.0020"", ""m6@0.0020"", ""m7@0.0025"", ""m8@0.0020"", ""m9@0.0020"", ""m10@0.0020"", ""m11@0.0040"", ""m12@0.0020"", ""m13@0.0020"", ""m14@0.0020"", ""m15@0.0045"", ""m16@0.0020"", ""m17@0.0020"", ""m18@0.0020"", ""m19@0.0045"", ""m20@0.0020"", ""m21@0.0020"", ""m22@0.0020"", ""m23@0.0045"", ""m24@0.0020"", ""m25@0.0020"", ""m26@0.0020"", ""m27@0.0045"", ""m28@0.0020"", ""m29@0.0020"", ""m30@0.0020"", ""m31@0.0045"", ""m32@0.0020"", ""m33@0.0020"", ""m34@0.0035"", ""m35@0.0035"", ""m36@0.0020"", ""m37@0.0020"", ""m38@0.0020"", ""m39@0.0040"", ""m40@0.0020"", ""m41@0.0020"", ""m42@0.0020"", ""m43@0.0020"", ""m44@0.0020"", ""m45@0.0020"", ""m46@0.0020"", ""m47@0.0045"", ""m48@0.0020"", ""m49@0.0020"", ""m50@0.0020"", ""m51@0.0040"", ""m52@0.0020"", ""m53@0.0020"", ""m54@0.0020"", ""m55@0.0020"", ""m56@0.0020"", ""m57@0.0020"", ""m58@0.0020"", ""m59@0.0045"", ""m60@0.0020"", ""m61@0.0020"", ""m62@0.0020"", ""m63@0.0045""]","[""C1"", 1000000, 0, 50000, [[400000, 700000]], 455509]"
syn_64_6_1_02,synthetic,64,6,1,0.16,pareto_dp,True,13583757,0.16,1295.0,450361500,,482836747780838614,"[""m0@0.0020"", ""m1@0.0020"", ""m2@0.0020"", ""m3@0.0020"", ""m4@0.0020"", ""m5@0.0020"", ""m6@0.0035"", ""m7@0.0045"", ""m8@0.0020"", ""m9@0.0020"", ""m10@0.0045"", ""m11@0.0030"", ""m12@0.0020"", ""m13@0.0020"", ""m14@0.0020"", ""m15@0.0045"", ""m16@0.0020"", ""m17@0.0020"", ""m18@0.0020"", ""m19@0.0020"", ""m20@0.0020"", ""m21@0.0020"", ""m22@0.0020"", ""m23@0.0040"", ""m24@0.0020"", ""m25@0.0020"", ""m26@0.0020"", ""m27@0.0045"", ""m28@0.0020"", ""m29@0.0020"", ""m30@0.0030"", ""m31@0.0045"", ""m32@0.0020"", ""m33@0.0020"", ""m34@0.0045"", ""m35@0.0045"", ""m36@0.0020"", ""m37@0.0020"", ""m38@0.0020"", ""m39@0.0045"", ""m40@0.0020"", ""m41@0.0020"", ""m42@0.0020"", ""m43@0.0020"", ""m44@0.0020"", ""m45@0.0020"", ""m46@0.0020"", ""m47@0.0040"", ""m48@0.0020"", ""m49@0.0020"", ""m50@0.0020"", ""m51@0.0020"", ""m52@0.0020"", ""m53@0.0020"", ""m54@0.0020"", ""m55@0.0045"", ""m56@0.0020"", ""m57@0.0020"", ""m58@0.0020"", ""m59@0.0020"", ""m60@0.0020"", ""m61@0.0020"", ""m62@0.0020"", ""m63@0.0040""]","[""C1"", 1000000, 0, 50000, [[400000, 700000]], 455509]"
syn_64_6_1_03,synthetic,64,6,1,0.16,pareto_dp,True,15047413,0.16,1531.0,541483800,,919807025299262341,"[""m0@0.0020"", ""m1@0.0020"", ""m2@0.0020"", ""m3@0.0045"", ""m4@0.0020"", ""m5@0.0020"", ""m6@0.0030"", ""m7@0.0045"", ""m8@0.0020"", ""m9@0.0020"", ""m10@0.0040"", ""m11@0.0040"", ""m12@0.0020"", ""m13@0.0020"", ""m14@0.0020"", ""m15@0.0020"", ""m16@0.0020"", ""m17@0.0020"", ""m18@0.0020"", ""m19@0.0045"", ""m20@0.0020"", ""m21@0.0020"", ""m22@0.0040"", ""m23@0.0020"", ""m24@0.0020"", ""m25@0.0020"", ""m26@0.0040"", ""m27@0.0035"", ""m28@0.0020"", ""m29@0.0020"", ""m30@0.0020"", ""m31@0.0040"", ""m32@0.0020"", ""m33@0.0020"", ""m34@0.0020"", ""m35@0.0020"", ""m36@0.0020"", ""m37@0.0020"", ""m38@0.0025"", ""m39@0.0040"", ""m40@0.0020"", ""m41@0.0020"", ""m42@0.0020"", ""m43@0.0020"", ""m44@0.0020"", ""m45@0.0020"", ""m46@0.0020"", ""m47@0.0020"", ""m48@0.0020"", ""m49@0.0020"", ""m50@0.0020"", ""m51@0.0040"", ""m52@0.0020"", ""m53@0.0020"", ""m54@0.0025"", ""m55@0.0045"", ""m56@0.0020"", ""m57@0.0020"", ""m58@0.0020"", ""m59@0.0045"", ""m60@0.0020"", ""m61@0.0020"", ""m62@0.0020"", ""m63@0.0040""]","[""C1"", 1000000, 0, 50000, [[400000, 700000]], 455509]"
syn_64_6_1_04,synthetic,64,6,1,0.16,pareto_dp,True,12856686,0.16,1658.0,597856800,,10848257833683766246,"[""m0@0.0020"", ""m1@0.0020"", ""m2@0.0040"", ""m3@0.0020"", ""m4@0.0020"", ""m5@0.0020"", ""m6@0.0025"", ""m7@0.0020"", ""m8@0.0020"", ""m9@0.0020"", ""m10@0.0020"", ""m11@0.0040"", ""m12@0.0020"", ""m13@0.0020"", ""m14@0.0020"", ""m15@0.0045"", ""m16@0.0020"", ""m17@0.0020"", ""m18@0.0020"", ""m19@0.0020"", ""m20@0.0020"", ""m21@0.0020"", ""m22@0.0020"", ""m23@0.0045"", ""m24@0.0020"", ""m25@0.0020"", ""m26@0.0035"", ""m27@0.0020"", ""m28@0.0020"", ""m29@0.0020"", ""m30@0.0045"", ""m31@0.0045"", ""m32@0.0020"", ""m33@0.0020"", ""m34@0.0020"", ""m35@0.0020"", ""m36@0.0020"", ""m37@0.0020"", ""m38@0.0020"", ""m39@0.0030"", ""m40@0.0020"", ""m41@0.0020"", ""m42@0.0040"", ""m43@0.0020"", ""m44@0.0020"", ""m45@0.0020"", ""m46@0.0045"", ""m47@0.0030"", ""m48@0.0020"", ""m49@0.0020"", ""m50@0.0020"", ""m51@0.0045"", ""m52@0.0020"", ""m53@0.0020"", ""m54@0.0045"", ""m55@0.0045"", ""m56@0.0020"", ""m57@0.0020"", ""m58@0.0020"", ""m59@0.0020"", ""m60@0.0020"", ""m61@0.0020"", ""m62@0.0020"", ""m63@0.0040""]","[""C1"", 1000000, 0, 50000, [[400000, 700000]], 455509]"
syn_64_6_1_05,synthetic,64,6,1,0.16,pareto_dp,True,13672469,0.16,1858.0,684218400,,701212847398022478,"[""m0@0.0020"", ""m1@0.0020"", ""m2@0.0020"", ""m3@0.0020"", ""m4@0.0020"", ""m5@0.0020"", ""m6@0.0020"", ""m7@0.0045"", ""m8@0.0020"", ""m9@0.0020"", ""m10@0.0020"", ""m11@0.0030"", ""m12@0.0020"", ""m13@0.0020"", ""m14@0.0020"", ""m15@0.0035"", ""m16@0.0020"", ""m17@0.0020"", ""m18@0.0040"", ""m19@0.0045"", ""m20@0.0020"", ""m21@0.0020"", ""m22@0.0035"", ""m23@0.0045"", ""m24@0.0020"", ""m25@0.0020"", ""m26@0.0020"", ""m27@0.0020"", ""m28@0.0020"", ""m29@0.0020"", ""m30@0.0020"", ""m31@0.0020"", ""m32@0.0020"", ""m33@0.0020"", ""m34@0.0020"", ""m35@0.0040"", ""m36@0.0020"", ""m37@0.0020"", ""m38@0.0040"", ""m39@0.0045"", ""m40@0.0020"", ""m41@0.0020"", ""m42@0.0040"", ""m43@0.0020"", ""m44@0.0020"", ""m45@0.0020"", ""m46@0.0020"", ""m47@0.0040"", ""m48@0.0020"", ""m49@0.0020"", ""m50@0.0020"", ""m51@0.0040"", ""m52@0.0020"", ""m53@0.0020"", ""m54@0.0020"", ""m55@0.0020"", ""m56@0.0020"", ""m57@0.0020"", ""m58@0.0040"", ""m59@0.0035"", ""m60@0.0020"", ""m61@0.0020"", ""m62@0.0020"", ""m63@0.0045""]","[""C1"", 1000000, 0, 50000, [[400000, 700000]], 455509]"
syn_64_6_1_06,synthetic,64,6,1,0.16,pareto_dp,True,13829766,0.16,1198.0,416087200,,18311539762274592212,"[""m0@0.0020"", ""m1@0.0020"", ""m2@0.0020"", ""m3@0.0020"", ""m4@0.0020"", ""m5@0.0020"", ""m6@0.0020"", ""m7@0.0045"", ""m8@0.0020"", ""m9@0.0020"", ""m10@0.0020"", ""m11@0.0020"", ""m12@0.0020"", ""m13@0.0020"", ""m14@0.0030"", ""m15@0.0045"", ""m16@0.0020"", ""m17@0.0020"", ""m18@0.0020"", ""m19@0.0045"", ""m20@0.0020"", ""m21@0.0020"", ""m22@0.0020"", ""m23@0.0040"", ""m24@0.0020"", ""m25@0.0020"", ""m26@0.0020"", ""m27@0.0045"", ""m28@0.0020"", ""m29@0.0020"", ""m30@0.0020"", ""m31@0.0045"", ""m32@0.0020"", ""m33@0.0020"", ""m34@0.0020"", ""m35@0.0040"", ""m36@0.0020"", ""m37@0.0020"", ""m38@0.0035"", ""m39@0.0035"", ""m40@0.0020"", ""m41@0.0020"", ""m42@0.0020"", ""m43@0.0045"", ""m44@0.0020"", ""m45@0.0020"", ""m46@0.0020"", ""m47@0.0045"", ""m48@0.0020"", ""m49@0.0020"", ""m50@0.0020"", ""m51@0.0020"", ""m52@0.0020"", ""m53@0.0020"", ""m54@0.0020"", ""m55@0.0035"", ""m56@0.0020"", ""m57@0.0020"", ""m58@0.0020"", ""m59@0.0045"", ""m60@0.0020"", ""m61@0.0020"", ""m62@0.0020"", ""m63@0.0045""]","[""C1"", 1000000, 0, 50000, [[400000, 700000]], 455509]"
syn_64_6_1_07,synthetic,64,6,1,0.16,pareto_dp,True,13769532,0.16,1407.0,474762800,,12925256537010809864,"[""m0@0.0020"", ""m1@0.0020"", ""m2@0.0020"", ""m3@0.0045"", ""m4@0.0020"", ""m5@0.0020"", ""m6@0.0020"", ""m7@0.0045"", ""m8@0.0020"", ""m9@0.0020"", ""m10@0.0020"", ""m11@0.0035"", ""m12@0.0020"", ""m13@0.0020"", ""m14@0.0020"", ""m15@0.0045"", ""m16@0.0020"", ""m17@0.0020"", ""m18@0.0020"", ""m19@0.0040"", ""m20@0.0020"", ""m21@0.0020"", ""m22@0.0020"", ""m23@0.0045"", ""m24@0.0020"", ""m25@0.0020"", ""m26@0.0020"", ""m27@0.0025"", ""m28@0.0020"", ""m29@0.0020"", ""m30@0.0020"", ""m31@0.0020"", ""m32@0.0020"", ""m33@0.0020"", ""m34@0.0020"", ""m35@0.0020"", ""m36@0.0020"", ""m37@0.0020"", ""m38@0.0020"", ""m39@0.0045"", ""m40@0.0020"", ""m41@0.0020"", ""m42@0.0025"", ""m43@0.0045"", ""m44@0.0020"", ""m45@0.0020"", ""m46@0.0020"", ""m47@0.0045"", ""m48@0.0020"", ""m49@0.0020"", ""m50@0.0020"", ""m51@0.0045"", ""m52@0.0020"", ""m53@0.0020"", ""m54@0.0020"", ""m55@0.0020"", ""m56@0.0020"", ""m57@0.0020"", ""m58@0.0040"", ""m59@0.0045"", ""m60@0.0020"", ""m61@0.0020"", ""m62@0.0035"", ""m63@0.0035""]","[""C1"", 1000000, 0, 50000, [[400000, 700000]], 455509]"
syn_64_6_1_08,synthetic,64,6,1,0.16,pareto_dp,True,14765226,0.16,1721.0,632098700,,12122369113036485483,"[""m0@0.0020"", ""m1@0.0020"", ""m2@0.0020"", ""m3@0.0045"", ""m4@0.0020"", ""m5@0.0020"", ""m6@0.0020"", ""m7@0.0040"", ""m8@0.0020"", ""m9@0.0020"", ""m10@0.0020"", ""m11@0.0020"", ""m12@0.0020"", ""m13@0.0020"", ""m14@0.0020"", ""m15@0.0040"", ""m16@0.0020"", ""m17@0.0020"", ""m18@0.0020"", ""m19@0.0030"", ""m20@0.0020"", ""m21@0.0020"", ""m22@0.0020"", ""m23@0.0020"", ""m24@0.0020"", ""m25@0.0020"", ""m26@0.0020"", ""m27@0.0045"", ""m28@0.0020"", ""m29@0.0020"", ""m30@0.0020"", ""m31@0.0020"", ""m32@0.0020"", ""m33@0.0020"", ""m34@0.0020"", ""m35@0.0030"", ""m36@0.0020"", ""m37@0.0020"", ""m38@0.0020"", ""m39@0.0045"", ""m40@0.0020"", ""m41@0.0020"", ""m42@0.0020"", ""m43@0.0045"", ""m44@0.0020"", ""m45@0.0020"", ""m46@0.0020"", ""m47@0.0045"", ""m48@0.0020"", ""m49@0.0020"", ""m50@0.0020"", ""m51@0.0040"", ""m52@0.0020"", ""m53@0.0020"", ""m54@0.0040"", ""m55@0.0040"", ""m56@0.0020"", ""m57@0.0020"", ""m58@0.0045"", ""m59@0.0045"", ""m60@0.0020"", ""m61@0.0020"", ""m62@0.0020"", ""m63@0.0045""]","[""C1"", 1000000, 0, 50000, [[400000, 700000]], 455509]"
syn_64_6_1_09,synthetic,64,6,1,0.16,pareto_dp,True,13799206,0.16,2005.0,635329900,,12135787468420587848,"[""m0@0.0020"", ""m1@0.0020"", ""m2@0.0020"", ""m3@0.0045"", ""m4@0.0020"", ""m5@0.0020"", ""m6@0.0020"", ""m7@0.0030"", ""m8@0.0020"", ""m9@0.0020"", ""m10@0.0020"", ""m11@0.0045"", ""m12@0.0020"", ""m13@0.0020"", ""m14@0.0020"", ""m15@0.0045"", ""m16@0.0020"", ""m17@0.0020"", ""m18@0.0040"", ""m19@0.0040"", ""m20@0.0020"", ""m21@0.0020"", ""m22@0.0020"", ""m23@0.0020"", ""m24@0.0020"", ""m25@0.0020"", ""m26@0.0020"", ""m27@0.0045"", ""m28@0.0020"", ""m29@0.0020"", ""m30@0.0035"", ""m31@0.0045"", ""m32@0.0020"", ""m33@0.0020"", ""m34@0.0020"", ""m35@0.0020"", ""m36@0.0020"", ""m37@0.0020"", ""m38@0.0030"", ""m39@0.0020"", ""m40@0.0020"", ""m41@0.0020"", ""m42@0.0025"", ""m43@0.0040"", ""m44@0.0020"", ""m45@0.0020"", ""m46@0.0020"", ""m47@0.0045"", ""m48@0.0020"", ""m49@0.0020"", ""m50@0.0040"", ""m51@0.0045"", ""m52@0.0020"", ""m53@0.0020"", ""m54@0.0020"", ""m55@0.0045"", ""m56@0.0020"", ""m57@0.0020"", ""m58@0.0020"", ""m59@0.0020"", ""m60@0.0020"", ""m61@0.0020"", ""m62@0.0020"", ""m63@0.0020""]","[""C1"", 1000000, 0, 50000, [[400000, 700000]], 455509]"
syn_64_6_1_10,synthetic,64,6,1,0.16,pareto_dp,True,13557964,0.16,1714.0,520102700,,713892696322918967,"[""m0@0.0020"", ""m1@0.0020"", ""m2@0.0020"", ""m3@0.0045"", ""m4@0.0020"", ""m5@0.0020"", ""m6@0.0020"", ""m7@0.0045"", ""m8@0.0020"", ""m9@0.0020"", ""m10@0.0045"", ""m11@0.0020"", ""m12@0.0020"", ""m13@0.0020"", ""m14@0.0020"", ""m15@0.0040"", ""m16@0.0020"", ""m17@0.0020"", ""m18@0.0020"", ""m19@0.0045"", ""m20@0.0020"", ""m21@0.0020"", ""m22@0.0020"", ""m23@0.0045"", ""m24@0.0020"", ""m25@0.0020"", ""m26@0.0020"", ""m27@0.0020"", ""m28@0.0020"", ""m29@0.0020"", ""m30@0.0035"", ""m31@0.0040"", ""m32@0.0020"", ""m33@0.0020"", ""m34@0.0020"", ""m35@0.0020"", ""m36@0.0020"", ""m37@0.0020"", ""m38@0.0020"", ""m39@0.0040"", ""m40@0.0020"", ""m41@0.0020"", ""m42@0.0020"", ""m43@0.0045"", ""m44@0.0020"", ""m45@0.0020"", ""m46@0.0020"", ""m47@0.0045"", ""m48@0.0020"", ""m49@0.0020"", ""m50@0.0020"", ""m51@0.0040"", ""m52@0.0020"", ""m53@0.0020"", ""m54@0.0020"", ""m55@0.0045"", ""m56@0.0020"", ""m57@0.0020"", ""m58@0.0020"", ""m59@0.0045"", ""m60@0.0020"", ""m61@0.0020"", ""m62@0.0020"", ""m63@0.0020""]","[""C1"", 1000000, 0, 50000, [[400000, 700000]], 455509]"
syn_64_6_1_11,synthetic,64,6,1,0.16,pareto_dp,True,14030908,0.16,1565.0,576404800,,5420687063656454424,"[""m0@0.0020"", ""m1@0.0020"", ""m2@0.0045"", ""m3@0.0020"", ""m4@0.0020"", ""m5@0.0020"", ""m6@0.0020"", ""m7@0.0035"", ""m8@0.0020"", ""m9@0.0020"", ""m10@0.0030"", ""m11@0.0045"", ""m12@0.0020"", ""m13@0.0020"", ""m14@0.0040"", ""m15@0.0045"", ""m16@0.0020"", ""m17@0.0020"", ""m18@0.0020"", ""m19@0.0040"", ""m20@0.0020"", ""m21@0.0020"", ""m22@0.0020"", ""m23@0.0020"", ""m24@0.0020"", ""m25@0.0020"", ""m26@0.0020"", ""m27@0.0020"", ""m28@0.0020"", ""m29@0.0020"", ""m30@0.0020"", ""m31@0.0025"", ""m32@0.0020"", ""m33@0.0020"", ""m34@0.0020"", ""m35@0.0020"", ""m36@0.0020"", ""m37@0.0020"", ""m38@0.0035"", ""m39@0.0045"", ""m40@0.0020"", ""m41@0.0020"", ""m42@0.0020"", ""m43@0.0045"", ""m44@0.0020"", ""m45@0.0020"", ""m46@0.0035"", ""m47@0.0045"", ""m48@0.0020"", ""m49@0.0020"", ""m50@0.0045"", ""m51@0.0020"", ""m52@0.0020"", ""m53@0.0020"", ""m54@0.0020"", ""m55@0.0045"", ""m56@0.0020"", ""m57@0.0020"", ""m58@0.0020"", ""m59@0.0040"", ""m60@0.0020"", ""m61@0.0020"", ""m62@0.0020"", ""m63@0.0020""]","[""C1"", 1000000, 0, 50000, [[400000, 700000]], 455509]"
syn_64_6_1_12,synthetic,64,6,1,0.16,pareto_dp,True,13867335,0.16,1410.0,506071100,,13030009623190409583,"[""m0@0.0020"", ""m1@0.0020"", ""m2@0.0020"", ""m3@0.0025"", ""m4@0.0020"", ""m5@0.0020"", ""m6@0.0020"", ""m7@0.0035"", ""m8@0.0020"", ""m9@0.0020"", ""m10@0.0020"", ""m11@0.0045"", ""m12@0.0020"", ""m13@0.0020"", ""m14@0.0020"", ""m15@0.0045"", ""m16@0.0020"", ""m17@0.0020"", ""m18@0.0020"", ""m19@0.0020"", ""m20@0.0020"", ""m21@0.0020"", ""m22@0.0020"", ""m23@0.0020"", ""m24@0.0020"", ""m25@0.0020"", ""m26@0.0020"", ""m27@0.0040"", ""m28@0.0020"", ""m29@0.0020"", ""m30@0.0020"", ""m31@0.0045"", ""m32@0.0020"", ""m33@0.0020"", ""m34@0.0045"", ""m35@0.0040"", ""m36@0.0020"", ""m37@0.0020"", ""m38@0.0020"", ""m39@0.0030"", ""m40@0.0020"", ""m41@0.0020"", ""m42@0.0020"", ""m43@0.0045"", ""m44@0.0020"", ""m45@0.0020"", ""m46@0.0020"", ""m47@0.0045"", ""m48@0.0020"", ""m49@0.0020"", ""m50@0.0030"", ""m51@0.0035"", ""m52@0.0020"", ""m53@0.0020"", ""m54@0.0020"", ""m55@0.0040"", ""m56@0.0020"", ""m57@0.0020"", ""m58@0.0020"", ""m59@0.0045"", ""m60@0.0020"", ""m61@0.0020"", ""m62@0.0025"", ""m63@0.0045""]","[""C1"", 1000000, 0, 50000, [[400000, 700000]], 455509]"
syn_64_6_1_13,synthetic,64,6,1,0.16,pareto_dp,True,14320338,0.16,1257.0,405673700,,4598266180628364472,"[""m0@0.0020"", ""m1@0.0020"", ""m2@0.0020"", ""m3@0.0040"", ""m4@0.0020"", ""m5@0.0020"", ""m6@0.0020"", ""m7@0.0045"", ""m8@0.0020"", ""m9@0.0020"", ""m10@0.0020"", ""m11@0.0020"", ""m12@0.0020"", ""m13@0.0020"", ""m14@0.0020"", ""m15@0.0045"", ""m16@0.0020"", ""m17@0.0020"", ""m18@0.0020"", ""m19@0.0045"", ""m20@0.0020"", ""m21@0.0020"", ""m22@0.0020"", ""m23@0.0040"", ""m24@0.0020"", ""m25@0.0020"", ""m26@0.0020"", ""m27@0.0020"", ""m28@0.0020"", ""m29@0.0020"", ""m30@0.0020"", ""m31@0.0045"", ""m32@0.0020"", ""m33@0.0020"", ""m34@0.0020"", ""m35@0.0045"", ""m36@0.0020"", ""m37@0.0020"", ""m38@0.0020"", ""m39@0.0040"", ""m40@0.0020"", ""m41@0.0020"", ""m42@0.0020"", ""m43@0.0045"", ""m44@0.0020"", ""m45@0.0020"", ""m46@0.0020"", ""m47@0.0045"", ""m48@0.0020"", ""m49@0.0020"", ""m50@0.0020"", ""m51@0.0045"", ""m52@0.0020"", ""m53@0.0020"", ""m54@0.0020"", ""m55@0.0035"", ""m56@0.0020"", ""m57@0.0020"", ""m58@0.0020"", ""m59@0.0040"", ""m60@0.0020"", ""m61@0.0020"", ""m62@0.0020"", ""m63@0.0045""]","[""C1"", 1000000, 0, 50000, [[400000, 700000]], 455509]"
syn_64_6_1_14,synthetic,64,6,1,0.16,pareto_dp,True,14103404,0.16,1327.0,488772600,,1795340610889503019,"[""m0@0.0020"", ""m1@0.0020"", ""m2@0.0020"", ""m3@0.0045"", ""m4@0.0020"", ""m5@0.0020"", ""m6@0.0020"", ""m7@0.0045"", ""m8@0.0020"", ""m9@0.0020"", ""m10@0.0020"", ""m11@0.0045"", ""m12@0.0020"", ""m13@0.0020"", ""m14@0.0020"", ""m15@0.0040"", ""m16@0.0020"", ""m17@0.0020"", ""m18@0.0020"", ""m19@0.0020"", ""m20@0.0020"", ""m21@0.0020"", ""m22@0.0020"", ""m23@0.0045"", ""m24@0.0020"", ""m25@0.0020"", ""m26@0.0040"", ""m27@0.0040"", ""m28@0.0020"", ""m29@0.0020"", ""m30@0.0020"", ""m31@0.0020"", ""m32@0.0020"", ""m33@0.0020"", ""m34@0.0035"", ""m35@0.0045"", ""m36@0.0020"", ""m37@0.0020"", ""m38@0.0040"", ""m39@0.0045"", ""m40@0.0020"", ""m41@0.0020"", ""m42@0.0020"", ""m43@0.0045"", ""m44@0.0020"", ""m45@0.0020"", ""m46@0.0020"", ""m47@0.0020"", ""m48@0.0020"", ""m49@0.0020"", ""m50@0.0020"", ""m51@0.0045"", ""m52@0.0020"", ""m53@0.0020"", ""m54@0.0020"", ""m55@0.0040"", ""m56@0.0020"", ""m57@0.0020"", ""m58@0.0025"", ""m59@0.0020"", ""m60@0.0020"", ""m61@0.0020"", ""m62@0.0020"", ""m63@0.0020""]","[""C1"", 1000000, 0, 50000, [[400000, 700000]], 455509]"
syn_64_6_1_15,synthetic,64,6,1,0.16,pareto_dp,True,13532640,0.16,1695.0,544039100,,4379602669909051751,"[""m0@0.0020"", ""m1@0.0020"", ""m2@0.0020"", ""m3@0.0025"", ""m4@0.0020"", ""m5@0.0020"", ""m6@0.0020"", ""m7@0.0045"", ""m8@0.0020"", ""m9@0.0020"", ""m10@0.0020"", ""m11@0.0020"", ""m12@0.0020"", ""m13@0.0020"", ""m14@0.0020"", ""m15@0.0040"", ""m16@0.0020"", ""m17@0.0020"", ""m18@0.0020"", ""m19@0.0045"", ""m20@0.0020"", ""m21@0.0020"", ""m22@0.0035"", ""m23@0.0040"", ""m24@0.0020"", ""m25@0.0020"", ""m26@0.0020"", ""m27@0.0045"", ""m28@0.0020"", ""m29@0.0020"", ""m30@0.0020"", ""m31@0.0045"", ""m32@0.0020"", ""m33@0.0020"", ""m34@0.0020"", ""m35@0.0030"", ""m36@0.0020"", ""m37@0.0020"", ""m38@0.0025"", ""m39@0.0040"", ""m40@0.0020"", ""m41@0.0020"", ""m42@0.0020"", ""m43@0.0020"", ""m44@0.0020"", ""m45@0.0020"", ""m46@0.0035"", ""m47@0.0020"", ""m48@0.0020"", ""m49@0.0020"", ""m50@0.0020"", ""m51@0.0045"", ""m52@0.0020"", ""m53@0.0020"", ""m54@0.0040"", ""m55@0.0040"", ""m56@0.0020"", ""m57@0.0020"", ""m58@0.0020"", ""m59@0.0020"", ""m60@0.0020"", ""m61@0.0020"", ""m62@0.0045"", ""m63@0.0040""]","[""C1"", 1000000, 0, 50000, [[400000, 700000]], 455509]"
syn_64_6_1_16,synthetic,64,6,1,0.16,pareto_dp,True,12766400,0.16,1804.0,618024300,,7042567379425038166,"[""m0@0.0020"", ""m1@0.0020"", ""m2@0.0045"", ""m3@0.0045"", ""m4@0.0020"", ""m5@0.0020"", ""m6@0.0020"", ""m7@0.0020"", ""m8@0.0020"", ""m9@0.0020"", ""m10@0.0020"", ""m11@0.0040"", ""m12@0.0020"", ""m13@0.0020"", ""m14@0.0020"", ""m15@0.0045"", ""m16@0.0020"", ""m17@0.0020"", ""m18@0.0020"", ""m19@0.0020"", ""m20@0.0020"", ""m21@0.0020"", ""m22@0.0035"", ""m23@0.0040"", ""m24@0.0020"", ""m25@0.0020"", ""m26@0.0020"", ""m27@0.0045"", ""m28@0.0020"", ""m29@0.0020"", ""m30@0.0035"", ""m31@0.0020"", ""m32@0.0020"", ""m33@0.0020"", ""m34@0.0025"", ""m35@0.0030"", ""m36@0.0020"", ""m37@0.0020"", ""m38@0.0020"", ""m39@0.0030"", ""m40@0.0020"", ""m41@0.0020"", ""m42@0.0020"", ""m43@0.0020"", ""m44@0.0020"", ""m45@0.0020"", ""m46@0.0020"", ""m47@0.0045"", ""m48@0.0020"", ""m49@0.0020"", ""m50@0.0045"", ""m51@0.0020"", ""m52@0.0020"", ""m53@0.0020"", ""m54@0.0020"", ""m55@0.0045"", ""m56@0.0020"", ""m57@0.0020"", ""m58@0.0025"", ""m59@0.0045"", ""m60@0.0020"", ""m61@0.0020"", ""m62@0.0020"", ""m63@0.0040""]","[""C1"", 1000000, 0, 50000, [[400000, 700000]], 455509]"
syn_64_6_1_17,synthetic,64,6,1,0.16,pareto_dp,True,15672790,0.16,1396.0,492439400,,15749496619910114936,"[""m0@0.0020"", ""m1@0.0020"", ""m2@0.0020"", ""m3@0.0045"", ""m4@0.0020"", ""m5@0.0020"", ""m6@0.0020"", ""m7@0.0040"", ""m8@0.0020"", ""m9@0.0020"", ""m10@0.0020"", ""m11@0.0020"", ""m12@0.0020"", ""m13@0.0020"", ""m14@0.0020"", ""m15@0.0045"", ""m16@0.0020"", ""m17@0.0020"", ""m18@0.0020"", ""m19@0.0045"", ""m20@0.0020"", ""m21@0.0020"", ""m22@0.0030"", ""m23@0.0040"", ""m24@0.0020"", ""m25@0.0020"", ""m26@0.0020"", ""m27@0.0045"", ""m28@0.0020"", ""m29@0.0020"", ""m30@0.0020"", ""m31@0.0045"", ""m32@0.0020"", ""m33@0.0020"", ""m34@0.0020"", ""m35@0.0020"", ""m36@0.0020"", ""m37@0.0020"", ""m38@0.0020"", ""m39@0.0025"", ""m40@0.0020"", ""m41@0.0020"", ""m42@0.0020"", ""m43@0.0040"", ""m44@0.0020"", ""m45@0.0020"", ""m46@0.0020"", ""m47@0.0040"", ""m48@0.0020"", ""m49@0.0020"", ""m50@0.0020"", ""m51@0.0045"", ""m52@0.0020"", ""m53@0.0020"", ""m54@0.0020"", ""m55@0.0045"", ""m56@0.0020"", ""m57@0.0020"", ""m58@0.0030"", ""m59@0.0020"", ""m60@0.0020"", ""m61@0.0020"", ""m62@0.0035"", ""m63@0.0045""]","[""C1"", 1000000, 0, 50000, [[400000, 700000]], 455509]"
syn_64_6_1_18,synthetic,64,6,1,0.16,pareto_dp,True,13758049,0.16,1707.0,673320800,,2982851499139353465,"[""m0@0.0020"", ""m1@0.0020"", ""m2@0.0045"", ""m3@0.0030"", ""m4@0.0020"", ""m5@0.0020"", ""m6@0.0020"", ""m7@0.0045"", ""m8@0.0020"", ""m9@0.0020"", ""m10@0.0020"", ""m11@0.0045"", ""m12@0.0020"", ""m13@0.0020"", ""m14@0.0030"", ""m15@0.0040"", ""m16@0.0020"", ""m17@0.0020"", ""m18@0.0020"", ""m19@0.0045"", ""m20@0.0020"", ""m21@0.0020"", ""m22@0.0020"", ""m23@0.0045"", ""m24@0.0020"", ""m25@0.0020"", ""m26@0.0040"", ""m27@0.0040"", ""m28@0.0020"", ""m29@0.0020"", ""m30@0.0020"", ""m31@0.0045"", ""m32@0.0020"", ""m33@0.0020"", ""m34@0.0020"", ""m35@0.0045"", ""m36@0.0020"", ""m37@0.0020"", ""m38@0.0020"", ""m39@0.0040"", ""m40@0.0020"", ""m41@0.0020"", ""m42@0.0020"", ""m43@0.0040"", ""m44@0.0020"", ""m45@0.0020"", ""m46@0.0020"", ""m47@0.0020"", ""m48@0.0020"", ""m49@0.0020"", ""m50@0.0020"", ""m51@0.0020"", ""m52@0.0020"", ""m53@0.0020"", ""m54@0.0020"", ""m55@0.0045"", ""m56@0.0020"", ""m57@0.0020"", ""m58@0.0020"", ""m59@0.0020"", ""m60@0.0020"", ""m61@0.0020"", ""m62@0.0020"", ""m63@0.0020""]","[""C1"", 1000000, 0, 50000, [[400000, 700000]], 455509]"
syn_64_6_1_19,synthetic,64,6,1,0.16,pareto_dp,True,15090944,0.16,1614.0,568071200,,10607010650790489956,"[""m0@0.0020"", ""m1@0.0020"", ""m2@0.0020"", ""m3@0.0045"", ""m4@0.0020"", ""m5@0.0020"", ""m6@0.0020"", ""m7@0.0020"", ""m8@0.0020"", ""m9@0.0020"", ""m10@0.0025"", ""m11@0.0045"", ""m12@0.0020"", ""m13@0.0020"", ""m14@0.0020"", ""m15@0.0035"", ""m16@0.0020"", ""m17@0.0020"", ""m18@0.0020"", ""m19@0.0045"", ""m20@0.0020"", ""m21@0.0020"", ""m22@0.0020"", ""m23@0.0020"", ""m24@0.0020"", ""m25@0.0020"", ""m26@0.0020"", ""m27@0.0045"", ""m28@0.0020"", ""m29@0.0020"", ""m30@0.0020"", ""m31@0.0045"", ""m32@0.0020"", ""m33@0.0020"", ""m34@0.0020"", ""m35@0.0045"", ""m36@0.0020"", ""m37@0.0020"", ""m38@0.0020"", ""m39@0.0040"", ""m40@0.0020"", ""m41@0.0020"", ""m42@0.0030"", ""m43@0.0045"", ""m44@0.0020"", ""m45@0.0020"", ""m46@0.0020"", ""m47@0.0020"", ""m48@0.0020"", ""m49@0.0020"", ""m50@0.0020"", ""m51@0.0045"", ""m52@0.0020"", ""m53@0.0020"", ""m54@0.0020"", ""m55@0.0045"", ""m56@0.0020"", ""m57@0.0020"", ""m58@0.0020"", ""m59@0.0040"", ""m60@0.0020"", ""m61@0.0020"", ""m62@0.0020"", ""m63@0.0045""]","[""C1"", 1000000, 0, 50000, [[400000, 700000]], 455509]"
syn_64_6_4_00,synthetic,64,6,4,0.16,pareto_dp,True,13903240,0.16,1096.0,274149900,,3237266468058526366,"[""m0@0.0020"", ""m1@0.0020"", ""m2@0.0020"", ""m3@0.0045"", ""m4@0.0020"", ""m5@0.0020"", ""m6@0.0035"", ""m7@0.0045"", ""m8@0.0020"", ""m9@0.0020"", ""m10@0.0040"", ""m11@0.0040"", ""m12@0.0020"", ""m13@0.0020"", ""m14@0.0020"", ""m15@0.0020"", ""m16@0.0020"", ""m17@0.0020"", ""m18@0.0020"", ""m19@0.0030"", ""m20@0.0020"", ""m21@0.0020"", ""m22@0.0020"", ""m23@0.0045"", ""m24@0.0020"", ""m25@0.0020"", ""m26@0.0020"", ""m27@0.0045"", ""m28@0.0020"", ""m29@0.0020"", ""m30@0.0020"", ""m31@0.0045"", ""m32@0.0020"", ""m33@0.0020"", ""m34@0.0020"", ""m35@0.0020"", ""m36@0.0020"", ""m37@0.0020"", ""m38@0.0020"", ""m39@0.0040"", ""m40@0.0020"", ""m41@0.0020"", ""m42@0.0020"", ""m43@0.0030"", ""m44@0.0020"", ""m45@0.0020"", ""m46@0.0020"", ""m47@0.0035"", ""m48@0.0020"", ""m49@0.0020"", ""m50@0.0020"", ""m51@0.0035"", ""m52@0.0020"", ""m53@0.0020"", ""m54@0.0020"", ""m55@0.0045"", ""m56@0.0020"", ""m57@0.0020"", ""m58@0.0020"", ""m59@0.0045"", ""m60@0.0020"", ""m61@0.0020"", ""m62@0.0020"", ""m63@0.0040""]","[""C1"", 1000000, 0, 50000, [[400000, 700000]], 455509]"
syn_64_6_4_01,synthetic,64,6,4,0.16,pareto_dp,True,14054458,0.16,1470.0,372744000,,18137032686006033800,"[""m0@0.0020"", ""m1@0.0020"", ""m2@0.0035"", ""m3@0.0020"", ""m4@0.0020"", ""m5@0.0020"", ""m6@0.0020"", ""m7@0.0045"", ""m8@0.0020"", ""m9@0.0020"", ""m10@0.0020"", ""m11@0.0045"", ""m12@0.0020"", ""m13@0.0020"", ""m14@0.0020"", ""m15@0.0045"", ""m16@0.0020"", ""m17@0.0020"", ""m18@0.0040"", ""m19@0.0030"", ""m20@0.0020"", ""m21@0.0020"", ""m22@0.0020"", ""m23@0.0045"", ""m24@0.0020"", ""m25@0.0020"", ""m26@0.0020"", ""m27@0.0035"", ""m28@0.0020"", ""m29@0.0020"", ""m30@0.0020"", ""m31@0.0035"", ""m32@0.0020"", ""m33@0.0020"", ""m34@0.0020"", ""m35@0.0045"", ""m36@0.0020"", ""m37@0.0020"", ""m38@0.0020"", ""m39@0.0040"", ""m40@0.0020"", ""m41@0.0020"", ""m42@0.0020"", ""m43@0.0045"", ""m44@0.0020"", ""m45@0.0020"", ""m46@0.0020"", ""m47@0.0020"", ""m48@0.0020"", ""m49@0.0020"", ""m50@0.0020"", ""m51@0.0045"", ""m52@0.0020"", ""m53@0.0020"", ""m54@0.0020"", ""m55@0.0045"", ""m56@0.0020"", ""m57@0.0020"", ""m58@0.0020"", ""m59@0.0020"", ""m60@0.0020"", ""m61@0.0020"", ""m62@0.0020"", ""m63@0.0045""]","[""C1"", 1000000, 0, 50000, [[400000, 700000]], 455509]"
syn_64_6_4_02,synthetic,64,6,4,0.16,pareto_dp,True,13462358,0.16,1543.0,414527300,,11646875730820925559,"[""m0@0.0020"", ""m1@0.0020"", ""m2@0.0020"", ""m3@0.0020"", ""m4@0.0020"", ""m5@0.0020"", ""m6@0.0035"", ""m7@0.0020"", ""m8@0.0020"", ""m9@0.0020"", ""m10@0.0045"", ""m11@0.0020"", ""m12@0.0020"", ""m13@0.0020"", ""m14@0.0025"", ""m15@0.0045"", ""m16@0.0020"", ""m17@0.0020"", ""m18@0.0025"", ""m19@0.0045"", ""m20@0.0020"", ""m21@0.0020"", ""m22@0.0020"", ""m23@0.0040"", ""m24@0.0020"", ""m25@0.0020"", ""m26@0.0030"", ""m27@0.0045"", ""m28@0.0020"", ""m29@0.0020"", ""m30@0.0020"", ""m31@0.0045"", ""m32@0.0020"", ""m33@0.0020"", ""m34@0.0020"", ""m35@0.0045"", ""m36@0.0020"", ""m37@0.0020"", ""m38@0.0020"", ""m39@0.0045"", ""m40@0.0020"", ""m41@0.0020"", ""m42@0.0020"", ""m43@0.0020"", ""m44@0.0020"", ""m45@0.0020"", ""m46@0.0035"", ""m47@0.0020"", ""m48@0.0020"", ""m49@0.0020"", ""m50@0.0020"", ""m51@0.0020"", ""m52@0.0020"", ""m53@0.0020"", ""m54@0.0020"", ""m55@0.0045"", ""m56@0.0020"", ""m57@0.0020"", ""m58@0.0020"", ""m59@0.0045"", ""m60@0.0020"", ""m61@0.0020"", ""m62@0.0020"", ""m63@0.0045""]","[""C1"", 1000000, 0, 50000, [[400000, 700000]], 455509]"
syn_64_6_4_03,synthetic,64,6,4,0.16,pareto_dp,True,14086359,0.16,1852.0,516331900,,15197946856177911277,"[""m0@0.0020"", ""m1@0.0020"", ""m2@0.0025"", ""m3@0.0040"", ""m4@0.0020"", ""m5@0.0020"", ""m6@0.0040"", ""m7@0.0035"", ""m8@0.0020"", ""m9@0.0020"", ""m10@0.0040"", ""m11@0.0040"", ""m12@0.0020"", ""m13@0.0020"", ""m14@0.0020"", ""m15@0.0045"", ""m16@0.0020"", ""m17@0.0020"", ""m18@0.0025"", ""m19@0.0045"", ""m20@0.0020"", ""m21@0.0020"", ""m22@0.0020"", ""m23@0.0040"", ""m24@0.0020"", ""m25@0.0020"", ""m26@0.0035"", ""m27@0.0020"", ""m28@0.0020"", ""m29@0.0020"", ""m30@0.0020"", ""m31@0.0025"", ""m32@0.0020"", ""m33@0.0020"", ""m34@0.0035"", ""m35@0.0020"", ""m36@0.0020"", ""m37@0.0020"", ""m38@0.0040"", ""m39@0.0020"", ""m40@0.0020"", ""m41@0.0020"", ""m42@0.0020"", ""m43@0.0020"", ""m44@0.0020"", ""m45@0.0020"", ""m46@0.0020"", ""m47@0.0045"", ""m48@0.0020"", ""m49@0.0020"", ""m50@0.0020"", ""m51@0.0020"", ""m52@0.0020"", ""m53@0.0020"", ""m54@0.0020"", ""m55@0.0045"", ""m56@0.0020"", ""m57@0.0020"", ""m58@0.0035"", ""m59@0.0020"", ""m60@0.0020"", ""m61@0.0020"", ""m62@0.0020"", ""m63@0.0045""]","[""C1"", 1000000, 0, 50000, [[400000, 700000]], 455509]"
syn_64_6_4_04,synthetic,64,6,4,0.16,pareto_dp,True,13686810,0.16,1629.0,435636100,,516068869110973095,"[""m0@0.0020"", ""m1@0.0020"", ""m2@0.0035"", ""m3@0.0035"", ""m4@0.0020"", ""m5@0.0020"", ""m6@0.0020"", ""m7@0.0025"", ""m8@0.0020"", ""m9@0.0020"", ""m10@0.0035"", ""m11@0.0020"", ""m12@0.0020"", ""m13@0.0020"", ""m14@0.0020"", ""m15@0.0035"", ""m16@0.0020"", ""m17@0.0020"", ""m18@0.0020"", ""m19@0.0035"", ""m20@0.0020"", ""m21@0.0020"", ""m22@0.0020"", ""m23@0.0045"", ""m24@0.0020"", ""m25@0.0020"", ""m26@0.0020"", ""m27@0.0020"", ""m28@0.0020"", ""m29@0.0020"", ""m30@0.0020"", ""m31@0.0020"", ""m32@0.0020"", ""m33@0.0020"", ""m34@0.0020"", ""m35@0.0045"", ""m36@0.0020"", ""m37@0.0020"", ""m38@0.0020"", ""m39@0.0045"", ""m40@0.0020"", ""m41@0.0020"", ""m42@0.0020"", ""m43@0.0045"", ""m44@0.0020"", ""m45@0.0020"", ""m46@0.0040"", ""m47@0.0040"", ""m48@0.0020"", ""m49@0.0020"", ""m50@0.0020"", ""m51@0.0040"", ""m52@0.0020"", ""m53@0.0020"", ""m54@0.0035"", ""m55@0.0035"", ""m56@0.0020"", ""m57@0.0020"", ""m58@0.0020"", ""m59@0.0045"", ""m60@0.0020"", ""m61@0.0020"", ""m62@0.0020"", ""m63@0.0045""]","[""C1"", 1000000, 0, 50000, [[400000, 700000]], 455509]"
syn_64_6_4_05,synthetic,64,6,4,0.16,pareto_dp,True,13829327,0.16,1225.0,347621900,,18097480935614108965,"[""m0@0.0020"", ""m1@0.0020"", ""m2@0.0020"", ""m3@0.0045"", ""m4@0.0020"", ""m5@0.0020"", ""m6@0.0020"", ""m7@0.0045"", ""m8@0.0020"", ""m9@0.0020"", ""m10@0.0020"", ""m11@0.0035"", ""m12@0.0020"", ""m13@0.0020"", ""m14@0.0020"", ""m15@0.0045"", ""m16@0.0020"", ""m17@0.0020"", ""m18@0.0020"", ""m19@0.0025"", ""m20@0.0020"", ""m21@0.0020"", ""m22@0.0020"", ""m23@0.0040"", ""m24@0.0020"", ""m25@0.0020"", ""m26@0.0020"", ""m27@0.0020"", ""m28@0.0020"", ""m29@0.0020"", ""m30@0.0020"", ""m31@0.0040"", ""m32@0.0020"", ""m33@0.0020"", ""m34@0.0020"", ""m35@0.0040"", ""m36@0.0020"", ""m37@0.0020"", ""m38@0.0045"", ""m39@0.0045"", ""m40@0.0020"", ""m41@0.0020"", ""m42@0.0020"", ""m43@0.0045"", ""m44@0.0020"", ""m45@0.0020"", ""m46@0.0045"", ""m47@0.0045"", ""m48@0.0020"", ""m49@0.0020"", ""m50@0.0020"", ""m51@0.0040"", ""m52@0.0020"", ""m53@0.0020"", ""m54@0.0020"", ""m55@0.0020"", ""m56@0.0020"", ""m57@0.0020"", ""m58@0.0020"", ""m59@0.0040"", ""m60@0.0020"", ""m61@0.0020"", ""m62@0.0020"", ""m63@0.0020""]","[""C1"", 1000000, 0, 50000, [[400000, 700000]], 455509]"
syn_64_6_4_06,synthetic,64,6,4,0.16,pareto_dp,True,13591432,0.16,1438.0,327109600,,3425322882256069181,"[""m0@0.0020"", ""m1@0.0020"", ""m2@0.0040"", ""m3@0.0030"", ""m4@0.0020"", ""m5@0.0020"", ""m6@0.0020"", ""m7@0.0045"", ""m8@0.0020"", ""m9@0.0020"", ""m10@0.0020"", ""m11@0.0045"", ""m12@0.0020"", ""m13@0.0020"", ""m14@0.0020"", ""m15@0.0030"", ""m16@0.0020"", ""m17@0.0020"", ""m18@0.0020"", ""m19@0.0020"", ""m20@0.0020"", ""m21@0.0020"", ""m22@0.0020"", ""m23@0.0020"", ""m24@0.0020"", ""m25@0.0020"", ""m26@0.0020"", ""m27@0.0020"", ""m28@0.0020"", ""m29@0.0020"", ""m30@0.0020"", ""m31@0.0030"", ""m32@0.0020"", ""m33@0.0020"", ""m34@0.0020"", ""m35@0.0025"", ""m36@0.0020"", ""m37@0.0020"", ""m38@0.0020"", ""m39@0.0045"", ""m40@0.0020"", ""m41@0.0020"", ""m42@0.0020"", ""m43@0.0045"", ""m44@0.0020"", ""m45@0.0020"", ""m46@0.0020"", ""m47@0.0045"", ""m48@0.0020"", ""m49@0.0020"", ""m50@0.0045"", ""m51@0.0045"", ""m52@0.0020"", ""m53@0.0020"", ""m54@0.0020"", ""m55@0.0040"", ""m56@0.0020"", ""m57@0.0020"", ""m58@0.0040"", ""m59@0.0045"", ""m60@0.0020"", ""m61@0.0020"", ""m62@0.0020"", ""m63@0.0045""]","[""C1"", 1000000, 0, 50000, [[400000, 700000]], 455509]"
syn_64_6_4_07,synthetic,64,6,4,0.16,pareto_dp,True,15073978,0.16,794.0,236641000,,17441468180137623113,"[""m0@0.0020"", ""m1@0.0020"", ""m2@0.0020"", ""m3@0.0040"", ""m4@0.0020"", ""m5@0.0020"", ""m6@0.0020"", ""m7@0.0045"", ""m8@0.0020"", ""m9@0.0020"", ""m10@0.0020"", ""m11@0.0045"", ""m12@0.0020"", ""m13@0.0020"", ""m14@0.0020"", ""m15@0.0040"", ""m16@0.0020"", ""m17@0.0020"", ""m18@0.0020"", ""m19@0.0045"", ""m20@0.0020"", ""m21@0.0020"", ""m22@0.0045"", ""m23@0.0040"", ""m24@0.0020"", ""m25@0.0020"", ""m26@0.0020"", ""m27@0.0045"", ""m28@0.0020"", ""m29@0.0020"", ""m30@0.0035"", ""m31@0.0035"", ""m32@0.0020"", ""m33@0.0020"", ""m34@0.0025"", ""m35@0.0020"", ""m36@0.0020"", ""m37@0.0020"", ""m38@0.0020"", ""m39@0.0020"", ""m40@0.0020"", ""m41@0.0020"", ""m42@0.0020"", ""m43@0.0020"", ""m44@0.0020"", ""m45@0.0020"", ""m46@0.0020"", ""m47@0.0045"", ""m48@0.0020"", ""m49@0.0020"", ""m50@0.0020"", ""m51@0.0045"", ""m52@0.0020"", ""m53@0.0020"", ""m54@0.0020"", ""m55@0.0020"", ""m56@0.0020"", ""m57@0.0020"", ""m58@0.0020"", ""m59@0.0045"", ""m60@0.0020"", ""m61@0.0020"", ""m62@0.0020"", ""m63@0.0045""]","[""C1"", 1000000, 0, 50000, [[400000, 700000]], 455509]"
syn_64_6_4_08,synthetic,64,6,4,0.16,pareto_dp,True,14959431,0.16,1043.0,273610600,,5726464622055001897,"[""m0@0.0020"", ""m1@0.0020"", ""m2@0.0020"", ""m3@0.0020"", ""m4@0.0020"", ""m5@0.0020"", ""m6@0.0020"", ""m7@0.0030"", ""m8@0.0020"", ""m9@0.0020"", ""m10@0.0020"", ""m11@0.0045"", ""m12@0.0020"", ""m13@0.0020"", ""m14@0.0020"", ""m15@0.0020"", ""m16@0.0020"", ""m17@0.0020"", ""m18@0.0020"", ""m19@0.0045"", ""m20@0.0020"", ""m21@0.0020"", ""m22@0.0020"", ""m23@0.0045"", ""m24@0.0020"", ""m25@0.0020"", ""m26@0.0030"", ""m27@0.0045"", ""m28@0.0020"", ""m29@0.0020"", ""m30@0.0020"", ""m31@0.0035"", ""m32@0.0020"", ""m33@0.0020"", ""m34@0.0020"", ""m35@0.0045"", ""m36@0.0020"", ""m37@0.0020"", ""m38@0.0020"", ""m39@0.0040"", ""m40@0.0020"", ""m41@0.0020"", ""m42@0.0020"", ""m43@0.0045"", ""m44@0.0020"", ""m45@0.0020"", ""m46@0.0020"", ""m47@0.0045"", ""m48@0.0020"", ""m49@0.0020"", ""m50@0.0020"", ""m51@0.0045"", ""m52@0.0020"", ""m53@0.0020"", ""m54@0.0045"", ""m55@0.0020"", ""m56@0.0020"", ""m57@0.0020"", ""m58@0.0020"", ""m59@0.0045"", ""m60@0.0020"", ""m61@0.0025"", ""m62@0.0020"", ""m63@0.0030""]","[""C1"", 1000000, 0, 50000, [[400000, 700000]], 455509]"
syn_64_6_4_09,synthetic,64,6,4,0.16,pareto_dp,True,13021599,0.16,1601.0,367240000,,11961278639197871110,"[""m0@0.0020"", ""m1@0.0020"", ""m2@0.0020"", ""m3@0.0020"", ""m4@0.0020"", ""m5@0.0020"", ""m6@0.0020"", ""m7@0.0020"", ""m8@0.0020"", ""m9@0.0020"", ""m10@0.0020"", ""m11@0.0045"", ""m12@0.0020"", ""m13@0.0020"", ""m14@0.0020"", ""m15@0.0040"", ""m16@0.0020"", ""m17@0.0020"", ""m18@0.0020"", ""m19@0.0045"", ""m20@0.0020"", ""m21@0.0020"", ""m22@0.0030"", ""m23@0.0020"", ""m24@0.0020"", ""m25@0.0020"", ""m26@0.0020"", ""m27@0.0040"", ""m28@0.0020"", ""m29@0.0020"", ""m30@0.0020"", ""m31@0.0020"", ""m32@0.0020"", ""m33@0.0020"", ""m34@0.0020"", ""m35@0.0025"", ""m36@0.0020"", ""m37@0.0020"", ""m38@0.0020"", ""m39@0.0040"", ""m40@0.0020"", ""m41@0.0020"", ""m42@0.0020"", ""m43@0.0045"", ""m44@0.0020"", ""m45@0.0020"", ""m46@0.0045"", ""m47@0.0030"", ""m48@0.0020"", ""m49@0.0020"", ""m50@0.0020"", ""m51@0.0045"", ""m52@0.0020"", ""m53@0.0020"", ""m54@0.0045"", ""m55@0.0045"", ""m56@0.0020"", ""m57@0.0020"", ""m58@0.0040"", ""m59@0.0040"", ""m60@0.0020"", ""m61@0.0020"", ""m62@0.0020"", ""m63@0.0040""]","[""C1"", 1000000, 0, 50000, [[400000, 700000]], 455509]"
syn_64_6_4_10,synthetic,64,6,4,0.16,pareto_dp,True,12702298,0.16,1065.0,300510300,,13716025197582998204,"[""m0@0.0020"", ""m1@0.0020"", ""m2@0.0020"", ""m3@0.0020"", ""m4@0.0020"", ""m5@0.0020"", ""m6@0.0020"", ""m7@0.0020"", ""m8@0.0020"", ""m9@0.0020"", ""m10@0.0035"", ""m11@0.0040"", ""m12@0.0020"", ""m13@0.0020"", ""m14@0.0020"", ""m15@0.0040"", ""m16@0.0020"", ""m17@0.0020"", ""m18@0.0020"", ""m19@0.0045"", ""m20@0.0020"", ""m21@0.0020"", ""m22@0.0040"", ""m23@0.0025"", ""m24@0.0020"", ""m25@0.0020"", ""m26@0.0020"", ""m27@0.0040"", ""m28@0.0020"", ""m29@0.0020"", ""m30@0.0020"", ""m31@0.0020"", ""m32@0.0020"", ""m33@0.0020"", ""m34@0.0020"", ""m35@0.0020"", ""m36@0.0020"", ""m37@0.0020"", ""m38@0.0020"", ""m39@0.0040"", ""m40@0.0020"", ""m41@0.0020"", ""m42@0.0020"", ""m43@0.0040"", ""m44@0.0020"", ""m45@0.0020"", ""m46@0.0040"", ""m47@0.0040"", ""m48@0.0020"", ""m49@0.0020"", ""m50@0.0020"", ""m51@0.0045"", ""m52@0.0020"", ""m53@0.0020"", ""m54@0.0035"", ""m55@0.0045"", ""m56@0.0020"", ""m57@0.0020"", ""m58@0.0030"", ""m59@0.0045"", ""m60@0.0020"", ""m61@0.0020"", ""m62@0.0020"", ""m63@0.0035""]","[""C1"", 1000000, 0, 50000, [[400000, 700000]], 455509]"
syn_64_6_4_11,synthetic,64,6,4,0.16,pareto_dp,True,14993293,0.16,1701.0,340000700,,8688652733167571568,"[""m0@0.0020"", ""m1@0.0020"", ""m2@0.0035"", ""m3@0.0020"", ""m4@0.0020"", ""m5@0.0020"", ""m6@0.0020"", ""m7@0.0045"", ""m8@0.0020"", ""m9@0.0020"", ""m10@0.0020"", ""m11@0.0040"", ""m12@0.0020"", ""m13@0.0020"", ""m14@0.0020"", ""m15@0.0040"", ""m16@0.0020"", ""m17@0.0020"", ""m18@0.0020"", ""m19@0.0040"", ""m20@0.0020"", ""m21@0.0020"", ""m22@0.0025"", ""m23@0.0020"", ""m24@0.0020"", ""m25@0.0020"", ""m26@0.0040"", ""m27@0.0045"", ""m28@0.0020"", ""m29@0.0020"", ""m30@0.0020"", ""m31@0.0045"", ""m32@0.0020"", ""m33@0.0020"", ""m34@0.0020"", ""m35@0.0035"", ""m36@0.0020"", ""m37@0.0020"", ""m38@0.0035"", ""m39@0.0040"", ""m40@0.0020"", ""m41@0.0020"", ""m42@0.0020"", ""m43@0.0045"", ""m44@0.0020"", ""m45@0.0020"", ""m46@0.0030"", ""m47@0.0030"", ""m48@0.0020"", ""m49@0.0020"", ""m50@0.0020"", ""m51@0.0020"", ""m52@0.0020"", ""m53@0.0020"", ""m54@0.0020"", ""m55@0.0020"", ""m56@0.0020"", ""m57@0.0020"", ""m58@0.0020"", ""m59@0.0045"", ""m60@0.0020"", ""m61@0.0020"", ""m62@0.0020"", ""m63@0.0045""]","[""C1"", 1000000, 0, 50000, [[400000, 700000]], 455509]"
syn_64_6_4_12,synthetic,64,6,4,0.16,pareto_dp,True,14333604,0.16,1595.0,360412000,,17236306036287503597,"[""m0@0.0020"", ""m1@0.0020"", ""m2@0.0020"", ""m3@0.0025"", ""m4@0.0020"", ""m5@0.0020"", ""m6@0.0045"", ""m7@0.0045"", ""m8@0.0020"", ""m9@0.0020"", ""m10@0.0025"", ""m11@0.0045"", ""m12@0.0020"", ""m13@0.0020"", ""m14@0.0020"", ""m15@0.0040"", ""m16@0.0020"", ""m17@0.0020"", ""m18@0.0020"", ""m19@0.0020"", ""m20@0.0020"", ""m21@0.0020"", ""m22@0.0020"", ""m23@0.0025"", ""m24@0.0020"", ""m25@0.0020"", ""m26@0.0020"", ""m27@0.0020"", ""m28@0.0020"", ""m29@0.0020"", ""m30@0.0020"", ""m31@0.0040"", ""m32@0.0020"", ""m33@0.0020"", ""m34@0.0020"", ""m35@0.0025"", ""m36@0.0020"", ""m37@0.0020"", ""m38@0.0020"", ""m39@0.0045"", ""m40@0.0020"", ""m41@0.0020"", ""m42@0.0045"", ""m43@0.0020"", ""m44@0.0020"", ""m45@0.0020"", ""m46@0.0020"", ""m47@0.0045"", ""m48@0.0020"", ""m49@0.0020"", ""m50@0.0020"", ""m51@0.0045"", ""m52@0.0020"", ""m53@0.0020"", ""m54@0.0025"", ""m55@0.0045"", ""m56@0.0020"", ""m57@0.0020"", ""m58@0.0045"", ""m59@0.0040"", ""m60@0.0020"", ""m61@0.0020"", ""m62@0.0020"", ""m63@0.0030""]","[""C1"", 1000000, 0, 50000, [[400000, 700000]], 455509]"
syn_64_6_4_13,synthetic,64,6,4,0.16,pareto_dp,True,15027519,0.16,1180.0,312296700,,3952780506901887135,"[""m0@0.0020"", ""m1@0.0020"", ""m2@0.0020"", ""m3@0.0040"", ""m4@0.0020"", ""m5@0.0020"", ""m6@0.0040"", ""m7@0.0030"", ""m8@0.0020"", ""m9@0.0020"", ""m10@0.0040"", ""m11@0.0040"", ""m12@0.0020"", ""m13@0.0020"", ""m14@0.0020"", ""m15@0.0045"", ""m16@0.0020"", ""m17@0.0020"", ""m18@0.0020"", ""m19@0.0040"", ""m20@0.0020"", ""m21@0.0020"", ""m22@0.0020"", ""m23@0.0045"", ""m24@0.0020"", ""m25@0.0020"", ""m26@0.0020"", ""m27@0.0020"", ""m28@0.0020"", ""m29@0.0020"", ""m30@0.0020"", ""m31@0.0035"", ""m32@0.0020"", ""m33@0.0020"", ""m34@0.0020"", ""m35@0.0025"", ""m36@0.0020"", ""m37@0.0020"", ""m38@0.0020"", ""m39@0.0020"", ""m40@0.0020"", ""m41@0.0020"", ""m42@0.0020"", ""m43@0.0045"", ""m44@0.0020"", ""m45@0.0020"", ""m46@0.0020"", ""m47@0.0020"", ""m48@0.0020"", ""m49@0.0020"", ""m50@0.0045"", ""m51@0.0045"", ""m52@0.0020"", ""m53@0.0020"", ""m54@0.0020"", ""m55@0.0040"", ""m56@0.0020"", ""m57@0.0020"", ""m58@0.0020"", ""m59@0.0045"", ""m60@0.0020"", ""m61@0.0020"", ""m62@0.0020"", ""m63@0.0040""]","[""C1"", 1000000, 0, 50000, [[400000, 700000]], 455509]"
syn_64_6_4_14,synthetic,64,6,4,0.16,pareto_dp,True,13847005,0.16,966.0,277329900,,8627736389846553696,"[""m0@0.0020"", ""m1@0.0020"", ""m2@0.0020"", ""m3@0.0035"", ""m4@0.0020"", ""m5@0.0020"", ""m6@0.0020"", ""m7@0.0045"", ""m8@0.0020"", ""m9@0.0020"", ""m10@0.0040"", ""m11@0.0030"", ""m12@0.0020"", ""m13@0.0020"", ""m14@0.0030"", ""m15@0.0020"", ""m16@0.0020"", ""m17@0.0020"", ""m18@0.0020"", ""m19@0.0020"", ""m20@0.0020"", ""m21@0.0020"", ""m22@0.0020"", ""m23@0.0045"", ""m24@0.0020"", ""m25@0.0020"", ""m26@0.0020"", ""m27@0.0045"", ""m28@0.0020"", ""m29@0.0020"", ""m30@0.0020"", ""m31@0.0040"", ""m32@0.0020"", ""m33@0.0020"", ""m34@0.0020"", ""m35@0.0020"", ""m36@0.0020"", ""m37@0.0020"", ""m38@0.0020"", ""m39@0.0045"", ""m40@0.0020"", ""m41@0.0020"", ""m42@0.0020"", ""m43@0.0040"", ""m44@0.0020"", ""m45@0.0020"", ""m46@0.0020"", ""m47@0.0030"", ""m48@0.0020"", ""m49@0.0020"", ""m50@0.0020"", ""m51@0.0035"", ""m52@0.0020"", ""m53@0.0020"", ""m54@0.0040"", ""m55@0.0030"", ""m56@0.0020"", ""m57@0.0020"", ""m58@0.0040"", ""m59@0.0045"", ""m60@0.0020"", ""m61@0.0020"", ""m62@0.0025"", ""m63@0.0040""]","[""C1"", 1000000, 0, 50000, [[400000, 700000]], 455509]"
syn_64_6_4_15,synthetic,64,6,4,0.16,pareto_dp,True,14535067,0.16,895.0,211550600,,56414328274478915,"[""m0@0.0020"", ""m1@0.0020"", ""m2@0.0045"", ""m3@0.0040"", ""m4@0.0020"", ""m5@0.0020"", ""m6@0.0020"", ""m7@0.0045"", ""m8@0.0020"", ""m9@0.0020"", ""m10@0.0035"", ""m11@0.0045"", ""m12@0.0020"", ""m13@0.0020"", ""m14@0.0020"", ""m15@0.0020"", ""m16@0.0020"", ""m17@0.0020"", ""m18@0.0020"", ""m19@0.0045"", ""m20@0.0020"", ""m21@0.0020"", ""m22@0.0020"", ""m23@0.0045"", ""m24@0.0020"", ""m25@0.0020"", ""m26@0.0020"", ""m27@0.0040"", ""m28@0.0020"", ""m29@0.0020"", ""m30@0.0020"", ""m31@0.0035"", ""m32@0.0020"", ""m33@0.0020"", ""m34@0.0025"", ""m35@0.0045"", ""m36@0.0020"", ""m37@0.0020"", ""m38@0.0020"", ""m39@0.0020"", ""m40@0.0020"", ""m41@0.0020"", ""m42@0.0020"", ""m43@0.0045"", ""m44@0.0020"", ""m45@0.0020"", ""m46@0.0020"", ""m47@0.0020"", ""m48@0.0020"", ""m49@0.0020"", ""m50@0.0020"", ""m51@0.0045"", ""m52@0.0020"", ""m53@0.0020"", ""m54@0.0020"", ""m55@0.0045"", ""m56@0.0020"", ""m57@0.0020"", ""m58@0.0020"", ""m59@0.0040"", ""m60@0.0020"", ""m61@0.0020"", ""m62@0.0020"", ""m63@0.0020""]","[""C1"", 1000000, 0, 50000, [[400000, 700000]], 455509]"
syn_64_6_4_16,synthetic,64,6,4,0.16,pareto_dp,True,13912614,0.16,1237.0,297483400,,6993106136109575780,"[""m0@0.0020"", ""m1@0.0020"", ""m2@0.0020"", ""m3@0.0045"", ""m4@0.0020"", ""m5@0.0020"", ""m6@0.0040"", ""m7@0.0020"", ""m8@0.0020"", ""m9@0.0020"", ""m10@0.0025"", ""m11@0.0045"", ""m12@0.0020"", ""m13@0.0020"", ""m14@0.0020"", ""m15@0.0045"", ""m16@0.0020"", ""m17@0.0020"", ""m18@0.0020"", ""m19@0.0035"", ""m20@0.0020"", ""m21@0.0020"", ""m22@0.0040"", ""m23@0.0040"", ""m24@0.0020"", ""m25@0.0020"", ""m26@0.0020"", ""m27@0.0045"", ""m28@0.0020"", ""m29@0.0020"", ""m30@0.0020"", ""m31@0.0045"", ""m32@0.0020"", ""m33@0.0020"", ""m34@0.0020"", ""m35@0.0020"", ""m36@0.0020"", ""m37@0.0020"", ""m38@0.0020"", ""m39@0.0040"", ""m40@0.0020"", ""m41@0.0020"", ""m42@0.0020"", ""m43@0.0040"", ""m44@0.0020"", ""m45@0.0020"", ""m46@0.0020"", ""m47@0.0020"", ""m48@0.0020"", ""m49@0.0020"", ""m50@0.0020"", ""m51@0.0040"", ""m52@0.0020"", ""m53@0.0020"", ""m54@0.0020"", ""m55@0.0035"", ""m56@0.0020"", ""m57@0.0020"", ""m58@0.0020"", ""m59@0.0045"", ""m60@0.0020"", ""m61@0.0020"", ""m62@0.0020"", ""m63@0.0035""]","[""C1"", 1000000, 0, 50000, [[400000, 700000]], 455509]"
syn_64_6_4_17,synthetic,64,6,4,0.16,pareto_dp,True,13432498,0.16,1305.0,344619400,,7570468173143356126,"[""m0@0.0020"", ""m1@0.0020"", ""m2@0.0045"", ""m3@0.0040"", ""m4@0.0020"", ""m5@0.0020"", ""m6@0.0020"", ""m7@0.0045"", ""m8@0.0020"", ""m9@0.0020"", ""m10@0.0035"", ""m11@0.0020"", ""m12@0.0020"", ""m13@0.0020"", ""m14@0.0020"", ""m15@0.0045"", ""m16@0.0020"", ""m17@0.0020"", ""m18@0.0020"", ""m19@0.0020"", ""m20@0.0020"", ""m21@0.0020"", ""m22@0.0040"", ""m23@0.0020"", ""m24@0.0020"", ""m25@0.0020"", ""m26@0.0020"", ""m27@0.0045"", ""m28@0.0020"", ""m29@0.0020"", ""m30@0.0040"", ""m31@0.0030"", ""m32@0.0020"", ""m33@0.0020"", ""m34@0.0020"", ""m35@0.0040"", ""m36@0.0020"", ""m37@0.0020"", ""m38@0.0020"", ""m39@0.0020"", ""m40@0.0020"", ""m41@0.0020"", ""m42@0.0025"", ""m43@0.0045"", ""m44@0.0020"", ""m45@0.0020"", ""m46@0.0020"", ""m47@0.0045"", ""m48@0.0020"", ""m49@0.0020"", ""m50@0.0025"", ""m51@0.0025"", ""m52@0.0020"", ""m53@0.0020"", ""m54@0.0020"", ""m55@0.0045"", ""m56@0.0020"", ""m57@0.0020"", ""m58@0.0020"", ""m59@0.0045"", ""m60@0.0020"", ""m61@0.0020"", ""m62@0.0020"", ""m63@0.0020""]","[""C1"", 1000000, 0, 50000, [[400000, 700000]], 455509]"
syn_64_6_4_18,synthetic,64,6,4,0.16,pareto_dp,True,13560867,0.16,995.0,319146000,,10200561077807842574,"[""m0@0.0020"", ""m1@0.0020"", ""m2@0.0020"", ""m3@0.0030"", ""m4@0.0020"", ""m5@0.0020"", ""m6@0.0020"", ""m7@0.0035"", ""m8@0.0020"", ""m9@0.0020"", ""m10@0.0020"", ""m11@0.0020"", ""m12@0.0020"", ""m13@0.0020"", ""m14@0.0020"", ""m15@0.0020"", ""m16@0.0020"", ""m17@0.0020"", ""m18@0.0020"", ""m19@0.0020"", ""m20@0.0020"", ""m21@0.0020"", ""m22@0.0020"", ""m23@0.0020"", ""m24@0.0020"", ""m25@0.0020"", ""m26@0.0020"", ""m27@0.0045"", ""m28@0.0020"", ""m29@0.0020"", ""m30@0.0025"", ""m31@0.0045"", ""m32@0.0020"", ""m33@0.0020"", ""m34@0.0020"", ""m35@0.0045"", ""m36@0.0020"", ""m37@0.0020"", ""m38@0.0045"", ""m39@0.0040"", ""m40@0.0020"", ""m41@0.0020"", ""m42@0.0020"", ""m43@0.0045"", ""m44@0.0020"", ""m45@0.0020"", ""m46@0.0020"", ""m47@0.0045"", ""m48@0.0020"", ""m49@0.0020"", ""m50@0.0040"", ""m51@0.0045"", ""m52@0.0020"", ""m53@0.0020"", ""m54@0.0025"", ""m55@0.0035"", ""m56@0.0020"", ""m57@0.0020"", ""m58@0.0045"", ""m59@0.0045"", ""m60@0.0020"", ""m61@0.0020"", ""m62@0.0025"", ""m63@0.0020""]","[""C1"", 1000000, 0, 50000, [[400000, 700000]], 455509]"
syn_64_6_4_19,synthetic,64,6,4,0.16,pareto_dp,True,14087816,0.16,1146.0,350861400,,13543822923688922972,"[""m0@0.0020"", ""m1@0.0020"", ""m2@0.0020"", ""m3@0.0035"", ""m4@0.0020"", ""m5@0.0020"", ""m6@0.0030"", ""m7@0.0045"", ""m8@0.0020"", ""m9@0.0020"", ""m10@0.0040"", ""m11@0.0045"", ""m12@0.0020"", ""m13@0.0020"", ""m14@0.0040"", ""m15@0.0045"", ""m16@0.0020"", ""m17@0.0020"", ""m18@0.0040"", ""m19@0.0020"", ""m20@0.0020"", ""m21@0.0020"", ""m22@0.0020"", ""m23@0.0045"", ""m24@0.0020"", ""m25@0.0020"", ""m26@0.0045"", ""m27@0.0020"", ""m28@0.0020"", ""m29@0.0020"", ""m30@0.0040"", ""m31@0.0025"", ""m32@0.0020"", ""m33@0.0020"", ""m34@0.0020"", ""m35@0.0040"", ""m36@0.0020"", ""m37@0.0020"", ""m38@0.0020"", ""m39@0.0045"", ""m40@0.0020"", ""m41@0.0020"", ""m42@0.0020"", ""m43@0.0020"", ""m44@0.0020"", ""m45@0.0020"", ""m46@0.0020"", ""m47@0.0020"", ""m48@0.0020"", ""m49@0.0020"", ""m50@0.0020"", ""m51@0.0020"", ""m52@0.0020"", ""m53@0.0020"", ""m54@0.0020"", ""m55@0.0030"", ""m56@0.0020"", ""m57@0.0020"", ""m58@0.0020"", ""m59@0.0025"", ""m60@0.0020"", ""m61@0.0020"", ""m62@0.0020"", ""m63@0.0045""]","[""C1"", 1000000, 0, 50000, [[400000, 700000]], 455509]"
