instance_id,source,stages,menu_size,gates,risk_budget,method,feasible,bound_ns,risk_sum,frontier_peak,runtime_ns,peak_rss_bytes,seed,selected_menu_ids,calendar_signature
real_menu,real_menu,4,3,2,0.01,pareto_dp,True,8510979,0.01,5.0,119900,,0,"[""X1@0.002"", ""X2@0.004"", ""X3@0.002"", ""X4@0.002""]","[""C1"", 1000000, 0, 50000, [[400000, 700000]], 455509]"
real_menu,real_menu,4,3,2,0.01,equal_risk,True,9510979,0.008,,80100,,0,"[""X1@0.002"", ""X2@0.002"", ""X3@0.002"", ""X4@0.002""]","[""C1"", 1000000, 0, 50000, [[400000, 700000]], 455509]"
real_menu,real_menu,4,3,2,0.01,proportional_risk,True,9510979,0.008,,76100,,0,"[""X1@0.002"", ""X2@0.002"", ""X3@0.002"", ""X4@0.002""]","[""C1"", 1000000, 0, 50000, [[400000, 700000]], 455509]"
real_menu,real_menu,4,3,2,0.01,greedy_gate_catching,True,8510979,0.01,,213200,,0,"[""X1@0.002"", ""X2@0.004"", ""X3@0.002"", ""X4@0.002""]","[""C1"", 1000000, 0, 50000, [[400000, 700000]], 455509]"
syn_4_3_1_00,synthetic,4,3,1,0.01,pareto_dp,True,1148946,0.00925,4.0,63100,,17362688474173183607,"[""m0@0.0020"", ""m1@0.0020"", ""m2@0.0020"", ""m3@0.0032""]","[""C1"", 1000000, 0, 50000, [[400000, 700000]], 455509]"
syn_4_3_1_00,synthetic,4,3,1,0.01,equal_risk,True,1281471,0.008,,46100,,17362688474173183607,"[""m0@0.0020"", ""m1@0.0020"", ""m2@0.0020"", ""m3@0.0020""]","[""C1"", 1000000, 0, 50000, [[400000, 700000]], 455509]"
syn_4_3_1_00,synthetic,4,3,1,0.01,proportional_risk,True,1281471,0.008,,59400,,17362688474173183607,"[""m0@0.0020"", ""m1@0.0020"", ""m2@0.0020"", ""m3@0.0020""]","[""C1"", 1000000, 0, 50000, [[400000, 700000]], 455509]"
syn_4_3_1_00,synthetic,4,3,1,0.01,greedy_gate_catching,True,1148946,0.00925,,143000,,17362688474173183607,"[""m0@0.0020"", ""m1@0.0020"", ""m2@0.0020"", ""m3@0.0032""]","[""C1"", 1000000, 0, 50000, [[400000, 700000]], 455509]"
syn_4_3_1_01,synthetic,4,3,1,0.01,pareto_dp,True,953630,0.00925,3.0,52100,,1662597480358610141,"[""m0@0.0020"", ""m1@0.0020"", ""m2@0.0032"", ""m3@0.0020""]","[""C1"", 1000000, 0, 50000, [[400000, 700000]], 455509]"
syn_4_3_1_01,synthetic,4,3,1,0.01,equal_risk,True,1038857,0.008,,40200,,1662597480358610141,"[""m0@0.0020"", ""m1@0.0020"", ""m2@0.0020"", ""m3@0.0020""]","[""C1"", 1000000, 0, 50000, [[400000, 700000]], 455509]"
syn_4_3_1_01,synthetic,4,3,1,0.01,proportional_risk,True,1038857,0.008,,56900,,1662597480358610141,"[""m0@0.0020"", ""m1@0.0020"", ""m2@0.0020"", ""m3@0.0020""]","[""C1"", 1000000, 0, 50000, [[400000, 700000]], 455509]"
syn_4_3_1_01,synthetic,4,3,1,0.01,greedy_gate_catching,True,953630,0.00925,,139400,,1662597480358610141,"[""m0@0.0020"", ""m1@0.0020"", ""m2@0.0032"", ""m3@0.0020""]","[""C1"", 1000000, 0, 50000, [[400000, 700000]], 455509]"
syn_4_3_1_02,synthetic,4,3,1,0.01,pareto_dp,True,992629,0.00925,4.0,57800,,10125579854736362071,"[""m0@0.0020"", ""m1@0.0020"", ""m2@0.0020"", ""m3@0.0032""]","[""C1"", 1000000, 0, 50000, [[400000, 700000]], 455509]"
syn_4_3_1_02,synthetic,4,3,1,0.01,equal_risk,True,1092794,0.008,,39000,,10125579854736362071,"[""m0@0.0020"", ""m1@0.0020"", ""m2@0.0020"", ""m3@0.0020""]","[""C1"", 1000000, 0, 50000, [[400000, 700000]], 455509]"
syn_4_3_1_02,synthetic,4,3,1,0.01,proportional_risk,True,1092794,0.008,,52100,,10125579854736362071,"[""m0@0.0020"", ""m1@0.0020"", ""m2@0.0020"", ""m3@0.0020""]","[""C1"", 1000000, 0, 50000, [[400000, 700000]], 455509]"
syn_4_3_1_02,synthetic,4,3,1,0.01,greedy_gate_catching,True,992629,0.00925,,138300,,10125579854736362071,"[""m0@0.0020"", ""m1@0.0020"", ""m2@0.0020"", ""m3@0.0032""]","[""C1"", 1000000, 0, 50000, [[400000, 700000]], 455509]"
syn_4_3_1_03,synthetic,4,3,1,0.01,pareto_dp,True,823954,0.00925,3.0,47600,,11462353672119675811,"[""m0@0.0020"", ""m1@0.0020"", ""m2@0.0020"", ""m3@0.0032""]","[""C1"", 1000000, 0, 50000, [[400000, 700000]], 455509]"
syn_4_3_1_03,synthetic,4,3,1,0.01,equal_risk,True,926240,0.008,,38900,,11462353672119675811,"[""m0@0.0020"", ""m1@0.0020"", ""m2@0.0020"", ""m3@0.0020""]","[""C1"", 1000000, 0, 50000, [[400000, 700000]], 455509]"
syn_4_3_1_03,synthetic,4,3,1,0.01,proportional_risk,True,926240,0.008,,51700,,11462353672119675811,"[""m0@0.0020"", ""m1@0.0020"", ""m2@0.0020"", ""m3@0.0020""]","[""C1"", 1000000, 0, 50000, [[400000, 700000]], 455509]"
syn_4_3_1_03,synthetic,4,3,1,0.01,greedy_gate_catching,True,823954,0.00925,,134500,,11462353672119675811,"[""m0@0.0020"", ""m1@0.0020"", ""m2@0.0020"", ""m3@0.0032""]","[""C1"", 1000000, 0, 50000, [[400000, 700000]], 455509]"
syn_4_3_1_04,synthetic,4,3,1,0.01,pareto_dp,True,1399232,0.00925,4.0,47700,,8917639509637200707,"[""m0@0.0020"", ""m1@0.0020"", ""m2@0.0020"", ""m3@0.0032""]","[""C1"", 1000000, 0, 50000, [[400000, 700000]], 455509]"
syn_4_3_1_04,synthetic,4,3,1,0.01,equal_risk,True,1589836,0.008,,39100,,8917639509637200707,"[""m0@0.0020"", ""m1@0.0020"", ""m2@0.0020"", ""m3@0.0020""]","[""C1"", 1000000, 0, 50000, [[400000, 700000]], 455509]"
syn_4_3_1_04,synthetic,4,3,1,0.01,proportional_risk,True,1589836,0.008,,55400,,8917639509637200707,"[""m0@0.0020"", ""m1@0.0020"", ""m2@0.0020"", ""m3@0.0020""]","[""C1"", 1000000, 0, 50000, [[400000, 700000]], 455509]"
syn_4_3_1_04,synthetic,4,3,1,0.01,greedy_gate_catching,True,1399232,0.00925,,145200,,8917639509637200707,"[""m0@0.0020"", ""m1@0.0020"", ""m2@0.0020"", ""m3@0.0032""]","[""C1"", 1000000, 0, 50000, [[400000, 700000]], 455509]"
syn_4_3_1_05,synthetic,4,3,1,0.01,pareto_dp,True,791899,0.00925,3.0,45400,,17762360866143615167,"[""m0@0.0020"", ""m1@0.0020"", ""m2@0.0020"", ""m3@0.0032""]","[""C1"", 1000000, 0, 50000, [[400000, 700000]], 455509]"
syn_4_3_1_05,synthetic,4,3,1,0.01,equal_risk,True,879462,0.008,,39100,,17762360866143615167,"[""m0@0.0020"", ""m1@0.0020"", ""m2@0.0020"", ""m3@0.0020""]","[""C1"", 1000000, 0, 50000, [[400000, 700000]], 455509]"
syn_4_3_1_05,synthetic,4,3,1,0.01,proportional_risk,True,879462,0.008,,55600,,17762360866143615167,"[""m0@0.0020"", ""m1@0.0020"", ""m2@0.0020"", ""m3@0.0020""]","[""C1"", 1000000, 0, 50000, [[400000, 700000]], 455509]"
syn_4_3_1_05,synthetic,4,3,1,0.01,greedy_gate_catching,True,791899,0.00925,,139500,,17762360866143615167,"[""m0@0.0020"", ""m1@0.0020"", ""m2@0.0020"", ""m3@0.0032""]","[""C1"", 1000000, 0, 50000, [[400000, 700000]], 455509]"
syn_4_3_1_06,synthetic,4,3,1,0.01,pareto_dp,True,1113859,0.00925,3.0,46100,,157270250071638023,"[""m0@0.0020"", ""m1@0.0020"", ""m2@0.0020"", ""m3@0.0032""]","[""C1"", 1000000, 0, 50000, [[400000, 700000]], 455509]"
syn_4_3_1_06,synthetic,4,3,1,0.01,equal_risk,True,1307451,0.008,,40100,,157270250071638023,"[""m0@0.0020"", ""m1@0.0020"", ""m2@0.0020"", ""m3@0.0020""]","[""C1"", 1000000, 0, 50000, [[400000, 700000]], 455509]"
syn_4_3_1_06,synthetic,4,3,1,0.01,proportional_risk,True,1307451,0.008,,56900,,157270250071638023,"[""m0@0.0020"", ""m1@0.0020"", ""m2@0.0020"", ""m3@0.0020""]","[""C1"", 1000000, 0, 50000, [[400000, 700000]], 455509]"
syn_4_3_1_06,synthetic,4,3,1,0.01,greedy_gate_catching,True,1113859,0.00925,,137600,,157270250071638023,"[""m0@0.0020"", ""m1@0.0020"", ""m2@0.0020"", ""m3@0.0032""]","[""C1"", 1000000, 0, 50000, [[400000, 700000]], 455509]"
syn_4_3_1_07,synthetic,4,3,1,0.01,pareto_dp,True,1276082,0.00925,3.0,46400,,8589349825586867944,"[""m0@0.0020"", ""m1@0.0020"", ""m2@0.0020"", ""m3@0.0032""]","[""C1"", 1000000, 0, 50000, [[400000, 700000]], 455509]"
syn_4_3_1_07,synthetic,4,3,1,0.01,equal_risk,True,1433918,0.008,,39300,,8589349825586867944,"[""m0@0.0020"", ""m1@0.0020"", ""m2@0.0020"", ""m3@0.0020""]","[""C1"", 1000000, 0, 50000, [[400000, 700000]], 455509]"
syn_4_3_1_07,synthetic,4,3,1,0.01,proportional_risk,True,1433918,0.008,,55000,,8589349825586867944,"[""m0@0.0020"", ""m1@0.0020"", ""m2@0.0020"", ""m3@0.0020""]","[""C1"", 1000000, 0, 50000, [[400000, 700000]], 455509]"
syn_4_3_1_07,synthetic,4,3,1,0.01,greedy_gate_catching,True,1276082,0.00925,,135400,,8589349825586867944,"[""m0@0.0020"", ""m1@0.0020"", ""m2@0.0020"", ""m3@0.0032""]","[""C1"", 1000000, 0, 50000, [[400000, 700000]], 455509]"
syn_4_3_1_08,synthetic,4,3,1,0.01,pareto_dp,True,708629,0.00925,4.0,47600,,3555987409075831408,"[""m0@0.0020"", ""m1@0.0020"", ""m2@0.0020"", ""m3@0.0032""]","[""C1"", 1000000, 0, 50000, [[400000, 700000]], 455509]"
syn_4_3_1_08,synthetic,4,3,1,0.01,equal_risk,True,774180,0.008,,38600,,3555987409075831408,"[""m0@0.0020"", ""m1@0.0020"", ""m2@0.0020"", ""m3@0.0020""]","[""C1"", 1000000, 0, 50000, [[400000, 700000]], 455509]"
syn_4_3_1_08,synthetic,4,3,1,0.01,proportional_risk,True,774180,0.008,,48800,,3555987409075831408,"[""m0@0.0020"", ""m1@0.0020"", ""m2@0.0020"", ""m3@0.0020""]","[""C1"", 1000000, 0, 50000, [[400000, 700000]], 455509]"
syn_4_3_1_08,synthetic,4,3,1,0.01,greedy_gate_catching,True,708629,0.00925,,136900,,3555987409075831408,"[""m0@0.0020"", ""m1@0.0020"", ""m2@0.0020"", ""m3@0.0032""]","[""C1"", 1000000, 0, 50000, [[400000, 700000]], 455509]"
syn_4_3_1_09,synthetic,4,3,1,0.01,pareto_dp,True,906152,0.00925,3.0,43200,,17769990851087747771,"[""m0@0.0020"", ""m1@0.0020"", ""m2@0.0020"", ""m3@0.0032""]","[""C1"", 1000000, 0, 50000, [[400000, 700000]], 455509]"
syn_4_3_1_09,synthetic,4,3,1,0.01,equal_risk,True,999026,0.008,,37300,,17769990851087747771,"[""m0@0.0020"", ""m1@0.0020"", ""m2@0.0020"", ""m3@0.0020""]","[""C1"", 1000000, 0, 50000, [[400000, 700000]], 455509]"
syn_4_3_1_09,synthetic,4,3,1,0.01,proportional_risk,True,999026,0.008,,55100,,17769990851087747771,"[""m0@0.0020"", ""m1@0.0020"", ""m2@0.0020"", ""m3@0.0020""]","[""C1"", 1000000, 0, 50000, [[400000, 700000]], 455509]"
syn_4_3_1_09,synthetic,4,3,1,0.01,greedy_gate_catching,True,906152,0.00925,,136500,,17769990851087747771,"[""m0@0.0020"", ""m1@0.0020"", ""m2@0.0020"", ""m3@0.0032""]","[""C1"", 1000000, 0, 50000, [[400000, 700000]], 455509]"
syn_4_3_1_10,synthetic,4,3,1,0.01,pareto_dp,True,871388,0.00925,3.0,44400,,9111494899183805626,"[""m0@0.0020"", ""m1@0.0020"", ""m2@0.0020"", ""m3@0.0032""]","[""C1"", 1000000, 0, 50000, [[400000, 700000]], 455509]"
syn_4_3_1_10,synthetic,4,3,1,0.01,equal_risk,True,1045884,0.008,,40400,,9111494899183805626,"[""m0@0.0020"", ""m1@0.0020"", ""m2@0.0020"", ""m3@0.0020""]","[""C1"", 1000000, 0, 50000, [[400000, 700000]], 455509]"
syn_4_3_1_10,synthetic,4,3,1,0.01,proportional_risk,True,1045884,0.008,,57900,,9111494899183805626,"[""m0@0.0020"", ""m1@0.0020"", ""m2@0.0020"", ""m3@0.0020""]","[""C1"", 1000000, 0, 50000, [[400000, 700000]], 455509]"
syn_4_3_1_10,synthetic,4,3,1,0.01,greedy_gate_catching,True,871388,0.00925,,135500,,9111494899183805626,"[""m0@0.0020"", ""m1@0.0020"", ""m2@0.0020"", ""m3@0.0032""]","[""C1"", 1000000, 0, 50000, [[400000, 700000]], 455509]"
syn_4_3_1_11,synthetic,4,3,1,0.01,pareto_dp,True,1421959,0.00925,3.0,43300,,17564603686548033103,"[""m0@0.0020"", ""m1@0.0020"", ""m2@0.0020"", ""m3@0.0032""]","[""C1"", 1000000, 0, 50000, [[400000, 700000]], 455509]"
syn_4_3_1_11,synthetic,4,3,1,0.01,equal_risk,True,1579015,0.008,,38000,,17564603686548033103,"[""m0@0.0020"", ""m1@0.0020"", ""m2@0.0020"", ""m3@0.0020""]","[""C1"", 1000000, 0, 50000, [[400000, 700000]], 455509]"
syn_4_3_1_11,synthetic,4,3,1,0.01,proportional_risk,True,1579015,0.008,,53600,,17564603686548033103,"[""m0@0.0020"", ""m1@0.0020"", ""m2@0.0020"", ""m3@0.0020""]","[""C1"", 1000000, 0, 50000, [[400000, 700000]], 455509]"
syn_4_3_1_11,synthetic,4,3,1,0.01,greedy_gate_catching,True,1421959,0.00925,,136300,,17564603686548033103,"[""m0@0.0020"", ""m1@0.0020"", ""m2@0.0020"", ""m3@0.0032""]","[""C1"", 1000000, 0, 50000, [[400000, 700000]], 455509]"
syn_4_3_1_12,synthetic,4,3,1,0.01,pareto_dp,True,1046863,0.00925,3.0,44300,,15342070657373713409,"[""m0@0.0020"", ""m1@0.0020"", ""m2@0.0020"", ""m3@0.0032""]","[""C1"", 1000000, 0, 50000, [[400000, 700000]], 455509]"
syn_4_3_1_12,synthetic,4,3,1,0.01,equal_risk,True,1189642,0.008,,38100,,15342070657373713409,"[""m0@0.0020"", ""m1@0.0020"", ""m2@0.0020"", ""m3@0.0020""]","[""C1"", 1000000, 0, 50000, [[400000, 700000]], 455509]"
syn_4_3_1_12,synthetic,4,3,1,0.01,proportional_risk,True,1189642,0.008,,55300,,15342070657373713409,"[""m0@0.0020"", ""m1@0.0020"", ""m2@0.0020"", ""m3@0.0020""]","[""C1"", 1000000, 0, 50000, [[400000, 700000]], 455509]"
syn_4_3_1_12,synthetic,4,3,1,0.01,greedy_gate_catching,True,1046863,0.00925,,139100,,15342070657373713409,"[""m0@0.0020"", ""m1@0.0020"", ""m2@0.0020"", ""m3@0.0032""]","[""C1"", 1000000, 0, 50000, [[400000, 700000]], 455509]"
syn_4_3_1_13,synthetic,4,3,1,0.01,pareto_dp,True,870706,0.00925,4.0,49900,,6550162264215980467,"[""m0@0.0020"", ""m1@0.0020"", ""m2@0.0020"", ""m3@0.0032""]","[""C1"", 1000000, 0, 50000, [[400000, 700000]], 455509]"
syn_4_3_1_13,synthetic,4,3,1,0.01,equal_risk,True,1002248,0.008,,38600,,6550162264215980467,"[""m0@0.0020"", ""m1@0.0020"", ""m2@0.0020"", ""m3@0.0020""]","[""C1"", 1000000, 0, 50000, [[400000, 700000]], 455509]"
syn_4_3_1_13,synthetic,4,3,1,0.01,proportional_risk,True,1002248,0.008,,60200,,6550162264215980467,"[""m0@0.0020"", ""m1@0.0020"", ""m2@0.0020"", ""m3@0.0020""]","[""C1"", 1000000, 0, 50000, [[400000, 700000]], 455509]"
syn_4_3_1_13,synthetic,4,3,1,0.01,greedy_gate_catching,True,870706,0.00925,,137800,,6550162264215980467,"[""m0@0.0020"", ""m1@0.0020"", ""m2@0.0020"", ""m3@0.0032""]","[""C1"", 1000000, 0, 50000, [[400000, 700000]], 455509]"
syn_4_3_1_14,synthetic,4,3,1,0.01,pareto_dp,True,1355862,0.00925,3.0,43800,,15519549800955992495,"[""m0@0.0020"", ""m1@0.0020"", ""m2@0.0020"", ""m3@0.0032""]","[""C1"", 1000000, 0, 50000, [[400000, 700000]], 455509]"
syn_4_3_1_14,synthetic,4,3,1,0.01,equal_risk,True,1567657,0.008,,38000,,15519549800955992495,"[""m0@0.0020"", ""m1@0.0020"", ""m2@0.0020"", ""m3@0.0020""]","[""C1"", 1000000, 0, 50000, [[400000, 700000]], 455509]"
syn_4_3_1_14,synthetic,4,3,1,0.01,proportional_risk,True,1567657,0.008,,90800,,15519549800955992495,"[""m0@0.0020"", ""m1@0.0020"", ""m2@0.0020"", ""m3@0.0020""]","[""C1"", 1000000, 0, 50000, [[400000, 700000]], 455509]"
syn_4_3_1_14,synthetic,4,3,1,0.01,greedy_gate_catching,True,1355862,0.00925,,135700,,15519549800955992495,"[""m0@0.0020"", ""m1@0.0020"", ""m2@0.0020"", ""m3@0.0032""]","[""C1"", 1000000, 0, 50000, [[400000, 700000]], 455509]"
syn_4_3_1_15,synthetic,4,3,1,0.01,pareto_dp,True,1329103,0.00925,4.0,49500,,7162269041708621202,"[""m0@0.0020"", ""m1@0.0020"", ""m2@0.0020"", ""m3@0.0032""]","[""C1"", 1000000, 0, 50000, [[400000, 700000]], 455509]"
syn_4_3_1_15,synthetic,4,3,1,0.01,equal_risk,True,1604840,0.008,,37700,,7162269041708621202,"[""m0@0.0020"", ""m1@0.0020"", ""m2@0.0020"", ""m3@0.0020""]","[""C1"", 1000000, 0, 50000, [[400000, 700000]], 455509]"
syn_4_3_1_15,synthetic,4,3,1,0.01,proportional_risk,True,1604840,0.008,,54500,,7162269041708621202,"[""m0@0.0020"", ""m1@0.0020"", ""m2@0.0020"", ""m3@0.0020""]","[""C1"", 1000000, 0, 50000, [[400000, 700000]], 455509]"
syn_4_3_1_15,synthetic,4,3,1,0.01,greedy_gate_catching,True,1329103,0.00925,,135700,,7162269041708621202,"[""m0@0.0020"", ""m1@0.0020"", ""m2@0.0020"", ""m3@0.0032""]","[""C1"", 1000000, 0, 50000, [[400000, 700000]], 455509]"
syn_4_3_1_16,synthetic,4,3,1,0.01,pareto_dp,True,1188912,0.00925,3.0,44300,,17612980923589086891,"[""m0@0.0020"", ""m1@0.0020"", ""m2@0.0020"", ""m3@0.0032""]","[""C1"", 1000000, 0, 50000, [[400000, 700000]], 455509]"
syn_4_3_1_16,synthetic,4,3,1,0.01,equal_risk,True,1348058,0.008,,37400,,17612980923589086891,"[""m0@0.0020"", ""m1@0.0020"", ""m2@0.0020"", ""m3@0.0020""]","[""C1"", 1000000, 0, 50000, [[400000, 700000]], 455509]"
syn_4_3_1_16,synthetic,4,3,1,0.01,proportional_risk,True,1348058,0.008,,53800,,17612980923589086891,"[""m0@0.0020"", ""m1@0.0020"", ""m2@0.0020"", ""m3@0.0020""]","[""C1"", 1000000, 0, 50000, [[400000, 700000]], 455509]"
syn_4_3_1_16,synthetic,4,3,1,0.01,greedy_gate_catching,True,1188912,0.00925,,133100,,17612980923589086891,"[""m0@0.0020"", ""m1@0.0020"", ""m2@0.0020"", ""m3@0.0032""]","[""C1"", 1000000, 0, 50000, [[400000, 700000]], 455509]"
syn_4_3_1_17,synthetic,4,3,1,0.01,pareto_dp,True,716280,0.00925,3.0,43500,,9602119372426234579,"[""m0@0.0020"", ""m1@0.0020"", ""m2@0.0020"", ""m3@0.0032""]","[""C1"", 1000000, 0, 50000, [[400000, 700000]], 455509]"
syn_4_3_1_17,synthetic,4,3,1,0.01,equal_risk,True,774024,0.008,,36500,,9602119372426234579,"[""m0@0.0020"", ""m1@0.0020"", ""m2@0.0020"", ""m3@0.0020""]","[""C1"", 1000000, 0, 50000, [[400000, 700000]], 455509]"
syn_4_3_1_17,synthetic,4,3,1,0.01,proportional_risk,True,774024,0.008,,52300,,9602119372426234579,"[""m0@0.0020"", ""m1@0.0020"", ""m2@0.0020"", ""m3@0.0020""]","[""C1"", 1000000, 0, 50000, [[400000, 700000]], 455509]"
syn_4_3_1_17,synthetic,4,3,1,0.01,greedy_gate_catching,True,716280,0.00925,,135400,,9602119372426234579,"[""m0@0.0020"", ""m1@0.0020"", ""m2@0.0020"", ""m3@0.0032""]","[""C1"", 1000000, 0, 50000, [[400000, 700000]], 455509]"
syn_4_3_1_18,synthetic,4,3,1,0.01,pareto_dp,True,860425,0.00925,3.0,45200,,3127612904611529279,"[""m0@0.0020"", ""m1@0.0020"", ""m2@0.0020"", ""m3@0.0032""]","[""C1"", 1000000, 0, 50000, [[400000, 700000]], 455509]"
syn_4_3_1_18,synthetic,4,3,1,0.01,equal_risk,True,951665,0.008,,39400,,3127612904611529279,"[""m0@0.0020"", ""m1@0.0020"", ""m2@0.0020"", ""m3@0.0020""]","[""C1"", 1000000, 0, 50000, [[400000, 700000]], 455509]"
syn_4_3_1_18,synthetic,4,3,1,0.01,proportional_risk,True,951665,0.008,,55100,,3127612904611529279,"[""m0@0.0020"", ""m1@0.0020"", ""m2@0.0020"", ""m3@0.0020""]","[""C1"", 1000000, 0, 50000, [[400000, 700000]], 455509]"
syn_4_3_1_18,synthetic,4,3,1,0.01,greedy_gate_catching,True,860425,0.00925,,195100,,3127612904611529279,"[""m0@0.0020"", ""m1@0.0020"", ""m2@0.0020"", ""m3@0.0032""]","[""C1"", 1000000, 0, 50000, [[400000, 700000]], 455509]"
syn_4_3_1_19,synthetic,4,3,1,0.01,pareto_dp,True,826678,0.00925,4.0,49700,,4514323210357745062,"[""m0@0.0020"", ""m1@0.0020"", ""m2@0.0020"", ""m3@0.0032""]","[""C1"", 1000000, 0, 50000, [[400000, 700000]], 455509]"
syn_4_3_1_19,synthetic,4,3,1,0.01,equal_risk,True,923834,0.008,,39900,,4514323210357745062,"[""m0@0.0020"", ""m1@0.0020"", ""m2@0.0020"", ""m3@0.0020""]","[""C1"", 1000000, 0, 50000, [[400000, 700000]], 455509]"
syn_4_3_1_19,synthetic,4,3,1,0.01,proportional_risk,True,923834,0.008,,52200,,4514323210357745062,"[""m0@0.0020"", ""m1@0.0020"", ""m2@0.0020"", ""m3@0.0020""]","[""C1"", 1000000, 0, 50000, [[400000, 700000]], 455509]"
syn_4_3_1_19,synthetic,4,3,1,0.01,greedy_gate_catching,True,826678,0.00925,,137900,,4514323210357745062,"[""m0@0.0020"", ""m1@0.0020"", ""m2@0.0020"", ""m3@0.0032""]","[""C1"", 1000000, 0, 50000, [[400000, 700000]], 455509]"
syn_4_3_4_00,synthetic,4,3,4,0.01,pareto_dp,True,1582967,0.00925,3.0,47700,,4573766533958328254,"[""m0@0.0020"", ""m1@0.0020"", ""m2@0.0020"", ""m3@0.0032""]","[""C1"", 1000000, 0, 50000, [[400000, 700000]], 455509]"
syn_4_3_4_00,synthetic,4,3,4,0.01,equal_risk,True,1649507,0.008,,39800,,4573766533958328254,"[""m0@0.0020"", ""m1@0.0020"", ""m2@0.0020"", ""m3@0.0020""]","[""C1"", 1000000, 0, 50000, [[400000, 700000]], 455509]"
syn_4_3_4_00,synthetic,4,3,4,0.01,proportional_risk,True,1649507,0.008,,56200,,4573766533958328254,"[""m0@0.0020"", ""m1@0.0020"", ""m2@0.0020"", ""m3@0.0020""]","[""C1"", 1000000, 0, 50000, [[400000, 700000]], 455509]"
syn_4_3_4_00,synthetic,4,3,4,0.01,greedy_gate_catching,True,1582967,0.00925,,138100,,4573766533958328254,"[""m0@0.0020"", ""m1@0.0020"", ""m2@0.0020"", ""m3@0.0032""]","[""C1"", 1000000, 0, 50000, [[400000, 700000]], 455509]"
syn_4_3_4_01,synthetic,4,3,4,0.01,pareto_dp,True,1756752,0.00925,3.0,47400,,5292003921811953130,"[""m0@0.0020"", ""m1@0.0020"", ""m2@0.0020"", ""m3@0.0032""]","[""C1"", 1000000, 0, 50000, [[400000, 700000]], 455509]"
syn_4_3_4_01,synthetic,4,3,4,0.01,equal_risk,True,1886709,0.008,,38700,,5292003921811953130,"[""m0@0.0020"", ""m1@0.0020"", ""m2@0.0020"", ""m3@0.0020""]","[""C1"", 1000000, 0, 50000, [[400000, 700000]], 455509]"
syn_4_3_4_01,synthetic,4,3,4,0.01,proportional_risk,True,1886709,0.008,,55900,,5292003921811953130,"[""m0@0.0020"", ""m1@0.0020"", ""m2@0.0020"", ""m3@0.0020""]","[""C1"", 1000000, 0, 50000, [[400000, 700000]], 455509]"
syn_4_3_4_01,synthetic,4,3,4,0.01,greedy_gate_catching,True,1756752,0.00925,,138400,,5292003921811953130,"[""m0@0.0020"", ""m1@0.0020"", ""m2@0.0020"", ""m3@0.0032""]","[""C1"", 1000000, 0, 50000, [[400000, 700000]], 455509]"
syn_4_3_4_02,synthetic,4,3,4,0.01,pareto_dp,True,2013419,0.00925,3.0,49200,,17592892111087812148,"[""m0@0.0020"", ""m1@0.0020"", ""m2@0.0020"", ""m3@0.0032""]","[""C1"", 1000000, 0, 50000, [[400000, 700000]], 455509]"
syn_4_3_4_02,synthetic,4,3,4,0.01,equal_risk,True,2169238,0.008,,40300,,17592892111087812148,"[""m0@0.0020"", ""m1@0.0020"", ""m2@0.0020"", ""m3@0.0020""]","[""C1"", 1000000, 0, 50000, [[400000, 700000]], 455509]"
syn_4_3_4_02,synthetic,4,3,4,0.01,proportional_risk,True,2169238,0.008,,61800,,17592892111087812148,"[""m0@0.0020"", ""m1@0.0020"", ""m2@0.0020"", ""m3@0.0020""]","[""C1"", 1000000, 0, 50000, [[400000, 700000]], 455509]"
syn_4_3_4_02,synthetic,4,3,4,0.01,greedy_gate_catching,True,2013419,0.00925,,139700,,17592892111087812148,"[""m0@0.0020"", ""m1@0.0020"", ""m2@0.0020"", ""m3@0.0032""]","[""C1"", 1000000, 0, 50000, [[400000, 700000]], 455509]"
syn_4_3_4_03,synthetic,4,3,4,0.01,pareto_dp,True,1775337,0.00925,3.0,47900,,1366483428483644973,"[""m0@0.0020"", ""m1@0.0020"", ""m2@0.0020"", ""m3@0.0032""]","[""C1"", 1000000, 0, 50000, [[400000, 700000]], 455509]"
syn_4_3_4_03,synthetic,4,3,4,0.01,equal_risk,True,1912906,0.008,,38100,,1366483428483644973,"[""m0@0.0020"", ""m1@0.0020"", ""m2@0.0020"", ""m3@0.0020""]","[""C1"", 1000000, 0, 50000, [[400000, 700000]], 455509]"
syn_4_3_4_03,synthetic,4,3,4,0.01,proportional_risk,True,1912906,0.008,,56400,,1366483428483644973,"[""m0@0.0020"", ""m1@0.0020"", ""m2@0.0020"", ""m3@0.0020""]","[""C1"", 1000000, 0, 50000, [[400000, 700000]], 455509]"
syn_4_3_4_03,synthetic,4,3,4,0.01,greedy_gate_catching,True,1775337,0.00925,,142600,,1366483428483644973,"[""m0@0.0020"", ""m1@0.0020"", ""m2@0.0020"", ""m3@0.0032""]","[""C1"", 1000000, 0, 50000, [[400000, 700000]], 455509]"
syn_4_3_4_04,synthetic,4,3,4,0.01,pareto_dp,True,2026860,0.00925,3.0,46400,,13707076019043315279,"[""m0@0.0020"", ""m1@0.0020"", ""m2@0.0020"", ""m3@0.0032""]","[""C1"", 1000000, 0, 50000, [[400000, 700000]], 455509]"
syn_4_3_4_04,synthetic,4,3,4,0.01,equal_risk,True,2222381,0.008,,39000,,13707076019043315279,"[""m0@0.0020"", ""m1@0.0020"", ""m2@0.0020"", ""m3@0.0020""]","[""C1"", 1000000, 0, 50000, [[400000, 700000]], 455509]"
syn_4_3_4_04,synthetic,4,3,4,0.01,proportional_risk,True,2222381,0.008,,55800,,13707076019043315279,"[""m0@0.0020"", ""m1@0.0020"", ""m2@0.0020"", ""m3@0.0020""]","[""C1"", 1000000, 0, 50000, [[400000, 700000]], 455509]"
syn_4_3_4_04,synthetic,4,3,4,0.01,greedy_gate_catching,True,2026860,0.00925,,139600,,13707076019043315279,"[""m0@0.0020"", ""m1@0.0020"", ""m2@0.0020"", ""m3@0.0032""]","[""C1"", 1000000, 0, 50000, [[400000, 700000]], 455509]"
syn_4_3_4_05,synthetic,4,3,4,0.01,pareto_dp,True,1719881,0.00925,3.0,45400,,13830053281037399959,"[""m0@0.0020"", ""m1@0.0020"", ""m2@0.0020"", ""m3@0.0032""]","[""C1"", 1000000, 0, 50000, [[400000, 700000]], 455509]"
syn_4_3_4_05,synthetic,4,3,4,0.01,equal_risk,True,1844696,0.008,,38900,,13830053281037399959,"[""m0@0.0020"", ""m1@0.0020"", ""m2@0.0020"", ""m3@0.0020""]","[""C1"", 1000000, 0, 50000, [[400000, 700000]], 455509]"
syn_4_3_4_05,synthetic,4,3,4,0.01,proportional_risk,True,1844696,0.008,,55700,,13830053281037399959,"[""m0@0.0020"", ""m1@0.0020"", ""m2@0.0020"", ""m3@0.0020""]","[""C1"", 1000000, 0, 50000, [[400000, 700000]], 455509]"
syn_4_3_4_05,synthetic,4,3,4,0.01,greedy_gate_catching,True,1719881,0.00925,,139400,,13830053281037399959,"[""m0@0.0020"", ""m1@0.0020"", ""m2@0.0020"", ""m3@0.0032""]","[""C1"", 1000000, 0, 50000, [[400000, 700000]], 455509]"
syn_4_3_4_06,synthetic,4,3,4,0.01,pareto_dp,True,1523129,0.00925,3.0,46100,,18083572688825669191,"[""m0@0.0020"", ""m1@0.0020"", ""m2@0.0020"", ""m3@0.0032""]","[""C1"", 1000000, 0, 50000, [[400000, 700000]], 455509]"
syn_4_3_4_06,synthetic,4,3,4,0.01,equal_risk,True,1599349,0.008,,39500,,18083572688825669191,"[""m0@0.0020"", ""m1@0.0020"", ""m2@0.0020"", ""m3@0.0020""]","[""C1"", 1000000, 0, 50000, [[400000, 700000]], 455509]"
syn_4_3_4_06,synthetic,4,3,4,0.01,proportional_risk,True,1599349,0.008,,57100,,18083572688825669191,"[""m0@0.0020"", ""m1@0.0020"", ""m2@0.0020"", ""m3@0.0020""]","[""C1"", 1000000, 0, 50000, [[400000, 700000]], 455509]"
syn_4_3_4_06,synthetic,4,3,4,0.01,greedy_gate_catching,True,1523129,0.00925,,137900,,18083572688825669191,"[""m0@0.0020"", ""m1@0.0020"", ""m2@0.0020"", ""m3@0.0032""]","[""C1"", 1000000, 0, 50000, [[400000, 700000]], 455509]"
syn_4_3_4_07,synthetic,4,3,4,0.01,pareto_dp,True,1538902,0.00925,3.0,48300,,13671559697961794169,"[""m0@0.0020"", ""m1@0.0020"", ""m2@0.0020"", ""m3@0.0032""]","[""C1"", 1000000, 0, 50000, [[400000, 700000]], 455509]"
syn_4_3_4_07,synthetic,4,3,4,0.01,equal_risk,True,1600744,0.008,,39200,,13671559697961794169,"[""m0@0.0020"", ""m1@0.0020"", ""m2@0.0020"", ""m3@0.0020""]","[""C1"", 1000000, 0, 50000, [[400000, 700000]], 455509]"
syn_4_3_4_07,synthetic,4,3,4,0.01,proportional_risk,True,1600744,0.008,,55100,,13671559697961794169,"[""m0@0.0020"", ""m1@0.0020"", ""m2@0.0020"", ""m3@0.0020""]","[""C1"", 1000000, 0, 50000, [[400000, 700000]], 455509]"
syn_4_3_4_07,synthetic,4,3,4,0.01,greedy_gate_catching,True,1538902,0.00925,,137400,,13671559697961794169,"[""m0@0.0020"", ""m1@0.0020"", ""m2@0.0020"", ""m3@0.0032""]","[""C1"", 1000000, 0, 50000, [[400000, 700000]], 455509]"
syn_4_3_4_08,synthetic,4,3,4,0.01,pareto_dp,True,1711813,0.00925,3.0,44900,,8115361544555011469,"[""m0@0.0020"", ""m1@0.0020"", ""m2@0.0020"", ""m3@0.0032""]","[""C1"", 1000000, 0, 50000, [[400000, 700000]], 455509]"
syn_4_3_4_08,synthetic,4,3,4,0.01,equal_risk,True,1799101,0.008,,38300,,8115361544555011469,"[""m0@0.0020"", ""m1@0.0020"", ""m2@0.0020"", ""m3@0.0020""]","[""C1"", 1000000, 0, 50000, [[400000, 700000]], 455509]"
syn_4_3_4_08,synthetic,4,3,4,0.01,proportional_risk,True,1799101,0.008,,54700,,8115361544555011469,"[""m0@0.0020"", ""m1@0.0020"", ""m2@0.0020"", ""m3@0.0020""]","[""C1"", 1000000, 0, 50000, [[400000, 700000]], 455509]"
syn_4_3_4_08,synthetic,4,3,4,0.01,greedy_gate_catching,True,1711813,0.00925,,139700,,8115361544555011469,"[""m0@0.0020"", ""m1@0.0020"", ""m2@0.0020"", ""m3@0.0032""]","[""C1"", 1000000, 0, 50000, [[400000, 700000]], 455509]"
syn_4_3_4_09,synthetic,4,3,4,0.01,pareto_dp,True,1703280,0.00925,3.0,47700,,14124960576887829149,"[""m0@0.0020"", ""m1@0.0020"", ""m2@0.0020"", ""m3@0.0032""]","[""C1"", 1000000, 0, 50000, [[400000, 700000]], 455509]"
syn_4_3_4_09,synthetic,4,3,4,0.01,equal_risk,True,1852218,0.008,,40400,,14124960576887829149,"[""m0@0.0020"", ""m1@0.0020"", ""m2@0.0020"", ""m3@0.0020""]","[""C1"", 1000000, 0, 50000, [[400000, 700000]], 455509]"
syn_4_3_4_09,synthetic,4,3,4,0.01,proportional_risk,True,1852218,0.008,,56000,,14124960576887829149,"[""m0@0.0020"", ""m1@0.0020"", ""m2@0.0020"", ""m3@0.0020""]","[""C1"", 1000000, 0, 50000, [[400000, 700000]], 455509]"
syn_4_3_4_09,synthetic,4,3,4,0.01,greedy_gate_catching,True,1703280,0.00925,,140600,,14124960576887829149,"[""m0@0.0020"", ""m1@0.0020"", ""m2@0.0020"", ""m3@0.0032""]","[""C1"", 1000000, 0, 50000, [[400000, 700000]], 455509]"
syn_4_3_4_10,synthetic,4,3,4,0.01,pareto_dp,True,1811395,0.00925,3.0,46600,,356138263553303609,"[""m0@0.0020"", ""m1@0.0020"", ""m2@0.0020"", ""m3@0.0032""]","[""C1"", 1000000, 0, 50000, [[400000, 700000]], 455509]"
syn_4_3_4_10,synthetic,4,3,4,0.01,equal_risk,True,1950956,0.008,,38500,,356138263553303609,"[""m0@0.0020"", ""m1@0.0020"", ""m2@0.0020"", ""m3@0.0020""]","[""C1"", 1000000, 0, 50000, [[400000, 700000]], 455509]"
syn_4_3_4_10,synthetic,4,3,4,0.01,proportional_risk,True,1950956,0.008,,58900,,356138263553303609,"[""m0@0.0020"", ""m1@0.0020"", ""m2@0.0020"", ""m3@0.0020""]","[""C1"", 1000000, 0, 50000, [[400000, 700000]], 455509]"
syn_4_3_4_10,synthetic,4,3,4,0.01,greedy_gate_catching,True,1811395,0.00925,,138400,,356138263553303609,"[""m0@0.0020"", ""m1@0.0020"", ""m2@0.0020"", ""m3@0.0032""]","[""C1"", 1000000, 0, 50000, [[400000, 700000]], 455509]"
syn_4_3_4_11,synthetic,4,3,4,0.01,pareto_dp,True,1698247,0.00925,3.0,44500,,17453494205151395523,"[""m0@0.0020"", ""m1@0.0020"", ""m2@0.0020"", ""m3@0.0032""]","[""C1"", 1000000, 0, 50000, [[400000, 700000]], 455509]"
syn_4_3_4_11,synthetic,4,3,4,0.01,equal_risk,True,1840791,0.008,,39300,,17453494205151395523,"[""m0@0.0020"", ""m1@0.0020"", ""m2@0.0020"", ""m3@0.0020""]","[""C1"", 1000000, 0, 50000, [[400000, 700000]], 455509]"
syn_4_3_4_11,synthetic,4,3,4,0.01,proportional_risk,True,1840791,0.008,,55700,,17453494205151395523,"[""m0@0.0020"", ""m1@0.0020"", ""m2@0.0020"", ""m3@0.0020""]","[""C1"", 1000000, 0, 50000, [[400000, 700000]], 455509]"
syn_4_3_4_11,synthetic,4,3,4,0.01,greedy_gate_catching,True,1698247,0.00925,,138200,,17453494205151395523,"[""m0@0.0020"", ""m1@0.0020"", ""m2@0.0020"", ""m3@0.0032""]","[""C1"", 1000000, 0, 50000, [[400000, 700000]], 455509]"
syn_4_3_4_12,synthetic,4,3,4,0.01,pareto_dp,True,1490667,0.00925,3.0,44500,,15958050027781589206,"[""m0@0.0020"", ""m1@0.0020"", ""m2@0.0020"", ""m3@0.0032""]","[""C1"", 1000000, 0, 50000, [[400000, 700000]], 455509]"
syn_4_3_4_12,synthetic,4,3,4,0.01,equal_risk,True,1565486,0.008,,39400,,15958050027781589206,"[""m0@0.0020"", ""m1@0.0020"", ""m2@0.0020"", ""m3@0.0020""]","[""C1"", 1000000, 0, 50000, [[400000, 700000]], 455509]"
syn_4_3_4_12,synthetic,4,3,4,0.01,proportional_risk,True,1565486,0.008,,52700,,15958050027781589206,"[""m0@0.0020"", ""m1@0.0020"", ""m2@0.0020"", ""m3@0.0020""]","[""C1"", 1000000, 0, 50000, [[400000, 700000]], 455509]"
syn_4_3_4_12,synthetic,4,3,4,0.01,greedy_gate_catching,True,1490667,0.00925,,138400,,15958050027781589206,"[""m0@0.0020"", ""m1@0.0020"", ""m2@0.0020"", ""m3@0.0032""]","[""C1"", 1000000, 0, 50000, [[400000, 700000]], 455509]"
syn_4_3_4_13,synthetic,4,3,4,0.01,pareto_dp,True,1624022,0.00925,3.0,43900,,17856823141027513098,"[""m0@0.0020"", ""m1@0.0020"", ""m2@0.0020"", ""m3@0.0032""]","[""C1"", 1000000, 0, 50000, [[400000, 700000]], 455509]"
syn_4_3_4_13,synthetic,4,3,4,0.01,equal_risk,True,1755617,0.008,,39000,,17856823141027513098,"[""m0@0.0020"", ""m1@0.0020"", ""m2@0.0020"", ""m3@0.0020""]","[""C1"", 1000000, 0, 50000, [[400000, 700000]], 455509]"
syn_4_3_4_13,synthetic,4,3,4,0.01,proportional_risk,True,1755617,0.008,,54300,,17856823141027513098,"[""m0@0.0020"", ""m1@0.0020"", ""m2@0.0020"", ""m3@0.0020""]","[""C1"", 1000000, 0, 50000, [[400000, 700000]], 455509]"
syn_4_3_4_13,synthetic,4,3,4,0.01,greedy_gate_catching,True,1624022,0.00925,,137400,,17856823141027513098,"[""m0@0.0020"", ""m1@0.0020"", ""m2@0.0020"", ""m3@0.0032""]","[""C1"", 1000000, 0, 50000, [[400000, 700000]], 455509]"
syn_4_3_4_14,synthetic,4,3,4,0.01,pareto_dp,True,1044199,0.00925,4.0,48900,,10194873683455459726,"[""m0@0.0020"", ""m1@0.0020"", ""m2@0.0020"", ""m3@0.0032""]","[""C1"", 1000000, 0, 50000, [[400000, 700000]], 455509]"
syn_4_3_4_14,synthetic,4,3,4,0.01,equal_risk,True,1197817,0.008,,38500,,10194873683455459726,"[""m0@0.0020"", ""m1@0.0020"", ""m2@0.0020"", ""m3@0.0020""]","[""C1"", 1000000, 0, 50000, [[400000, 700000]], 455509]"
syn_4_3_4_14,synthetic,4,3,4,0.01,proportional_risk,True,1197817,0.008,,58900,,10194873683455459726,"[""m0@0.0020"", ""m1@0.0020"", ""m2@0.0020"", ""m3@0.0020""]","[""C1"", 1000000, 0, 50000, [[400000, 700000]], 455509]"
syn_4_3_4_14,synthetic,4,3,4,0.01,greedy_gate_catching,True,1044199,0.00925,,138700,,10194873683455459726,"[""m0@0.0020"", ""m1@0.0020"", ""m2@0.0020"", ""m3@0.0032""]","[""C1"", 1000000, 0, 50000, [[400000, 700000]], 455509]"
syn_4_3_4_15,synthetic,4,3,4,0.01,pareto_dp,True,1956264,0.00925,3.0,45000,,79921279438599797,"[""m0@0.0020"", ""m1@0.0020"", ""m2@0.0020"", ""m3@0.0032""]","[""C1"", 1000000, 0, 50000, [[400000, 700000]], 455509]"
syn_4_3_4_15,synthetic,4,3,4,0.01,equal_risk,True,2166643,0.008,,38000,,79921279438599797,"[""m0@0.0020"", ""m1@0.0020"", ""m2@0.0020"", ""m3@0.0020""]","[""C1"", 1000000, 0, 50000, [[400000, 700000]], 455509]"
syn_4_3_4_15,synthetic,4,3,4,0.01,proportional_risk,True,2166643,0.008,,54500,,79921279438599797,"[""m0@0.0020"", ""m1@0.0020"", ""m2@0.0020"", ""m3@0.0020""]","[""C1"", 1000000, 0, 50000, [[400000, 700000]], 455509]"
syn_4_3_4_15,synthetic,4,3,4,0.01,greedy_gate_catching,True,1956264,0.00925,,135900,,79921279438599797,"[""m0@0.0020"", ""m1@0.0020"", ""m2@0.0020"", ""m3@0.0032""]","[""C1"", 1000000, 0, 50000, [[400000, 700000]], 455509]"
syn_4_3_4_16,synthetic,4,3,4,0.01,pareto_dp,True,720925,0.00925,4.0,48200,,11668055705041103832,"[""m0@0.0020"", ""m1@0.0020"", ""m2@0.0020"", ""m3@0.0032""]","[""C1"", 1000000, 0, 50000, [[400000, 700000]], 455509]"
syn_4_3_4_16,synthetic,4,3,4,0.01,equal_risk,True,779534,0.008,,38000,,11668055705041103832,"[""m0@0.0020"", ""m1@0.0020"", ""m2@0.0020"", ""m3@0.0020""]","[""C1"", 1000000, 0, 50000, [[400000, 700000]], 455509]"
syn_4_3_4_16,synthetic,4,3,4,0.01,proportional_risk,True,779534,0.008,,53700,,11668055705041103832,"[""m0@0.0020"", ""m1@0.0020"", ""m2@0.0020"", ""m3@0.0020""]","[""C1"", 1000000, 0, 50000, [[400000, 700000]], 455509]"
syn_4_3_4_16,synthetic,4,3,4,0.01,greedy_gate_catching,True,720925,0.00925,,139500,,11668055705041103832,"[""m0@0.0020"", ""m1@0.0020"", ""m2@0.0020"", ""m3@0.0032""]","[""C1"", 1000000, 0, 50000, [[400000, 700000]], 455509]"
syn_4_3_4_17,synthetic,4,3,4,0.01,pareto_dp,True,1577008,0.00925,3.0,47300,,6758168492101546464,"[""m0@0.0020"", ""m1@0.0020"", ""m2@0.0020"", ""m3@0.0032""]","[""C1"", 1000000, 0, 50000, [[400000, 700000]], 455509]"
syn_4_3_4_17,synthetic,4,3,4,0.01,equal_risk,True,1690128,0.008,,39000,,6758168492101546464,"[""m0@0.0020"", ""m1@0.0020"", ""m2@0.0020"", ""m3@0.0020""]","[""C1"", 1000000, 0, 50000, [[400000, 700000]], 455509]"
syn_4_3_4_17,synthetic,4,3,4,0.01,proportional_risk,True,1690128,0.008,,49900,,6758168492101546464,"[""m0@0.0020"", ""m1@0.0020"", ""m2@0.0020"", ""m3@0.0020""]","[""C1"", 1000000, 0, 50000, [[400000, 700000]], 455509]"
syn_4_3_4_17,synthetic,4,3,4,0.01,greedy_gate_catching,True,1577008,0.00925,,137600,,6758168492101546464,"[""m0@0.0020"", ""m1@0.0020"", ""m2@0.0020"", ""m3@0.0032""]","[""C1"", 1000000, 0, 50000, [[400000, 700000]], 455509]"
syn_4_3_4_18,synthetic,4,3,4,0.01,pareto_dp,True,1592650,0.00925,3.0,46300,,12687934800418227649,"[""m0@0.0020"", ""m1@0.0020"", ""m2@0.0020"", ""m3@0.0032""]","[""C1"", 1000000, 0, 50000, [[400000, 700000]], 455509]"
syn_4_3_4_18,synthetic,4,3,4,0.01,equal_risk,True,1656618,0.008,,38500,,12687934800418227649,"[""m0@0.0020"", ""m1@0.0020"", ""m2@0.0020"", ""m3@0.0020""]","[""C1"", 1000000, 0, 50000, [[400000, 700000]], 455509]"
syn_4_3_4_18,synthetic,4,3,4,0.01,proportional_risk,True,1656618,0.008,,54900,,12687934800418227649,"[""m0@0.0020"", ""m1@0.0020"", ""m2@0.0020"", ""m3@0.0020""]","[""C1"", 1000000, 0, 50000, [[400000, 700000]], 455509]"
syn_4_3_4_18,synthetic,4,3,4,0.01,greedy_gate_catching,True,1592650,0.00925,,135900,,12687934800418227649,"[""m0@0.0020"", ""m1@0.0020"", ""m2@0.0020"", ""m3@0.0032""]","[""C1"", 1000000, 0, 50000, [[400000, 700000]], 455509]"
syn_4_3_4_19,synthetic,4,3,4,0.01,pareto_dp,True,1590003,0.00925,3.0,45400,,4118222023385891482,"[""m0@0.0020"", ""m1@0.0020"", ""m2@0.0020"", ""m3@0.0032""]","[""C1"", 1000000, 0, 50000, [[400000, 700000]], 455509]"
syn_4_3_4_19,synthetic,4,3,4,0.01,equal_risk,True,1674803,0.008,,38400,,4118222023385891482,"[""m0@0.0020"", ""m1@0.0020"", ""m2@0.0020"", ""m3@0.0020""]","[""C1"", 1000000, 0, 50000, [[400000, 700000]], 455509]"
syn_4_3_4_19,synthetic,4,3,4,0.01,proportional_risk,True,1674803,0.008,,54600,,4118222023385891482,"[""m0@0.0020"", ""m1@0.0020"", ""m2@0.0020"", ""m3@0.0020""]","[""C1"", 1000000, 0, 50000, [[400000, 700000]], 455509]"
syn_4_3_4_19,synthetic,4,3,4,0.01,greedy_gate_catching,True,1590003,0.00925,,138200,,4118222023385891482,"[""m0@0.0020"", ""m1@0.0020"", ""m2@0.0020"", ""m3@0.0032""]","[""C1"", 1000000, 0, 50000, [[400000, 700000]], 455509]"
syn_4_6_1_00,synthetic,4,6,1,0.01,pareto_dp,True,868533,0.01,9.0,100100,,8267431242662499836,"[""m0@0.0020"", ""m1@0.0020"", ""m2@0.0020"", ""m3@0.0040""]","[""C1"", 1000000, 0, 50000, [[400000, 700000]], 455509]"
syn_4_6_1_00,synthetic,4,6,1,0.01,equal_risk,True,1023560,0.008,,61000,,8267431242662499836,"[""m0@0.0020"", ""m1@0.0020"", ""m2@0.0020"", ""m3@0.0020""]","[""C1"", 1000000, 0, 50000, [[400000, 700000]], 455509]"
syn_4_6_1_00,synthetic,4,6,1,0.01,proportional_risk,True,1023560,0.008,,75400,,8267431242662499836,"[""m0@0.0020"", ""m1@0.0020"", ""m2@0.0020"", ""m3@0.0020""]","[""C1"", 1000000, 0, 50000, [[400000, 700000]], 455509]"
syn_4_6_1_00,synthetic,4,6,1,0.01,greedy_gate_catching,True,868533,0.01,,499800,,8267431242662499836,"[""m0@0.0020"", ""m1@0.0020"", ""m2@0.0020"", ""m3@0.0040""]","[""C1"", 1000000, 0, 50000, [[400000, 700000]], 455509]"
syn_4_6_1_01,synthetic,4,6,1,0.01,pareto_dp,True,1096056,0.01,7.0,90100,,3740369253576034583,"[""m0@0.0020"", ""m1@0.0020"", ""m2@0.0020"", ""m3@0.0040""]","[""C1"", 1000000, 0, 50000, [[400000, 700000]], 455509]"
syn_4_6_1_01,synthetic,4,6,1,0.01,equal_risk,True,1317011,0.008,,58800,,3740369253576034583,"[""m0@0.0020"", ""m1@0.0020"", ""m2@0.0020"", ""m3@0.0020""]","[""C1"", 1000000, 0, 50000, [[400000, 700000]], 455509]"
syn_4_6_1_01,synthetic,4,6,1,0.01,proportional_risk,True,1317011,0.008,,86900,,3740369253576034583,"[""m0@0.0020"", ""m1@0.0020"", ""m2@0.0020"", ""m3@0.0020""]","[""C1"", 1000000, 0, 50000, [[400000, 700000]], 455509]"
syn_4_6_1_01,synthetic,4,6,1,0.01,greedy_gate_catching,True,1096056,0.01,,490100,,3740369253576034583,"[""m0@0.0020"", ""m1@0.0020"", ""m2@0.0020"", ""m3@0.0040""]","[""C1"", 1000000, 0, 50000, [[400000, 700000]], 455509]"
syn_4_6_1_02,synthetic,4,6,1,0.01,pareto_dp,True,1127511,0.01,6.0,89400,,17140485576185820072,"[""m0@0.0020"", ""m1@0.0020"", ""m2@0.0020"", ""m3@0.0040""]","[""C1"", 1000000, 0, 50000, [[400000, 700000]], 455509]"
syn_4_6_1_02,synthetic,4,6,1,0.01,equal_risk,True,1545539,0.008,,58600,,17140485576185820072,"[""m0@0.0020"", ""m1@0.0020"", ""m2@0.0020"", ""m3@0.0020""]","[""C1"", 1000000, 0, 50000, [[400000, 700000]], 455509]"
syn_4_6_1_02,synthetic,4,6,1,0.01,proportional_risk,True,1545539,0.008,,84000,,17140485576185820072,"[""m0@0.0020"", ""m1@0.0020"", ""m2@0.0020"", ""m3@0.0020""]","[""C1"", 1000000, 0, 50000, [[400000, 700000]], 455509]"
syn_4_6_1_02,synthetic,4,6,1,0.01,greedy_gate_catching,True,1127511,0.01,,493600,,17140485576185820072,"[""m0@0.0020"", ""m1@0.0020"", ""m2@0.0020"", ""m3@0.0040""]","[""C1"", 1000000, 0, 50000, [[400000, 700000]], 455509]"
syn_4_6_1_03,synthetic,4,6,1,0.01,pareto_dp,True,820637,0.01,6.0,90200,,14949018899125947140,"[""m0@0.0020"", ""m1@0.0020"", ""m2@0.0020"", ""m3@0.0040""]","[""C1"", 1000000, 0, 50000, [[400000, 700000]], 455509]"
syn_4_6_1_03,synthetic,4,6,1,0.01,equal_risk,True,984811,0.008,,58100,,14949018899125947140,"[""m0@0.0020"", ""m1@0.0020"", ""m2@0.0020"", ""m3@0.0020""]","[""C1"", 1000000, 0, 50000, [[400000, 700000]], 455509]"
syn_4_6_1_03,synthetic,4,6,1,0.01,proportional_risk,True,984811,0.008,,73700,,14949018899125947140,"[""m0@0.0020"", ""m1@0.0020"", ""m2@0.0020"", ""m3@0.0020""]","[""C1"", 1000000, 0, 50000, [[400000, 700000]], 455509]"
syn_4_6_1_03,synthetic,4,6,1,0.01,greedy_gate_catching,True,820637,0.01,,480900,,14949018899125947140,"[""m0@0.0020"", ""m1@0.0020"", ""m2@0.0020"", ""m3@0.0040""]","[""C1"", 1000000, 0, 50000, [[400000, 700000]], 455509]"
syn_4_6_1_04,synthetic,4,6,1,0.01,pareto_dp,True,1121691,0.01,6.0,85400,,12116456455016559669,"[""m0@0.0020"", ""m1@0.0020"", ""m2@0.0020"", ""m3@0.0040""]","[""C1"", 1000000, 0, 50000, [[400000, 700000]], 455509]"
syn_4_6_1_04,synthetic,4,6,1,0.01,equal_risk,True,1440561,0.008,,55800,,12116456455016559669,"[""m0@0.0020"", ""m1@0.0020"", ""m2@0.0020"", ""m3@0.0020""]","[""C1"", 1000000, 0, 50000, [[400000, 700000]], 455509]"
syn_4_6_1_04,synthetic,4,6,1,0.01,proportional_risk,True,1440561,0.008,,79300,,12116456455016559669,"[""m0@0.0020"", ""m1@0.0020"", ""m2@0.0020"", ""m3@0.0020""]","[""C1"", 1000000, 0, 50000, [[400000, 700000]], 455509]"
syn_4_6_1_04,synthetic,4,6,1,0.01,greedy_gate_catching,True,1121691,0.01,,465600,,12116456455016559669,"[""m0@0.0020"", ""m1@0.0020"", ""m2@0.0020"", ""m3@0.0040""]","[""C1"", 1000000, 0, 50000, [[400000, 700000]], 455509]"
syn_4_6_1_05,synthetic,4,6,1,0.01,pareto_dp,True,1161733,0.01,6.0,88900,,2314232146715433339,"[""m0@0.0020"", ""m1@0.0020"", ""m2@0.0020"", ""m3@0.0040""]","[""C1"", 1000000, 0, 50000, [[400000, 700000]], 455509]"
syn_4_6_1_05,synthetic,4,6,1,0.01,equal_risk,True,1515300,0.008,,56300,,2314232146715433339,"[""m0@0.0020"", ""m1@0.0020"", ""m2@0.0020"", ""m3@0.0020""]","[""C1"", 1000000, 0, 50000, [[400000, 700000]], 455509]"
syn_4_6_1_05,synthetic,4,6,1,0.01,proportional_risk,True,1515300,0.008,,80800,,2314232146715433339,"[""m0@0.0020"", ""m1@0.0020"", ""m2@0.0020"", ""m3@0.0020""]","[""C1"", 1000000, 0, 50000, [[400000, 700000]], 455509]"
syn_4_6_1_05,synthetic,4,6,1,0.01,greedy_gate_catching,True,1161733,0.01,,477600,,2314232146715433339,"[""m0@0.0020"", ""m1@0.0020"", ""m2@0.0020"", ""m3@0.0040""]","[""C1"", 1000000, 0, 50000, [[400000, 700000]], 455509]"
syn_4_6_1_06,synthetic,4,6,1,0.01,pareto_dp,True,1039918,0.01,8.0,88200,,12724907686751230834,"[""m0@0.0020"", ""m1@0.0020"", ""m2@0.0020"", ""m3@0.0040""]","[""C1"", 1000000, 0, 50000, [[400000, 700000]], 455509]"
syn_4_6_1_06,synthetic,4,6,1,0.01,equal_risk,True,1246494,0.008,,56900,,12724907686751230834,"[""m0@0.0020"", ""m1@0.0020"", ""m2@0.0020"", ""m3@0.0020""]","[""C1"", 1000000, 0, 50000, [[400000, 700000]], 455509]"
syn_4_6_1_06,synthetic,4,6,1,0.01,proportional_risk,True,1246494,0.008,,84100,,12724907686751230834,"[""m0@0.0020"", ""m1@0.0020"", ""m2@0.0020"", ""m3@0.0020""]","[""C1"", 1000000, 0, 50000, [[400000, 700000]], 455509]"
syn_4_6_1_06,synthetic,4,6,1,0.01,greedy_gate_catching,True,1055401,0.01,,469500,,12724907686751230834,"[""m0@0.0020"", ""m1@0.0020"", ""m2@0.0025"", ""m3@0.0035""]","[""C1"", 1000000, 0, 50000, [[400000, 700000]], 455509]"
syn_4_6_1_07,synthetic,4,6,1,0.01,pareto_dp,True,798814,0.01,6.0,86700,,15492401310251207875,"[""m0@0.0020"", ""m1@0.0020"", ""m2@0.0025"", ""m3@0.0035""]","[""C1"", 1000000, 0, 50000, [[400000, 700000]], 455509]"
syn_4_6_1_07,synthetic,4,6,1,0.01,equal_risk,True,953789,0.008,,55500,,15492401310251207875,"[""m0@0.0020"", ""m1@0.0020"", ""m2@0.0020"", ""m3@0.0020""]","[""C1"", 1000000, 0, 50000, [[400000, 700000]], 455509]"
syn_4_6_1_07,synthetic,4,6,1,0.01,proportional_risk,True,953789,0.008,,70900,,15492401310251207875,"[""m0@0.0020"", ""m1@0.0020"", ""m2@0.0020"", ""m3@0.0020""]","[""C1"", 1000000, 0, 50000, [[400000, 700000]], 455509]"
syn_4_6_1_07,synthetic,4,6,1,0.01,greedy_gate_catching,True,798814,0.01,,464500,,15492401310251207875,"[""m0@0.0020"", ""m1@0.0020"", ""m2@0.0025"", ""m3@0.0035""]","[""C1"", 1000000, 0, 50000, [[400000, 700000]], 455509]"
syn_4_6_1_08,synthetic,4,6,1,0.01,pareto_dp,True,1107968,0.01,6.0,84300,,12460795196085724114,"[""m0@0.0020"", ""m1@0.0020"", ""m2@0.0020"", ""m3@0.0040""]","[""C1"", 1000000, 0, 50000, [[400000, 700000]], 455509]"
syn_4_6_1_08,synthetic,4,6,1,0.01,equal_risk,True,1446862,0.008,,59800,,12460795196085724114,"[""m0@0.0020"", ""m1@0.0020"", ""m2@0.0020"", ""m3@0.0020""]","[""C1"", 1000000, 0, 50000, [[400000, 700000]], 455509]"
syn_4_6_1_08,synthetic,4,6,1,0.01,proportional_risk,True,1446862,0.008,,89100,,12460795196085724114,"[""m0@0.0020"", ""m1@0.0020"", ""m2@0.0020"", ""m3@0.0020""]","[""C1"", 1000000, 0, 50000, [[400000, 700000]], 455509]"
syn_4_6_1_08,synthetic,4,6,1,0.01,greedy_gate_catching,True,1107968,0.01,,472000,,12460795196085724114,"[""m0@0.0020"", ""m1@0.0020"", ""m2@0.0020"", ""m3@0.0040""]","[""C1"", 1000000, 0, 50000, [[400000, 700000]], 455509]"
syn_4_6_1_09,synthetic,4,6,1,0.01,pareto_dp,True,922273,0.01,6.0,85300,,12490599018404199915,"[""m0@0.0020"", ""m1@0.0020"", ""m2@0.0020"", ""m3@0.0040""]","[""C1"", 1000000, 0, 50000, [[400000, 700000]], 455509]"
syn_4_6_1_09,synthetic,4,6,1,0.01,equal_risk,True,1158114,0.008,,55700,,12490599018404199915,"[""m0@0.0020"", ""m1@0.0020"", ""m2@0.0020"", ""m3@0.0020""]","[""C1"", 1000000, 0, 50000, [[400000, 700000]], 455509]"
syn_4_6_1_09,synthetic,4,6,1,0.01,proportional_risk,True,1158114,0.008,,79800,,12490599018404199915,"[""m0@0.0020"", ""m1@0.0020"", ""m2@0.0020"", ""m3@0.0020""]","[""C1"", 1000000, 0, 50000, [[400000, 700000]], 455509]"
syn_4_6_1_09,synthetic,4,6,1,0.01,greedy_gate_catching,True,922273,0.01,,466200,,12490599018404199915,"[""m0@0.0020"", ""m1@0.0020"", ""m2@0.0020"", ""m3@0.0040""]","[""C1"", 1000000, 0, 50000, [[400000, 700000]], 455509]"
syn_4_6_1_10,synthetic,4,6,1,0.01,pareto_dp,True,571125,0.01,6.0,85000,,2590481441529691253,"[""m0@0.0020"", ""m1@0.0020"", ""m2@0.0020"", ""m3@0.0040""]","[""C1"", 1000000, 0, 50000, [[400000, 700000]], 455509]"
syn_4_6_1_10,synthetic,4,6,1,0.01,equal_risk,True,681291,0.008,,55300,,2590481441529691253,"[""m0@0.0020"", ""m1@0.0020"", ""m2@0.0020"", ""m3@0.0020""]","[""C1"", 1000000, 0, 50000, [[400000, 700000]], 455509]"
syn_4_6_1_10,synthetic,4,6,1,0.01,proportional_risk,True,681291,0.008,,70000,,2590481441529691253,"[""m0@0.0020"", ""m1@0.0020"", ""m2@0.0020"", ""m3@0.0020""]","[""C1"", 1000000, 0, 50000, [[400000, 700000]], 455509]"
syn_4_6_1_10,synthetic,4,6,1,0.01,greedy_gate_catching,True,571125,0.01,,467000,,2590481441529691253,"[""m0@0.0020"", ""m1@0.0020"", ""m2@0.0020"", ""m3@0.0040""]","[""C1"", 1000000, 0, 50000, [[400000, 700000]], 455509]"
syn_4_6_1_11,synthetic,4,6,1,0.01,pareto_dp,True,971299,0.01,6.0,83300,,15209927104271203615,"[""m0@0.0020"", ""m1@0.0020"", ""m2@0.0020"", ""m3@0.0040""]","[""C1"", 1000000, 0, 50000, [[400000, 700000]], 455509]"
syn_4_6_1_11,synthetic,4,6,1,0.01,equal_risk,True,1285115,0.008,,54800,,15209927104271203615,"[""m0@0.0020"", ""m1@0.0020"", ""m2@0.0020"", ""m3@0.0020""]","[""C1"", 1000000, 0, 50000, [[400000, 700000]], 455509]"
syn_4_6_1_11,synthetic,4,6,1,0.01,proportional_risk,True,1285115,0.008,,86300,,15209927104271203615,"[""m0@0.0020"", ""m1@0.0020"", ""m2@0.0020"", ""m3@0.0020""]","[""C1"", 1000000, 0, 50000, [[400000, 700000]], 455509]"
syn_4_6_1_11,synthetic,4,6,1,0.01,greedy_gate_catching,True,971299,0.01,,472100,,15209927104271203615,"[""m0@0.0020"", ""m1@0.0020"", ""m2@0.0020"", ""m3@0.0040""]","[""C1"", 1000000, 0, 50000, [[400000, 700000]], 455509]"
syn_4_6_1_12,synthetic,4,6,1,0.01,pareto_dp,True,1142729,0.01,6.0,82500,,12970145813274751435,"[""m0@0.0020"", ""m1@0.0020"", ""m2@0.0020"", ""m3@0.0040""]","[""C1"", 1000000, 0, 50000, [[400000, 700000]], 455509]"
syn_4_6_1_12,synthetic,4,6,1,0.01,equal_risk,True,1444299,0.008,,54600,,12970145813274751435,"[""m0@0.0020"", ""m1@0.0020"", ""m2@0.0020"", ""m3@0.0020""]","[""C1"", 1000000, 0, 50000, [[400000, 700000]], 455509]"
syn_4_6_1_12,synthetic,4,6,1,0.01,proportional_risk,True,1444299,0.008,,80200,,12970145813274751435,"[""m0@0.0020"", ""m1@0.0020"", ""m2@0.0020"", ""m3@0.0020""]","[""C1"", 1000000, 0, 50000, [[400000, 700000]], 455509]"
syn_4_6_1_12,synthetic,4,6,1,0.01,greedy_gate_catching,True,1142729,0.01,,475200,,12970145813274751435,"[""m0@0.0020"", ""m1@0.0020"", ""m2@0.0020"", ""m3@0.0040""]","[""C1"", 1000000, 0, 50000, [[400000, 700000]], 455509]"
syn_4_6_1_13,synthetic,4,6,1,0.01,pareto_dp,True,1135312,0.01,8.0,93500,,7567010045516543311,"[""m0@0.0020"", ""m1@0.0020"", ""m2@0.0020"", ""m3@0.0040""]","[""C1"", 1000000, 0, 50000, [[400000, 700000]], 455509]"
syn_4_6_1_13,synthetic,4,6,1,0.01,equal_risk,True,1443843,0.008,,57100,,7567010045516543311,"[""m0@0.0020"", ""m1@0.0020"", ""m2@0.0020"", ""m3@0.0020""]","[""C1"", 1000000, 0, 50000, [[400000, 700000]], 455509]"
syn_4_6_1_13,synthetic,4,6,1,0.01,proportional_risk,True,1443843,0.008,,81000,,7567010045516543311,"[""m0@0.0020"", ""m1@0.0020"", ""m2@0.0020"", ""m3@0.0020""]","[""C1"", 1000000, 0, 50000, [[400000, 700000]], 455509]"
syn_4_6_1_13,synthetic,4,6,1,0.01,greedy_gate_catching,True,1135312,0.01,,474100,,7567010045516543311,"[""m0@0.0020"", ""m1@0.0020"", ""m2@0.0020"", ""m3@0.0040""]","[""C1"", 1000000, 0, 50000, [[400000, 700000]], 455509]"
syn_4_6_1_14,synthetic,4,6,1,0.01,pareto_dp,True,964476,0.01,6.0,86400,,9306612280512328830,"[""m0@0.0020"", ""m1@0.0020"", ""m2@0.0025"", ""m3@0.0035""]","[""C1"", 1000000, 0, 50000, [[400000, 700000]], 455509]"
syn_4_6_1_14,synthetic,4,6,1,0.01,equal_risk,True,1159152,0.008,,57100,,9306612280512328830,"[""m0@0.0020"", ""m1@0.0020"", ""m2@0.0020"", ""m3@0.0020""]","[""C1"", 1000000, 0, 50000, [[400000, 700000]], 455509]"
syn_4_6_1_14,synthetic,4,6,1,0.01,proportional_risk,True,1159152,0.008,,72700,,9306612280512328830,"[""m0@0.0020"", ""m1@0.0020"", ""m2@0.0020"", ""m3@0.0020""]","[""C1"", 1000000, 0, 50000, [[400000, 700000]], 455509]"
syn_4_6_1_14,synthetic,4,6,1,0.01,greedy_gate_catching,True,964476,0.01,,464700,,9306612280512328830,"[""m0@0.0020"", ""m1@0.0020"", ""m2@0.0025"", ""m3@0.0035""]","[""C1"", 1000000, 0, 50000, [[400000, 700000]], 455509]"
syn_4_6_1_15,synthetic,4,6,1,0.01,pareto_dp,True,1055464,0.01,8.0,93300,,11813249594716438119,"[""m0@0.0020"", ""m1@0.0020"", ""m2@0.0020"", ""m3@0.0040""]","[""C1"", 1000000, 0, 50000, [[400000, 700000]], 455509]"
syn_4_6_1_15,synthetic,4,6,1,0.01,equal_risk,True,1216506,0.008,,55900,,11813249594716438119,"[""m0@0.0020"", ""m1@0.0020"", ""m2@0.0020"", ""m3@0.0020""]","[""C1"", 1000000, 0, 50000, [[400000, 700000]], 455509]"
syn_4_6_1_15,synthetic,4,6,1,0.01,proportional_risk,True,1216506,0.008,,80000,,11813249594716438119,"[""m0@0.0020"", ""m1@0.0020"", ""m2@0.0020"", ""m3@0.0020""]","[""C1"", 1000000, 0, 50000, [[400000, 700000]], 455509]"
syn_4_6_1_15,synthetic,4,6,1,0.01,greedy_gate_catching,True,1057184,0.01,,467100,,11813249594716438119,"[""m0@0.0020"", ""m1@0.0020"", ""m2@0.0025"", ""m3@0.0035""]","[""C1"", 1000000, 0, 50000, [[400000, 700000]], 455509]"
syn_4_6_1_16,synthetic,4,6,1,0.01,pareto_dp,True,843600,0.01,6.0,83700,,16490928453622011125,"[""m0@0.0020"", ""m1@0.0020"", ""m2@0.0020"", ""m3@0.0040""]","[""C1"", 1000000, 0, 50000, [[400000, 700000]], 455509]"
syn_4_6_1_16,synthetic,4,6,1,0.01,equal_risk,True,1109610,0.008,,55100,,16490928453622011125,"[""m0@0.0020"", ""m1@0.0020"", ""m2@0.0020"", ""m3@0.0020""]","[""C1"", 1000000, 0, 50000, [[400000, 700000]], 455509]"
syn_4_6_1_16,synthetic,4,6,1,0.01,proportional_risk,True,1109610,0.008,,87200,,16490928453622011125,"[""m0@0.0020"", ""m1@0.0020"", ""m2@0.0020"", ""m3@0.0020""]","[""C1"", 1000000, 0, 50000, [[400000, 700000]], 455509]"
syn_4_6_1_16,synthetic,4,6,1,0.01,greedy_gate_catching,True,843600,0.01,,544100,,16490928453622011125,"[""m0@0.0020"", ""m1@0.0020"", ""m2@0.0020"", ""m3@0.0040""]","[""C1"", 1000000, 0, 50000, [[400000, 700000]], 455509]"
syn_4_6_1_17,synthetic,4,6,1,0.01,pareto_dp,True,860927,0.01,13.0,101700,,13089600727899283081,"[""m0@0.0020"", ""m1@0.0020"", ""m2@0.0040"", ""m3@0.0020""]","[""C1"", 1000000, 0, 50000, [[400000, 700000]], 455509]"
syn_4_6_1_17,synthetic,4,6,1,0.01,equal_risk,True,1033494,0.008,,61500,,13089600727899283081,"[""m0@0.0020"", ""m1@0.0020"", ""m2@0.0020"", ""m3@0.0020""]","[""C1"", 1000000, 0, 50000, [[400000, 700000]], 455509]"
syn_4_6_1_17,synthetic,4,6,1,0.01,proportional_risk,True,1033494,0.008,,87200,,13089600727899283081,"[""m0@0.0020"", ""m1@0.0020"", ""m2@0.0020"", ""m3@0.0020""]","[""C1"", 1000000, 0, 50000, [[400000, 700000]], 455509]"
syn_4_6_1_17,synthetic,4,6,1,0.01,greedy_gate_catching,True,860927,0.01,,494200,,13089600727899283081,"[""m0@0.0020"", ""m1@0.0020"", ""m2@0.0040"", ""m3@0.0020""]","[""C1"", 1000000, 0, 50000, [[400000, 700000]], 455509]"
syn_4_6_1_18,synthetic,4,6,1,0.01,pareto_dp,True,1259707,0.01,6.0,93700,,5451785134641825707,"[""m0@0.0020"", ""m1@0.0020"", ""m2@0.0020"", ""m3@0.0040""]","[""C1"", 1000000, 0, 50000, [[400000, 700000]], 455509]"
syn_4_6_1_18,synthetic,4,6,1,0.01,equal_risk,True,1569648,0.008,,59500,,5451785134641825707,"[""m0@0.0020"", ""m1@0.0020"", ""m2@0.0020"", ""m3@0.0020""]","[""C1"", 1000000, 0, 50000, [[400000, 700000]], 455509]"
syn_4_6_1_18,synthetic,4,6,1,0.01,proportional_risk,True,1569648,0.008,,83800,,5451785134641825707,"[""m0@0.0020"", ""m1@0.0020"", ""m2@0.0020"", ""m3@0.0020""]","[""C1"", 1000000, 0, 50000, [[400000, 700000]], 455509]"
syn_4_6_1_18,synthetic,4,6,1,0.01,greedy_gate_catching,True,1259707,0.01,,491900,,5451785134641825707,"[""m0@0.0020"", ""m1@0.0020"", ""m2@0.0020"", ""m3@0.0040""]","[""C1"", 1000000, 0, 50000, [[400000, 700000]], 455509]"
syn_4_6_1_19,synthetic,4,6,1,0.01,pareto_dp,True,1009441,0.01,6.0,91900,,17935239269956578882,"[""m0@0.0020"", ""m1@0.0020"", ""m2@0.0020"", ""m3@0.0040""]","[""C1"", 1000000, 0, 50000, [[400000, 700000]], 455509]"
syn_4_6_1_19,synthetic,4,6,1,0.01,equal_risk,True,1382833,0.008,,59200,,17935239269956578882,"[""m0@0.0020"", ""m1@0.0020"", ""m2@0.0020"", ""m3@0.0020""]","[""C1"", 1000000, 0, 50000, [[400000, 700000]], 455509]"
syn_4_6_1_19,synthetic,4,6,1,0.01,proportional_risk,True,1382833,0.008,,96100,,17935239269956578882,"[""m0@0.0020"", ""m1@0.0020"", ""m2@0.0020"", ""m3@0.0020""]","[""C1"", 1000000, 0, 50000, [[400000, 700000]], 455509]"
syn_4_6_1_19,synthetic,4,6,1,0.01,greedy_gate_catching,True,1009441,0.01,,498500,,17935239269956578882,"[""m0@0.0020"", ""m1@0.0020"", ""m2@0.0020"", ""m3@0.0040""]","[""C1"", 1000000, 0, 50000, [[400000, 700000]], 455509]"
syn_4_6_4_00,synthetic,4,6,4,0.01,pareto_dp,True,1893953,0.01,6.0,94600,,17020143905982036626,"[""m0@0.0020"", ""m1@0.0020"", ""m2@0.0020"", ""m3@0.0040""]","[""C1"", 1000000, 0, 50000, [[400000, 700000]], 455509]"
syn_4_6_4_00,synthetic,4,6,4,0.01,equal_risk,True,2239210,0.008,,62000,,17020143905982036626,"[""m0@0.0020"", ""m1@0.0020"", ""m2@0.0020"", ""m3@0.0020""]","[""C1"", 1000000, 0, 50000, [[400000, 700000]], 455509]"
syn_4_6_4_00,synthetic,4,6,4,0.01,proportional_risk,True,2239210,0.008,,87000,,17020143905982036626,"[""m0@0.0020"", ""m1@0.0020"", ""m2@0.0020"", ""m3@0.0020""]","[""C1"", 1000000, 0, 50000, [[400000, 700000]], 455509]"
syn_4_6_4_00,synthetic,4,6,4,0.01,greedy_gate_catching,True,1893953,0.01,,509200,,17020143905982036626,"[""m0@0.0020"", ""m1@0.0020"", ""m2@0.0020"", ""m3@0.0040""]","[""C1"", 1000000, 0, 50000, [[400000, 700000]], 455509]"
syn_4_6_4_01,synthetic,4,6,4,0.01,pareto_dp,True,962129,0.01,7.0,98600,,7685059567897785916,"[""m0@0.0020"", ""m1@0.0020"", ""m2@0.0040"", ""m3@0.0020""]","[""C1"", 1000000, 0, 50000, [[400000, 700000]], 455509]"
syn_4_6_4_01,synthetic,4,6,4,0.01,equal_risk,True,1714139,0.008,,61100,,7685059567897785916,"[""m0@0.0020"", ""m1@0.0020"", ""m2@0.0020"", ""m3@0.0020""]","[""C1"", 1000000, 0, 50000, [[400000, 700000]], 455509]"
syn_4_6_4_01,synthetic,4,6,4,0.01,proportional_risk,True,1714139,0.008,,85300,,7685059567897785916,"[""m0@0.0020"", ""m1@0.0020"", ""m2@0.0020"", ""m3@0.0020""]","[""C1"", 1000000, 0, 50000, [[400000, 700000]], 455509]"
syn_4_6_4_01,synthetic,4,6,4,0.01,greedy_gate_catching,True,1550547,0.01,,506500,,7685059567897785916,"[""m0@0.0020"", ""m1@0.0020"", ""m2@0.0020"", ""m3@0.0040""]","[""C1"", 1000000, 0, 50000, [[400000, 700000]], 455509]"
syn_4_6_4_02,synthetic,4,6,4,0.01,pareto_dp,True,1369588,0.01,8.0,95800,,3980253574159414682,"[""m0@0.0020"", ""m1@0.0020"", ""m2@0.0030"", ""m3@0.0030""]","[""C1"", 1000000, 0, 50000, [[400000, 700000]], 455509]"
syn_4_6_4_02,synthetic,4,6,4,0.01,equal_risk,True,2279689,0.008,,60100,,3980253574159414682,"[""m0@0.0020"", ""m1@0.0020"", ""m2@0.0020"", ""m3@0.0020""]","[""C1"", 1000000, 0, 50000, [[400000, 700000]], 455509]"
syn_4_6_4_02,synthetic,4,6,4,0.01,proportional_risk,True,2279689,0.008,,94700,,3980253574159414682,"[""m0@0.0020"", ""m1@0.0020"", ""m2@0.0020"", ""m3@0.0020""]","[""C1"", 1000000, 0, 50000, [[400000, 700000]], 455509]"
syn_4_6_4_02,synthetic,4,6,4,0.01,greedy_gate_catching,True,1949987,0.01,,502800,,3980253574159414682,"[""m0@0.0020"", ""m1@0.0020"", ""m2@0.0020"", ""m3@0.0040""]","[""C1"", 1000000, 0, 50000, [[400000, 700000]], 455509]"
syn_4_6_4_03,synthetic,4,6,4,0.01,pareto_dp,True,1931373,0.01,6.0,89300,,18177470584987746201,"[""m0@0.0020"", ""m1@0.0020"", ""m2@0.0020"", ""m3@0.0040""]","[""C1"", 1000000, 0, 50000, [[400000, 700000]], 455509]"
syn_4_6_4_03,synthetic,4,6,4,0.01,equal_risk,True,2258057,0.008,,62200,,18177470584987746201,"[""m0@0.0020"", ""m1@0.0020"", ""m2@0.0020"", ""m3@0.0020""]","[""C1"", 1000000, 0, 50000, [[400000, 700000]], 455509]"
syn_4_6_4_03,synthetic,4,6,4,0.01,proportional_risk,True,2258057,0.008,,87700,,18177470584987746201,"[""m0@0.0020"", ""m1@0.0020"", ""m2@0.0020"", ""m3@0.0020""]","[""C1"", 1000000, 0, 50000, [[400000, 700000]], 455509]"
syn_4_6_4_03,synthetic,4,6,4,0.01,greedy_gate_catching,True,1931373,0.01,,505700,,18177470584987746201,"[""m0@0.0020"", ""m1@0.0020"", ""m2@0.0020"", ""m3@0.0040""]","[""C1"", 1000000, 0, 50000, [[400000, 700000]], 455509]"
syn_4_6_4_04,synthetic,4,6,4,0.01,pareto_dp,True,1597842,0.01,6.0,90300,,6800254074548980011,"[""m0@0.0020"", ""m1@0.0020"", ""m2@0.0020"", ""m3@0.0040""]","[""C1"", 1000000, 0, 50000, [[400000, 700000]], 455509]"
syn_4_6_4_04,synthetic,4,6,4,0.01,equal_risk,True,1805074,0.008,,60000,,6800254074548980011,"[""m0@0.0020"", ""m1@0.0020"", ""m2@0.0020"", ""m3@0.0020""]","[""C1"", 1000000, 0, 50000, [[400000, 700000]], 455509]"
syn_4_6_4_04,synthetic,4,6,4,0.01,proportional_risk,True,1805074,0.008,,89200,,6800254074548980011,"[""m0@0.0020"", ""m1@0.0020"", ""m2@0.0020"", ""m3@0.0020""]","[""C1"", 1000000, 0, 50000, [[400000, 700000]], 455509]"
syn_4_6_4_04,synthetic,4,6,4,0.01,greedy_gate_catching,True,1597842,0.01,,503600,,6800254074548980011,"[""m0@0.0020"", ""m1@0.0020"", ""m2@0.0020"", ""m3@0.0040""]","[""C1"", 1000000, 0, 50000, [[400000, 700000]], 455509]"
syn_4_6_4_05,synthetic,4,6,4,0.01,pareto_dp,True,1654913,0.01,6.0,86900,,16122387475776173180,"[""m0@0.0020"", ""m1@0.0020"", ""m2@0.0020"", ""m3@0.0040""]","[""C1"", 1000000, 0, 50000, [[400000, 700000]], 455509]"
syn_4_6_4_05,synthetic,4,6,4,0.01,equal_risk,True,1938296,0.008,,60500,,16122387475776173180,"[""m0@0.0020"", ""m1@0.0020"", ""m2@0.0020"", ""m3@0.0020""]","[""C1"", 1000000, 0, 50000, [[400000, 700000]], 455509]"
syn_4_6_4_05,synthetic,4,6,4,0.01,proportional_risk,True,1938296,0.008,,84100,,16122387475776173180,"[""m0@0.0020"", ""m1@0.0020"", ""m2@0.0020"", ""m3@0.0020""]","[""C1"", 1000000, 0, 50000, [[400000, 700000]], 455509]"
syn_4_6_4_05,synthetic,4,6,4,0.01,greedy_gate_catching,True,1654913,0.01,,506600,,16122387475776173180,"[""m0@0.0020"", ""m1@0.0020"", ""m2@0.0020"", ""m3@0.0040""]","[""C1"", 1000000, 0, 50000, [[400000, 700000]], 455509]"
syn_4_6_4_06,synthetic,4,6,4,0.01,pareto_dp,True,1481710,0.01,6.0,85900,,15532598484227711201,"[""m0@0.0020"", ""m1@0.0020"", ""m2@0.0020"", ""m3@0.0040""]","[""C1"", 1000000, 0, 50000, [[400000, 700000]], 455509]"
syn_4_6_4_06,synthetic,4,6,4,0.01,equal_risk,True,1574916,0.008,,60200,,15532598484227711201,"[""m0@0.0020"", ""m1@0.0020"", ""m2@0.0020"", ""m3@0.0020""]","[""C1"", 1000000, 0, 50000, [[400000, 700000]], 455509]"
syn_4_6_4_06,synthetic,4,6,4,0.01,proportional_risk,True,1574916,0.008,,76000,,15532598484227711201,"[""m0@0.0020"", ""m1@0.0020"", ""m2@0.0020"", ""m3@0.0020""]","[""C1"", 1000000, 0, 50000, [[400000, 700000]], 455509]"
syn_4_6_4_06,synthetic,4,6,4,0.01,greedy_gate_catching,True,1481710,0.01,,506900,,15532598484227711201,"[""m0@0.0020"", ""m1@0.0020"", ""m2@0.0020"", ""m3@0.0040""]","[""C1"", 1000000, 0, 50000, [[400000, 700000]], 455509]"
syn_4_6_4_07,synthetic,4,6,4,0.01,pareto_dp,True,1883661,0.01,6.0,85400,,8421356494218959141,"[""m0@0.0020"", ""m1@0.0020"", ""m2@0.0020"", ""m3@0.0040""]","[""C1"", 1000000, 0, 50000, [[400000, 700000]], 455509]"
syn_4_6_4_07,synthetic,4,6,4,0.01,equal_risk,True,2282320,0.008,,59900,,8421356494218959141,"[""m0@0.0020"", ""m1@0.0020"", ""m2@0.0020"", ""m3@0.0020""]","[""C1"", 1000000, 0, 50000, [[400000, 700000]], 455509]"
syn_4_6_4_07,synthetic,4,6,4,0.01,proportional_risk,True,2282320,0.008,,85600,,8421356494218959141,"[""m0@0.0020"", ""m1@0.0020"", ""m2@0.0020"", ""m3@0.0020""]","[""C1"", 1000000, 0, 50000, [[400000, 700000]], 455509]"
syn_4_6_4_07,synthetic,4,6,4,0.01,greedy_gate_catching,True,1883661,0.01,,505600,,8421356494218959141,"[""m0@0.0020"", ""m1@0.0020"", ""m2@0.0020"", ""m3@0.0040""]","[""C1"", 1000000, 0, 50000, [[400000, 700000]], 455509]"
syn_4_6_4_08,synthetic,4,6,4,0.01,pareto_dp,True,1739091,0.01,6.0,84400,,6233409425602972611,"[""m0@0.0020"", ""m1@0.0020"", ""m2@0.0020"", ""m3@0.0040""]","[""C1"", 1000000, 0, 50000, [[400000, 700000]], 455509]"
syn_4_6_4_08,synthetic,4,6,4,0.01,equal_risk,True,2082920,0.008,,60200,,6233409425602972611,"[""m0@0.0020"", ""m1@0.0020"", ""m2@0.0020"", ""m3@0.0020""]","[""C1"", 1000000, 0, 50000, [[400000, 700000]], 455509]"
syn_4_6_4_08,synthetic,4,6,4,0.01,proportional_risk,True,2082920,0.008,,86800,,6233409425602972611,"[""m0@0.0020"", ""m1@0.0020"", ""m2@0.0020"", ""m3@0.0020""]","[""C1"", 1000000, 0, 50000, [[400000, 700000]], 455509]"
syn_4_6_4_08,synthetic,4,6,4,0.01,greedy_gate_catching,True,1739091,0.01,,495500,,6233409425602972611,"[""m0@0.0020"", ""m1@0.0020"", ""m2@0.0020"", ""m3@0.0040""]","[""C1"", 1000000, 0, 50000, [[400000, 700000]], 455509]"
syn_4_6_4_09,synthetic,4,6,4,0.01,pareto_dp,True,1564273,0.01,6.0,86500,,7841326040366237730,"[""m0@0.0020"", ""m1@0.0020"", ""m2@0.0020"", ""m3@0.0040""]","[""C1"", 1000000, 0, 50000, [[400000, 700000]], 455509]"
syn_4_6_4_09,synthetic,4,6,4,0.01,equal_risk,True,1789369,0.008,,58400,,7841326040366237730,"[""m0@0.0020"", ""m1@0.0020"", ""m2@0.0020"", ""m3@0.0020""]","[""C1"", 1000000, 0, 50000, [[400000, 700000]], 455509]"
syn_4_6_4_09,synthetic,4,6,4,0.01,proportional_risk,True,1789369,0.008,,86000,,7841326040366237730,"[""m0@0.0020"", ""m1@0.0020"", ""m2@0.0020"", ""m3@0.0020""]","[""C1"", 1000000, 0, 50000, [[400000, 700000]], 455509]"
syn_4_6_4_09,synthetic,4,6,4,0.01,greedy_gate_catching,True,1564273,0.01,,494900,,7841326040366237730,"[""m0@0.0020"", ""m1@0.0020"", ""m2@0.0020"", ""m3@0.0040""]","[""C1"", 1000000, 0, 50000, [[400000, 700000]], 455509]"
syn_4_6_4_10,synthetic,4,6,4,0.01,pareto_dp,True,1558194,0.01,6.0,88500,,5932633880091571002,"[""m0@0.0020"", ""m1@0.0020"", ""m2@0.0020"", ""m3@0.0040""]","[""C1"", 1000000, 0, 50000, [[400000, 700000]], 455509]"
syn_4_6_4_10,synthetic,4,6,4,0.01,equal_risk,True,1687061,0.008,,58300,,5932633880091571002,"[""m0@0.0020"", ""m1@0.0020"", ""m2@0.0020"", ""m3@0.0020""]","[""C1"", 1000000, 0, 50000, [[400000, 700000]], 455509]"
syn_4_6_4_10,synthetic,4,6,4,0.01,proportional_risk,True,1687061,0.008,,83700,,5932633880091571002,"[""m0@0.0020"", ""m1@0.0020"", ""m2@0.0020"", ""m3@0.0020""]","[""C1"", 1000000, 0, 50000, [[400000, 700000]], 455509]"
syn_4_6_4_10,synthetic,4,6,4,0.01,greedy_gate_catching,True,1558194,0.01,,493500,,5932633880091571002,"[""m0@0.0020"", ""m1@0.0020"", ""m2@0.0020"", ""m3@0.0040""]","[""C1"", 1000000, 0, 50000, [[400000, 700000]], 455509]"
syn_4_6_4_11,synthetic,4,6,4,0.01,pareto_dp,True,1165508,0.01,10.0,95700,,4725564685520349302,"[""m0@0.0020"", ""m1@0.0020"", ""m2@0.0030"", ""m3@0.0030""]","[""C1"", 1000000, 0, 50000, [[400000, 700000]], 455509]"
syn_4_6_4_11,synthetic,4,6,4,0.01,equal_risk,True,2113775,0.008,,58200,,4725564685520349302,"[""m0@0.0020"", ""m1@0.0020"", ""m2@0.0020"", ""m3@0.0020""]","[""C1"", 1000000, 0, 50000, [[400000, 700000]], 455509]"
syn_4_6_4_11,synthetic,4,6,4,0.01,proportional_risk,True,2113775,0.008,,92000,,4725564685520349302,"[""m0@0.0020"", ""m1@0.0020"", ""m2@0.0020"", ""m3@0.0020""]","[""C1"", 1000000, 0, 50000, [[400000, 700000]], 455509]"
syn_4_6_4_11,synthetic,4,6,4,0.01,greedy_gate_catching,True,1773438,0.01,,492400,,4725564685520349302,"[""m0@0.0020"", ""m1@0.0020"", ""m2@0.0020"", ""m3@0.0040""]","[""C1"", 1000000, 0, 50000, [[400000, 700000]], 455509]"
syn_4_6_4_12,synthetic,4,6,4,0.01,pareto_dp,True,1886047,0.01,6.0,85800,,3503394098346852765,"[""m0@0.0020"", ""m1@0.0020"", ""m2@0.0020"", ""m3@0.0040""]","[""C1"", 1000000, 0, 50000, [[400000, 700000]], 455509]"
syn_4_6_4_12,synthetic,4,6,4,0.01,equal_risk,True,2194404,0.008,,58000,,3503394098346852765,"[""m0@0.0020"", ""m1@0.0020"", ""m2@0.0020"", ""m3@0.0020""]","[""C1"", 1000000, 0, 50000, [[400000, 700000]], 455509]"
syn_4_6_4_12,synthetic,4,6,4,0.01,proportional_risk,True,2194404,0.008,,82700,,3503394098346852765,"[""m0@0.0020"", ""m1@0.0020"", ""m2@0.0020"", ""m3@0.0020""]","[""C1"", 1000000, 0, 50000, [[400000, 700000]], 455509]"
syn_4_6_4_12,synthetic,4,6,4,0.01,greedy_gate_catching,True,1886047,0.01,,497700,,3503394098346852765,"[""m0@0.0020"", ""m1@0.0020"", ""m2@0.0020"", ""m3@0.0040""]","[""C1"", 1000000, 0, 50000, [[400000, 700000]], 455509]"
syn_4_6_4_13,synthetic,4,6,4,0.01,pareto_dp,True,1507165,0.01,6.0,88000,,5602801750840081501,"[""m0@0.0020"", ""m1@0.0020"", ""m2@0.0020"", ""m3@0.0040""]","[""C1"", 1000000, 0, 50000, [[400000, 700000]], 455509]"
syn_4_6_4_13,synthetic,4,6,4,0.01,equal_risk,True,1670864,0.008,,58900,,5602801750840081501,"[""m0@0.0020"", ""m1@0.0020"", ""m2@0.0020"", ""m3@0.0020""]","[""C1"", 1000000, 0, 50000, [[400000, 700000]], 455509]"
syn_4_6_4_13,synthetic,4,6,4,0.01,proportional_risk,True,1670864,0.008,,75900,,5602801750840081501,"[""m0@0.0020"", ""m1@0.0020"", ""m2@0.0020"", ""m3@0.0020""]","[""C1"", 1000000, 0, 50000, [[400000, 700000]], 455509]"
syn_4_6_4_13,synthetic,4,6,4,0.01,greedy_gate_catching,True,1507165,0.01,,490900,,5602801750840081501,"[""m0@0.0020"", ""m1@0.0020"", ""m2@0.0020"", ""m3@0.0040""]","[""C1"", 1000000, 0, 50000, [[400000, 700000]], 455509]"
syn_4_6_4_14,synthetic,4,6,4,0.01,pareto_dp,True,1588774,0.01,6.0,86100,,7153633552320318726,"[""m0@0.0020"", ""m1@0.0020"", ""m2@0.0020"", ""m3@0.0040""]","[""C1"", 1000000, 0, 50000, [[400000, 700000]], 455509]"
syn_4_6_4_14,synthetic,4,6,4,0.01,equal_risk,True,1836459,0.008,,58900,,7153633552320318726,"[""m0@0.0020"", ""m1@0.0020"", ""m2@0.0020"", ""m3@0.0020""]","[""C1"", 1000000, 0, 50000, [[400000, 700000]], 455509]"
syn_4_6_4_14,synthetic,4,6,4,0.01,proportional_risk,True,1836459,0.008,,88900,,7153633552320318726,"[""m0@0.0020"", ""m1@0.0020"", ""m2@0.0020"", ""m3@0.0020""]","[""C1"", 1000000, 0, 50000, [[400000, 700000]], 455509]"
syn_4_6_4_14,synthetic,4,6,4,0.01,greedy_gate_catching,True,1588774,0.01,,497900,,7153633552320318726,"[""m0@0.0020"", ""m1@0.0020"", ""m2@0.0020"", ""m3@0.0040""]","[""C1"", 1000000, 0, 50000, [[400000, 700000]], 455509]"
syn_4_6_4_15,synthetic,4,6,4,0.01,pareto_dp,True,1509485,0.01,6.0,90600,,4197445529249007542,"[""m0@0.0020"", ""m1@0.0020"", ""m2@0.0020"", ""m3@0.0040""]","[""C1"", 1000000, 0, 50000, [[400000, 700000]], 455509]"
syn_4_6_4_15,synthetic,4,6,4,0.01,equal_risk,True,1678352,0.008,,59200,,4197445529249007542,"[""m0@0.0020"", ""m1@0.0020"", ""m2@0.0020"", ""m3@0.0020""]","[""C1"", 1000000, 0, 50000, [[400000, 700000]], 455509]"
syn_4_6_4_15,synthetic,4,6,4,0.01,proportional_risk,True,1678352,0.008,,86400,,4197445529249007542,"[""m0@0.0020"", ""m1@0.0020"", ""m2@0.0020"", ""m3@0.0020""]","[""C1"", 1000000, 0, 50000, [[400000, 700000]], 455509]"
syn_4_6_4_15,synthetic,4,6,4,0.01,greedy_gate_catching,True,1509485,0.01,,500500,,4197445529249007542,"[""m0@0.0020"", ""m1@0.0020"", ""m2@0.0020"", ""m3@0.0040""]","[""C1"", 1000000, 0, 50000, [[400000, 700000]], 455509]"
syn_4_6_4_16,synthetic,4,6,4,0.01,pareto_dp,True,1560791,0.01,6.0,83500,,11895643928844722497,"[""m0@0.0020"", ""m1@0.0020"", ""m2@0.0020"", ""m3@0.0040""]","[""C1"", 1000000, 0, 50000, [[400000, 700000]], 455509]"
syn_4_6_4_16,synthetic,4,6,4,0.01,equal_risk,True,1702677,0.008,,58100,,11895643928844722497,"[""m0@0.0020"", ""m1@0.0020"", ""m2@0.0020"", ""m3@0.0020""]","[""C1"", 1000000, 0, 50000, [[400000, 700000]], 455509]"
syn_4_6_4_16,synthetic,4,6,4,0.01,proportional_risk,True,1702677,0.008,,82800,,11895643928844722497,"[""m0@0.0020"", ""m1@0.0020"", ""m2@0.0020"", ""m3@0.0020""]","[""C1"", 1000000, 0, 50000, [[400000, 700000]], 455509]"
syn_4_6_4_16,synthetic,4,6,4,0.01,greedy_gate_catching,True,1560791,0.01,,496700,,11895643928844722497,"[""m0@0.0020"", ""m1@0.0020"", ""m2@0.0020"", ""m3@0.0040""]","[""C1"", 1000000, 0, 50000, [[400000, 700000]], 455509]"
syn_4_6_4_17,synthetic,4,6,4,0.01,pareto_dp,True,1785474,0.01,6.0,85300,,8410450574822643871,"[""m0@0.0020"", ""m1@0.0020"", ""m2@0.0020"", ""m3@0.0040""]","[""C1"", 1000000, 0, 50000, [[400000, 700000]], 455509]"
syn_4_6_4_17,synthetic,4,6,4,0.01,equal_risk,True,2005372,0.008,,58300,,8410450574822643871,"[""m0@0.0020"", ""m1@0.0020"", ""m2@0.0020"", ""m3@0.0020""]","[""C1"", 1000000, 0, 50000, [[400000, 700000]], 455509]"
syn_4_6_4_17,synthetic,4,6,4,0.01,proportional_risk,True,2005372,0.008,,84800,,8410450574822643871,"[""m0@0.0020"", ""m1@0.0020"", ""m2@0.0020"", ""m3@0.0020""]","[""C1"", 1000000, 0, 50000, [[400000, 700000]], 455509]"
syn_4_6_4_17,synthetic,4,6,4,0.01,greedy_gate_catching,True,1785474,0.01,,495200,,8410450574822643871,"[""m0@0.0020"", ""m1@0.0020"", ""m2@0.0020"", ""m3@0.0040""]","[""C1"", 1000000, 0, 50000, [[400000, 700000]], 455509]"
syn_4_6_4_18,synthetic,4,6,4,0.01,pareto_dp,True,1679447,0.01,6.0,89900,,4272699044050087624,"[""m0@0.0020"", ""m1@0.0020"", ""m2@0.0020"", ""m3@0.0040""]","[""C1"", 1000000, 0, 50000, [[400000, 700000]], 455509]"
syn_4_6_4_18,synthetic,4,6,4,0.01,equal_risk,True,1979197,0.008,,59100,,4272699044050087624,"[""m0@0.0020"", ""m1@0.0020"", ""m2@0.0020"", ""m3@0.0020""]","[""C1"", 1000000, 0, 50000, [[400000, 700000]], 455509]"
syn_4_6_4_18,synthetic,4,6,4,0.01,proportional_risk,True,1979197,0.008,,85700,,4272699044050087624,"[""m0@0.0020"", ""m1@0.0020"", ""m2@0.0020"", ""m3@0.0020""]","[""C1"", 1000000, 0, 50000, [[400000, 700000]], 455509]"
syn_4_6_4_18,synthetic,4,6,4,0.01,greedy_gate_catching,True,1679447,0.01,,495900,,4272699044050087624,"[""m0@0.0020"", ""m1@0.0020"", ""m2@0.0020"", ""m3@0.0040""]","[""C1"", 1000000, 0, 50000, [[400000, 700000]], 455509]"
syn_4_6_4_19,synthetic,4,6,4,0.01,pareto_dp,True,1821527,0.01,6.0,87400,,17728662396789575650,"[""m0@0.0020"", ""m1@0.0020"", ""m2@0.0020"", ""m3@0.0040""]","[""C1"", 1000000, 0, 50000, [[400000, 700000]], 455509]"
syn_4_6_4_19,synthetic,4,6,4,0.01,equal_risk,True,2098243,0.008,,59500,,17728662396789575650,"[""m0@0.0020"", ""m1@0.0020"", ""m2@0.0020"", ""m3@0.0020""]","[""C1"", 1000000, 0, 50000, [[400000, 700000]], 455509]"
syn_4_6_4_19,synthetic,4,6,4,0.01,proportional_risk,True,2098243,0.008,,85800,,17728662396789575650,"[""m0@0.0020"", ""m1@0.0020"", ""m2@0.0020"", ""m3@0.0020""]","[""C1"", 1000000, 0, 50000, [[400000, 700000]], 455509]"
syn_4_6_4_19,synthetic,4,6,4,0.01,greedy_gate_catching,True,1821527,0.01,,497700,,17728662396789575650,"[""m0@0.0020"", ""m1@0.0020"", ""m2@0.0020"", ""m3@0.0040""]","[""C1"", 1000000, 0, 50000, [[400000, 700000]], 455509]"
syn_8_3_1_00,synthetic,8,3,1,0.02,pareto_dp,True,1842693,0.01975,7.0,104600,,1139750624305727704,"[""m0@0.0020"", ""m1@0.0020"", ""m2@0.0020"", ""m3@0.0020"", ""m4@0.0020"", ""m5@0.0020"", ""m6@0.0032"", ""m7@0.0045""]","[""C1"", 1000000, 0, 50000, [[400000, 700000]], 455509]"
syn_8_3_1_00,synthetic,8,3,1,0.02,equal_risk,True,2087082,0.016,,71700,,1139750624305727704,"[""m0@0.0020"", ""m1@0.0020"", ""m2@0.0020"", ""m3@0.0020"", ""m4@0.0020"", ""m5@0.0020"", ""m6@0.0020"", ""m7@0.0020""]","[""C1"", 1000000, 0, 50000, [[400000, 700000]], 455509]"
syn_8_3_1_00,synthetic,8,3,1,0.02,proportional_risk,True,2087082,0.016,,105500,,1139750624305727704,"[""m0@0.0020"", ""m1@0.0020"", ""m2@0.0020"", ""m3@0.0020"", ""m4@0.0020"", ""m5@0.0020"", ""m6@0.0020"", ""m7@0.0020""]","[""C1"", 1000000, 0, 50000, [[400000, 700000]], 455509]"
syn_8_3_1_00,synthetic,8,3,1,0.02,greedy_gate_catching,True,1842693,0.01975,,474700,,1139750624305727704,"[""m0@0.0020"", ""m1@0.0020"", ""m2@0.0020"", ""m3@0.0020"", ""m4@0.0020"", ""m5@0.0020"", ""m6@0.0032"", ""m7@0.0045""]","[""C1"", 1000000, 0, 50000, [[400000, 700000]], 455509]"
syn_8_3_1_01,synthetic,8,3,1,0.02,pareto_dp,True,2143913,0.01975,7.0,113000,,386129403685702656,"[""m0@0.0020"", ""m1@0.0020"", ""m2@0.0020"", ""m3@0.0032"", ""m4@0.0020"", ""m5@0.0020"", ""m6@0.0020"", ""m7@0.0045""]","[""C1"", 1000000, 0, 50000, [[400000, 700000]], 455509]"
syn_8_3_1_01,synthetic,8,3,1,0.02,equal_risk,True,2588861,0.016,,66200,,386129403685702656,"[""m0@0.0020"", ""m1@0.0020"", ""m2@0.0020"", ""m3@0.0020"", ""m4@0.0020"", ""m5@0.0020"", ""m6@0.0020"", ""m7@0.0020""]","[""C1"", 1000000, 0, 50000, [[400000, 700000]], 455509]"
syn_8_3_1_01,synthetic,8,3,1,0.02,proportional_risk,True,2588861,0.016,,102200,,386129403685702656,"[""m0@0.0020"", ""m1@0.0020"", ""m2@0.0020"", ""m3@0.0020"", ""m4@0.0020"", ""m5@0.0020"", ""m6@0.0020"", ""m7@0.0020""]","[""C1"", 1000000, 0, 50000, [[400000, 700000]], 455509]"
syn_8_3_1_01,synthetic,8,3,1,0.02,greedy_gate_catching,True,2143913,0.01975,,476100,,386129403685702656,"[""m0@0.0020"", ""m1@0.0020"", ""m2@0.0020"", ""m3@0.0032"", ""m4@0.0020"", ""m5@0.0020"", ""m6@0.0020"", ""m7@0.0045""]","[""C1"", 1000000, 0, 50000, [[400000, 700000]], 455509]"
syn_8_3_1_02,synthetic,8,3,1,0.02,pareto_dp,True,2099003,0.01975,7.0,108400,,11520194353427927884,"[""m0@0.0020"", ""m1@0.0020"", ""m2@0.0020"", ""m3@0.0020"", ""m4@0.0020"", ""m5@0.0020"", ""m6@0.0032"", ""m7@0.0045""]","[""C1"", 1000000, 0, 50000, [[400000, 700000]], 455509]"
syn_8_3_1_02,synthetic,8,3,1,0.02,equal_risk,True,2567780,0.016,,67100,,11520194353427927884,"[""m0@0.0020"", ""m1@0.0020"", ""m2@0.0020"", ""m3@0.0020"", ""m4@0.0020"", ""m5@0.0020"", ""m6@0.0020"", ""m7@0.0020""]","[""C1"", 1000000, 0, 50000, [[400000, 700000]], 455509]"
syn_8_3_1_02,synthetic,8,3,1,0.02,proportional_risk,True,2567780,0.016,,113600,,11520194353427927884,"[""m0@0.0020"", ""m1@0.0020"", ""m2@0.0020"", ""m3@0.0020"", ""m4@0.0020"", ""m5@0.0020"", ""m6@0.0020"", ""m7@0.0020""]","[""C1"", 1000000, 0, 50000, [[400000, 700000]], 455509]"
syn_8_3_1_02,synthetic,8,3,1,0.02,greedy_gate_catching,True,2099003,0.01975,,485700,,11520194353427927884,"[""m0@0.0020"", ""m1@0.0020"", ""m2@0.0020"", ""m3@0.0020"", ""m4@0.0020"", ""m5@0.0020"", ""m6@0.0032"", ""m7@0.0045""]","[""C1"", 1000000, 0, 50000, [[400000, 700000]], 455509]"
syn_8_3_1_03,synthetic,8,3,1,0.02,pareto_dp,True,1887910,0.01975,7.0,102600,,3918476418995653839,"[""m0@0.0020"", ""m1@0.0020"", ""m2@0.0020"", ""m3@0.0020"", ""m4@0.0020"", ""m5@0.0020"", ""m6@0.0032"", ""m7@0.0045""]","[""C1"", 1000000, 0, 50000, [[400000, 700000]], 455509]"
syn_8_3_1_03,synthetic,8,3,1,0.02,equal_risk,True,2082297,0.016,,70500,,3918476418995653839,"[""m0@0.0020"", ""m1@0.0020"", ""m2@0.0020"", ""m3@0.0020"", ""m4@0.0020"", ""m5@0.0020"", ""m6@0.0020"", ""m7@0.0020""]","[""C1"", 1000000, 0, 50000, [[400000, 700000]], 455509]"
syn_8_3_1_03,synthetic,8,3,1,0.02,proportional_risk,True,2082297,0.016,,100400,,3918476418995653839,"[""m0@0.0020"", ""m1@0.0020"", ""m2@0.0020"", ""m3@0.0020"", ""m4@0.0020"", ""m5@0.0020"", ""m6@0.0020"", ""m7@0.0020""]","[""C1"", 1000000, 0, 50000, [[400000, 700000]], 455509]"
syn_8_3_1_03,synthetic,8,3,1,0.02,greedy_gate_catching,True,1887910,0.01975,,519200,,3918476418995653839,"[""m0@0.0020"", ""m1@0.0020"", ""m2@0.0020"", ""m3@0.0020"", ""m4@0.0020"", ""m5@0.0020"", ""m6@0.0032"", ""m7@0.0045""]","[""C1"", 1000000, 0, 50000, [[400000, 700000]], 455509]"
syn_8_3_1_04,synthetic,8,3,1,0.02,pareto_dp,True,2312301,0.01975,7.0,106600,,6892564661269433248,"[""m0@0.0020"", ""m1@0.0020"", ""m2@0.0020"", ""m3@0.0020"", ""m4@0.0020"", ""m5@0.0020"", ""m6@0.0032"", ""m7@0.0045""]","[""C1"", 1000000, 0, 50000, [[400000, 700000]], 455509]"
syn_8_3_1_04,synthetic,8,3,1,0.02,equal_risk,True,2750056,0.016,,67600,,6892564661269433248,"[""m0@0.0020"", ""m1@0.0020"", ""m2@0.0020"", ""m3@0.0020"", ""m4@0.0020"", ""m5@0.0020"", ""m6@0.0020"", ""m7@0.0020""]","[""C1"", 1000000, 0, 50000, [[400000, 700000]], 455509]"
syn_8_3_1_04,synthetic,8,3,1,0.02,proportional_risk,True,2750056,0.016,,109500,,6892564661269433248,"[""m0@0.0020"", ""m1@0.0020"", ""m2@0.0020"", ""m3@0.0020"", ""m4@0.0020"", ""m5@0.0020"", ""m6@0.0020"", ""m7@0.0020""]","[""C1"", 1000000, 0, 50000, [[400000, 700000]], 455509]"
syn_8_3_1_04,synthetic,8,3,1,0.02,greedy_gate_catching,True,2312301,0.01975,,481500,,6892564661269433248,"[""m0@0.0020"", ""m1@0.0020"", ""m2@0.0020"", ""m3@0.0020"", ""m4@0.0020"", ""m5@0.0020"", ""m6@0.0032"", ""m7@0.0045""]","[""C1"", 1000000, 0, 50000, [[400000, 700000]], 455509]"
syn_8_3_1_05,synthetic,8,3,1,0.02,pareto_dp,True,1979439,0.01975,9.0,118200,,4507448584144833661,"[""m0@0.0020"", ""m1@0.0020"", ""m2@0.0020"", ""m3@0.0020"", ""m4@0.0020"", ""m5@0.0020"", ""m6@0.0032"", ""m7@0.0045""]","[""C1"", 1000000, 0, 50000, [[400000, 700000]], 455509]"
syn_8_3_1_05,synthetic,8,3,1,0.02,equal_risk,True,2411256,0.016,,66500,,4507448584144833661,"[""m0@0.0020"", ""m1@0.0020"", ""m2@0.0020"", ""m3@0.0020"", ""m4@0.0020"", ""m5@0.0020"", ""m6@0.0020"", ""m7@0.0020""]","[""C1"", 1000000, 0, 50000, [[400000, 700000]], 455509]"
syn_8_3_1_05,synthetic,8,3,1,0.02,proportional_risk,True,2411256,0.016,,104100,,4507448584144833661,"[""m0@0.0020"", ""m1@0.0020"", ""m2@0.0020"", ""m3@0.0020"", ""m4@0.0020"", ""m5@0.0020"", ""m6@0.0020"", ""m7@0.0020""]","[""C1"", 1000000, 0, 50000, [[400000, 700000]], 455509]"
syn_8_3_1_05,synthetic,8,3,1,0.02,greedy_gate_catching,True,1979439,0.01975,,481800,,4507448584144833661,"[""m0@0.0020"", ""m1@0.0020"", ""m2@0.0020"", ""m3@0.0020"", ""m4@0.0020"", ""m5@0.0020"", ""m6@0.0032"", ""m7@0.0045""]","[""C1"", 1000000, 0, 50000, [[400000, 700000]], 455509]"
syn_8_3_1_06,synthetic,8,3,1,0.02,pareto_dp,True,2557442,0.01975,8.0,106400,,10284267218403137830,"[""m0@0.0020"", ""m1@0.0020"", ""m2@0.0020"", ""m3@0.0020"", ""m4@0.0020"", ""m5@0.0020"", ""m6@0.0032"", ""m7@0.0045""]","[""C1"", 1000000, 0, 50000, [[400000, 700000]], 455509]"
syn_8_3_1_06,synthetic,8,3,1,0.02,equal_risk,True,3009806,0.016,,67200,,10284267218403137830,"[""m0@0.0020"", ""m1@0.0020"", ""m2@0.0020"", ""m3@0.0020"", ""m4@0.0020"", ""m5@0.0020"", ""m6@0.0020"", ""m7@0.0020""]","[""C1"", 1000000, 0, 50000, [[400000, 700000]], 455509]"
syn_8_3_1_06,synthetic,8,3,1,0.02,proportional_risk,True,3009806,0.016,,105300,,10284267218403137830,"[""m0@0.0020"", ""m1@0.0020"", ""m2@0.0020"", ""m3@0.0020"", ""m4@0.0020"", ""m5@0.0020"", ""m6@0.0020"", ""m7@0.0020""]","[""C1"", 1000000, 0, 50000, [[400000, 700000]], 455509]"
syn_8_3_1_06,synthetic,8,3,1,0.02,greedy_gate_catching,True,2557442,0.01975,,481100,,10284267218403137830,"[""m0@0.0020"", ""m1@0.0020"", ""m2@0.0020"", ""m3@0.0020"", ""m4@0.0020"", ""m5@0.0020"", ""m6@0.0032"", ""m7@0.0045""]","[""C1"", 1000000, 0, 50000, [[400000, 700000]], 455509]"
syn_8_3_1_07,synthetic,8,3,1,0.02,pareto_dp,True,1936677,0.01975,8.0,101600,,6607314383361205315,"[""m0@0.0020"", ""m1@0.0020"", ""m2@0.0020"", ""m3@0.0020"", ""m4@0.0020"", ""m5@0.0020"", ""m6@0.0045"", ""m7@0.0032""]","[""C1"", 1000000, 0, 50000, [[400000, 700000]], 455509]"
syn_8_3_1_07,synthetic,8,3,1,0.02,equal_risk,True,2258447,0.016,,69500,,6607314383361205315,"[""m0@0.0020"", ""m1@0.0020"", ""m2@0.0020"", ""m3@0.0020"", ""m4@0.0020"", ""m5@0.0020"", ""m6@0.0020"", ""m7@0.0020""]","[""C1"", 1000000, 0, 50000, [[400000, 700000]], 455509]"
syn_8_3_1_07,synthetic,8,3,1,0.02,proportional_risk,True,2258447,0.016,,111300,,6607314383361205315,"[""m0@0.0020"", ""m1@0.0020"", ""m2@0.0020"", ""m3@0.0020"", ""m4@0.0020"", ""m5@0.0020"", ""m6@0.0020"", ""m7@0.0020""]","[""C1"", 1000000, 0, 50000, [[400000, 700000]], 455509]"
syn_8_3_1_07,synthetic,8,3,1,0.02,greedy_gate_catching,True,1936677,0.01975,,496000,,6607314383361205315,"[""m0@0.0020"", ""m1@0.0020"", ""m2@0.0020"", ""m3@0.0020"", ""m4@0.0020"", ""m5@0.0020"", ""m6@0.0045"", ""m7@0.0032""]","[""C1"", 1000000, 0, 50000, [[400000, 700000]], 455509]"
syn_8_3_1_08,synthetic,8,3,1,0.02,pareto_dp,True,2040198,0.01975,7.0,100200,,8222747545738184424,"[""m0@0.0020"", ""m1@0.0020"", ""m2@0.0020"", ""m3@0.0020"", ""m4@0.0020"", ""m5@0.0020"", ""m6@0.0032"", ""m7@0.0045""]","[""C1"", 1000000, 0, 50000, [[400000, 700000]], 455509]"
syn_8_3_1_08,synthetic,8,3,1,0.02,equal_risk,True,2469455,0.016,,68500,,8222747545738184424,"[""m0@0.0020"", ""m1@0.0020"", ""m2@0.0020"", ""m3@0.0020"", ""m4@0.0020"", ""m5@0.0020"", ""m6@0.0020"", ""m7@0.0020""]","[""C1"", 1000000, 0, 50000, [[400000, 700000]], 455509]"
syn_8_3_1_08,synthetic,8,3,1,0.02,proportional_risk,True,2469455,0.016,,105800,,8222747545738184424,"[""m0@0.0020"", ""m1@0.0020"", ""m2@0.0020"", ""m3@0.0020"", ""m4@0.0020"", ""m5@0.0020"", ""m6@0.0020"", ""m7@0.0020""]","[""C1"", 1000000, 0, 50000, [[400000, 700000]], 455509]"
syn_8_3_1_08,synthetic,8,3,1,0.02,greedy_gate_catching,True,2040198,0.01975,,484600,,8222747545738184424,"[""m0@0.0020"", ""m1@0.0020"", ""m2@0.0020"", ""m3@0.0020"", ""m4@0.0020"", ""m5@0.0020"", ""m6@0.0032"", ""m7@0.0045""]","[""C1"", 1000000, 0, 50000, [[400000, 700000]], 455509]"
syn_8_3_1_09,synthetic,8,3,1,0.02,pareto_dp,True,2290186,0.01975,8.0,106000,,16128509139126407037,"[""m0@0.0020"", ""m1@0.0020"", ""m2@0.0020"", ""m3@0.0020"", ""m4@0.0020"", ""m5@0.0020"", ""m6@0.0032"", ""m7@0.0045""]","[""C1"", 1000000, 0, 50000, [[400000, 700000]], 455509]"
syn_8_3_1_09,synthetic,8,3,1,0.02,equal_risk,True,2651655,0.016,,66800,,16128509139126407037,"[""m0@0.0020"", ""m1@0.0020"", ""m2@0.0020"", ""m3@0.0020"", ""m4@0.0020"", ""m5@0.0020"", ""m6@0.0020"", ""m7@0.0020""]","[""C1"", 1000000, 0, 50000, [[400000, 700000]], 455509]"
syn_8_3_1_09,synthetic,8,3,1,0.02,proportional_risk,True,2651655,0.016,,109400,,16128509139126407037,"[""m0@0.0020"", ""m1@0.0020"", ""m2@0.0020"", ""m3@0.0020"", ""m4@0.0020"", ""m5@0.0020"", ""m6@0.0020"", ""m7@0.0020""]","[""C1"", 1000000, 0, 50000, [[400000, 700000]], 455509]"
syn_8_3_1_09,synthetic,8,3,1,0.02,greedy_gate_catching,True,2290186,0.01975,,482300,,16128509139126407037,"[""m0@0.0020"", ""m1@0.0020"", ""m2@0.0020"", ""m3@0.0020"", ""m4@0.0020"", ""m5@0.0020"", ""m6@0.0032"", ""m7@0.0045""]","[""C1"", 1000000, 0, 50000, [[400000, 700000]], 455509]"
syn_8_3_1_10,synthetic,8,3,1,0.02,pareto_dp,True,2178652,0.01975,7.0,106700,,12957943314384526965,"[""m0@0.0020"", ""m1@0.0020"", ""m2@0.0020"", ""m3@0.0020"", ""m4@0.0020"", ""m5@0.0020"", ""m6@0.0032"", ""m7@0.0045""]","[""C1"", 1000000, 0, 50000, [[400000, 700000]], 455509]"
syn_8_3_1_10,synthetic,8,3,1,0.02,equal_risk,True,2645800,0.016,,72300,,12957943314384526965,"[""m0@0.0020"", ""m1@0.0020"", ""m2@0.0020"", ""m3@0.0020"", ""m4@0.0020"", ""m5@0.0020"", ""m6@0.0020"", ""m7@0.0020""]","[""C1"", 1000000, 0, 50000, [[400000, 700000]], 455509]"
syn_8_3_1_10,synthetic,8,3,1,0.02,proportional_risk,True,2645800,0.016,,104500,,12957943314384526965,"[""m0@0.0020"", ""m1@0.0020"", ""m2@0.0020"", ""m3@0.0020"", ""m4@0.0020"", ""m5@0.0020"", ""m6@0.0020"", ""m7@0.0020""]","[""C1"", 1000000, 0, 50000, [[400000, 700000]], 455509]"
syn_8_3_1_10,synthetic,8,3,1,0.02,greedy_gate_catching,True,2178652,0.01975,,492700,,12957943314384526965,"[""m0@0.0020"", ""m1@0.0020"", ""m2@0.0020"", ""m3@0.0020"", ""m4@0.0020"", ""m5@0.0020"", ""m6@0.0032"", ""m7@0.0045""]","[""C1"", 1000000, 0, 50000, [[400000, 700000]], 455509]"
syn_8_3_1_11,synthetic,8,3,1,0.02,pareto_dp,True,2157833,0.01975,11.0,113900,,7638101534030470709,"[""m0@0.0020"", ""m1@0.0020"", ""m2@0.0020"", ""m3@0.0020"", ""m4@0.0020"", ""m5@0.0020"", ""m6@0.0032"", ""m7@0.0045""]","[""C1"", 1000000, 0, 50000, [[400000, 700000]], 455509]"
syn_8_3_1_11,synthetic,8,3,1,0.02,equal_risk,True,2541022,0.016,,67000,,7638101534030470709,"[""m0@0.0020"", ""m1@0.0020"", ""m2@0.0020"", ""m3@0.0020"", ""m4@0.0020"", ""m5@0.0020"", ""m6@0.0020"", ""m7@0.0020""]","[""C1"", 1000000, 0, 50000, [[400000, 700000]], 455509]"
syn_8_3_1_11,synthetic,8,3,1,0.02,proportional_risk,True,2541022,0.016,,106300,,7638101534030470709,"[""m0@0.0020"", ""m1@0.0020"", ""m2@0.0020"", ""m3@0.0020"", ""m4@0.0020"", ""m5@0.0020"", ""m6@0.0020"", ""m7@0.0020""]","[""C1"", 1000000, 0, 50000, [[400000, 700000]], 455509]"
syn_8_3_1_11,synthetic,8,3,1,0.02,greedy_gate_catching,True,2157833,0.01975,,479400,,7638101534030470709,"[""m0@0.0020"", ""m1@0.0020"", ""m2@0.0020"", ""m3@0.0020"", ""m4@0.0020"", ""m5@0.0020"", ""m6@0.0032"", ""m7@0.0045""]","[""C1"", 1000000, 0, 50000, [[400000, 700000]], 455509]"
syn_8_3_1_12,synthetic,8,3,1,0.02,pareto_dp,True,2138580,0.01975,10.0,113500,,9915452255154093700,"[""m0@0.0020"", ""m1@0.0020"", ""m2@0.0020"", ""m3@0.0032"", ""m4@0.0020"", ""m5@0.0020"", ""m6@0.0045"", ""m7@0.0020""]","[""C1"", 1000000, 0, 50000, [[400000, 700000]], 455509]"
syn_8_3_1_12,synthetic,8,3,1,0.02,equal_risk,True,2438551,0.016,,67100,,9915452255154093700,"[""m0@0.0020"", ""m1@0.0020"", ""m2@0.0020"", ""m3@0.0020"", ""m4@0.0020"", ""m5@0.0020"", ""m6@0.0020"", ""m7@0.0020""]","[""C1"", 1000000, 0, 50000, [[400000, 700000]], 455509]"
syn_8_3_1_12,synthetic,8,3,1,0.02,proportional_risk,True,2438551,0.016,,100800,,9915452255154093700,"[""m0@0.0020"", ""m1@0.0020"", ""m2@0.0020"", ""m3@0.0020"", ""m4@0.0020"", ""m5@0.0020"", ""m6@0.0020"", ""m7@0.0020""]","[""C1"", 1000000, 0, 50000, [[400000, 700000]], 455509]"
syn_8_3_1_12,synthetic,8,3,1,0.02,greedy_gate_catching,True,2138580,0.01975,,492300,,9915452255154093700,"[""m0@0.0020"", ""m1@0.0020"", ""m2@0.0020"", ""m3@0.0032"", ""m4@0.0020"", ""m5@0.0020"", ""m6@0.0045"", ""m7@0.0020""]","[""C1"", 1000000, 0, 50000, [[400000, 700000]], 455509]"
syn_8_3_1_13,synthetic,8,3,1,0.02,pareto_dp,True,2268287,0.01975,9.0,115800,,2511493992105170335,"[""m0@0.0020"", ""m1@0.0020"", ""m2@0.0020"", ""m3@0.0045"", ""m4@0.0020"", ""m5@0.0020"", ""m6@0.0020"", ""m7@0.0032""]","[""C1"", 1000000, 0, 50000, [[400000, 700000]], 455509]"
syn_8_3_1_13,synthetic,8,3,1,0.02,equal_risk,True,3369032,0.016,,66800,,2511493992105170335,"[""m0@0.0020"", ""m1@0.0020"", ""m2@0.0020"", ""m3@0.0020"", ""m4@0.0020"", ""m5@0.0020"", ""m6@0.0020"", ""m7@0.0020""]","[""C1"", 1000000, 0, 50000, [[400000, 700000]], 455509]"
syn_8_3_1_13,synthetic,8,3,1,0.02,proportional_risk,True,3369032,0.016,,100600,,2511493992105170335,"[""m0@0.0020"", ""m1@0.0020"", ""m2@0.0020"", ""m3@0.0020"", ""m4@0.0020"", ""m5@0.0020"", ""m6@0.0020"", ""m7@0.0020""]","[""C1"", 1000000, 0, 50000, [[400000, 700000]], 455509]"
syn_8_3_1_13,synthetic,8,3,1,0.02,greedy_gate_catching,True,2268287,0.01975,,499200,,2511493992105170335,"[""m0@0.0020"", ""m1@0.0020"", ""m2@0.0020"", ""m3@0.0045"", ""m4@0.0020"", ""m5@0.0020"", ""m6@0.0020"", ""m7@0.0032""]","[""C1"", 1000000, 0, 50000, [[400000, 700000]], 455509]"
syn_8_3_1_14,synthetic,8,3,1,0.02,pareto_dp,True,2464288,0.01975,7.0,155500,,15814125209481064267,"[""m0@0.0020"", ""m1@0.0020"", ""m2@0.0020"", ""m3@0.0020"", ""m4@0.0020"", ""m5@0.0020"", ""m6@0.0032"", ""m7@0.0045""]","[""C1"", 1000000, 0, 50000, [[400000, 700000]], 455509]"
syn_8_3_1_14,synthetic,8,3,1,0.02,equal_risk,True,2907214,0.016,,74500,,15814125209481064267,"[""m0@0.0020"", ""m1@0.0020"", ""m2@0.0020"", ""m3@0.0020"", ""m4@0.0020"", ""m5@0.0020"", ""m6@0.0020"", ""m7@0.0020""]","[""C1"", 1000000, 0, 50000, [[400000, 700000]], 455509]"
syn_8_3_1_14,synthetic,8,3,1,0.02,proportional_risk,True,2907214,0.016,,109600,,15814125209481064267,"[""m0@0.0020"", ""m1@0.0020"", ""m2@0.0020"", ""m3@0.0020"", ""m4@0.0020"", ""m5@0.0020"", ""m6@0.0020"", ""m7@0.0020""]","[""C1"", 1000000, 0, 50000, [[400000, 700000]], 455509]"
syn_8_3_1_14,synthetic,8,3,1,0.02,greedy_gate_catching,True,2464288,0.01975,,487900,,15814125209481064267,"[""m0@0.0020"", ""m1@0.0020"", ""m2@0.0020"", ""m3@0.0020"", ""m4@0.0020"", ""m5@0.0020"", ""m6@0.0032"", ""m7@0.0045""]","[""C1"", 1000000, 0, 50000, [[400000, 700000]], 455509]"
syn_8_3_1_15,synthetic,8,3,1,0.02,pareto_dp,True,2058278,0.01975,10.0,113500,,8375641664397673140,"[""m0@0.0020"", ""m1@0.0020"", ""m2@0.0020"", ""m3@0.0020"", ""m4@0.0020"", ""m5@0.0020"", ""m6@0.0032"", ""m7@0.0045""]","[""C1"", 1000000, 0, 50000, [[400000, 700000]], 455509]"
syn_8_3_1_15,synthetic,8,3,1,0.02,equal_risk,True,2459456,0.016,,68100,,8375641664397673140,"[""m0@0.0020"", ""m1@0.0020"", ""m2@0.0020"", ""m3@0.0020"", ""m4@0.0020"", ""m5@0.0020"", ""m6@0.0020"", ""m7@0.0020""]","[""C1"", 1000000, 0, 50000, [[400000, 700000]], 455509]"
syn_8_3_1_15,synthetic,8,3,1,0.02,proportional_risk,True,2459456,0.016,,112200,,8375641664397673140,"[""m0@0.0020"", ""m1@0.0020"", ""m2@0.0020"", ""m3@0.0020"", ""m4@0.0020"", ""m5@0.0020"", ""m6@0.0020"", ""m7@0.0020""]","[""C1"", 1000000, 0, 50000, [[400000, 700000]], 455509]"
syn_8_3_1_15,synthetic,8,3,1,0.02,greedy_gate_catching,True,2058278,0.01975,,475400,,8375641664397673140,"[""m0@0.0020"", ""m1@0.0020"", ""m2@0.0020"", ""m3@0.0020"", ""m4@0.0020"", ""m5@0.0020"", ""m6@0.0032"", ""m7@0.0045""]","[""C1"", 1000000, 0, 50000, [[400000, 700000]], 455509]"
syn_8_3_1_16,synthetic,8,3,1,0.02,pareto_dp,True,2294186,0.01975,7.0,100600,,9740423774735717283,"[""m0@0.0020"", ""m1@0.0020"", ""m2@0.0020"", ""m3@0.0020"", ""m4@0.0020"", ""m5@0.0020"", ""m6@0.0032"", ""m7@0.0045""]","[""C1"", 1000000, 0, 50000, [[400000, 700000]], 455509]"
syn_8_3_1_16,synthetic,8,3,1,0.02,equal_risk,True,2723651,0.016,,67900,,9740423774735717283,"[""m0@0.0020"", ""m1@0.0020"", ""m2@0.0020"", ""m3@0.0020"", ""m4@0.0020"", ""m5@0.0020"", ""m6@0.0020"", ""m7@0.0020""]","[""C1"", 1000000, 0, 50000, [[400000, 700000]], 455509]"
syn_8_3_1_16,synthetic,8,3,1,0.02,proportional_risk,True,2723651,0.016,,104800,,9740423774735717283,"[""m0@0.0020"", ""m1@0.0020"", ""m2@0.0020"", ""m3@0.0020"", ""m4@0.0020"", ""m5@0.0020"", ""m6@0.0020"", ""m7@0.0020""]","[""C1"", 1000000, 0, 50000, [[400000, 700000]], 455509]"
syn_8_3_1_16,synthetic,8,3,1,0.02,greedy_gate_catching,True,2294186,0.01975,,486200,,9740423774735717283,"[""m0@0.0020"", ""m1@0.0020"", ""m2@0.0020"", ""m3@0.0020"", ""m4@0.0020"", ""m5@0.0020"", ""m6@0.0032"", ""m7@0.0045""]","[""C1"", 1000000, 0, 50000, [[400000, 700000]], 455509]"
syn_8_3_1_17,synthetic,8,3,1,0.02,pareto_dp,True,2188723,0.01975,7.0,111800,,1295133013573078465,"[""m0@0.0020"", ""m1@0.0020"", ""m2@0.0020"", ""m3@0.0032"", ""m4@0.0020"", ""m5@0.0020"", ""m6@0.0020"", ""m7@0.0045""]","[""C1"", 1000000, 0, 50000, [[400000, 700000]], 455509]"
syn_8_3_1_17,synthetic,8,3,1,0.02,equal_risk,True,2597765,0.016,,68600,,1295133013573078465,"[""m0@0.0020"", ""m1@0.0020"", ""m2@0.0020"", ""m3@0.0020"", ""m4@0.0020"", ""m5@0.0020"", ""m6@0.0020"", ""m7@0.0020""]","[""C1"", 1000000, 0, 50000, [[400000, 700000]], 455509]"
syn_8_3_1_17,synthetic,8,3,1,0.02,proportional_risk,True,2597765,0.016,,106400,,1295133013573078465,"[""m0@0.0020"", ""m1@0.0020"", ""m2@0.0020"", ""m3@0.0020"", ""m4@0.0020"", ""m5@0.0020"", ""m6@0.0020"", ""m7@0.0020""]","[""C1"", 1000000, 0, 50000, [[400000, 700000]], 455509]"
syn_8_3_1_17,synthetic,8,3,1,0.02,greedy_gate_catching,True,2188723,0.01975,,494400,,1295133013573078465,"[""m0@0.0020"", ""m1@0.0020"", ""m2@0.0020"", ""m3@0.0032"", ""m4@0.0020"", ""m5@0.0020"", ""m6@0.0020"", ""m7@0.0045""]","[""C1"", 1000000, 0, 50000, [[400000, 700000]], 455509]"
syn_8_3_1_18,synthetic,8,3,1,0.02,pareto_dp,True,2302537,0.01975,11.0,115300,,10122825434781249332,"[""m0@0.0020"", ""m1@0.0020"", ""m2@0.0020"", ""m3@0.0020"", ""m4@0.0020"", ""m5@0.0020"", ""m6@0.0032"", ""m7@0.0045""]","[""C1"", 1000000, 0, 50000, [[400000, 700000]], 455509]"
syn_8_3_1_18,synthetic,8,3,1,0.02,equal_risk,True,2866216,0.016,,67200,,10122825434781249332,"[""m0@0.0020"", ""m1@0.0020"", ""m2@0.0020"", ""m3@0.0020"", ""m4@0.0020"", ""m5@0.0020"", ""m6@0.0020"", ""m7@0.0020""]","[""C1"", 1000000, 0, 50000, [[400000, 700000]], 455509]"
syn_8_3_1_18,synthetic,8,3,1,0.02,proportional_risk,True,2866216,0.016,,104200,,10122825434781249332,"[""m0@0.0020"", ""m1@0.0020"", ""m2@0.0020"", ""m3@0.0020"", ""m4@0.0020"", ""m5@0.0020"", ""m6@0.0020"", ""m7@0.0020""]","[""C1"", 1000000, 0, 50000, [[400000, 700000]], 455509]"
syn_8_3_1_18,synthetic,8,3,1,0.02,greedy_gate_catching,True,2302537,0.01975,,484600,,10122825434781249332,"[""m0@0.0020"", ""m1@0.0020"", ""m2@0.0020"", ""m3@0.0020"", ""m4@0.0020"", ""m5@0.0020"", ""m6@0.0032"", ""m7@0.0045""]","[""C1"", 1000000, 0, 50000, [[400000, 700000]], 455509]"
syn_8_3_1_19,synthetic,8,3,1,0.02,pareto_dp,True,2184545,0.01975,10.0,120000,,17143313063699227870,"[""m0@0.0020"", ""m1@0.0020"", ""m2@0.0020"", ""m3@0.0032"", ""m4@0.0020"", ""m5@0.0020"", ""m6@0.0020"", ""m7@0.0045""]","[""C1"", 1000000, 0, 50000, [[400000, 700000]], 455509]"
syn_8_3_1_19,synthetic,8,3,1,0.02,equal_risk,True,3450310,0.016,,67300,,17143313063699227870,"[""m0@0.0020"", ""m1@0.0020"", ""m2@0.0020"", ""m3@0.0020"", ""m4@0.0020"", ""m5@0.0020"", ""m6@0.0020"", ""m7@0.0020""]","[""C1"", 1000000, 0, 50000, [[400000, 700000]], 455509]"
syn_8_3_1_19,synthetic,8,3,1,0.02,proportional_risk,True,3450310,0.016,,101200,,17143313063699227870,"[""m0@0.0020"", ""m1@0.0020"", ""m2@0.0020"", ""m3@0.0020"", ""m4@0.0020"", ""m5@0.0020"", ""m6@0.0020"", ""m7@0.0020""]","[""C1"", 1000000, 0, 50000, [[400000, 700000]], 455509]"
syn_8_3_1_19,synthetic,8,3,1,0.02,greedy_gate_catching,True,2184545,0.01975,,505500,,17143313063699227870,"[""m0@0.0020"", ""m1@0.0020"", ""m2@0.0020"", ""m3@0.0032"", ""m4@0.0020"", ""m5@0.0020"", ""m6@0.0020"", ""m7@0.0045""]","[""C1"", 1000000, 0, 50000, [[400000, 700000]], 455509]"
syn_8_3_4_00,synthetic,8,3,4,0.02,pareto_dp,True,2219452,0.01975,7.0,113400,,741198544635406578,"[""m0@0.0020"", ""m1@0.0020"", ""m2@0.0020"", ""m3@0.0020"", ""m4@0.0020"", ""m5@0.0020"", ""m6@0.0032"", ""m7@0.0045""]","[""C1"", 1000000, 0, 50000, [[400000, 700000]], 455509]"
syn_8_3_4_00,synthetic,8,3,4,0.02,equal_risk,True,2815373,0.016,,70500,,741198544635406578,"[""m0@0.0020"", ""m1@0.0020"", ""m2@0.0020"", ""m3@0.0020"", ""m4@0.0020"", ""m5@0.0020"", ""m6@0.0020"", ""m7@0.0020""]","[""C1"", 1000000, 0, 50000, [[400000, 700000]], 455509]"
syn_8_3_4_00,synthetic,8,3,4,0.02,proportional_risk,True,2815373,0.016,,109800,,741198544635406578,"[""m0@0.0020"", ""m1@0.0020"", ""m2@0.0020"", ""m3@0.0020"", ""m4@0.0020"", ""m5@0.0020"", ""m6@0.0020"", ""m7@0.0020""]","[""C1"", 1000000, 0, 50000, [[400000, 700000]], 455509]"
syn_8_3_4_00,synthetic,8,3,4,0.02,greedy_gate_catching,True,2219452,0.01975,,521000,,741198544635406578,"[""m0@0.0020"", ""m1@0.0020"", ""m2@0.0020"", ""m3@0.0020"", ""m4@0.0020"", ""m5@0.0020"", ""m6@0.0032"", ""m7@0.0045""]","[""C1"", 1000000, 0, 50000, [[400000, 700000]], 455509]"
syn_8_3_4_01,synthetic,8,3,4,0.02,pareto_dp,True,2460127,0.01975,10.0,126400,,14353242695583362363,"[""m0@0.0020"", ""m1@0.0020"", ""m2@0.0032"", ""m3@0.0032"", ""m4@0.0020"", ""m5@0.0020"", ""m6@0.0020"", ""m7@0.0032""]","[""C1"", 1000000, 0, 50000, [[400000, 700000]], 455509]"
syn_8_3_4_01,synthetic,8,3,4,0.02,equal_risk,True,3675804,0.016,,68800,,14353242695583362363,"[""m0@0.0020"", ""m1@0.0020"", ""m2@0.0020"", ""m3@0.0020"", ""m4@0.0020"", ""m5@0.0020"", ""m6@0.0020"", ""m7@0.0020""]","[""C1"", 1000000, 0, 50000, [[400000, 700000]], 455509]"
syn_8_3_4_01,synthetic,8,3,4,0.02,proportional_risk,True,3675804,0.016,,105500,,14353242695583362363,"[""m0@0.0020"", ""m1@0.0020"", ""m2@0.0020"", ""m3@0.0020"", ""m4@0.0020"", ""m5@0.0020"", ""m6@0.0020"", ""m7@0.0020""]","[""C1"", 1000000, 0, 50000, [[400000, 700000]], 455509]"
syn_8_3_4_01,synthetic,8,3,4,0.02,greedy_gate_catching,True,3154122,0.01975,,522200,,14353242695583362363,"[""m0@0.0020"", ""m1@0.0020"", ""m2@0.0020"", ""m3@0.0020"", ""m4@0.0020"", ""m5@0.0020"", ""m6@0.0032"", ""m7@0.0045""]","[""C1"", 1000000, 0, 50000, [[400000, 700000]], 455509]"
syn_8_3_4_02,synthetic,8,3,4,0.02,pareto_dp,True,2359056,0.01975,6.0,102900,,155739920426157269,"[""m0@0.0020"", ""m1@0.0020"", ""m2@0.0045"", ""m3@0.0020"", ""m4@0.0020"", ""m5@0.0020"", ""m6@0.0020"", ""m7@0.0032""]","[""C1"", 1000000, 0, 50000, [[400000, 700000]], 455509]"
syn_8_3_4_02,synthetic,8,3,4,0.02,equal_risk,True,3554286,0.016,,69400,,155739920426157269,"[""m0@0.0020"", ""m1@0.0020"", ""m2@0.0020"", ""m3@0.0020"", ""m4@0.0020"", ""m5@0.0020"", ""m6@0.0020"", ""m7@0.0020""]","[""C1"", 1000000, 0, 50000, [[400000, 700000]], 455509]"
syn_8_3_4_02,synthetic,8,3,4,0.02,proportional_risk,True,3554286,0.016,,105600,,155739920426157269,"[""m0@0.0020"", ""m1@0.0020"", ""m2@0.0020"", ""m3@0.0020"", ""m4@0.0020"", ""m5@0.0020"", ""m6@0.0020"", ""m7@0.0020""]","[""C1"", 1000000, 0, 50000, [[400000, 700000]], 455509]"
syn_8_3_4_02,synthetic,8,3,4,0.02,greedy_gate_catching,True,3066988,0.01975,,510900,,155739920426157269,"[""m0@0.0020"", ""m1@0.0020"", ""m2@0.0020"", ""m3@0.0020"", ""m4@0.0020"", ""m5@0.0020"", ""m6@0.0032"", ""m7@0.0045""]","[""C1"", 1000000, 0, 50000, [[400000, 700000]], 455509]"
syn_8_3_4_03,synthetic,8,3,4,0.02,pareto_dp,True,2459704,0.01975,7.0,122300,,16654602395332070990,"[""m0@0.0020"", ""m1@0.0020"", ""m2@0.0045"", ""m3@0.0020"", ""m4@0.0020"", ""m5@0.0020"", ""m6@0.0020"", ""m7@0.0032""]","[""C1"", 1000000, 0, 50000, [[400000, 700000]], 455509]"
syn_8_3_4_03,synthetic,8,3,4,0.02,equal_risk,True,3689532,0.016,,70500,,16654602395332070990,"[""m0@0.0020"", ""m1@0.0020"", ""m2@0.0020"", ""m3@0.0020"", ""m4@0.0020"", ""m5@0.0020"", ""m6@0.0020"", ""m7@0.0020""]","[""C1"", 1000000, 0, 50000, [[400000, 700000]], 455509]"
syn_8_3_4_03,synthetic,8,3,4,0.02,proportional_risk,True,3689532,0.016,,107200,,16654602395332070990,"[""m0@0.0020"", ""m1@0.0020"", ""m2@0.0020"", ""m3@0.0020"", ""m4@0.0020"", ""m5@0.0020"", ""m6@0.0020"", ""m7@0.0020""]","[""C1"", 1000000, 0, 50000, [[400000, 700000]], 455509]"
syn_8_3_4_03,synthetic,8,3,4,0.02,greedy_gate_catching,True,3165914,0.01975,,512300,,16654602395332070990,"[""m0@0.0020"", ""m1@0.0020"", ""m2@0.0020"", ""m3@0.0020"", ""m4@0.0020"", ""m5@0.0020"", ""m6@0.0032"", ""m7@0.0045""]","[""C1"", 1000000, 0, 50000, [[400000, 700000]], 455509]"
syn_8_3_4_04,synthetic,8,3,4,0.02,pareto_dp,True,2928280,0.01975,9.0,94200,,12023371270065817705,"[""m0@0.0020"", ""m1@0.0020"", ""m2@0.0020"", ""m3@0.0020"", ""m4@0.0020"", ""m5@0.0032"", ""m6@0.0020"", ""m7@0.0045""]","[""C1"", 1000000, 0, 50000, [[400000, 700000]], 455509]"
syn_8_3_4_04,synthetic,8,3,4,0.02,equal_risk,True,3259587,0.016,,69500,,12023371270065817705,"[""m0@0.0020"", ""m1@0.0020"", ""m2@0.0020"", ""m3@0.0020"", ""m4@0.0020"", ""m5@0.0020"", ""m6@0.0020"", ""m7@0.0020""]","[""C1"", 1000000, 0, 50000, [[400000, 700000]], 455509]"
syn_8_3_4_04,synthetic,8,3,4,0.02,proportional_risk,True,3259587,0.016,,105700,,12023371270065817705,"[""m0@0.0020"", ""m1@0.0020"", ""m2@0.0020"", ""m3@0.0020"", ""m4@0.0020"", ""m5@0.0020"", ""m6@0.0020"", ""m7@0.0020""]","[""C1"", 1000000, 0, 50000, [[400000, 700000]], 455509]"
syn_8_3_4_04,synthetic,8,3,4,0.02,greedy_gate_catching,True,2928280,0.01975,,510000,,12023371270065817705,"[""m0@0.0020"", ""m1@0.0020"", ""m2@0.0020"", ""m3@0.0020"", ""m4@0.0020"", ""m5@0.0032"", ""m6@0.0020"", ""m7@0.0045""]","[""C1"", 1000000, 0, 50000, [[400000, 700000]], 455509]"
syn_8_3_4_05,synthetic,8,3,4,0.02,pareto_dp,True,2038647,0.01975,8.0,106800,,8257796816905352956,"[""m0@0.0020"", ""m1@0.0020"", ""m2@0.0020"", ""m3@0.0032"", ""m4@0.0020"", ""m5@0.0020"", ""m6@0.0045"", ""m7@0.0020""]","[""C1"", 1000000, 0, 50000, [[400000, 700000]], 455509]"
syn_8_3_4_05,synthetic,8,3,4,0.02,equal_risk,True,3180164,0.016,,68200,,8257796816905352956,"[""m0@0.0020"", ""m1@0.0020"", ""m2@0.0020"", ""m3@0.0020"", ""m4@0.0020"", ""m5@0.0020"", ""m6@0.0020"", ""m7@0.0020""]","[""C1"", 1000000, 0, 50000, [[400000, 700000]], 455509]"
syn_8_3_4_05,synthetic,8,3,4,0.02,proportional_risk,True,3180164,0.016,,107400,,8257796816905352956,"[""m0@0.0020"", ""m1@0.0020"", ""m2@0.0020"", ""m3@0.0020"", ""m4@0.0020"", ""m5@0.0020"", ""m6@0.0020"", ""m7@0.0020""]","[""C1"", 1000000, 0, 50000, [[400000, 700000]], 455509]"
syn_8_3_4_05,synthetic,8,3,4,0.02,greedy_gate_catching,True,2038647,0.01975,,518700,,8257796816905352956,"[""m0@0.0020"", ""m1@0.0020"", ""m2@0.0020"", ""m3@0.0032"", ""m4@0.0020"", ""m5@0.0020"", ""m6@0.0045"", ""m7@0.0020""]","[""C1"", 1000000, 0, 50000, [[400000, 700000]], 455509]"
syn_8_3_4_06,synthetic,8,3,4,0.02,pareto_dp,True,3093619,0.01975,11.0,125100,,10877257071978182782,"[""m0@0.0020"", ""m1@0.0020"", ""m2@0.0020"", ""m3@0.0020"", ""m4@0.0020"", ""m5@0.0020"", ""m6@0.0032"", ""m7@0.0045""]","[""C1"", 1000000, 0, 50000, [[400000, 700000]], 455509]"
syn_8_3_4_06,synthetic,8,3,4,0.02,equal_risk,True,3571960,0.016,,68500,,10877257071978182782,"[""m0@0.0020"", ""m1@0.0020"", ""m2@0.0020"", ""m3@0.0020"", ""m4@0.0020"", ""m5@0.0020"", ""m6@0.0020"", ""m7@0.0020""]","[""C1"", 1000000, 0, 50000, [[400000, 700000]], 455509]"
syn_8_3_4_06,synthetic,8,3,4,0.02,proportional_risk,True,3571960,0.016,,104700,,10877257071978182782,"[""m0@0.0020"", ""m1@0.0020"", ""m2@0.0020"", ""m3@0.0020"", ""m4@0.0020"", ""m5@0.0020"", ""m6@0.0020"", ""m7@0.0020""]","[""C1"", 1000000, 0, 50000, [[400000, 700000]], 455509]"
syn_8_3_4_06,synthetic,8,3,4,0.02,greedy_gate_catching,True,3093619,0.01975,,513000,,10877257071978182782,"[""m0@0.0020"", ""m1@0.0020"", ""m2@0.0020"", ""m3@0.0020"", ""m4@0.0020"", ""m5@0.0020"", ""m6@0.0032"", ""m7@0.0045""]","[""C1"", 1000000, 0, 50000, [[400000, 700000]], 455509]"
syn_8_3_4_07,synthetic,8,3,4,0.02,pareto_dp,True,1897448,0.01975,5.0,96100,,7107059665287728372,"[""m0@0.0020"", ""m1@0.0020"", ""m2@0.0020"", ""m3@0.0020"", ""m4@0.0020"", ""m5@0.0020"", ""m6@0.0032"", ""m7@0.0045""]","[""C1"", 1000000, 0, 50000, [[400000, 700000]], 455509]"
syn_8_3_4_07,synthetic,8,3,4,0.02,equal_risk,True,2171032,0.016,,72600,,7107059665287728372,"[""m0@0.0020"", ""m1@0.0020"", ""m2@0.0020"", ""m3@0.0020"", ""m4@0.0020"", ""m5@0.0020"", ""m6@0.0020"", ""m7@0.0020""]","[""C1"", 1000000, 0, 50000, [[400000, 700000]], 455509]"
syn_8_3_4_07,synthetic,8,3,4,0.02,proportional_risk,True,2171032,0.016,,105600,,7107059665287728372,"[""m0@0.0020"", ""m1@0.0020"", ""m2@0.0020"", ""m3@0.0020"", ""m4@0.0020"", ""m5@0.0020"", ""m6@0.0020"", ""m7@0.0020""]","[""C1"", 1000000, 0, 50000, [[400000, 700000]], 455509]"
syn_8_3_4_07,synthetic,8,3,4,0.02,greedy_gate_catching,True,1897448,0.01975,,515000,,7107059665287728372,"[""m0@0.0020"", ""m1@0.0020"", ""m2@0.0020"", ""m3@0.0020"", ""m4@0.0020"", ""m5@0.0020"", ""m6@0.0032"", ""m7@0.0045""]","[""C1"", 1000000, 0, 50000, [[400000, 700000]], 455509]"
syn_8_3_4_08,synthetic,8,3,4,0.02,pareto_dp,True,1941659,0.01975,8.0,106000,,2435750189317835654,"[""m0@0.0020"", ""m1@0.0020"", ""m2@0.0020"", ""m3@0.0032"", ""m4@0.0020"", ""m5@0.0020"", ""m6@0.0045"", ""m7@0.0020""]","[""C1"", 1000000, 0, 50000, [[400000, 700000]], 455509]"
syn_8_3_4_08,synthetic,8,3,4,0.02,equal_risk,True,2288660,0.016,,69600,,2435750189317835654,"[""m0@0.0020"", ""m1@0.0020"", ""m2@0.0020"", ""m3@0.0020"", ""m4@0.0020"", ""m5@0.0020"", ""m6@0.0020"", ""m7@0.0020""]","[""C1"", 1000000, 0, 50000, [[400000, 700000]], 455509]"
syn_8_3_4_08,synthetic,8,3,4,0.02,proportional_risk,True,2288660,0.016,,104300,,2435750189317835654,"[""m0@0.0020"", ""m1@0.0020"", ""m2@0.0020"", ""m3@0.0020"", ""m4@0.0020"", ""m5@0.0020"", ""m6@0.0020"", ""m7@0.0020""]","[""C1"", 1000000, 0, 50000, [[400000, 700000]], 455509]"
syn_8_3_4_08,synthetic,8,3,4,0.02,greedy_gate_catching,True,1941659,0.01975,,521600,,2435750189317835654,"[""m0@0.0020"", ""m1@0.0020"", ""m2@0.0020"", ""m3@0.0032"", ""m4@0.0020"", ""m5@0.0020"", ""m6@0.0045"", ""m7@0.0020""]","[""C1"", 1000000, 0, 50000, [[400000, 700000]], 455509]"
syn_8_3_4_09,synthetic,8,3,4,0.02,pareto_dp,True,2721349,0.01975,11.0,119200,,530237006129896948,"[""m0@0.0020"", ""m1@0.0020"", ""m2@0.0032"", ""m3@0.0032"", ""m4@0.0020"", ""m5@0.0020"", ""m6@0.0020"", ""m7@0.0032""]","[""C1"", 1000000, 0, 50000, [[400000, 700000]], 455509]"
syn_8_3_4_09,synthetic,8,3,4,0.02,equal_risk,True,3922144,0.016,,69400,,530237006129896948,"[""m0@0.0020"", ""m1@0.0020"", ""m2@0.0020"", ""m3@0.0020"", ""m4@0.0020"", ""m5@0.0020"", ""m6@0.0020"", ""m7@0.0020""]","[""C1"", 1000000, 0, 50000, [[400000, 700000]], 455509]"
syn_8_3_4_09,synthetic,8,3,4,0.02,proportional_risk,True,3922144,0.016,,107900,,530237006129896948,"[""m0@0.0020"", ""m1@0.0020"", ""m2@0.0020"", ""m3@0.0020"", ""m4@0.0020"", ""m5@0.0020"", ""m6@0.0020"", ""m7@0.0020""]","[""C1"", 1000000, 0, 50000, [[400000, 700000]], 455509]"
syn_8_3_4_09,synthetic,8,3,4,0.02,greedy_gate_catching,True,3333507,0.01975,,511700,,530237006129896948,"[""m0@0.0020"", ""m1@0.0020"", ""m2@0.0032"", ""m3@0.0020"", ""m4@0.0020"", ""m5@0.0020"", ""m6@0.0020"", ""m7@0.0045""]","[""C1"", 1000000, 0, 50000, [[400000, 700000]], 455509]"
syn_8_3_4_10,synthetic,8,3,4,0.02,pareto_dp,True,2352473,0.01975,8.0,119200,,14927974567754338649,"[""m0@0.0020"", ""m1@0.0020"", ""m2@0.0045"", ""m3@0.0032"", ""m4@0.0020"", ""m5@0.0020"", ""m6@0.0020"", ""m7@0.0020""]","[""C1"", 1000000, 0, 50000, [[400000, 700000]], 455509]"
syn_8_3_4_10,synthetic,8,3,4,0.02,equal_risk,True,3352473,0.016,,69900,,14927974567754338649,"[""m0@0.0020"", ""m1@0.0020"", ""m2@0.0020"", ""m3@0.0020"", ""m4@0.0020"", ""m5@0.0020"", ""m6@0.0020"", ""m7@0.0020""]","[""C1"", 1000000, 0, 50000, [[400000, 700000]], 455509]"
syn_8_3_4_10,synthetic,8,3,4,0.02,proportional_risk,True,3352473,0.016,,109700,,14927974567754338649,"[""m0@0.0020"", ""m1@0.0020"", ""m2@0.0020"", ""m3@0.0020"", ""m4@0.0020"", ""m5@0.0020"", ""m6@0.0020"", ""m7@0.0020""]","[""C1"", 1000000, 0, 50000, [[400000, 700000]], 455509]"
syn_8_3_4_10,synthetic,8,3,4,0.02,greedy_gate_catching,True,2858845,0.01975,,529900,,14927974567754338649,"[""m0@0.0020"", ""m1@0.0020"", ""m2@0.0020"", ""m3@0.0020"", ""m4@0.0020"", ""m5@0.0020"", ""m6@0.0032"", ""m7@0.0045""]","[""C1"", 1000000, 0, 50000, [[400000, 700000]], 455509]"
syn_8_3_4_11,synthetic,8,3,4,0.02,pareto_dp,True,2058230,0.01975,6.0,104900,,5469192953294837225,"[""m0@0.0020"", ""m1@0.0020"", ""m2@0.0020"", ""m3@0.0032"", ""m4@0.0020"", ""m5@0.0020"", ""m6@0.0020"", ""m7@0.0045""]","[""C1"", 1000000, 0, 50000, [[400000, 700000]], 455509]"
syn_8_3_4_11,synthetic,8,3,4,0.02,equal_risk,True,3006202,0.016,,68000,,5469192953294837225,"[""m0@0.0020"", ""m1@0.0020"", ""m2@0.0020"", ""m3@0.0020"", ""m4@0.0020"", ""m5@0.0020"", ""m6@0.0020"", ""m7@0.0020""]","[""C1"", 1000000, 0, 50000, [[400000, 700000]], 455509]"
syn_8_3_4_11,synthetic,8,3,4,0.02,proportional_risk,True,3006202,0.016,,99200,,5469192953294837225,"[""m0@0.0020"", ""m1@0.0020"", ""m2@0.0020"", ""m3@0.0020"", ""m4@0.0020"", ""m5@0.0020"", ""m6@0.0020"", ""m7@0.0020""]","[""C1"", 1000000, 0, 50000, [[400000, 700000]], 455509]"
syn_8_3_4_11,synthetic,8,3,4,0.02,greedy_gate_catching,True,2058230,0.01975,,514300,,5469192953294837225,"[""m0@0.0020"", ""m1@0.0020"", ""m2@0.0020"", ""m3@0.0032"", ""m4@0.0020"", ""m5@0.0020"", ""m6@0.0020"", ""m7@0.0045""]","[""C1"", 1000000, 0, 50000, [[400000, 700000]], 455509]"
syn_8_3_4_12,synthetic,8,3,4,0.02,pareto_dp,True,2316696,0.01975,5.0,91500,,1907120797873930057,"[""m0@0.0020"", ""m1@0.0020"", ""m2@0.0020"", ""m3@0.0020"", ""m4@0.0020"", ""m5@0.0020"", ""m6@0.0032"", ""m7@0.0045""]","[""C1"", 1000000, 0, 50000, [[400000, 700000]], 455509]"
syn_8_3_4_12,synthetic,8,3,4,0.02,equal_risk,True,2812840,0.016,,67100,,1907120797873930057,"[""m0@0.0020"", ""m1@0.0020"", ""m2@0.0020"", ""m3@0.0020"", ""m4@0.0020"", ""m5@0.0020"", ""m6@0.0020"", ""m7@0.0020""]","[""C1"", 1000000, 0, 50000, [[400000, 700000]], 455509]"
syn_8_3_4_12,synthetic,8,3,4,0.02,proportional_risk,True,2812840,0.016,,106600,,1907120797873930057,"[""m0@0.0020"", ""m1@0.0020"", ""m2@0.0020"", ""m3@0.0020"", ""m4@0.0020"", ""m5@0.0020"", ""m6@0.0020"", ""m7@0.0020""]","[""C1"", 1000000, 0, 50000, [[400000, 700000]], 455509]"
syn_8_3_4_12,synthetic,8,3,4,0.02,greedy_gate_catching,True,2316696,0.01975,,497300,,1907120797873930057,"[""m0@0.0020"", ""m1@0.0020"", ""m2@0.0020"", ""m3@0.0020"", ""m4@0.0020"", ""m5@0.0020"", ""m6@0.0032"", ""m7@0.0045""]","[""C1"", 1000000, 0, 50000, [[400000, 700000]], 455509]"
syn_8_3_4_13,synthetic,8,3,4,0.02,pareto_dp,True,2145475,0.01975,9.0,110500,,3532170017325835696,"[""m0@0.0020"", ""m1@0.0020"", ""m2@0.0032"", ""m3@0.0032"", ""m4@0.0020"", ""m5@0.0020"", ""m6@0.0032"", ""m7@0.0020""]","[""C1"", 1000000, 0, 50000, [[400000, 700000]], 455509]"
syn_8_3_4_13,synthetic,8,3,4,0.02,equal_risk,True,3253418,0.016,,67600,,3532170017325835696,"[""m0@0.0020"", ""m1@0.0020"", ""m2@0.0020"", ""m3@0.0020"", ""m4@0.0020"", ""m5@0.0020"", ""m6@0.0020"", ""m7@0.0020""]","[""C1"", 1000000, 0, 50000, [[400000, 700000]], 455509]"
syn_8_3_4_13,synthetic,8,3,4,0.02,proportional_risk,True,3253418,0.016,,100100,,3532170017325835696,"[""m0@0.0020"", ""m1@0.0020"", ""m2@0.0020"", ""m3@0.0020"", ""m4@0.0020"", ""m5@0.0020"", ""m6@0.0020"", ""m7@0.0020""]","[""C1"", 1000000, 0, 50000, [[400000, 700000]], 455509]"
syn_8_3_4_13,synthetic,8,3,4,0.02,greedy_gate_catching,True,2145475,0.01975,,512600,,3532170017325835696,"[""m0@0.0020"", ""m1@0.0020"", ""m2@0.0032"", ""m3@0.0032"", ""m4@0.0020"", ""m5@0.0020"", ""m6@0.0032"", ""m7@0.0020""]","[""C1"", 1000000, 0, 50000, [[400000, 700000]], 455509]"
syn_8_3_4_14,synthetic,8,3,4,0.02,pareto_dp,True,2131094,0.01975,7.0,114300,,16668151113325833437,"[""m0@0.0020"", ""m1@0.0020"", ""m2@0.0045"", ""m3@0.0020"", ""m4@0.0020"", ""m5@0.0020"", ""m6@0.0020"", ""m7@0.0032""]","[""C1"", 1000000, 0, 50000, [[400000, 700000]], 455509]"
syn_8_3_4_14,synthetic,8,3,4,0.02,equal_risk,True,3283578,0.016,,69400,,16668151113325833437,"[""m0@0.0020"", ""m1@0.0020"", ""m2@0.0020"", ""m3@0.0020"", ""m4@0.0020"", ""m5@0.0020"", ""m6@0.0020"", ""m7@0.0020""]","[""C1"", 1000000, 0, 50000, [[400000, 700000]], 455509]"
syn_8_3_4_14,synthetic,8,3,4,0.02,proportional_risk,True,3283578,0.016,,108500,,16668151113325833437,"[""m0@0.0020"", ""m1@0.0020"", ""m2@0.0020"", ""m3@0.0020"", ""m4@0.0020"", ""m5@0.0020"", ""m6@0.0020"", ""m7@0.0020""]","[""C1"", 1000000, 0, 50000, [[400000, 700000]], 455509]"
syn_8_3_4_14,synthetic,8,3,4,0.02,greedy_gate_catching,True,2905530,0.01975,,500400,,16668151113325833437,"[""m0@0.0020"", ""m1@0.0020"", ""m2@0.0020"", ""m3@0.0020"", ""m4@0.0020"", ""m5@0.0020"", ""m6@0.0032"", ""m7@0.0045""]","[""C1"", 1000000, 0, 50000, [[400000, 700000]], 455509]"
syn_8_3_4_15,synthetic,8,3,4,0.02,pareto_dp,True,2324669,0.01975,9.0,104800,,14628922377849128211,"[""m0@0.0020"", ""m1@0.0020"", ""m2@0.0045"", ""m3@0.0020"", ""m4@0.0020"", ""m5@0.0020"", ""m6@0.0032"", ""m7@0.0020""]","[""C1"", 1000000, 0, 50000, [[400000, 700000]], 455509]"
syn_8_3_4_15,synthetic,8,3,4,0.02,equal_risk,True,3450813,0.016,,67200,,14628922377849128211,"[""m0@0.0020"", ""m1@0.0020"", ""m2@0.0020"", ""m3@0.0020"", ""m4@0.0020"", ""m5@0.0020"", ""m6@0.0020"", ""m7@0.0020""]","[""C1"", 1000000, 0, 50000, [[400000, 700000]], 455509]"
syn_8_3_4_15,synthetic,8,3,4,0.02,proportional_risk,True,3450813,0.016,,103300,,14628922377849128211,"[""m0@0.0020"", ""m1@0.0020"", ""m2@0.0020"", ""m3@0.0020"", ""m4@0.0020"", ""m5@0.0020"", ""m6@0.0020"", ""m7@0.0020""]","[""C1"", 1000000, 0, 50000, [[400000, 700000]], 455509]"
syn_8_3_4_15,synthetic,8,3,4,0.02,greedy_gate_catching,True,3071571,0.01975,,499500,,14628922377849128211,"[""m0@0.0020"", ""m1@0.0020"", ""m2@0.0020"", ""m3@0.0020"", ""m4@0.0020"", ""m5@0.0020"", ""m6@0.0045"", ""m7@0.0032""]","[""C1"", 1000000, 0, 50000, [[400000, 700000]], 455509]"
syn_8_3_4_16,synthetic,8,3,4,0.02,pareto_dp,True,2297334,0.01975,10.0,112200,,14407572712176725953,"[""m0@0.0020"", ""m1@0.0020"", ""m2@0.0045"", ""m3@0.0020"", ""m4@0.0020"", ""m5@0.0020"", ""m6@0.0032"", ""m7@0.0020""]","[""C1"", 1000000, 0, 50000, [[400000, 700000]], 455509]"
syn_8_3_4_16,synthetic,8,3,4,0.02,equal_risk,True,3412716,0.016,,65100,,14407572712176725953,"[""m0@0.0020"", ""m1@0.0020"", ""m2@0.0020"", ""m3@0.0020"", ""m4@0.0020"", ""m5@0.0020"", ""m6@0.0020"", ""m7@0.0020""]","[""C1"", 1000000, 0, 50000, [[400000, 700000]], 455509]"
syn_8_3_4_16,synthetic,8,3,4,0.02,proportional_risk,True,3412716,0.016,,102500,,14407572712176725953,"[""m0@0.0020"", ""m1@0.0020"", ""m2@0.0020"", ""m3@0.0020"", ""m4@0.0020"", ""m5@0.0020"", ""m6@0.0020"", ""m7@0.0020""]","[""C1"", 1000000, 0, 50000, [[400000, 700000]], 455509]"
syn_8_3_4_16,synthetic,8,3,4,0.02,greedy_gate_catching,True,3043926,0.01975,,505600,,14407572712176725953,"[""m0@0.0020"", ""m1@0.0020"", ""m2@0.0020"", ""m3@0.0032"", ""m4@0.0020"", ""m5@0.0020"", ""m6@0.0032"", ""m7@0.0032""]","[""C1"", 1000000, 0, 50000, [[400000, 700000]], 455509]"
syn_8_3_4_17,synthetic,8,3,4,0.02,pareto_dp,True,2653226,0.01975,8.0,107000,,3315342508323241125,"[""m0@0.0020"", ""m1@0.0020"", ""m2@0.0045"", ""m3@0.0032"", ""m4@0.0020"", ""m5@0.0020"", ""m6@0.0020"", ""m7@0.0020""]","[""C1"", 1000000, 0, 50000, [[400000, 700000]], 455509]"
syn_8_3_4_17,synthetic,8,3,4,0.02,equal_risk,True,3653226,0.016,,65600,,3315342508323241125,"[""m0@0.0020"", ""m1@0.0020"", ""m2@0.0020"", ""m3@0.0020"", ""m4@0.0020"", ""m5@0.0020"", ""m6@0.0020"", ""m7@0.0020""]","[""C1"", 1000000, 0, 50000, [[400000, 700000]], 455509]"
syn_8_3_4_17,synthetic,8,3,4,0.02,proportional_risk,True,3653226,0.016,,101400,,3315342508323241125,"[""m0@0.0020"", ""m1@0.0020"", ""m2@0.0020"", ""m3@0.0020"", ""m4@0.0020"", ""m5@0.0020"", ""m6@0.0020"", ""m7@0.0020""]","[""C1"", 1000000, 0, 50000, [[400000, 700000]], 455509]"
syn_8_3_4_17,synthetic,8,3,4,0.02,greedy_gate_catching,True,3240494,0.01975,,501400,,3315342508323241125,"[""m0@0.0020"", ""m1@0.0020"", ""m2@0.0020"", ""m3@0.0020"", ""m4@0.0020"", ""m5@0.0020"", ""m6@0.0032"", ""m7@0.0045""]","[""C1"", 1000000, 0, 50000, [[400000, 700000]], 455509]"
syn_8_3_4_18,synthetic,8,3,4,0.02,pareto_dp,True,2034941,0.01975,5.0,96600,,672279189298144267,"[""m0@0.0020"", ""m1@0.0020"", ""m2@0.0020"", ""m3@0.0020"", ""m4@0.0020"", ""m5@0.0020"", ""m6@0.0032"", ""m7@0.0045""]","[""C1"", 1000000, 0, 50000, [[400000, 700000]], 455509]"
syn_8_3_4_18,synthetic,8,3,4,0.02,equal_risk,True,2393668,0.016,,67300,,672279189298144267,"[""m0@0.0020"", ""m1@0.0020"", ""m2@0.0020"", ""m3@0.0020"", ""m4@0.0020"", ""m5@0.0020"", ""m6@0.0020"", ""m7@0.0020""]","[""C1"", 1000000, 0, 50000, [[400000, 700000]], 455509]"
syn_8_3_4_18,synthetic,8,3,4,0.02,proportional_risk,True,2393668,0.016,,103700,,672279189298144267,"[""m0@0.0020"", ""m1@0.0020"", ""m2@0.0020"", ""m3@0.0020"", ""m4@0.0020"", ""m5@0.0020"", ""m6@0.0020"", ""m7@0.0020""]","[""C1"", 1000000, 0, 50000, [[400000, 700000]], 455509]"
syn_8_3_4_18,synthetic,8,3,4,0.02,greedy_gate_catching,True,2034941,0.01975,,497700,,672279189298144267,"[""m0@0.0020"", ""m1@0.0020"", ""m2@0.0020"", ""m3@0.0020"", ""m4@0.0020"", ""m5@0.0020"", ""m6@0.0032"", ""m7@0.0045""]","[""C1"", 1000000, 0, 50000, [[400000, 700000]], 455509]"
syn_8_3_4_19,synthetic,8,3,4,0.02,pareto_dp,True,3074139,0.01975,6.0,98500,,9435032074701533023,"[""m0@0.0020"", ""m1@0.0020"", ""m2@0.0020"", ""m3@0.0045"", ""m4@0.0020"", ""m5@0.0020"", ""m6@0.0020"", ""m7@0.0032""]","[""C1"", 1000000, 0, 50000, [[400000, 700000]], 455509]"
syn_8_3_4_19,synthetic,8,3,4,0.02,equal_risk,True,3491327,0.016,,66200,,9435032074701533023,"[""m0@0.0020"", ""m1@0.0020"", ""m2@0.0020"", ""m3@0.0020"", ""m4@0.0020"", ""m5@0.0020"", ""m6@0.0020"", ""m7@0.0020""]","[""C1"", 1000000, 0, 50000, [[400000, 700000]], 455509]"
syn_8_3_4_19,synthetic,8,3,4,0.02,proportional_risk,True,3491327,0.016,,90900,,9435032074701533023,"[""m0@0.0020"", ""m1@0.0020"", ""m2@0.0020"", ""m3@0.0020"", ""m4@0.0020"", ""m5@0.0020"", ""m6@0.0020"", ""m7@0.0020""]","[""C1"", 1000000, 0, 50000, [[400000, 700000]], 455509]"
syn_8_3_4_19,synthetic,8,3,4,0.02,greedy_gate_catching,True,3106640,0.01975,,499900,,9435032074701533023,"[""m0@0.0020"", ""m1@0.0020"", ""m2@0.0020"", ""m3@0.0020"", ""m4@0.0020"", ""m5@0.0020"", ""m6@0.0032"", ""m7@0.0045""]","[""C1"", 1000000, 0, 50000, [[400000, 700000]], 455509]"
syn_8_6_1_00,synthetic,8,6,1,0.02,pareto_dp,True,1947016,0.02,19.0,335600,,6574602910646603182,"[""m0@0.0020"", ""m1@0.0020"", ""m2@0.0020"", ""m3@0.0025"", ""m4@0.0020"", ""m5@0.0020"", ""m6@0.0035"", ""m7@0.0040""]","[""C1"", 1000000, 0, 50000, [[400000, 700000]], 455509]"
syn_8_6_1_00,synthetic,8,6,1,0.02,equal_risk,True,2279976,0.016,,110700,,6574602910646603182,"[""m0@0.0020"", ""m1@0.0020"", ""m2@0.0020"", ""m3@0.0020"", ""m4@0.0020"", ""m5@0.0020"", ""m6@0.0020"", ""m7@0.0020""]","[""C1"", 1000000, 0, 50000, [[400000, 700000]], 455509]"
syn_8_6_1_00,synthetic,8,6,1,0.02,proportional_risk,True,2279976,0.016,,155000,,6574602910646603182,"[""m0@0.0020"", ""m1@0.0020"", ""m2@0.0020"", ""m3@0.0020"", ""m4@0.0020"", ""m5@0.0020"", ""m6@0.0020"", ""m7@0.0020""]","[""C1"", 1000000, 0, 50000, [[400000, 700000]], 455509]"
syn_8_6_1_00,synthetic,8,6,1,0.02,greedy_gate_catching,True,1947016,0.02,,1680800,,6574602910646603182,"[""m0@0.0020"", ""m1@0.0020"", ""m2@0.0020"", ""m3@0.0025"", ""m4@0.0020"", ""m5@0.0020"", ""m6@0.0035"", ""m7@0.0040""]","[""C1"", 1000000, 0, 50000, [[400000, 700000]], 455509]"
syn_8_6_1_01,synthetic,8,6,1,0.02,pareto_dp,True,2203606,0.02,21.0,350200,,5889769076360815989,"[""m0@0.0020"", ""m1@0.0020"", ""m2@0.0020"", ""m3@0.0030"", ""m4@0.0020"", ""m5@0.0020"", ""m6@0.0025"", ""m7@0.0045""]","[""C1"", 1000000, 0, 50000, [[400000, 700000]], 455509]"
syn_8_6_1_01,synthetic,8,6,1,0.02,equal_risk,True,2690457,0.016,,104700,,5889769076360815989,"[""m0@0.0020"", ""m1@0.0020"", ""m2@0.0020"", ""m3@0.0020"", ""m4@0.0020"", ""m5@0.0020"", ""m6@0.0020"", ""m7@0.0020""]","[""C1"", 1000000, 0, 50000, [[400000, 700000]], 455509]"
syn_8_6_1_01,synthetic,8,6,1,0.02,proportional_risk,True,2690457,0.016,,154400,,5889769076360815989,"[""m0@0.0020"", ""m1@0.0020"", ""m2@0.0020"", ""m3@0.0020"", ""m4@0.0020"", ""m5@0.0020"", ""m6@0.0020"", ""m7@0.0020""]","[""C1"", 1000000, 0, 50000, [[400000, 700000]], 455509]"
syn_8_6_1_01,synthetic,8,6,1,0.02,greedy_gate_catching,True,2203606,0.02,,1628400,,5889769076360815989,"[""m0@0.0020"", ""m1@0.0020"", ""m2@0.0020"", ""m3@0.0030"", ""m4@0.0020"", ""m5@0.0020"", ""m6@0.0025"", ""m7@0.0045""]","[""C1"", 1000000, 0, 50000, [[400000, 700000]], 455509]"
syn_8_6_1_02,synthetic,8,6,1,0.02,pareto_dp,True,2093571,0.02,30.0,367700,,3784318125404564623,"[""m0@0.0020"", ""m1@0.0020"", ""m2@0.0020"", ""m3@0.0020"", ""m4@0.0020"", ""m5@0.0020"", ""m6@0.0035"", ""m7@0.0045""]","[""C1"", 1000000, 0, 50000, [[400000, 700000]], 455509]"
syn_8_6_1_02,synthetic,8,6,1,0.02,equal_risk,True,2597965,0.016,,109300,,3784318125404564623,"[""m0@0.0020"", ""m1@0.0020"", ""m2@0.0020"", ""m3@0.0020"", ""m4@0.0020"", ""m5@0.0020"", ""m6@0.0020"", ""m7@0.0020""]","[""C1"", 1000000, 0, 50000, [[400000, 700000]], 455509]"
syn_8_6_1_02,synthetic,8,6,1,0.02,proportional_risk,True,2597965,0.016,,173700,,3784318125404564623,"[""m0@0.0020"", ""m1@0.0020"", ""m2@0.0020"", ""m3@0.0020"", ""m4@0.0020"", ""m5@0.0020"", ""m6@0.0020"", ""m7@0.0020""]","[""C1"", 1000000, 0, 50000, [[400000, 700000]], 455509]"
syn_8_6_1_02,synthetic,8,6,1,0.02,greedy_gate_catching,True,2095375,0.02,,1619800,,3784318125404564623,"[""m0@0.0020"", ""m1@0.0020"", ""m2@0.0020"", ""m3@0.0020"", ""m4@0.0020"", ""m5@0.0025"", ""m6@0.0030"", ""m7@0.0045""]","[""C1"", 1000000, 0, 50000, [[400000, 700000]], 455509]"
syn_8_6_1_03,synthetic,8,6,1,0.02,pareto_dp,True,1911541,0.02,28.0,357600,,14670233261130204884,"[""m0@0.0020"", ""m1@0.0020"", ""m2@0.0020"", ""m3@0.0020"", ""m4@0.0020"", ""m5@0.0030"", ""m6@0.0045"", ""m7@0.0025""]","[""C1"", 1000000, 0, 50000, [[400000, 700000]], 455509]"
syn_8_6_1_03,synthetic,8,6,1,0.02,equal_risk,True,2145721,0.016,,110900,,14670233261130204884,"[""m0@0.0020"", ""m1@0.0020"", ""m2@0.0020"", ""m3@0.0020"", ""m4@0.0020"", ""m5@0.0020"", ""m6@0.0020"", ""m7@0.0020""]","[""C1"", 1000000, 0, 50000, [[400000, 700000]], 455509]"
syn_8_6_1_03,synthetic,8,6,1,0.02,proportional_risk,True,2145721,0.016,,181200,,14670233261130204884,"[""m0@0.0020"", ""m1@0.0020"", ""m2@0.0020"", ""m3@0.0020"", ""m4@0.0020"", ""m5@0.0020"", ""m6@0.0020"", ""m7@0.0020""]","[""C1"", 1000000, 0, 50000, [[400000, 700000]], 455509]"
syn_8_6_1_03,synthetic,8,6,1,0.02,greedy_gate_catching,True,1911541,0.02,,1707200,,14670233261130204884,"[""m0@0.0020"", ""m1@0.0020"", ""m2@0.0020"", ""m3@0.0020"", ""m4@0.0020"", ""m5@0.0030"", ""m6@0.0045"", ""m7@0.0025""]","[""C1"", 1000000, 0, 50000, [[400000, 700000]], 455509]"
syn_8_6_1_04,synthetic,8,6,1,0.02,pareto_dp,True,2381578,0.02,27.0,412000,,2919514419748548663,"[""m0@0.0020"", ""m1@0.0020"", ""m2@0.0020"", ""m3@0.0020"", ""m4@0.0020"", ""m5@0.0020"", ""m6@0.0040"", ""m7@0.0040""]","[""C1"", 1000000, 0, 50000, [[400000, 700000]], 455509]"
syn_8_6_1_04,synthetic,8,6,1,0.02,equal_risk,True,2792234,0.016,,109300,,2919514419748548663,"[""m0@0.0020"", ""m1@0.0020"", ""m2@0.0020"", ""m3@0.0020"", ""m4@0.0020"", ""m5@0.0020"", ""m6@0.0020"", ""m7@0.0020""]","[""C1"", 1000000, 0, 50000, [[400000, 700000]], 455509]"
syn_8_6_1_04,synthetic,8,6,1,0.02,proportional_risk,True,2792234,0.016,,155200,,2919514419748548663,"[""m0@0.0020"", ""m1@0.0020"", ""m2@0.0020"", ""m3@0.0020"", ""m4@0.0020"", ""m5@0.0020"", ""m6@0.0020"", ""m7@0.0020""]","[""C1"", 1000000, 0, 50000, [[400000, 700000]], 455509]"
syn_8_6_1_04,synthetic,8,6,1,0.02,greedy_gate_catching,True,2381954,0.02,,1646400,,2919514419748548663,"[""m0@0.0020"", ""m1@0.0020"", ""m2@0.0020"", ""m3@0.0020"", ""m4@0.0020"", ""m5@0.0020"", ""m6@0.0035"", ""m7@0.0045""]","[""C1"", 1000000, 0, 50000, [[400000, 700000]], 455509]"
syn_8_6_1_05,synthetic,8,6,1,0.02,pareto_dp,True,2271751,0.02,21.0,327100,,11201047839649331742,"[""m0@0.0020"", ""m1@0.0020"", ""m2@0.0020"", ""m3@0.0020"", ""m4@0.0020"", ""m5@0.0020"", ""m6@0.0035"", ""m7@0.0045""]","[""C1"", 1000000, 0, 50000, [[400000, 700000]], 455509]"
syn_8_6_1_05,synthetic,8,6,1,0.02,equal_risk,True,2708158,0.016,,111800,,11201047839649331742,"[""m0@0.0020"", ""m1@0.0020"", ""m2@0.0020"", ""m3@0.0020"", ""m4@0.0020"", ""m5@0.0020"", ""m6@0.0020"", ""m7@0.0020""]","[""C1"", 1000000, 0, 50000, [[400000, 700000]], 455509]"
syn_8_6_1_05,synthetic,8,6,1,0.02,proportional_risk,True,2708158,0.016,,166800,,11201047839649331742,"[""m0@0.0020"", ""m1@0.0020"", ""m2@0.0020"", ""m3@0.0020"", ""m4@0.0020"", ""m5@0.0020"", ""m6@0.0020"", ""m7@0.0020""]","[""C1"", 1000000, 0, 50000, [[400000, 700000]], 455509]"
syn_8_6_1_05,synthetic,8,6,1,0.02,greedy_gate_catching,True,2271751,0.02,,1649000,,11201047839649331742,"[""m0@0.0020"", ""m1@0.0020"", ""m2@0.0020"", ""m3@0.0020"", ""m4@0.0020"", ""m5@0.0020"", ""m6@0.0035"", ""m7@0.0045""]","[""C1"", 1000000, 0, 50000, [[400000, 700000]], 455509]"
syn_8_6_1_06,synthetic,8,6,1,0.02,pareto_dp,True,2085764,0.02,22.0,312400,,4662470074192083784,"[""m0@0.0020"", ""m1@0.0020"", ""m2@0.0020"", ""m3@0.0020"", ""m4@0.0020"", ""m5@0.0020"", ""m6@0.0040"", ""m7@0.0040""]","[""C1"", 1000000, 0, 50000, [[400000, 700000]], 455509]"
syn_8_6_1_06,synthetic,8,6,1,0.02,equal_risk,True,2533512,0.016,,104600,,4662470074192083784,"[""m0@0.0020"", ""m1@0.0020"", ""m2@0.0020"", ""m3@0.0020"", ""m4@0.0020"", ""m5@0.0020"", ""m6@0.0020"", ""m7@0.0020""]","[""C1"", 1000000, 0, 50000, [[400000, 700000]], 455509]"
syn_8_6_1_06,synthetic,8,6,1,0.02,proportional_risk,True,2533512,0.016,,155800,,4662470074192083784,"[""m0@0.0020"", ""m1@0.0020"", ""m2@0.0020"", ""m3@0.0020"", ""m4@0.0020"", ""m5@0.0020"", ""m6@0.0020"", ""m7@0.0020""]","[""C1"", 1000000, 0, 50000, [[400000, 700000]], 455509]"
syn_8_6_1_06,synthetic,8,6,1,0.02,greedy_gate_catching,True,2090847,0.02,,1580800,,4662470074192083784,"[""m0@0.0020"", ""m1@0.0020"", ""m2@0.0020"", ""m3@0.0020"", ""m4@0.0020"", ""m5@0.0020"", ""m6@0.0035"", ""m7@0.0045""]","[""C1"", 1000000, 0, 50000, [[400000, 700000]], 455509]"
syn_8_6_1_07,synthetic,8,6,1,0.02,pareto_dp,True,2078569,0.02,19.0,316900,,8550690767347762874,"[""m0@0.0020"", ""m1@0.0020"", ""m2@0.0020"", ""m3@0.0020"", ""m4@0.0020"", ""m5@0.0020"", ""m6@0.0035"", ""m7@0.0045""]","[""C1"", 1000000, 0, 50000, [[400000, 700000]], 455509]"
syn_8_6_1_07,synthetic,8,6,1,0.02,equal_risk,True,2674664,0.016,,101500,,8550690767347762874,"[""m0@0.0020"", ""m1@0.0020"", ""m2@0.0020"", ""m3@0.0020"", ""m4@0.0020"", ""m5@0.0020"", ""m6@0.0020"", ""m7@0.0020""]","[""C1"", 1000000, 0, 50000, [[400000, 700000]], 455509]"
syn_8_6_1_07,synthetic,8,6,1,0.02,proportional_risk,True,2674664,0.016,,151100,,8550690767347762874,"[""m0@0.0020"", ""m1@0.0020"", ""m2@0.0020"", ""m3@0.0020"", ""m4@0.0020"", ""m5@0.0020"", ""m6@0.0020"", ""m7@0.0020""]","[""C1"", 1000000, 0, 50000, [[400000, 700000]], 455509]"
syn_8_6_1_07,synthetic,8,6,1,0.02,greedy_gate_catching,True,2078569,0.02,,1576400,,8550690767347762874,"[""m0@0.0020"", ""m1@0.0020"", ""m2@0.0020"", ""m3@0.0020"", ""m4@0.0020"", ""m5@0.0020"", ""m6@0.0035"", ""m7@0.0045""]","[""C1"", 1000000, 0, 50000, [[400000, 700000]], 455509]"
syn_8_6_1_08,synthetic,8,6,1,0.02,pareto_dp,True,2186104,0.02,22.0,321100,,13250928688415982569,"[""m0@0.0020"", ""m1@0.0020"", ""m2@0.0020"", ""m3@0.0035"", ""m4@0.0020"", ""m5@0.0020"", ""m6@0.0020"", ""m7@0.0045""]","[""C1"", 1000000, 0, 50000, [[400000, 700000]], 455509]"
syn_8_6_1_08,synthetic,8,6,1,0.02,equal_risk,True,2726252,0.016,,105000,,13250928688415982569,"[""m0@0.0020"", ""m1@0.0020"", ""m2@0.0020"", ""m3@0.0020"", ""m4@0.0020"", ""m5@0.0020"", ""m6@0.0020"", ""m7@0.0020""]","[""C1"", 1000000, 0, 50000, [[400000, 700000]], 455509]"
syn_8_6_1_08,synthetic,8,6,1,0.02,proportional_risk,True,2726252,0.016,,156100,,13250928688415982569,"[""m0@0.0020"", ""m1@0.0020"", ""m2@0.0020"", ""m3@0.0020"", ""m4@0.0020"", ""m5@0.0020"", ""m6@0.0020"", ""m7@0.0020""]","[""C1"", 1000000, 0, 50000, [[400000, 700000]], 455509]"
syn_8_6_1_08,synthetic,8,6,1,0.02,greedy_gate_catching,True,2186104,0.02,,1624000,,13250928688415982569,"[""m0@0.0020"", ""m1@0.0020"", ""m2@0.0020"", ""m3@0.0035"", ""m4@0.0020"", ""m5@0.0020"", ""m6@0.0020"", ""m7@0.0045""]","[""C1"", 1000000, 0, 50000, [[400000, 700000]], 455509]"
syn_8_6_1_09,synthetic,8,6,1,0.02,pareto_dp,True,2025380,0.02,22.0,304700,,13350651921562560166,"[""m0@0.0020"", ""m1@0.0020"", ""m2@0.0020"", ""m3@0.0025"", ""m4@0.0020"", ""m5@0.0020"", ""m6@0.0030"", ""m7@0.0045""]","[""C1"", 1000000, 0, 50000, [[400000, 700000]], 455509]"
syn_8_6_1_09,synthetic,8,6,1,0.02,equal_risk,True,2460767,0.016,,103500,,13350651921562560166,"[""m0@0.0020"", ""m1@0.0020"", ""m2@0.0020"", ""m3@0.0020"", ""m4@0.0020"", ""m5@0.0020"", ""m6@0.0020"", ""m7@0.0020""]","[""C1"", 1000000, 0, 50000, [[400000, 700000]], 455509]"
syn_8_6_1_09,synthetic,8,6,1,0.02,proportional_risk,True,2460767,0.016,,152100,,13350651921562560166,"[""m0@0.0020"", ""m1@0.0020"", ""m2@0.0020"", ""m3@0.0020"", ""m4@0.0020"", ""m5@0.0020"", ""m6@0.0020"", ""m7@0.0020""]","[""C1"", 1000000, 0, 50000, [[400000, 700000]], 455509]"
syn_8_6_1_09,synthetic,8,6,1,0.02,greedy_gate_catching,True,2104547,0.02,,1615000,,13350651921562560166,"[""m0@0.0020"", ""m1@0.0020"", ""m2@0.0020"", ""m3@0.0025"", ""m4@0.0020"", ""m5@0.0020"", ""m6@0.0035"", ""m7@0.0040""]","[""C1"", 1000000, 0, 50000, [[400000, 700000]], 455509]"
syn_8_6_1_10,synthetic,8,6,1,0.02,pareto_dp,True,2293664,0.02,21.0,306000,,9554656362107748066,"[""m0@0.0020"", ""m1@0.0020"", ""m2@0.0020"", ""m3@0.0025"", ""m4@0.0020"", ""m5@0.0020"", ""m6@0.0035"", ""m7@0.0040""]","[""C1"", 1000000, 0, 50000, [[400000, 700000]], 455509]"
syn_8_6_1_10,synthetic,8,6,1,0.02,equal_risk,True,2706384,0.016,,101500,,9554656362107748066,"[""m0@0.0020"", ""m1@0.0020"", ""m2@0.0020"", ""m3@0.0020"", ""m4@0.0020"", ""m5@0.0020"", ""m6@0.0020"", ""m7@0.0020""]","[""C1"", 1000000, 0, 50000, [[400000, 700000]], 455509]"
syn_8_6_1_10,synthetic,8,6,1,0.02,proportional_risk,True,2706384,0.016,,155300,,9554656362107748066,"[""m0@0.0020"", ""m1@0.0020"", ""m2@0.0020"", ""m3@0.0020"", ""m4@0.0020"", ""m5@0.0020"", ""m6@0.0020"", ""m7@0.0020""]","[""C1"", 1000000, 0, 50000, [[400000, 700000]], 455509]"
syn_8_6_1_10,synthetic,8,6,1,0.02,greedy_gate_catching,True,2293664,0.02,,1616000,,9554656362107748066,"[""m0@0.0020"", ""m1@0.0020"", ""m2@0.0020"", ""m3@0.0025"", ""m4@0.0020"", ""m5@0.0020"", ""m6@0.0035"", ""m7@0.0040""]","[""C1"", 1000000, 0, 50000, [[400000, 700000]], 455509]"
syn_8_6_1_11,synthetic,8,6,1,0.02,pareto_dp,True,2001488,0.02,27.0,345200,,10180003392639196779,"[""m0@0.0020"", ""m1@0.0020"", ""m2@0.0020"", ""m3@0.0025"", ""m4@0.0020"", ""m5@0.0020"", ""m6@0.0030"", ""m7@0.0045""]","[""C1"", 1000000, 0, 50000, [[400000, 700000]], 455509]"
syn_8_6_1_11,synthetic,8,6,1,0.02,equal_risk,True,2319203,0.016,,105000,,10180003392639196779,"[""m0@0.0020"", ""m1@0.0020"", ""m2@0.0020"", ""m3@0.0020"", ""m4@0.0020"", ""m5@0.0020"", ""m6@0.0020"", ""m7@0.0020""]","[""C1"", 1000000, 0, 50000, [[400000, 700000]], 455509]"
syn_8_6_1_11,synthetic,8,6,1,0.02,proportional_risk,True,2319203,0.016,,158800,,10180003392639196779,"[""m0@0.0020"", ""m1@0.0020"", ""m2@0.0020"", ""m3@0.0020"", ""m4@0.0020"", ""m5@0.0020"", ""m6@0.0020"", ""m7@0.0020""]","[""C1"", 1000000, 0, 50000, [[400000, 700000]], 455509]"
syn_8_6_1_11,synthetic,8,6,1,0.02,greedy_gate_catching,True,2048664,0.02,,1630200,,10180003392639196779,"[""m0@0.0020"", ""m1@0.0020"", ""m2@0.0020"", ""m3@0.0025"", ""m4@0.0020"", ""m5@0.0020"", ""m6@0.0040"", ""m7@0.0035""]","[""C1"", 1000000, 0, 50000, [[400000, 700000]], 455509]"
syn_8_6_1_12,synthetic,8,6,1,0.02,pareto_dp,True,1801673,0.02,40.0,437200,,380947320479611344,"[""m0@0.0020"", ""m1@0.0025"", ""m2@0.0030"", ""m3@0.0045"", ""m4@0.0020"", ""m5@0.0020"", ""m6@0.0020"", ""m7@0.0020""]","[""C1"", 1000000, 0, 50000, [[400000, 700000]], 455509]"
syn_8_6_1_12,synthetic,8,6,1,0.02,equal_risk,True,2555854,0.016,,106100,,380947320479611344,"[""m0@0.0020"", ""m1@0.0020"", ""m2@0.0020"", ""m3@0.0020"", ""m4@0.0020"", ""m5@0.0020"", ""m6@0.0020"", ""m7@0.0020""]","[""C1"", 1000000, 0, 50000, [[400000, 700000]], 455509]"
syn_8_6_1_12,synthetic,8,6,1,0.02,proportional_risk,True,2555854,0.016,,161200,,380947320479611344,"[""m0@0.0020"", ""m1@0.0020"", ""m2@0.0020"", ""m3@0.0020"", ""m4@0.0020"", ""m5@0.0020"", ""m6@0.0020"", ""m7@0.0020""]","[""C1"", 1000000, 0, 50000, [[400000, 700000]], 455509]"
syn_8_6_1_12,synthetic,8,6,1,0.02,greedy_gate_catching,True,2149657,0.02,,1739400,,380947320479611344,"[""m0@0.0020"", ""m1@0.0020"", ""m2@0.0020"", ""m3@0.0020"", ""m4@0.0020"", ""m5@0.0020"", ""m6@0.0040"", ""m7@0.0040""]","[""C1"", 1000000, 0, 50000, [[400000, 700000]], 455509]"
syn_8_6_1_13,synthetic,8,6,1,0.02,pareto_dp,True,2145733,0.02,21.0,355100,,14241142641708455322,"[""m0@0.0020"", ""m1@0.0020"", ""m2@0.0020"", ""m3@0.0030"", ""m4@0.0020"", ""m5@0.0020"", ""m6@0.0025"", ""m7@0.0045""]","[""C1"", 1000000, 0, 50000, [[400000, 700000]], 455509]"
syn_8_6_1_13,synthetic,8,6,1,0.02,equal_risk,True,2624540,0.016,,108300,,14241142641708455322,"[""m0@0.0020"", ""m1@0.0020"", ""m2@0.0020"", ""m3@0.0020"", ""m4@0.0020"", ""m5@0.0020"", ""m6@0.0020"", ""m7@0.0020""]","[""C1"", 1000000, 0, 50000, [[400000, 700000]], 455509]"
syn_8_6_1_13,synthetic,8,6,1,0.02,proportional_risk,True,2624540,0.016,,160600,,14241142641708455322,"[""m0@0.0020"", ""m1@0.0020"", ""m2@0.0020"", ""m3@0.0020"", ""m4@0.0020"", ""m5@0.0020"", ""m6@0.0020"", ""m7@0.0020""]","[""C1"", 1000000, 0, 50000, [[400000, 700000]], 455509]"
syn_8_6_1_13,synthetic,8,6,1,0.02,greedy_gate_catching,True,2145733,0.02,,1652900,,14241142641708455322,"[""m0@0.0020"", ""m1@0.0020"", ""m2@0.0020"", ""m3@0.0030"", ""m4@0.0020"", ""m5@0.0020"", ""m6@0.0025"", ""m7@0.0045""]","[""C1"", 1000000, 0, 50000, [[400000, 700000]], 455509]"
syn_8_6_1_14,synthetic,8,6,1,0.02,pareto_dp,True,2150928,0.02,23.0,330600,,2033749284572836667,"[""m0@0.0020"", ""m1@0.0020"", ""m2@0.0020"", ""m3@0.0030"", ""m4@0.0020"", ""m5@0.0020"", ""m6@0.0025"", ""m7@0.0045""]","[""C1"", 1000000, 0, 50000, [[400000, 700000]], 455509]"
syn_8_6_1_14,synthetic,8,6,1,0.02,equal_risk,True,2583367,0.016,,111200,,2033749284572836667,"[""m0@0.0020"", ""m1@0.0020"", ""m2@0.0020"", ""m3@0.0020"", ""m4@0.0020"", ""m5@0.0020"", ""m6@0.0020"", ""m7@0.0020""]","[""C1"", 1000000, 0, 50000, [[400000, 700000]], 455509]"
syn_8_6_1_14,synthetic,8,6,1,0.02,proportional_risk,True,2583367,0.016,,154200,,2033749284572836667,"[""m0@0.0020"", ""m1@0.0020"", ""m2@0.0020"", ""m3@0.0020"", ""m4@0.0020"", ""m5@0.0020"", ""m6@0.0020"", ""m7@0.0020""]","[""C1"", 1000000, 0, 50000, [[400000, 700000]], 455509]"
syn_8_6_1_14,synthetic,8,6,1,0.02,greedy_gate_catching,True,2183681,0.02,,1640100,,2033749284572836667,"[""m0@0.0020"", ""m1@0.0020"", ""m2@0.0020"", ""m3@0.0030"", ""m4@0.0020"", ""m5@0.0020"", ""m6@0.0035"", ""m7@0.0035""]","[""C1"", 1000000, 0, 50000, [[400000, 700000]], 455509]"
syn_8_6_1_15,synthetic,8,6,1,0.02,pareto_dp,True,2151263,0.02,20.0,312100,,777026618551517955,"[""m0@0.0020"", ""m1@0.0020"", ""m2@0.0020"", ""m3@0.0030"", ""m4@0.0020"", ""m5@0.0020"", ""m6@0.0025"", ""m7@0.0045""]","[""C1"", 1000000, 0, 50000, [[400000, 700000]], 455509]"
syn_8_6_1_15,synthetic,8,6,1,0.02,equal_risk,True,2753460,0.016,,101600,,777026618551517955,"[""m0@0.0020"", ""m1@0.0020"", ""m2@0.0020"", ""m3@0.0020"", ""m4@0.0020"", ""m5@0.0020"", ""m6@0.0020"", ""m7@0.0020""]","[""C1"", 1000000, 0, 50000, [[400000, 700000]], 455509]"
syn_8_6_1_15,synthetic,8,6,1,0.02,proportional_risk,True,2753460,0.016,,160300,,777026618551517955,"[""m0@0.0020"", ""m1@0.0020"", ""m2@0.0020"", ""m3@0.0020"", ""m4@0.0020"", ""m5@0.0020"", ""m6@0.0020"", ""m7@0.0020""]","[""C1"", 1000000, 0, 50000, [[400000, 700000]], 455509]"
syn_8_6_1_15,synthetic,8,6,1,0.02,greedy_gate_catching,True,2151263,0.02,,1643000,,777026618551517955,"[""m0@0.0020"", ""m1@0.0020"", ""m2@0.0020"", ""m3@0.0030"", ""m4@0.0020"", ""m5@0.0020"", ""m6@0.0025"", ""m7@0.0045""]","[""C1"", 1000000, 0, 50000, [[400000, 700000]], 455509]"
syn_8_6_1_16,synthetic,8,6,1,0.02,pareto_dp,True,2049012,0.02,27.0,329100,,13516837007065285895,"[""m0@0.0020"", ""m1@0.0020"", ""m2@0.0020"", ""m3@0.0020"", ""m4@0.0020"", ""m5@0.0020"", ""m6@0.0035"", ""m7@0.0045""]","[""C1"", 1000000, 0, 50000, [[400000, 700000]], 455509]"
syn_8_6_1_16,synthetic,8,6,1,0.02,equal_risk,True,2513286,0.016,,103700,,13516837007065285895,"[""m0@0.0020"", ""m1@0.0020"", ""m2@0.0020"", ""m3@0.0020"", ""m4@0.0020"", ""m5@0.0020"", ""m6@0.0020"", ""m7@0.0020""]","[""C1"", 1000000, 0, 50000, [[400000, 700000]], 455509]"
syn_8_6_1_16,synthetic,8,6,1,0.02,proportional_risk,True,2513286,0.016,,165100,,13516837007065285895,"[""m0@0.0020"", ""m1@0.0020"", ""m2@0.0020"", ""m3@0.0020"", ""m4@0.0020"", ""m5@0.0020"", ""m6@0.0020"", ""m7@0.0020""]","[""C1"", 1000000, 0, 50000, [[400000, 700000]], 455509]"
syn_8_6_1_16,synthetic,8,6,1,0.02,greedy_gate_catching,True,2049012,0.02,,1590700,,13516837007065285895,"[""m0@0.0020"", ""m1@0.0020"", ""m2@0.0020"", ""m3@0.0020"", ""m4@0.0020"", ""m5@0.0020"", ""m6@0.0035"", ""m7@0.0045""]","[""C1"", 1000000, 0, 50000, [[400000, 700000]], 455509]"
syn_8_6_1_17,synthetic,8,6,1,0.02,pareto_dp,True,2249165,0.02,25.0,367900,,7458445268304208521,"[""m0@0.0020"", ""m1@0.0020"", ""m2@0.0020"", ""m3@0.0030"", ""m4@0.0020"", ""m5@0.0020"", ""m6@0.0025"", ""m7@0.0045""]","[""C1"", 1000000, 0, 50000, [[400000, 700000]], 455509]"
syn_8_6_1_17,synthetic,8,6,1,0.02,equal_risk,True,2885096,0.016,,103200,,7458445268304208521,"[""m0@0.0020"", ""m1@0.0020"", ""m2@0.0020"", ""m3@0.0020"", ""m4@0.0020"", ""m5@0.0020"", ""m6@0.0020"", ""m7@0.0020""]","[""C1"", 1000000, 0, 50000, [[400000, 700000]], 455509]"
syn_8_6_1_17,synthetic,8,6,1,0.02,proportional_risk,True,2885096,0.016,,152500,,7458445268304208521,"[""m0@0.0020"", ""m1@0.0020"", ""m2@0.0020"", ""m3@0.0020"", ""m4@0.0020"", ""m5@0.0020"", ""m6@0.0020"", ""m7@0.0020""]","[""C1"", 1000000, 0, 50000, [[400000, 700000]], 455509]"
syn_8_6_1_17,synthetic,8,6,1,0.02,greedy_gate_catching,True,2349260,0.02,,1603900,,7458445268304208521,"[""m0@0.0020"", ""m1@0.0020"", ""m2@0.0020"", ""m3@0.0030"", ""m4@0.0020"", ""m5@0.0020"", ""m6@0.0030"", ""m7@0.0040""]","[""C1"", 1000000, 0, 50000, [[400000, 700000]], 455509]"
syn_8_6_1_18,synthetic,8,6,1,0.02,pareto_dp,True,2229044,0.02,16.0,282200,,9550385993659295170,"[""m0@0.0020"", ""m1@0.0020"", ""m2@0.0020"", ""m3@0.0020"", ""m4@0.0020"", ""m5@0.0020"", ""m6@0.0040"", ""m7@0.0040""]","[""C1"", 1000000, 0, 50000, [[400000, 700000]], 455509]"
syn_8_6_1_18,synthetic,8,6,1,0.02,equal_risk,True,2658770,0.016,,107900,,9550385993659295170,"[""m0@0.0020"", ""m1@0.0020"", ""m2@0.0020"", ""m3@0.0020"", ""m4@0.0020"", ""m5@0.0020"", ""m6@0.0020"", ""m7@0.0020""]","[""C1"", 1000000, 0, 50000, [[400000, 700000]], 455509]"
syn_8_6_1_18,synthetic,8,6,1,0.02,proportional_risk,True,2658770,0.016,,154500,,9550385993659295170,"[""m0@0.0020"", ""m1@0.0020"", ""m2@0.0020"", ""m3@0.0020"", ""m4@0.0020"", ""m5@0.0020"", ""m6@0.0020"", ""m7@0.0020""]","[""C1"", 1000000, 0, 50000, [[400000, 700000]], 455509]"
syn_8_6_1_18,synthetic,8,6,1,0.02,greedy_gate_catching,True,2241425,0.02,,1602800,,9550385993659295170,"[""m0@0.0020"", ""m1@0.0020"", ""m2@0.0020"", ""m3@0.0020"", ""m4@0.0020"", ""m5@0.0020"", ""m6@0.0035"", ""m7@0.0045""]","[""C1"", 1000000, 0, 50000, [[400000, 700000]], 455509]"
syn_8_6_1_19,synthetic,8,6,1,0.02,pareto_dp,True,1960059,0.02,24.0,347900,,11982357375795471017,"[""m0@0.0020"", ""m1@0.0020"", ""m2@0.0020"", ""m3@0.0020"", ""m4@0.0020"", ""m5@0.0020"", ""m6@0.0035"", ""m7@0.0045""]","[""C1"", 1000000, 0, 50000, [[400000, 700000]], 455509]"
syn_8_6_1_19,synthetic,8,6,1,0.02,equal_risk,True,2361936,0.016,,106100,,11982357375795471017,"[""m0@0.0020"", ""m1@0.0020"", ""m2@0.0020"", ""m3@0.0020"", ""m4@0.0020"", ""m5@0.0020"", ""m6@0.0020"", ""m7@0.0020""]","[""C1"", 1000000, 0, 50000, [[400000, 700000]], 455509]"
syn_8_6_1_19,synthetic,8,6,1,0.02,proportional_risk,True,2361936,0.016,,141400,,11982357375795471017,"[""m0@0.0020"", ""m1@0.0020"", ""m2@0.0020"", ""m3@0.0020"", ""m4@0.0020"", ""m5@0.0020"", ""m6@0.0020"", ""m7@0.0020""]","[""C1"", 1000000, 0, 50000, [[400000, 700000]], 455509]"
syn_8_6_1_19,synthetic,8,6,1,0.02,greedy_gate_catching,True,1960059,0.02,,1781200,,11982357375795471017,"[""m0@0.0020"", ""m1@0.0020"", ""m2@0.0020"", ""m3@0.0020"", ""m4@0.0020"", ""m5@0.0020"", ""m6@0.0035"", ""m7@0.0045""]","[""C1"", 1000000, 0, 50000, [[400000, 700000]], 455509]"
syn_8_6_4_00,synthetic,8,6,4,0.02,pareto_dp,True,2291326,0.02,18.0,298400,,4496716905600720433,"[""m0@0.0020"", ""m1@0.0020"", ""m2@0.0035"", ""m3@0.0020"", ""m4@0.0020"", ""m5@0.0020"", ""m6@0.0020"", ""m7@0.0045""]","[""C1"", 1000000, 0, 50000, [[400000, 700000]], 455509]"
syn_8_6_4_00,synthetic,8,6,4,0.02,equal_risk,True,3639922,0.016,,118100,,4496716905600720433,"[""m0@0.0020"", ""m1@0.0020"", ""m2@0.0020"", ""m3@0.0020"", ""m4@0.0020"", ""m5@0.0020"", ""m6@0.0020"", ""m7@0.0020""]","[""C1"", 1000000, 0, 50000, [[400000, 700000]], 455509]"
syn_8_6_4_00,synthetic,8,6,4,0.02,proportional_risk,True,3639922,0.016,,167600,,4496716905600720433,"[""m0@0.0020"", ""m1@0.0020"", ""m2@0.0020"", ""m3@0.0020"", ""m4@0.0020"", ""m5@0.0020"", ""m6@0.0020"", ""m7@0.0020""]","[""C1"", 1000000, 0, 50000, [[400000, 700000]], 455509]"
syn_8_6_4_00,synthetic,8,6,4,0.02,greedy_gate_catching,True,3172588,0.02,,1760900,,4496716905600720433,"[""m0@0.0020"", ""m1@0.0020"", ""m2@0.0020"", ""m3@0.0020"", ""m4@0.0020"", ""m5@0.0020"", ""m6@0.0035"", ""m7@0.0045""]","[""C1"", 1000000, 0, 50000, [[400000, 700000]], 455509]"
syn_8_6_4_01,synthetic,8,6,4,0.02,pareto_dp,True,1918110,0.02,27.0,267600,,13681426847388497964,"[""m0@0.0020"", ""m1@0.0020"", ""m2@0.0045"", ""m3@0.0020"", ""m4@0.0020"", ""m5@0.0020"", ""m6@0.0035"", ""m7@0.0020""]","[""C1"", 1000000, 0, 50000, [[400000, 700000]], 455509]"
syn_8_6_4_01,synthetic,8,6,4,0.02,equal_risk,True,3020428,0.016,,112200,,13681426847388497964,"[""m0@0.0020"", ""m1@0.0020"", ""m2@0.0020"", ""m3@0.0020"", ""m4@0.0020"", ""m5@0.0020"", ""m6@0.0020"", ""m7@0.0020""]","[""C1"", 1000000, 0, 50000, [[400000, 700000]], 455509]"
syn_8_6_4_01,synthetic,8,6,4,0.02,proportional_risk,True,3020428,0.016,,167700,,13681426847388497964,"[""m0@0.0020"", ""m1@0.0020"", ""m2@0.0020"", ""m3@0.0020"", ""m4@0.0020"", ""m5@0.0020"", ""m6@0.0020"", ""m7@0.0020""]","[""C1"", 1000000, 0, 50000, [[400000, 700000]], 455509]"
syn_8_6_4_01,synthetic,8,6,4,0.02,greedy_gate_catching,True,2736345,0.02,,1743600,,13681426847388497964,"[""m0@0.0020"", ""m1@0.0020"", ""m2@0.0020"", ""m3@0.0020"", ""m4@0.0020"", ""m5@0.0020"", ""m6@0.0045"", ""m7@0.0035""]","[""C1"", 1000000, 0, 50000, [[400000, 700000]], 455509]"
syn_8_6_4_02,synthetic,8,6,4,0.02,pareto_dp,True,2190513,0.02,13.0,261500,,7524218484940610340,"[""m0@0.0020"", ""m1@0.0020"", ""m2@0.0025"", ""m3@0.0020"", ""m4@0.0020"", ""m5@0.0020"", ""m6@0.0030"", ""m7@0.0045""]","[""C1"", 1000000, 0, 50000, [[400000, 700000]], 455509]"
syn_8_6_4_02,synthetic,8,6,4,0.02,equal_risk,True,3672722,0.016,,109900,,7524218484940610340,"[""m0@0.0020"", ""m1@0.0020"", ""m2@0.0020"", ""m3@0.0020"", ""m4@0.0020"", ""m5@0.0020"", ""m6@0.0020"", ""m7@0.0020""]","[""C1"", 1000000, 0, 50000, [[400000, 700000]], 455509]"
syn_8_6_4_02,synthetic,8,6,4,0.02,proportional_risk,True,3672722,0.016,,165400,,7524218484940610340,"[""m0@0.0020"", ""m1@0.0020"", ""m2@0.0020"", ""m3@0.0020"", ""m4@0.0020"", ""m5@0.0020"", ""m6@0.0020"", ""m7@0.0020""]","[""C1"", 1000000, 0, 50000, [[400000, 700000]], 455509]"
syn_8_6_4_02,synthetic,8,6,4,0.02,greedy_gate_catching,True,2190513,0.02,,1754700,,7524218484940610340,"[""m0@0.0020"", ""m1@0.0020"", ""m2@0.0025"", ""m3@0.0020"", ""m4@0.0020"", ""m5@0.0020"", ""m6@0.0030"", ""m7@0.0045""]","[""C1"", 1000000, 0, 50000, [[400000, 700000]], 455509]"
syn_8_6_4_03,synthetic,8,6,4,0.02,pareto_dp,True,3134898,0.02,11.0,187900,,1725703474906544735,"[""m0@0.0020"", ""m1@0.0020"", ""m2@0.0020"", ""m3@0.0020"", ""m4@0.0020"", ""m5@0.0020"", ""m6@0.0035"", ""m7@0.0045""]","[""C1"", 1000000, 0, 50000, [[400000, 700000]], 455509]"
syn_8_6_4_03,synthetic,8,6,4,0.02,equal_risk,True,3686569,0.016,,110700,,1725703474906544735,"[""m0@0.0020"", ""m1@0.0020"", ""m2@0.0020"", ""m3@0.0020"", ""m4@0.0020"", ""m5@0.0020"", ""m6@0.0020"", ""m7@0.0020""]","[""C1"", 1000000, 0, 50000, [[400000, 700000]], 455509]"
syn_8_6_4_03,synthetic,8,6,4,0.02,proportional_risk,True,3686569,0.016,,156700,,1725703474906544735,"[""m0@0.0020"", ""m1@0.0020"", ""m2@0.0020"", ""m3@0.0020"", ""m4@0.0020"", ""m5@0.0020"", ""m6@0.0020"", ""m7@0.0020""]","[""C1"", 1000000, 0, 50000, [[400000, 700000]], 455509]"
syn_8_6_4_03,synthetic,8,6,4,0.02,greedy_gate_catching,True,3134898,0.02,,1660600,,1725703474906544735,"[""m0@0.0020"", ""m1@0.0020"", ""m2@0.0020"", ""m3@0.0020"", ""m4@0.0020"", ""m5@0.0020"", ""m6@0.0035"", ""m7@0.0045""]","[""C1"", 1000000, 0, 50000, [[400000, 700000]], 455509]"
syn_8_6_4_04,synthetic,8,6,4,0.02,pareto_dp,True,3254344,0.02,12.0,189300,,6056152765213729646,"[""m0@0.0020"", ""m1@0.0020"", ""m2@0.0020"", ""m3@0.0020"", ""m4@0.0020"", ""m5@0.0020"", ""m6@0.0040"", ""m7@0.0040""]","[""C1"", 1000000, 0, 50000, [[400000, 700000]], 455509]"
syn_8_6_4_04,synthetic,8,6,4,0.02,equal_risk,True,3851430,0.016,,102600,,6056152765213729646,"[""m0@0.0020"", ""m1@0.0020"", ""m2@0.0020"", ""m3@0.0020"", ""m4@0.0020"", ""m5@0.0020"", ""m6@0.0020"", ""m7@0.0020""]","[""C1"", 1000000, 0, 50000, [[400000, 700000]], 455509]"
syn_8_6_4_04,synthetic,8,6,4,0.02,proportional_risk,True,3851430,0.016,,153700,,6056152765213729646,"[""m0@0.0020"", ""m1@0.0020"", ""m2@0.0020"", ""m3@0.0020"", ""m4@0.0020"", ""m5@0.0020"", ""m6@0.0020"", ""m7@0.0020""]","[""C1"", 1000000, 0, 50000, [[400000, 700000]], 455509]"
syn_8_6_4_04,synthetic,8,6,4,0.02,greedy_gate_catching,True,3281238,0.02,,1639500,,6056152765213729646,"[""m0@0.0020"", ""m1@0.0020"", ""m2@0.0020"", ""m3@0.0020"", ""m4@0.0020"", ""m5@0.0020"", ""m6@0.0035"", ""m7@0.0045""]","[""C1"", 1000000, 0, 50000, [[400000, 700000]], 455509]"
syn_8_6_4_05,synthetic,8,6,4,0.02,pareto_dp,True,1782588,0.02,20.0,272800,,9666589325593200192,"[""m0@0.0020"", ""m1@0.0020"", ""m2@0.0020"", ""m3@0.0030"", ""m4@0.0020"", ""m5@0.0020"", ""m6@0.0025"", ""m7@0.0045""]","[""C1"", 1000000, 0, 50000, [[400000, 700000]], 455509]"
syn_8_6_4_05,synthetic,8,6,4,0.02,equal_risk,True,2831650,0.016,,102900,,9666589325593200192,"[""m0@0.0020"", ""m1@0.0020"", ""m2@0.0020"", ""m3@0.0020"", ""m4@0.0020"", ""m5@0.0020"", ""m6@0.0020"", ""m7@0.0020""]","[""C1"", 1000000, 0, 50000, [[400000, 700000]], 455509]"
syn_8_6_4_05,synthetic,8,6,4,0.02,proportional_risk,True,2831650,0.016,,154600,,9666589325593200192,"[""m0@0.0020"", ""m1@0.0020"", ""m2@0.0020"", ""m3@0.0020"", ""m4@0.0020"", ""m5@0.0020"", ""m6@0.0020"", ""m7@0.0020""]","[""C1"", 1000000, 0, 50000, [[400000, 700000]], 455509]"
syn_8_6_4_05,synthetic,8,6,4,0.02,greedy_gate_catching,True,1782588,0.02,,1707800,,9666589325593200192,"[""m0@0.0020"", ""m1@0.0020"", ""m2@0.0020"", ""m3@0.0030"", ""m4@0.0020"", ""m5@0.0020"", ""m6@0.0025"", ""m7@0.0045""]","[""C1"", 1000000, 0, 50000, [[400000, 700000]], 455509]"
syn_8_6_4_06,synthetic,8,6,4,0.02,pareto_dp,True,2198095,0.02,14.0,256700,,16227105569310255561,"[""m0@0.0020"", ""m1@0.0030"", ""m2@0.0045"", ""m3@0.0020"", ""m4@0.0020"", ""m5@0.0020"", ""m6@0.0020"", ""m7@0.0025""]","[""C1"", 1000000, 0, 50000, [[400000, 700000]], 455509]"
syn_8_6_4_06,synthetic,8,6,4,0.02,equal_risk,True,3244692,0.016,,105800,,16227105569310255561,"[""m0@0.0020"", ""m1@0.0020"", ""m2@0.0020"", ""m3@0.0020"", ""m4@0.0020"", ""m5@0.0020"", ""m6@0.0020"", ""m7@0.0020""]","[""C1"", 1000000, 0, 50000, [[400000, 700000]], 455509]"
syn_8_6_4_06,synthetic,8,6,4,0.02,proportional_risk,True,3244692,0.016,,156400,,16227105569310255561,"[""m0@0.0020"", ""m1@0.0020"", ""m2@0.0020"", ""m3@0.0020"", ""m4@0.0020"", ""m5@0.0020"", ""m6@0.0020"", ""m7@0.0020""]","[""C1"", 1000000, 0, 50000, [[400000, 700000]], 455509]"
syn_8_6_4_06,synthetic,8,6,4,0.02,greedy_gate_catching,True,2892907,0.02,,1666700,,16227105569310255561,"[""m0@0.0020"", ""m1@0.0020"", ""m2@0.0020"", ""m3@0.0020"", ""m4@0.0020"", ""m5@0.0020"", ""m6@0.0035"", ""m7@0.0045""]","[""C1"", 1000000, 0, 50000, [[400000, 700000]], 455509]"
syn_8_6_4_07,synthetic,8,6,4,0.02,pareto_dp,True,2872522,0.02,24.0,234100,,14045989005966030069,"[""m0@0.0020"", ""m1@0.0020"", ""m2@0.0020"", ""m3@0.0020"", ""m4@0.0020"", ""m5@0.0020"", ""m6@0.0040"", ""m7@0.0040""]","[""C1"", 1000000, 0, 50000, [[400000, 700000]], 455509]"
syn_8_6_4_07,synthetic,8,6,4,0.02,equal_risk,True,3184698,0.016,,107800,,14045989005966030069,"[""m0@0.0020"", ""m1@0.0020"", ""m2@0.0020"", ""m3@0.0020"", ""m4@0.0020"", ""m5@0.0020"", ""m6@0.0020"", ""m7@0.0020""]","[""C1"", 1000000, 0, 50000, [[400000, 700000]], 455509]"
syn_8_6_4_07,synthetic,8,6,4,0.02,proportional_risk,True,3184698,0.016,,149000,,14045989005966030069,"[""m0@0.0020"", ""m1@0.0020"", ""m2@0.0020"", ""m3@0.0020"", ""m4@0.0020"", ""m5@0.0020"", ""m6@0.0020"", ""m7@0.0020""]","[""C1"", 1000000, 0, 50000, [[400000, 700000]], 455509]"
syn_8_6_4_07,synthetic,8,6,4,0.02,greedy_gate_catching,True,2872522,0.02,,1656600,,14045989005966030069,"[""m0@0.0020"", ""m1@0.0020"", ""m2@0.0020"", ""m3@0.0020"", ""m4@0.0020"", ""m5@0.0020"", ""m6@0.0040"", ""m7@0.0040""]","[""C1"", 1000000, 0, 50000, [[400000, 700000]], 455509]"
syn_8_6_4_08,synthetic,8,6,4,0.02,pareto_dp,True,1920849,0.02,19.0,270800,,3117179975541501640,"[""m0@0.0020"", ""m1@0.0020"", ""m2@0.0025"", ""m3@0.0025"", ""m4@0.0020"", ""m5@0.0020"", ""m6@0.0025"", ""m7@0.0045""]","[""C1"", 1000000, 0, 50000, [[400000, 700000]], 455509]"
syn_8_6_4_08,synthetic,8,6,4,0.02,equal_risk,True,3206976,0.016,,102800,,3117179975541501640,"[""m0@0.0020"", ""m1@0.0020"", ""m2@0.0020"", ""m3@0.0020"", ""m4@0.0020"", ""m5@0.0020"", ""m6@0.0020"", ""m7@0.0020""]","[""C1"", 1000000, 0, 50000, [[400000, 700000]], 455509]"
syn_8_6_4_08,synthetic,8,6,4,0.02,proportional_risk,True,3206976,0.016,,159600,,3117179975541501640,"[""m0@0.0020"", ""m1@0.0020"", ""m2@0.0020"", ""m3@0.0020"", ""m4@0.0020"", ""m5@0.0020"", ""m6@0.0020"", ""m7@0.0020""]","[""C1"", 1000000, 0, 50000, [[400000, 700000]], 455509]"
syn_8_6_4_08,synthetic,8,6,4,0.02,greedy_gate_catching,True,1920849,0.02,,1677000,,3117179975541501640,"[""m0@0.0020"", ""m1@0.0020"", ""m2@0.0025"", ""m3@0.0025"", ""m4@0.0020"", ""m5@0.0020"", ""m6@0.0025"", ""m7@0.0045""]","[""C1"", 1000000, 0, 50000, [[400000, 700000]], 455509]"
syn_8_6_4_09,synthetic,8,6,4,0.02,pareto_dp,True,1856503,0.02,11.0,224100,,11957429626278643460,"[""m0@0.0020"", ""m1@0.0020"", ""m2@0.0020"", ""m3@0.0020"", ""m4@0.0020"", ""m5@0.0020"", ""m6@0.0035"", ""m7@0.0045""]","[""C1"", 1000000, 0, 50000, [[400000, 700000]], 455509]"
syn_8_6_4_09,synthetic,8,6,4,0.02,equal_risk,True,2217144,0.016,,106300,,11957429626278643460,"[""m0@0.0020"", ""m1@0.0020"", ""m2@0.0020"", ""m3@0.0020"", ""m4@0.0020"", ""m5@0.0020"", ""m6@0.0020"", ""m7@0.0020""]","[""C1"", 1000000, 0, 50000, [[400000, 700000]], 455509]"
syn_8_6_4_09,synthetic,8,6,4,0.02,proportional_risk,True,2217144,0.016,,156900,,11957429626278643460,"[""m0@0.0020"", ""m1@0.0020"", ""m2@0.0020"", ""m3@0.0020"", ""m4@0.0020"", ""m5@0.0020"", ""m6@0.0020"", ""m7@0.0020""]","[""C1"", 1000000, 0, 50000, [[400000, 700000]], 455509]"
syn_8_6_4_09,synthetic,8,6,4,0.02,greedy_gate_catching,True,1856503,0.02,,1647500,,11957429626278643460,"[""m0@0.0020"", ""m1@0.0020"", ""m2@0.0020"", ""m3@0.0020"", ""m4@0.0020"", ""m5@0.0020"", ""m6@0.0035"", ""m7@0.0045""]","[""C1"", 1000000, 0, 50000, [[400000, 700000]], 455509]"
syn_8_6_4_10,synthetic,8,6,4,0.02,pareto_dp,True,2742302,0.02,22.0,213100,,17460943713012937515,"[""m0@0.0020"", ""m1@0.0020"", ""m2@0.0020"", ""m3@0.0020"", ""m4@0.0020"", ""m5@0.0020"", ""m6@0.0035"", ""m7@0.0045""]","[""C1"", 1000000, 0, 50000, [[400000, 700000]], 455509]"
syn_8_6_4_10,synthetic,8,6,4,0.02,equal_risk,True,2965955,0.016,,103700,,17460943713012937515,"[""m0@0.0020"", ""m1@0.0020"", ""m2@0.0020"", ""m3@0.0020"", ""m4@0.0020"", ""m5@0.0020"", ""m6@0.0020"", ""m7@0.0020""]","[""C1"", 1000000, 0, 50000, [[400000, 700000]], 455509]"
syn_8_6_4_10,synthetic,8,6,4,0.02,proportional_risk,True,2965955,0.016,,159000,,17460943713012937515,"[""m0@0.0020"", ""m1@0.0020"", ""m2@0.0020"", ""m3@0.0020"", ""m4@0.0020"", ""m5@0.0020"", ""m6@0.0020"", ""m7@0.0020""]","[""C1"", 1000000, 0, 50000, [[400000, 700000]], 455509]"
syn_8_6_4_10,synthetic,8,6,4,0.02,greedy_gate_catching,True,2776242,0.02,,1666000,,17460943713012937515,"[""m0@0.0020"", ""m1@0.0020"", ""m2@0.0020"", ""m3@0.0020"", ""m4@0.0020"", ""m5@0.0030"", ""m6@0.0035"", ""m7@0.0035""]","[""C1"", 1000000, 0, 50000, [[400000, 700000]], 455509]"
syn_8_6_4_11,synthetic,8,6,4,0.02,pareto_dp,True,1896910,0.02,15.0,265700,,17232136427425403631,"[""m0@0.0020"", ""m1@0.0020"", ""m2@0.0040"", ""m3@0.0020"", ""m4@0.0020"", ""m5@0.0020"", ""m6@0.0020"", ""m7@0.0040""]","[""C1"", 1000000, 0, 50000, [[400000, 700000]], 455509]"
syn_8_6_4_11,synthetic,8,6,4,0.02,equal_risk,True,3192733,0.016,,102900,,17232136427425403631,"[""m0@0.0020"", ""m1@0.0020"", ""m2@0.0020"", ""m3@0.0020"", ""m4@0.0020"", ""m5@0.0020"", ""m6@0.0020"", ""m7@0.0020""]","[""C1"", 1000000, 0, 50000, [[400000, 700000]], 455509]"
syn_8_6_4_11,synthetic,8,6,4,0.02,proportional_risk,True,3192733,0.016,,160800,,17232136427425403631,"[""m0@0.0020"", ""m1@0.0020"", ""m2@0.0020"", ""m3@0.0020"", ""m4@0.0020"", ""m5@0.0020"", ""m6@0.0020"", ""m7@0.0020""]","[""C1"", 1000000, 0, 50000, [[400000, 700000]], 455509]"
syn_8_6_4_11,synthetic,8,6,4,0.02,greedy_gate_catching,True,2791176,0.02,,1653400,,17232136427425403631,"[""m0@0.0020"", ""m1@0.0020"", ""m2@0.0020"", ""m3@0.0020"", ""m4@0.0020"", ""m5@0.0020"", ""m6@0.0035"", ""m7@0.0045""]","[""C1"", 1000000, 0, 50000, [[400000, 700000]], 455509]"
syn_8_6_4_12,synthetic,8,6,4,0.02,pareto_dp,True,1937813,0.02,21.0,305200,,14415595883886836469,"[""m0@0.0020"", ""m1@0.0020"", ""m2@0.0030"", ""m3@0.0020"", ""m4@0.0020"", ""m5@0.0020"", ""m6@0.0025"", ""m7@0.0045""]","[""C1"", 1000000, 0, 50000, [[400000, 700000]], 455509]"
syn_8_6_4_12,synthetic,8,6,4,0.02,equal_risk,True,3268699,0.016,,107200,,14415595883886836469,"[""m0@0.0020"", ""m1@0.0020"", ""m2@0.0020"", ""m3@0.0020"", ""m4@0.0020"", ""m5@0.0020"", ""m6@0.0020"", ""m7@0.0020""]","[""C1"", 1000000, 0, 50000, [[400000, 700000]], 455509]"
syn_8_6_4_12,synthetic,8,6,4,0.02,proportional_risk,True,3268699,0.016,,145100,,14415595883886836469,"[""m0@0.0020"", ""m1@0.0020"", ""m2@0.0020"", ""m3@0.0020"", ""m4@0.0020"", ""m5@0.0020"", ""m6@0.0020"", ""m7@0.0020""]","[""C1"", 1000000, 0, 50000, [[400000, 700000]], 455509]"
syn_8_6_4_12,synthetic,8,6,4,0.02,greedy_gate_catching,True,2879372,0.02,,1652100,,14415595883886836469,"[""m0@0.0020"", ""m1@0.0020"", ""m2@0.0020"", ""m3@0.0020"", ""m4@0.0020"", ""m5@0.0020"", ""m6@0.0035"", ""m7@0.0045""]","[""C1"", 1000000, 0, 50000, [[400000, 700000]], 455509]"
syn_8_6_4_13,synthetic,8,6,4,0.02,pareto_dp,True,2440926,0.02,15.0,240200,,12528304492468156047,"[""m0@0.0020"", ""m1@0.0020"", ""m2@0.0035"", ""m3@0.0020"", ""m4@0.0020"", ""m5@0.0020"", ""m6@0.0025"", ""m7@0.0040""]","[""C1"", 1000000, 0, 50000, [[400000, 700000]], 455509]"
syn_8_6_4_13,synthetic,8,6,4,0.02,equal_risk,True,3857158,0.016,,101900,,12528304492468156047,"[""m0@0.0020"", ""m1@0.0020"", ""m2@0.0020"", ""m3@0.0020"", ""m4@0.0020"", ""m5@0.0020"", ""m6@0.0020"", ""m7@0.0020""]","[""C1"", 1000000, 0, 50000, [[400000, 700000]], 455509]"
syn_8_6_4_13,synthetic,8,6,4,0.02,proportional_risk,True,3857158,0.016,,152400,,12528304492468156047,"[""m0@0.0020"", ""m1@0.0020"", ""m2@0.0020"", ""m3@0.0020"", ""m4@0.0020"", ""m5@0.0020"", ""m6@0.0020"", ""m7@0.0020""]","[""C1"", 1000000, 0, 50000, [[400000, 700000]], 455509]"
syn_8_6_4_13,synthetic,8,6,4,0.02,greedy_gate_catching,True,3340958,0.02,,1664800,,12528304492468156047,"[""m0@0.0020"", ""m1@0.0020"", ""m2@0.0020"", ""m3@0.0020"", ""m4@0.0020"", ""m5@0.0020"", ""m6@0.0040"", ""m7@0.0040""]","[""C1"", 1000000, 0, 50000, [[400000, 700000]], 455509]"
syn_8_6_4_14,synthetic,8,6,4,0.02,pareto_dp,True,2132876,0.02,33.0,310100,,8532461491664462672,"[""m0@0.0020"", ""m1@0.0025"", ""m2@0.0040"", ""m3@0.0020"", ""m4@0.0020"", ""m5@0.0020"", ""m6@0.0020"", ""m7@0.0035""]","[""C1"", 1000000, 0, 50000, [[400000, 700000]], 455509]"
syn_8_6_4_14,synthetic,8,6,4,0.02,equal_risk,True,3342159,0.016,,106700,,8532461491664462672,"[""m0@0.0020"", ""m1@0.0020"", ""m2@0.0020"", ""m3@0.0020"", ""m4@0.0020"", ""m5@0.0020"", ""m6@0.0020"", ""m7@0.0020""]","[""C1"", 1000000, 0, 50000, [[400000, 700000]], 455509]"
syn_8_6_4_14,synthetic,8,6,4,0.02,proportional_risk,True,3342159,0.016,,164300,,8532461491664462672,"[""m0@0.0020"", ""m1@0.0020"", ""m2@0.0020"", ""m3@0.0020"", ""m4@0.0020"", ""m5@0.0020"", ""m6@0.0020"", ""m7@0.0020""]","[""C1"", 1000000, 0, 50000, [[400000, 700000]], 455509]"
syn_8_6_4_14,synthetic,8,6,4,0.02,greedy_gate_catching,True,2910373,0.02,,1648300,,8532461491664462672,"[""m0@0.0020"", ""m1@0.0020"", ""m2@0.0020"", ""m3@0.0020"", ""m4@0.0020"", ""m5@0.0020"", ""m6@0.0035"", ""m7@0.0045""]","[""C1"", 1000000, 0, 50000, [[400000, 700000]], 455509]"
syn_8_6_4_15,synthetic,8,6,4,0.02,pareto_dp,True,2002836,0.02,25.0,272700,,15877238399867618334,"[""m0@0.0020"", ""m1@0.0020"", ""m2@0.0045"", ""m3@0.0020"", ""m4@0.0020"", ""m5@0.0020"", ""m6@0.0030"", ""m7@0.0025""]","[""C1"", 1000000, 0, 50000, [[400000, 700000]], 455509]"
syn_8_6_4_15,synthetic,8,6,4,0.02,equal_risk,True,3125660,0.016,,102900,,15877238399867618334,"[""m0@0.0020"", ""m1@0.0020"", ""m2@0.0020"", ""m3@0.0020"", ""m4@0.0020"", ""m5@0.0020"", ""m6@0.0020"", ""m7@0.0020""]","[""C1"", 1000000, 0, 50000, [[400000, 700000]], 455509]"
syn_8_6_4_15,synthetic,8,6,4,0.02,proportional_risk,True,3125660,0.016,,155700,,15877238399867618334,"[""m0@0.0020"", ""m1@0.0020"", ""m2@0.0020"", ""m3@0.0020"", ""m4@0.0020"", ""m5@0.0020"", ""m6@0.0020"", ""m7@0.0020""]","[""C1"", 1000000, 0, 50000, [[400000, 700000]], 455509]"
syn_8_6_4_15,synthetic,8,6,4,0.02,greedy_gate_catching,True,2858794,0.02,,1967400,,15877238399867618334,"[""m0@0.0020"", ""m1@0.0020"", ""m2@0.0020"", ""m3@0.0020"", ""m4@0.0020"", ""m5@0.0020"", ""m6@0.0035"", ""m7@0.0045""]","[""C1"", 1000000, 0, 50000, [[400000, 700000]], 455509]"
syn_8_6_4_16,synthetic,8,6,4,0.02,pareto_dp,True,2472039,0.02,23.0,367900,,13793369924775696459,"[""m0@0.0020"", ""m1@0.0020"", ""m2@0.0040"", ""m3@0.0020"", ""m4@0.0020"", ""m5@0.0020"", ""m6@0.0020"", ""m7@0.0040""]","[""C1"", 1000000, 0, 50000, [[400000, 700000]], 455509]"
syn_8_6_4_16,synthetic,8,6,4,0.02,equal_risk,True,3832035,0.016,,114800,,13793369924775696459,"[""m0@0.0020"", ""m1@0.0020"", ""m2@0.0020"", ""m3@0.0020"", ""m4@0.0020"", ""m5@0.0020"", ""m6@0.0020"", ""m7@0.0020""]","[""C1"", 1000000, 0, 50000, [[400000, 700000]], 455509]"
syn_8_6_4_16,synthetic,8,6,4,0.02,proportional_risk,True,3832035,0.016,,153600,,13793369924775696459,"[""m0@0.0020"", ""m1@0.0020"", ""m2@0.0020"", ""m3@0.0020"", ""m4@0.0020"", ""m5@0.0020"", ""m6@0.0020"", ""m7@0.0020""]","[""C1"", 1000000, 0, 50000, [[400000, 700000]], 455509]"
syn_8_6_4_16,synthetic,8,6,4,0.02,greedy_gate_catching,True,3219389,0.02,,1706400,,13793369924775696459,"[""m0@0.0020"", ""m1@0.0020"", ""m2@0.0020"", ""m3@0.0020"", ""m4@0.0020"", ""m5@0.0025"", ""m6@0.0030"", ""m7@0.0045""]","[""C1"", 1000000, 0, 50000, [[400000, 700000]], 455509]"
syn_8_6_4_17,synthetic,8,6,4,0.02,pareto_dp,True,1952172,0.02,22.0,295700,,15557261549099918744,"[""m0@0.0020"", ""m1@0.0020"", ""m2@0.0020"", ""m3@0.0025"", ""m4@0.0020"", ""m5@0.0020"", ""m6@0.0045"", ""m7@0.0030""]","[""C1"", 1000000, 0, 50000, [[400000, 700000]], 455509]"
syn_8_6_4_17,synthetic,8,6,4,0.02,equal_risk,True,3002914,0.016,,111600,,15557261549099918744,"[""m0@0.0020"", ""m1@0.0020"", ""m2@0.0020"", ""m3@0.0020"", ""m4@0.0020"", ""m5@0.0020"", ""m6@0.0020"", ""m7@0.0020""]","[""C1"", 1000000, 0, 50000, [[400000, 700000]], 455509]"
syn_8_6_4_17,synthetic,8,6,4,0.02,proportional_risk,True,3002914,0.016,,157900,,15557261549099918744,"[""m0@0.0020"", ""m1@0.0020"", ""m2@0.0020"", ""m3@0.0020"", ""m4@0.0020"", ""m5@0.0020"", ""m6@0.0020"", ""m7@0.0020""]","[""C1"", 1000000, 0, 50000, [[400000, 700000]], 455509]"
syn_8_6_4_17,synthetic,8,6,4,0.02,greedy_gate_catching,True,1977624,0.02,,1754700,,15557261549099918744,"[""m0@0.0020"", ""m1@0.0020"", ""m2@0.0020"", ""m3@0.0025"", ""m4@0.0020"", ""m5@0.0020"", ""m6@0.0040"", ""m7@0.0035""]","[""C1"", 1000000, 0, 50000, [[400000, 700000]], 455509]"
syn_8_6_4_18,synthetic,8,6,4,0.02,pareto_dp,True,1692182,0.02,20.0,251400,,3698608946270882472,"[""m0@0.0020"", ""m1@0.0020"", ""m2@0.0020"", ""m3@0.0020"", ""m4@0.0020"", ""m5@0.0030"", ""m6@0.0025"", ""m7@0.0045""]","[""C1"", 1000000, 0, 50000, [[400000, 700000]], 455509]"
syn_8_6_4_18,synthetic,8,6,4,0.02,equal_risk,True,1959374,0.016,,105600,,3698608946270882472,"[""m0@0.0020"", ""m1@0.0020"", ""m2@0.0020"", ""m3@0.0020"", ""m4@0.0020"", ""m5@0.0020"", ""m6@0.0020"", ""m7@0.0020""]","[""C1"", 1000000, 0, 50000, [[400000, 700000]], 455509]"
syn_8_6_4_18,synthetic,8,6,4,0.02,proportional_risk,True,1959374,0.016,,176600,,3698608946270882472,"[""m0@0.0020"", ""m1@0.0020"", ""m2@0.0020"", ""m3@0.0020"", ""m4@0.0020"", ""m5@0.0020"", ""m6@0.0020"", ""m7@0.0020""]","[""C1"", 1000000, 0, 50000, [[400000, 700000]], 455509]"
syn_8_6_4_18,synthetic,8,6,4,0.02,greedy_gate_catching,True,1697395,0.02,,1707300,,3698608946270882472,"[""m0@0.0020"", ""m1@0.0020"", ""m2@0.0020"", ""m3@0.0020"", ""m4@0.0020"", ""m5@0.0020"", ""m6@0.0035"", ""m7@0.0045""]","[""C1"", 1000000, 0, 50000, [[400000, 700000]], 455509]"
syn_8_6_4_19,synthetic,8,6,4,0.02,pareto_dp,True,2226894,0.02,19.0,300700,,9591564120765068352,"[""m0@0.0020"", ""m1@0.0020"", ""m2@0.0030"", ""m3@0.0025"", ""m4@0.0020"", ""m5@0.0020"", ""m6@0.0025"", ""m7@0.0040""]","[""C1"", 1000000, 0, 50000, [[400000, 700000]], 455509]"
syn_8_6_4_19,synthetic,8,6,4,0.02,equal_risk,True,3460454,0.016,,107200,,9591564120765068352,"[""m0@0.0020"", ""m1@0.0020"", ""m2@0.0020"", ""m3@0.0020"", ""m4@0.0020"", ""m5@0.0020"", ""m6@0.0020"", ""m7@0.0020""]","[""C1"", 1000000, 0, 50000, [[400000, 700000]], 455509]"
syn_8_6_4_19,synthetic,8,6,4,0.02,proportional_risk,True,3460454,0.016,,157500,,9591564120765068352,"[""m0@0.0020"", ""m1@0.0020"", ""m2@0.0020"", ""m3@0.0020"", ""m4@0.0020"", ""m5@0.0020"", ""m6@0.0020"", ""m7@0.0020""]","[""C1"", 1000000, 0, 50000, [[400000, 700000]], 455509]"
syn_8_6_4_19,synthetic,8,6,4,0.02,greedy_gate_catching,True,3145422,0.02,,1751900,,9591564120765068352,"[""m0@0.0020"", ""m1@0.0020"", ""m2@0.0020"", ""m3@0.0020"", ""m4@0.0020"", ""m5@0.0030"", ""m6@0.0030"", ""m7@0.0040""]","[""C1"", 1000000, 0, 50000, [[400000, 700000]], 455509]"
syn_16_3_1_00,synthetic,16,3,1,0.04,pareto_dp,True,4033427,0.0395,37.0,638800,,17537844705103927171,"[""m0@0.0020"", ""m1@0.0020"", ""m2@0.0020"", ""m3@0.0032"", ""m4@0.0020"", ""m5@0.0020"", ""m6@0.0020"", ""m7@0.0020"", ""m8@0.0020"", ""m9@0.0020"", ""m10@0.0020"", ""m11@0.0045"", ""m12@0.0020"", ""m13@0.0020"", ""m14@0.0032"", ""m15@0.0045""]","[""C1"", 1000000, 0, 50000, [[400000, 700000]], 455509]"
syn_16_3_1_00,synthetic,16,3,1,0.04,equal_risk,True,4937075,0.032,,127600,,17537844705103927171,"[""m0@0.0020"", ""m1@0.0020"", ""m2@0.0020"", ""m3@0.0020"", ""m4@0.0020"", ""m5@0.0020"", ""m6@0.0020"", ""m7@0.0020"", ""m8@0.0020"", ""m9@0.0020"", ""m10@0.0020"", ""m11@0.0020"", ""m12@0.0020"", ""m13@0.0020"", ""m14@0.0020"", ""m15@0.0020""]","[""C1"", 1000000, 0, 50000, [[400000, 700000]], 455509]"
syn_16_3_1_00,synthetic,16,3,1,0.04,proportional_risk,True,4937075,0.032,,196400,,17537844705103927171,"[""m0@0.0020"", ""m1@0.0020"", ""m2@0.0020"", ""m3@0.0020"", ""m4@0.0020"", ""m5@0.0020"", ""m6@0.0020"", ""m7@0.0020"", ""m8@0.0020"", ""m9@0.0020"", ""m10@0.0020"", ""m11@0.0020"", ""m12@0.0020"", ""m13@0.0020"", ""m14@0.0020"", ""m15@0.0020""]","[""C1"", 1000000, 0, 50000, [[400000, 700000]], 455509]"
syn_16_3_1_00,synthetic,16,3,1,0.04,greedy_gate_catching,True,4033427,0.0395,,1678000,,17537844705103927171,"[""m0@0.0020"", ""m1@0.0020"", ""m2@0.0020"", ""m3@0.0032"", ""m4@0.0020"", ""m5@0.0020"", ""m6@0.0020"", ""m7@0.0020"", ""m8@0.0020"", ""m9@0.0020"", ""m10@0.0020"", ""m11@0.0045"", ""m12@0.0020"", ""m13@0.0020"", ""m14@0.0032"", ""m15@0.0045""]","[""C1"", 1000000, 0, 50000, [[400000, 700000]], 455509]"
syn_16_3_1_01,synthetic,16,3,1,0.04,pareto_dp,True,4153334,0.0395,45.0,612700,,15407143894166258710,"[""m0@0.0020"", ""m1@0.0020"", ""m2@0.0020"", ""m3@0.0032"", ""m4@0.0020"", ""m5@0.0020"", ""m6@0.0020"", ""m7@0.0020"", ""m8@0.0020"", ""m9@0.0020"", ""m10@0.0045"", ""m11@0.0020"", ""m12@0.0020"", ""m13@0.0020"", ""m14@0.0032"", ""m15@0.0045""]","[""C1"", 1000000, 0, 50000, [[400000, 700000]], 455509]"
syn_16_3_1_01,synthetic,16,3,1,0.04,equal_risk,True,5753238,0.032,,124400,,15407143894166258710,"[""m0@0.0020"", ""m1@0.0020"", ""m2@0.0020"", ""m3@0.0020"", ""m4@0.0020"", ""m5@0.0020"", ""m6@0.0020"", ""m7@0.0020"", ""m8@0.0020"", ""m9@0.0020"", ""m10@0.0020"", ""m11@0.0020"", ""m12@0.0020"", ""m13@0.0020"", ""m14@0.0020"", ""m15@0.0020""]","[""C1"", 1000000, 0, 50000, [[400000, 700000]], 455509]"
syn_16_3_1_01,synthetic,16,3,1,0.04,proportional_risk,True,5753238,0.032,,201900,,15407143894166258710,"[""m0@0.0020"", ""m1@0.0020"", ""m2@0.0020"", ""m3@0.0020"", ""m4@0.0020"", ""m5@0.0020"", ""m6@0.0020"", ""m7@0.0020"", ""m8@0.0020"", ""m9@0.0020"", ""m10@0.0020"", ""m11@0.0020"", ""m12@0.0020"", ""m13@0.0020"", ""m14@0.0020"", ""m15@0.0020""]","[""C1"", 1000000, 0, 50000, [[400000, 700000]], 455509]"
syn_16_3_1_01,synthetic,16,3,1,0.04,greedy_gate_catching,True,4153334,0.0395,,1703200,,15407143894166258710,"[""m0@0.0020"", ""m1@0.0020"", ""m2@0.0020"", ""m3@0.0032"", ""m4@0.0020"", ""m5@0.0020"", ""m6@0.0020"", ""m7@0.0020"", ""m8@0.0020"", ""m9@0.0020"", ""m10@0.0045"", ""m11@0.0020"", ""m12@0.0020"", ""m13@0.0020"", ""m14@0.0032"", ""m15@0.0045""]","[""C1"", 1000000, 0, 50000, [[400000, 700000]], 455509]"
syn_16_3_1_02,synthetic,16,3,1,0.04,pareto_dp,True,4132400,0.0395,34.0,583400,,9278479022326417336,"[""m0@0.0020"", ""m1@0.0020"", ""m2@0.0020"", ""m3@0.0032"", ""m4@0.0020"", ""m5@0.0020"", ""m6@0.0020"", ""m7@0.0032"", ""m8@0.0020"", ""m9@0.0020"", ""m10@0.0032"", ""m11@0.0045"", ""m12@0.0020"", ""m13@0.0020"", ""m14@0.0020"", ""m15@0.0032""]","[""C1"", 1000000, 0, 50000, [[400000, 700000]], 455509]"
syn_16_3_1_02,synthetic,16,3,1,0.04,equal_risk,True,5618644,0.032,,125800,,9278479022326417336,"[""m0@0.0020"", ""m1@0.0020"", ""m2@0.0020"", ""m3@0.0020"", ""m4@0.0020"", ""m5@0.0020"", ""m6@0.0020"", ""m7@0.0020"", ""m8@0.0020"", ""m9@0.0020"", ""m10@0.0020"", ""m11@0.0020"", ""m12@0.0020"", ""m13@0.0020"", ""m14@0.0020"", ""m15@0.0020""]","[""C1"", 1000000, 0, 50000, [[400000, 700000]], 455509]"
syn_16_3_1_02,synthetic,16,3,1,0.04,proportional_risk,True,5618644,0.032,,193100,,9278479022326417336,"[""m0@0.0020"", ""m1@0.0020"", ""m2@0.0020"", ""m3@0.0020"", ""m4@0.0020"", ""m5@0.0020"", ""m6@0.0020"", ""m7@0.0020"", ""m8@0.0020"", ""m9@0.0020"", ""m10@0.0020"", ""m11@0.0020"", ""m12@0.0020"", ""m13@0.0020"", ""m14@0.0020"", ""m15@0.0020""]","[""C1"", 1000000, 0, 50000, [[400000, 700000]], 455509]"
syn_16_3_1_02,synthetic,16,3,1,0.04,greedy_gate_catching,True,4132400,0.0395,,1724300,,9278479022326417336,"[""m0@0.0020"", ""m1@0.0020"", ""m2@0.0020"", ""m3@0.0032"", ""m4@0.0020"", ""m5@0.0020"", ""m6@0.0020"", ""m7@0.0032"", ""m8@0.0020"", ""m9@0.0020"", ""m10@0.0032"", ""m11@0.0045"", ""m12@0.0020"", ""m13@0.0020"", ""m14@0.0020"", ""m15@0.0032""]","[""C1"", 1000000, 0, 50000, [[400000, 700000]], 455509]"
syn_16_3_1_03,synthetic,16,3,1,0.04,pareto_dp,True,3494139,0.0395,33.0,498100,,5197102421572968317,"[""m0@0.0020"", ""m1@0.0020"", ""m2@0.0020"", ""m3@0.0020"", ""m4@0.0020"", ""m5@0.0020"", ""m6@0.0020"", ""m7@0.0020"", ""m8@0.0020"", ""m9@0.0020"", ""m10@0.0020"", ""m11@0.0045"", ""m12@0.0020"", ""m13@0.0020"", ""m14@0.0045"", ""m15@0.0045""]","[""C1"", 1000000, 0, 50000, [[400000, 700000]], 455509]"
syn_16_3_1_03,synthetic,16,3,1,0.04,equal_risk,True,4135698,0.032,,122600,,5197102421572968317,"[""m0@0.0020"", ""m1@0.0020"", ""m2@0.0020"", ""m3@0.0020"", ""m4@0.0020"", ""m5@0.0020"", ""m6@0.0020"", ""m7@0.0020"", ""m8@0.0020"", ""m9@0.0020"", ""m10@0.0020"", ""m11@0.0020"", ""m12@0.0020"", ""m13@0.0020"", ""m14@0.0020"", ""m15@0.0020""]","[""C1"", 1000000, 0, 50000, [[400000, 700000]], 455509]"
syn_16_3_1_03,synthetic,16,3,1,0.04,proportional_risk,True,4135698,0.032,,182100,,5197102421572968317,"[""m0@0.0020"", ""m1@0.0020"", ""m2@0.0020"", ""m3@0.0020"", ""m4@0.0020"", ""m5@0.0020"", ""m6@0.0020"", ""m7@0.0020"", ""m8@0.0020"", ""m9@0.0020"", ""m10@0.0020"", ""m11@0.0020"", ""m12@0.0020"", ""m13@0.0020"", ""m14@0.0020"", ""m15@0.0020""]","[""C1"", 1000000, 0, 50000, [[400000, 700000]], 455509]"
syn_16_3_1_03,synthetic,16,3,1,0.04,greedy_gate_catching,True,3494139,0.0395,,1549100,,5197102421572968317,"[""m0@0.0020"", ""m1@0.0020"", ""m2@0.0020"", ""m3@0.0020"", ""m4@0.0020"", ""m5@0.0020"", ""m6@0.0020"", ""m7@0.0020"", ""m8@0.0020"", ""m9@0.0020"", ""m10@0.0020"", ""m11@0.0045"", ""m12@0.0020"", ""m13@0.0020"", ""m14@0.0045"", ""m15@0.0045""]","[""C1"", 1000000, 0, 50000, [[400000, 700000]], 455509]"
syn_16_3_1_04,synthetic,16,3,1,0.04,pareto_dp,True,3406719,0.0395,27.0,431100,,16425388293394427761,"[""m0@0.0020"", ""m1@0.0020"", ""m2@0.0020"", ""m3@0.0045"", ""m4@0.0020"", ""m5@0.0020"", ""m6@0.0020"", ""m7@0.0045"", ""m8@0.0020"", ""m9@0.0020"", ""m10@0.0020"", ""m11@0.0020"", ""m12@0.0020"", ""m13@0.0020"", ""m14@0.0020"", ""m15@0.0045""]","[""C1"", 1000000, 0, 50000, [[400000, 700000]], 455509]"
syn_16_3_1_04,synthetic,16,3,1,0.04,equal_risk,True,4631740,0.032,,115100,,16425388293394427761,"[""m0@0.0020"", ""m1@0.0020"", ""m2@0.0020"", ""m3@0.0020"", ""m4@0.0020"", ""m5@0.0020"", ""m6@0.0020"", ""m7@0.0020"", ""m8@0.0020"", ""m9@0.0020"", ""m10@0.0020"", ""m11@0.0020"", ""m12@0.0020"", ""m13@0.0020"", ""m14@0.0020"", ""m15@0.0020""]","[""C1"", 1000000, 0, 50000, [[400000, 700000]], 455509]"
syn_16_3_1_04,synthetic,16,3,1,0.04,proportional_risk,True,4631740,0.032,,189700,,16425388293394427761,"[""m0@0.0020"", ""m1@0.0020"", ""m2@0.0020"", ""m3@0.0020"", ""m4@0.0020"", ""m5@0.0020"", ""m6@0.0020"", ""m7@0.0020"", ""m8@0.0020"", ""m9@0.0020"", ""m10@0.0020"", ""m11@0.0020"", ""m12@0.0020"", ""m13@0.0020"", ""m14@0.0020"", ""m15@0.0020""]","[""C1"", 1000000, 0, 50000, [[400000, 700000]], 455509]"
syn_16_3_1_04,synthetic,16,3,1,0.04,greedy_gate_catching,True,3738313,0.0395,,1549000,,16425388293394427761,"[""m0@0.0020"", ""m1@0.0020"", ""m2@0.0020"", ""m3@0.0020"", ""m4@0.0020"", ""m5@0.0020"", ""m6@0.0020"", ""m7@0.0020"", ""m8@0.0020"", ""m9@0.0020"", ""m10@0.0045"", ""m11@0.0045"", ""m12@0.0020"", ""m13@0.0020"", ""m14@0.0020"", ""m15@0.0045""]","[""C1"", 1000000, 0, 50000, [[400000, 700000]], 455509]"
syn_16_3_1_05,synthetic,16,3,1,0.04,pareto_dp,True,3547626,0.0395,51.0,576600,,8833923325014852755,"[""m0@0.0020"", ""m1@0.0020"", ""m2@0.0032"", ""m3@0.0045"", ""m4@0.0020"", ""m5@0.0020"", ""m6@0.0020"", ""m7@0.0045"", ""m8@0.0020"", ""m9@0.0020"", ""m10@0.0020"", ""m11@0.0020"", ""m12@0.0020"", ""m13@0.0020"", ""m14@0.0020"", ""m15@0.0032""]","[""C1"", 1000000, 0, 50000, [[400000, 700000]], 455509]"
syn_16_3_1_05,synthetic,16,3,1,0.04,equal_risk,True,4554483,0.032,,117800,,8833923325014852755,"[""m0@0.0020"", ""m1@0.0020"", ""m2@0.0020"", ""m3@0.0020"", ""m4@0.0020"", ""m5@0.0020"", ""m6@0.0020"", ""m7@0.0020"", ""m8@0.0020"", ""m9@0.0020"", ""m10@0.0020"", ""m11@0.0020"", ""m12@0.0020"", ""m13@0.0020"", ""m14@0.0020"", ""m15@0.0020""]","[""C1"", 1000000, 0, 50000, [[400000, 700000]], 455509]"
syn_16_3_1_05,synthetic,16,3,1,0.04,proportional_risk,True,4554483,0.032,,180500,,8833923325014852755,"[""m0@0.0020"", ""m1@0.0020"", ""m2@0.0020"", ""m3@0.0020"", ""m4@0.0020"", ""m5@0.0020"", ""m6@0.0020"", ""m7@0.0020"", ""m8@0.0020"", ""m9@0.0020"", ""m10@0.0020"", ""m11@0.0020"", ""m12@0.0020"", ""m13@0.0020"", ""m14@0.0020"", ""m15@0.0020""]","[""C1"", 1000000, 0, 50000, [[400000, 700000]], 455509]"
syn_16_3_1_05,synthetic,16,3,1,0.04,greedy_gate_catching,True,3852734,0.0395,,1556300,,8833923325014852755,"[""m0@0.0020"", ""m1@0.0020"", ""m2@0.0020"", ""m3@0.0020"", ""m4@0.0020"", ""m5@0.0020"", ""m6@0.0020"", ""m7@0.0020"", ""m8@0.0020"", ""m9@0.0020"", ""m10@0.0045"", ""m11@0.0032"", ""m12@0.0020"", ""m13@0.0020"", ""m14@0.0032"", ""m15@0.0045""]","[""C1"", 1000000, 0, 50000, [[400000, 700000]], 455509]"
syn_16_3_1_06,synthetic,16,3,1,0.04,pareto_dp,True,4405599,0.0395,33.0,468400,,17482358591658279600,"[""m0@0.0020"", ""m1@0.0020"", ""m2@0.0020"", ""m3@0.0032"", ""m4@0.0020"", ""m5@0.0020"", ""m6@0.0020"", ""m7@0.0032"", ""m8@0.0020"", ""m9@0.0020"", ""m10@0.0020"", ""m11@0.0045"", ""m12@0.0020"", ""m13@0.0020"", ""m14@0.0020"", ""m15@0.0045""]","[""C1"", 1000000, 0, 50000, [[400000, 700000]], 455509]"
syn_16_3_1_06,synthetic,16,3,1,0.04,equal_risk,True,5874100,0.032,,118800,,17482358591658279600,"[""m0@0.0020"", ""m1@0.0020"", ""m2@0.0020"", ""m3@0.0020"", ""m4@0.0020"", ""m5@0.0020"", ""m6@0.0020"", ""m7@0.0020"", ""m8@0.0020"", ""m9@0.0020"", ""m10@0.0020"", ""m11@0.0020"", ""m12@0.0020"", ""m13@0.0020"", ""m14@0.0020"", ""m15@0.0020""]","[""C1"", 1000000, 0, 50000, [[400000, 700000]], 455509]"
syn_16_3_1_06,synthetic,16,3,1,0.04,proportional_risk,True,5874100,0.032,,189800,,17482358591658279600,"[""m0@0.0020"", ""m1@0.0020"", ""m2@0.0020"", ""m3@0.0020"", ""m4@0.0020"", ""m5@0.0020"", ""m6@0.0020"", ""m7@0.0020"", ""m8@0.0020"", ""m9@0.0020"", ""m10@0.0020"", ""m11@0.0020"", ""m12@0.0020"", ""m13@0.0020"", ""m14@0.0020"", ""m15@0.0020""]","[""C1"", 1000000, 0, 50000, [[400000, 700000]], 455509]"
syn_16_3_1_06,synthetic,16,3,1,0.04,greedy_gate_catching,True,5098652,0.0395,,1586700,,17482358591658279600,"[""m0@0.0020"", ""m1@0.0020"", ""m2@0.0020"", ""m3@0.0020"", ""m4@0.0020"", ""m5@0.0020"", ""m6@0.0020"", ""m7@0.0020"", ""m8@0.0020"", ""m9@0.0020"", ""m10@0.0045"", ""m11@0.0045"", ""m12@0.0020"", ""m13@0.0020"", ""m14@0.0020"", ""m15@0.0045""]","[""C1"", 1000000, 0, 50000, [[400000, 700000]], 455509]"
syn_16_3_1_07,synthetic,16,3,1,0.04,pareto_dp,True,3747668,0.0395,36.0,551300,,472651686129662127,"[""m0@0.0020"", ""m1@0.0020"", ""m2@0.0020"", ""m3@0.0045"", ""m4@0.0020"", ""m5@0.0020"", ""m6@0.0020"", ""m7@0.0045"", ""m8@0.0020"", ""m9@0.0020"", ""m10@0.0020"", ""m11@0.0045"", ""m12@0.0020"", ""m13@0.0020"", ""m14@0.0020"", ""m15@0.0020""]","[""C1"", 1000000, 0, 50000, [[400000, 700000]], 455509]"
syn_16_3_1_07,synthetic,16,3,1,0.04,equal_risk,True,4927009,0.032,,147400,,472651686129662127,"[""m0@0.0020"", ""m1@0.0020"", ""m2@0.0020"", ""m3@0.0020"", ""m4@0.0020"", ""m5@0.0020"", ""m6@0.0020"", ""m7@0.0020"", ""m8@0.0020"", ""m9@0.0020"", ""m10@0.0020"", ""m11@0.0020"", ""m12@0.0020"", ""m13@0.0020"", ""m14@0.0020"", ""m15@0.0020""]","[""C1"", 1000000, 0, 50000, [[400000, 700000]], 455509]"
syn_16_3_1_07,synthetic,16,3,1,0.04,proportional_risk,True,4927009,0.032,,209100,,472651686129662127,"[""m0@0.0020"", ""m1@0.0020"", ""m2@0.0020"", ""m3@0.0020"", ""m4@0.0020"", ""m5@0.0020"", ""m6@0.0020"", ""m7@0.0020"", ""m8@0.0020"", ""m9@0.0020"", ""m10@0.0020"", ""m11@0.0020"", ""m12@0.0020"", ""m13@0.0020"", ""m14@0.0020"", ""m15@0.0020""]","[""C1"", 1000000, 0, 50000, [[400000, 700000]], 455509]"
syn_16_3_1_07,synthetic,16,3,1,0.04,greedy_gate_catching,True,4019439,0.0395,,1636300,,472651686129662127,"[""m0@0.0020"", ""m1@0.0020"", ""m2@0.0020"", ""m3@0.0020"", ""m4@0.0020"", ""m5@0.0020"", ""m6@0.0020"", ""m7@0.0020"", ""m8@0.0020"", ""m9@0.0020"", ""m10@0.0045"", ""m11@0.0045"", ""m12@0.0020"", ""m13@0.0020"", ""m14@0.0020"", ""m15@0.0045""]","[""C1"", 1000000, 0, 50000, [[400000, 700000]], 455509]"
syn_16_3_1_08,synthetic,16,3,1,0.04,pareto_dp,True,3908158,0.0395,25.0,440400,,15023985909796914665,"[""m0@0.0020"", ""m1@0.0020"", ""m2@0.0020"", ""m3@0.0020"", ""m4@0.0020"", ""m5@0.0020"", ""m6@0.0020"", ""m7@0.0045"", ""m8@0.0020"", ""m9@0.0020"", ""m10@0.0020"", ""m11@0.0045"", ""m12@0.0020"", ""m13@0.0020"", ""m14@0.0020"", ""m15@0.0045""]","[""C1"", 1000000, 0, 50000, [[400000, 700000]], 455509]"
syn_16_3_1_08,synthetic,16,3,1,0.04,equal_risk,True,5487813,0.032,,119500,,15023985909796914665,"[""m0@0.0020"", ""m1@0.0020"", ""m2@0.0020"", ""m3@0.0020"", ""m4@0.0020"", ""m5@0.0020"", ""m6@0.0020"", ""m7@0.0020"", ""m8@0.0020"", ""m9@0.0020"", ""m10@0.0020"", ""m11@0.0020"", ""m12@0.0020"", ""m13@0.0020"", ""m14@0.0020"", ""m15@0.0020""]","[""C1"", 1000000, 0, 50000, [[400000, 700000]], 455509]"
syn_16_3_1_08,synthetic,16,3,1,0.04,proportional_risk,True,5487813,0.032,,194000,,15023985909796914665,"[""m0@0.0020"", ""m1@0.0020"", ""m2@0.0020"", ""m3@0.0020"", ""m4@0.0020"", ""m5@0.0020"", ""m6@0.0020"", ""m7@0.0020"", ""m8@0.0020"", ""m9@0.0020"", ""m10@0.0020"", ""m11@0.0020"", ""m12@0.0020"", ""m13@0.0020"", ""m14@0.0020"", ""m15@0.0020""]","[""C1"", 1000000, 0, 50000, [[400000, 700000]], 455509]"
syn_16_3_1_08,synthetic,16,3,1,0.04,greedy_gate_catching,True,4544171,0.0395,,1615600,,15023985909796914665,"[""m0@0.0020"", ""m1@0.0020"", ""m2@0.0020"", ""m3@0.0020"", ""m4@0.0020"", ""m5@0.0020"", ""m6@0.0020"", ""m7@0.0020"", ""m8@0.0020"", ""m9@0.0020"", ""m10@0.0020"", ""m11@0.0045"", ""m12@0.0020"", ""m13@0.0020"", ""m14@0.0045"", ""m15@0.0045""]","[""C1"", 1000000, 0, 50000, [[400000, 700000]], 455509]"
syn_16_3_1_09,synthetic,16,3,1,0.04,pareto_dp,True,3155136,0.0395,44.0,670700,,14713346717946670986,"[""m0@0.0020"", ""m1@0.0020"", ""m2@0.0020"", ""m3@0.0020"", ""m4@0.0020"", ""m5@0.0020"", ""m6@0.0020"", ""m7@0.0032"", ""m8@0.0020"", ""m9@0.0020"", ""m10@0.0020"", ""m11@0.0045"", ""m12@0.0020"", ""m13@0.0020"", ""m14@0.0032"", ""m15@0.0045""]","[""C1"", 1000000, 0, 50000, [[400000, 700000]], 455509]"
syn_16_3_1_09,synthetic,16,3,1,0.04,equal_risk,True,4737237,0.032,,120600,,14713346717946670986,"[""m0@0.0020"", ""m1@0.0020"", ""m2@0.0020"", ""m3@0.0020"", ""m4@0.0020"", ""m5@0.0020"", ""m6@0.0020"", ""m7@0.0020"", ""m8@0.0020"", ""m9@0.0020"", ""m10@0.0020"", ""m11@0.0020"", ""m12@0.0020"", ""m13@0.0020"", ""m14@0.0020"", ""m15@0.0020""]","[""C1"", 1000000, 0, 50000, [[400000, 700000]], 455509]"
syn_16_3_1_09,synthetic,16,3,1,0.04,proportional_risk,True,4737237,0.032,,180800,,14713346717946670986,"[""m0@0.0020"", ""m1@0.0020"", ""m2@0.0020"", ""m3@0.0020"", ""m4@0.0020"", ""m5@0.0020"", ""m6@0.0020"", ""m7@0.0020"", ""m8@0.0020"", ""m9@0.0020"", ""m10@0.0020"", ""m11@0.0020"", ""m12@0.0020"", ""m13@0.0020"", ""m14@0.0020"", ""m15@0.0020""]","[""C1"", 1000000, 0, 50000, [[400000, 700000]], 455509]"
syn_16_3_1_09,synthetic,16,3,1,0.04,greedy_gate_catching,True,3155136,0.0395,,1593000,,14713346717946670986,"[""m0@0.0020"", ""m1@0.0020"", ""m2@0.0020"", ""m3@0.0020"", ""m4@0.0020"", ""m5@0.0020"", ""m6@0.0020"", ""m7@0.0032"", ""m8@0.0020"", ""m9@0.0020"", ""m10@0.0020"", ""m11@0.0045"", ""m12@0.0020"", ""m13@0.0020"", ""m14@0.0032"", ""m15@0.0045""]","[""C1"", 1000000, 0, 50000, [[400000, 700000]], 455509]"
syn_16_3_1_10,synthetic,16,3,1,0.04,pareto_dp,True,3811016,0.0395,33.0,478600,,3881270704196575443,"[""m0@0.0020"", ""m1@0.0020"", ""m2@0.0045"", ""m3@0.0045"", ""m4@0.0020"", ""m5@0.0020"", ""m6@0.0020"", ""m7@0.0045"", ""m8@0.0020"", ""m9@0.0020"", ""m10@0.0020"", ""m11@0.0020"", ""m12@0.0020"", ""m13@0.0020"", ""m14@0.0020"", ""m15@0.0020""]","[""C1"", 1000000, 0, 50000, [[400000, 700000]], 455509]"
syn_16_3_1_10,synthetic,16,3,1,0.04,equal_risk,True,4782669,0.032,,119900,,3881270704196575443,"[""m0@0.0020"", ""m1@0.0020"", ""m2@0.0020"", ""m3@0.0020"", ""m4@0.0020"", ""m5@0.0020"", ""m6@0.0020"", ""m7@0.0020"", ""m8@0.0020"", ""m9@0.0020"", ""m10@0.0020"", ""m11@0.0020"", ""m12@0.0020"", ""m13@0.0020"", ""m14@0.0020"", ""m15@0.0020""]","[""C1"", 1000000, 0, 50000, [[400000, 700000]], 455509]"
syn_16_3_1_10,synthetic,16,3,1,0.04,proportional_risk,True,4782669,0.032,,191500,,3881270704196575443,"[""m0@0.0020"", ""m1@0.0020"", ""m2@0.0020"", ""m3@0.0020"", ""m4@0.0020"", ""m5@0.0020"", ""m6@0.0020"", ""m7@0.0020"", ""m8@0.0020"", ""m9@0.0020"", ""m10@0.0020"", ""m11@0.0020"", ""m12@0.0020"", ""m13@0.0020"", ""m14@0.0020"", ""m15@0.0020""]","[""C1"", 1000000, 0, 50000, [[400000, 700000]], 455509]"
syn_16_3_1_10,synthetic,16,3,1,0.04,greedy_gate_catching,True,3839041,0.0395,,1579100,,3881270704196575443,"[""m0@0.0020"", ""m1@0.0020"", ""m2@0.0020"", ""m3@0.0020"", ""m4@0.0020"", ""m5@0.0020"", ""m6@0.0020"", ""m7@0.0032"", ""m8@0.0020"", ""m9@0.0020"", ""m10@0.0020"", ""m11@0.0045"", ""m12@0.0020"", ""m13@0.0020"", ""m14@0.0045"", ""m15@0.0032""]","[""C1"", 1000000, 0, 50000, [[400000, 700000]], 455509]"
syn_16_3_1_11,synthetic,16,3,1,0.04,pareto_dp,True,3105170,0.0395,32.0,460500,,16402881580072060368,"[""m0@0.0020"", ""m1@0.0020"", ""m2@0.0020"", ""m3@0.0045"", ""m4@0.0020"", ""m5@0.0020"", ""m6@0.0020"", ""m7@0.0020"", ""m8@0.0020"", ""m9@0.0020"", ""m10@0.0045"", ""m11@0.0045"", ""m12@0.0020"", ""m13@0.0020"", ""m14@0.0020"", ""m15@0.0020""]","[""C1"", 1000000, 0, 50000, [[400000, 700000]], 455509]"
syn_16_3_1_11,synthetic,16,3,1,0.04,equal_risk,True,4376071,0.032,,115200,,16402881580072060368,"[""m0@0.0020"", ""m1@0.0020"", ""m2@0.0020"", ""m3@0.0020"", ""m4@0.0020"", ""m5@0.0020"", ""m6@0.0020"", ""m7@0.0020"", ""m8@0.0020"", ""m9@0.0020"", ""m10@0.0020"", ""m11@0.0020"", ""m12@0.0020"", ""m13@0.0020"", ""m14@0.0020"", ""m15@0.0020""]","[""C1"", 1000000, 0, 50000, [[400000, 700000]], 455509]"
syn_16_3_1_11,synthetic,16,3,1,0.04,proportional_risk,True,4376071,0.032,,175200,,16402881580072060368,"[""m0@0.0020"", ""m1@0.0020"", ""m2@0.0020"", ""m3@0.0020"", ""m4@0.0020"", ""m5@0.0020"", ""m6@0.0020"", ""m7@0.0020"", ""m8@0.0020"", ""m9@0.0020"", ""m10@0.0020"", ""m11@0.0020"", ""m12@0.0020"", ""m13@0.0020"", ""m14@0.0020"", ""m15@0.0020""]","[""C1"", 1000000, 0, 50000, [[400000, 700000]], 455509]"
syn_16_3_1_11,synthetic,16,3,1,0.04,greedy_gate_catching,True,3737833,0.0395,,1539900,,16402881580072060368,"[""m0@0.0020"", ""m1@0.0020"", ""m2@0.0020"", ""m3@0.0020"", ""m4@0.0020"", ""m5@0.0020"", ""m6@0.0020"", ""m7@0.0020"", ""m8@0.0020"", ""m9@0.0020"", ""m10@0.0045"", ""m11@0.0045"", ""m12@0.0020"", ""m13@0.0020"", ""m14@0.0045"", ""m15@0.0020""]","[""C1"", 1000000, 0, 50000, [[400000, 700000]], 455509]"
syn_16_3_1_12,synthetic,16,3,1,0.04,pareto_dp,True,3940157,0.0395,33.0,472800,,10964560829061990085,"[""m0@0.0020"", ""m1@0.0020"", ""m2@0.0020"", ""m3@0.0020"", ""m4@0.0020"", ""m5@0.0020"", ""m6@0.0020"", ""m7@0.0020"", ""m8@0.0020"", ""m9@0.0020"", ""m10@0.0032"", ""m11@0.0045"", ""m12@0.0020"", ""m13@0.0020"", ""m14@0.0032"", ""m15@0.0045""]","[""C1"", 1000000, 0, 50000, [[400000, 700000]], 455509]"
syn_16_3_1_12,synthetic,16,3,1,0.04,equal_risk,True,4676041,0.032,,117800,,10964560829061990085,"[""m0@0.0020"", ""m1@0.0020"", ""m2@0.0020"", ""m3@0.0020"", ""m4@0.0020"", ""m5@0.0020"", ""m6@0.0020"", ""m7@0.0020"", ""m8@0.0020"", ""m9@0.0020"", ""m10@0.0020"", ""m11@0.0020"", ""m12@0.0020"", ""m13@0.0020"", ""m14@0.0020"", ""m15@0.0020""]","[""C1"", 1000000, 0, 50000, [[400000, 700000]], 455509]"
syn_16_3_1_12,synthetic,16,3,1,0.04,proportional_risk,True,4676041,0.032,,186300,,10964560829061990085,"[""m0@0.0020"", ""m1@0.0020"", ""m2@0.0020"", ""m3@0.0020"", ""m4@0.0020"", ""m5@0.0020"", ""m6@0.0020"", ""m7@0.0020"", ""m8@0.0020"", ""m9@0.0020"", ""m10@0.0020"", ""m11@0.0020"", ""m12@0.0020"", ""m13@0.0020"", ""m14@0.0020"", ""m15@0.0020""]","[""C1"", 1000000, 0, 50000, [[400000, 700000]], 455509]"
syn_16_3_1_12,synthetic,16,3,1,0.04,greedy_gate_catching,True,3940157,0.0395,,1615400,,10964560829061990085,"[""m0@0.0020"", ""m1@0.0020"", ""m2@0.0020"", ""m3@0.0020"", ""m4@0.0020"", ""m5@0.0020"", ""m6@0.0020"", ""m7@0.0020"", ""m8@0.0020"", ""m9@0.0020"", ""m10@0.0032"", ""m11@0.0045"", ""m12@0.0020"", ""m13@0.0020"", ""m14@0.0032"", ""m15@0.0045""]","[""C1"", 1000000, 0, 50000, [[400000, 700000]], 455509]"
syn_16_3_1_13,synthetic,16,3,1,0.04,pareto_dp,True,4152277,0.0395,39.0,571400,,13706252410571772238,"[""m0@0.0020"", ""m1@0.0020"", ""m2@0.0020"", ""m3@0.0032"", ""m4@0.0020"", ""m5@0.0020"", ""m6@0.0020"", ""m7@0.0020"", ""m8@0.0020"", ""m9@0.0020"", ""m10@0.0020"", ""m11@0.0045"", ""m12@0.0020"", ""m13@0.0020"", ""m14@0.0032"", ""m15@0.0045""]","[""C1"", 1000000, 0, 50000, [[400000, 700000]], 455509]"
syn_16_3_1_13,synthetic,16,3,1,0.04,equal_risk,True,4893280,0.032,,119400,,13706252410571772238,"[""m0@0.0020"", ""m1@0.0020"", ""m2@0.0020"", ""m3@0.0020"", ""m4@0.0020"", ""m5@0.0020"", ""m6@0.0020"", ""m7@0.0020"", ""m8@0.0020"", ""m9@0.0020"", ""m10@0.0020"", ""m11@0.0020"", ""m12@0.0020"", ""m13@0.0020"", ""m14@0.0020"", ""m15@0.0020""]","[""C1"", 1000000, 0, 50000, [[400000, 700000]], 455509]"
syn_16_3_1_13,synthetic,16,3,1,0.04,proportional_risk,True,4893280,0.032,,185200,,13706252410571772238,"[""m0@0.0020"", ""m1@0.0020"", ""m2@0.0020"", ""m3@0.0020"", ""m4@0.0020"", ""m5@0.0020"", ""m6@0.0020"", ""m7@0.0020"", ""m8@0.0020"", ""m9@0.0020"", ""m10@0.0020"", ""m11@0.0020"", ""m12@0.0020"", ""m13@0.0020"", ""m14@0.0020"", ""m15@0.0020""]","[""C1"", 1000000, 0, 50000, [[400000, 700000]], 455509]"
syn_16_3_1_13,synthetic,16,3,1,0.04,greedy_gate_catching,True,4152277,0.0395,,1576200,,13706252410571772238,"[""m0@0.0020"", ""m1@0.0020"", ""m2@0.0020"", ""m3@0.0032"", ""m4@0.0020"", ""m5@0.0020"", ""m6@0.0020"", ""m7@0.0020"", ""m8@0.0020"", ""m9@0.0020"", ""m10@0.0020"", ""m11@0.0045"", ""m12@0.0020"", ""m13@0.0020"", ""m14@0.0032"", ""m15@0.0045""]","[""C1"", 1000000, 0, 50000, [[400000, 700000]], 455509]"
syn_16_3_1_14,synthetic,16,3,1,0.04,pareto_dp,True,3868858,0.0395,33.0,487600,,13226551304617113138,"[""m0@0.0020"", ""m1@0.0020"", ""m2@0.0020"", ""m3@0.0020"", ""m4@0.0020"", ""m5@0.0020"", ""m6@0.0020"", ""m7@0.0032"", ""m8@0.0020"", ""m9@0.0020"", ""m10@0.0020"", ""m11@0.0045"", ""m12@0.0020"", ""m13@0.0020"", ""m14@0.0032"", ""m15@0.0045""]","[""C1"", 1000000, 0, 50000, [[400000, 700000]], 455509]"
syn_16_3_1_14,synthetic,16,3,1,0.04,equal_risk,True,4813436,0.032,,117000,,13226551304617113138,"[""m0@0.0020"", ""m1@0.0020"", ""m2@0.0020"", ""m3@0.0020"", ""m4@0.0020"", ""m5@0.0020"", ""m6@0.0020"", ""m7@0.0020"", ""m8@0.0020"", ""m9@0.0020"", ""m10@0.0020"", ""m11@0.0020"", ""m12@0.0020"", ""m13@0.0020"", ""m14@0.0020"", ""m15@0.0020""]","[""C1"", 1000000, 0, 50000, [[400000, 700000]], 455509]"
syn_16_3_1_14,synthetic,16,3,1,0.04,proportional_risk,True,4813436,0.032,,185900,,13226551304617113138,"[""m0@0.0020"", ""m1@0.0020"", ""m2@0.0020"", ""m3@0.0020"", ""m4@0.0020"", ""m5@0.0020"", ""m6@0.0020"", ""m7@0.0020"", ""m8@0.0020"", ""m9@0.0020"", ""m10@0.0020"", ""m11@0.0020"", ""m12@0.0020"", ""m13@0.0020"", ""m14@0.0020"", ""m15@0.0020""]","[""C1"", 1000000, 0, 50000, [[400000, 700000]], 455509]"
syn_16_3_1_14,synthetic,16,3,1,0.04,greedy_gate_catching,True,3868858,0.0395,,1593100,,13226551304617113138,"[""m0@0.0020"", ""m1@0.0020"", ""m2@0.0020"", ""m3@0.0020"", ""m4@0.0020"", ""m5@0.0020"", ""m6@0.0020"", ""m7@0.0032"", ""m8@0.0020"", ""m9@0.0020"", ""m10@0.0020"", ""m11@0.0045"", ""m12@0.0020"", ""m13@0.0020"", ""m14@0.0032"", ""m15@0.0045""]","[""C1"", 1000000, 0, 50000, [[400000, 700000]], 455509]"
syn_16_3_1_15,synthetic,16,3,1,0.04,pareto_dp,True,3761080,0.0395,39.0,588100,,2694265127331433975,"[""m0@0.0020"", ""m1@0.0020"", ""m2@0.0020"", ""m3@0.0032"", ""m4@0.0020"", ""m5@0.0020"", ""m6@0.0020"", ""m7@0.0020"", ""m8@0.0020"", ""m9@0.0020"", ""m10@0.0032"", ""m11@0.0045"", ""m12@0.0020"", ""m13@0.0020"", ""m14@0.0045"", ""m15@0.0020""]","[""C1"", 1000000, 0, 50000, [[400000, 700000]], 455509]"
syn_16_3_1_15,synthetic,16,3,1,0.04,equal_risk,True,4592242,0.032,,119200,,2694265127331433975,"[""m0@0.0020"", ""m1@0.0020"", ""m2@0.0020"", ""m3@0.0020"", ""m4@0.0020"", ""m5@0.0020"", ""m6@0.0020"", ""m7@0.0020"", ""m8@0.0020"", ""m9@0.0020"", ""m10@0.0020"", ""m11@0.0020"", ""m12@0.0020"", ""m13@0.0020"", ""m14@0.0020"", ""m15@0.0020""]","[""C1"", 1000000, 0, 50000, [[400000, 700000]], 455509]"
syn_16_3_1_15,synthetic,16,3,1,0.04,proportional_risk,True,4592242,0.032,,190900,,2694265127331433975,"[""m0@0.0020"", ""m1@0.0020"", ""m2@0.0020"", ""m3@0.0020"", ""m4@0.0020"", ""m5@0.0020"", ""m6@0.0020"", ""m7@0.0020"", ""m8@0.0020"", ""m9@0.0020"", ""m10@0.0020"", ""m11@0.0020"", ""m12@0.0020"", ""m13@0.0020"", ""m14@0.0020"", ""m15@0.0020""]","[""C1"", 1000000, 0, 50000, [[400000, 700000]], 455509]"
syn_16_3_1_15,synthetic,16,3,1,0.04,greedy_gate_catching,True,3761080,0.0395,,1570700,,2694265127331433975,"[""m0@0.0020"", ""m1@0.0020"", ""m2@0.0020"", ""m3@0.0032"", ""m4@0.0020"", ""m5@0.0020"", ""m6@0.0020"", ""m7@0.0020"", ""m8@0.0020"", ""m9@0.0020"", ""m10@0.0032"", ""m11@0.0045"", ""m12@0.0020"", ""m13@0.0020"", ""m14@0.0045"", ""m15@0.0020""]","[""C1"", 1000000, 0, 50000, [[400000, 700000]], 455509]"
syn_16_3_1_16,synthetic,16,3,1,0.04,pareto_dp,True,4020929,0.0395,52.0,624300,,5437280429642394994,"[""m0@0.0020"", ""m1@0.0020"", ""m2@0.0020"", ""m3@0.0020"", ""m4@0.0020"", ""m5@0.0020"", ""m6@0.0020"", ""m7@0.0020"", ""m8@0.0020"", ""m9@0.0020"", ""m10@0.0020"", ""m11@0.0045"", ""m12@0.0020"", ""m13@0.0020"", ""m14@0.0045"", ""m15@0.0045""]","[""C1"", 1000000, 0, 50000, [[400000, 700000]], 455509]"
syn_16_3_1_16,synthetic,16,3,1,0.04,equal_risk,True,4993752,0.032,,120100,,5437280429642394994,"[""m0@0.0020"", ""m1@0.0020"", ""m2@0.0020"", ""m3@0.0020"", ""m4@0.0020"", ""m5@0.0020"", ""m6@0.0020"", ""m7@0.0020"", ""m8@0.0020"", ""m9@0.0020"", ""m10@0.0020"", ""m11@0.0020"", ""m12@0.0020"", ""m13@0.0020"", ""m14@0.0020"", ""m15@0.0020""]","[""C1"", 1000000, 0, 50000, [[400000, 700000]], 455509]"
syn_16_3_1_16,synthetic,16,3,1,0.04,proportional_risk,True,4993752,0.032,,190900,,5437280429642394994,"[""m0@0.0020"", ""m1@0.0020"", ""m2@0.0020"", ""m3@0.0020"", ""m4@0.0020"", ""m5@0.0020"", ""m6@0.0020"", ""m7@0.0020"", ""m8@0.0020"", ""m9@0.0020"", ""m10@0.0020"", ""m11@0.0020"", ""m12@0.0020"", ""m13@0.0020"", ""m14@0.0020"", ""m15@0.0020""]","[""C1"", 1000000, 0, 50000, [[400000, 700000]], 455509]"
syn_16_3_1_16,synthetic,16,3,1,0.04,greedy_gate_catching,True,4020929,0.0395,,1551300,,5437280429642394994,"[""m0@0.0020"", ""m1@0.0020"", ""m2@0.0020"", ""m3@0.0020"", ""m4@0.0020"", ""m5@0.0020"", ""m6@0.0020"", ""m7@0.0020"", ""m8@0.0020"", ""m9@0.0020"", ""m10@0.0020"", ""m11@0.0045"", ""m12@0.0020"", ""m13@0.0020"", ""m14@0.0045"", ""m15@0.0045""]","[""C1"", 1000000, 0, 50000, [[400000, 700000]], 455509]"
syn_16_3_1_17,synthetic,16,3,1,0.04,pareto_dp,True,3857160,0.0395,38.0,513800,,10525116001310872232,"[""m0@0.0020"", ""m1@0.0020"", ""m2@0.0045"", ""m3@0.0045"", ""m4@0.0020"", ""m5@0.0020"", ""m6@0.0020"", ""m7@0.0020"", ""m8@0.0020"", ""m9@0.0020"", ""m10@0.0020"", ""m11@0.0045"", ""m12@0.0020"", ""m13@0.0020"", ""m14@0.0020"", ""m15@0.0020""]","[""C1"", 1000000, 0, 50000, [[400000, 700000]], 455509]"
syn_16_3_1_17,synthetic,16,3,1,0.04,equal_risk,True,5068834,0.032,,116200,,10525116001310872232,"[""m0@0.0020"", ""m1@0.0020"", ""m2@0.0020"", ""m3@0.0020"", ""m4@0.0020"", ""m5@0.0020"", ""m6@0.0020"", ""m7@0.0020"", ""m8@0.0020"", ""m9@0.0020"", ""m10@0.0020"", ""m11@0.0020"", ""m12@0.0020"", ""m13@0.0020"", ""m14@0.0020"", ""m15@0.0020""]","[""C1"", 1000000, 0, 50000, [[400000, 700000]], 455509]"
syn_16_3_1_17,synthetic,16,3,1,0.04,proportional_risk,True,5068834,0.032,,186000,,10525116001310872232,"[""m0@0.0020"", ""m1@0.0020"", ""m2@0.0020"", ""m3@0.0020"", ""m4@0.0020"", ""m5@0.0020"", ""m6@0.0020"", ""m7@0.0020"", ""m8@0.0020"", ""m9@0.0020"", ""m10@0.0020"", ""m11@0.0020"", ""m12@0.0020"", ""m13@0.0020"", ""m14@0.0020"", ""m15@0.0020""]","[""C1"", 1000000, 0, 50000, [[400000, 700000]], 455509]"
syn_16_3_1_17,synthetic,16,3,1,0.04,greedy_gate_catching,True,4011966,0.0395,,1572000,,10525116001310872232,"[""m0@0.0020"", ""m1@0.0020"", ""m2@0.0020"", ""m3@0.0020"", ""m4@0.0020"", ""m5@0.0020"", ""m6@0.0020"", ""m7@0.0020"", ""m8@0.0020"", ""m9@0.0020"", ""m10@0.0045"", ""m11@0.0045"", ""m12@0.0020"", ""m13@0.0020"", ""m14@0.0020"", ""m15@0.0045""]","[""C1"", 1000000, 0, 50000, [[400000, 700000]], 455509]"
syn_16_3_1_18,synthetic,16,3,1,0.04,pareto_dp,True,3717171,0.0395,52.0,617800,,3088426501495408793,"[""m0@0.0020"", ""m1@0.0020"", ""m2@0.0020"", ""m3@0.0020"", ""m4@0.0020"", ""m5@0.0020"", ""m6@0.0020"", ""m7@0.0045"", ""m8@0.0020"", ""m9@0.0020"", ""m10@0.0020"", ""m11@0.0020"", ""m12@0.0020"", ""m13@0.0020"", ""m14@0.0045"", ""m15@0.0045""]","[""C1"", 1000000, 0, 50000, [[400000, 700000]], 455509]"
syn_16_3_1_18,synthetic,16,3,1,0.04,equal_risk,True,5212843,0.032,,120000,,3088426501495408793,"[""m0@0.0020"", ""m1@0.0020"", ""m2@0.0020"", ""m3@0.0020"", ""m4@0.0020"", ""m5@0.0020"", ""m6@0.0020"", ""m7@0.0020"", ""m8@0.0020"", ""m9@0.0020"", ""m10@0.0020"", ""m11@0.0020"", ""m12@0.0020"", ""m13@0.0020"", ""m14@0.0020"", ""m15@0.0020""]","[""C1"", 1000000, 0, 50000, [[400000, 700000]], 455509]"
syn_16_3_1_18,synthetic,16,3,1,0.04,proportional_risk,True,5212843,0.032,,193000,,3088426501495408793,"[""m0@0.0020"", ""m1@0.0020"", ""m2@0.0020"", ""m3@0.0020"", ""m4@0.0020"", ""m5@0.0020"", ""m6@0.0020"", ""m7@0.0020"", ""m8@0.0020"", ""m9@0.0020"", ""m10@0.0020"", ""m11@0.0020"", ""m12@0.0020"", ""m13@0.0020"", ""m14@0.0020"", ""m15@0.0020""]","[""C1"", 1000000, 0, 50000, [[400000, 700000]], 455509]"
syn_16_3_1_18,synthetic,16,3,1,0.04,greedy_gate_catching,True,3717171,0.0395,,1557200,,3088426501495408793,"[""m0@0.0020"", ""m1@0.0020"", ""m2@0.0020"", ""m3@0.0045"", ""m4@0.0020"", ""m5@0.0020"", ""m6@0.0020"", ""m7@0.0020"", ""m8@0.0020"", ""m9@0.0020"", ""m10@0.0020"", ""m11@0.0020"", ""m12@0.0020"", ""m13@0.0020"", ""m14@0.0045"", ""m15@0.0045""]","[""C1"", 1000000, 0, 50000, [[400000, 700000]], 455509]"
syn_16_3_1_19,synthetic,16,3,1,0.04,pareto_dp,True,4379356,0.0395,30.0,489000,,4774979051471510386,"[""m0@0.0020"", ""m1@0.0020"", ""m2@0.0020"", ""m3@0.0020"", ""m4@0.0020"", ""m5@0.0020"", ""m6@0.0020"", ""m7@0.0020"", ""m8@0.0020"", ""m9@0.0020"", ""m10@0.0032"", ""m11@0.0045"", ""m12@0.0020"", ""m13@0.0020"", ""m14@0.0032"", ""m15@0.0045""]","[""C1"", 1000000, 0, 50000, [[400000, 700000]], 455509]"
syn_16_3_1_19,synthetic,16,3,1,0.04,equal_risk,True,5391190,0.032,,119600,,4774979051471510386,"[""m0@0.0020"", ""m1@0.0020"", ""m2@0.0020"", ""m3@0.0020"", ""m4@0.0020"", ""m5@0.0020"", ""m6@0.0020"", ""m7@0.0020"", ""m8@0.0020"", ""m9@0.0020"", ""m10@0.0020"", ""m11@0.0020"", ""m12@0.0020"", ""m13@0.0020"", ""m14@0.0020"", ""m15@0.0020""]","[""C1"", 1000000, 0, 50000, [[400000, 700000]], 455509]"
syn_16_3_1_19,synthetic,16,3,1,0.04,proportional_risk,True,5391190,0.032,,193100,,4774979051471510386,"[""m0@0.0020"", ""m1@0.0020"", ""m2@0.0020"", ""m3@0.0020"", ""m4@0.0020"", ""m5@0.0020"", ""m6@0.0020"", ""m7@0.0020"", ""m8@0.0020"", ""m9@0.0020"", ""m10@0.0020"", ""m11@0.0020"", ""m12@0.0020"", ""m13@0.0020"", ""m14@0.0020"", ""m15@0.0020""]","[""C1"", 1000000, 0, 50000, [[400000, 700000]], 455509]"
syn_16_3_1_19,synthetic,16,3,1,0.04,greedy_gate_catching,True,4379356,0.0395,,1569000,,4774979051471510386,"[""m0@0.0020"", ""m1@0.0020"", ""m2@0.0020"", ""m3@0.0020"", ""m4@0.0020"", ""m5@0.0020"", ""m6@0.0020"", ""m7@0.0020"", ""m8@0.0020"", ""m9@0.0020"", ""m10@0.0032"", ""m11@0.0045"", ""m12@0.0020"", ""m13@0.0020"", ""m14@0.0032"", ""m15@0.0045""]","[""C1"", 1000000, 0, 50000, [[400000, 700000]], 455509]"
syn_16_3_4_00,synthetic,16,3,4,0.04,pareto_dp,True,4180938,0.0395,18.0,293600,,3839030957973848086,"[""m0@0.0020"", ""m1@0.0020"", ""m2@0.0020"", ""m3@0.0032"", ""m4@0.0020"", ""m5@0.0032"", ""m6@0.0045"", ""m7@0.0020"", ""m8@0.0020"", ""m9@0.0020"", ""m10@0.0020"", ""m11@0.0020"", ""m12@0.0020"", ""m13@0.0020"", ""m14@0.0020"", ""m15@0.0045""]","[""C1"", 1000000, 0, 50000, [[400000, 700000]], 455509]"
syn_16_3_4_00,synthetic,16,3,4,0.04,equal_risk,True,5391093,0.032,,118600,,3839030957973848086,"[""m0@0.0020"", ""m1@0.0020"", ""m2@0.0020"", ""m3@0.0020"", ""m4@0.0020"", ""m5@0.0020"", ""m6@0.0020"", ""m7@0.0020"", ""m8@0.0020"", ""m9@0.0020"", ""m10@0.0020"", ""m11@0.0020"", ""m12@0.0020"", ""m13@0.0020"", ""m14@0.0020"", ""m15@0.0020""]","[""C1"", 1000000, 0, 50000, [[400000, 700000]], 455509]"
syn_16_3_4_00,synthetic,16,3,4,0.04,proportional_risk,True,5391093,0.032,,180600,,3839030957973848086,"[""m0@0.0020"", ""m1@0.0020"", ""m2@0.0020"", ""m3@0.0020"", ""m4@0.0020"", ""m5@0.0020"", ""m6@0.0020"", ""m7@0.0020"", ""m8@0.0020"", ""m9@0.0020"", ""m10@0.0020"", ""m11@0.0020"", ""m12@0.0020"", ""m13@0.0020"", ""m14@0.0020"", ""m15@0.0020""]","[""C1"", 1000000, 0, 50000, [[400000, 700000]], 455509]"
syn_16_3_4_00,synthetic,16,3,4,0.04,greedy_gate_catching,True,4875801,0.0395,,1608200,,3839030957973848086,"[""m0@0.0020"", ""m1@0.0020"", ""m2@0.0020"", ""m3@0.0020"", ""m4@0.0020"", ""m5@0.0020"", ""m6@0.0020"", ""m7@0.0020"", ""m8@0.0020"", ""m9@0.0020"", ""m10@0.0020"", ""m11@0.0020"", ""m12@0.0020"", ""m13@0.0045"", ""m14@0.0045"", ""m15@0.0045""]","[""C1"", 1000000, 0, 50000, [[400000, 700000]], 455509]"
syn_16_3_4_01,synthetic,16,3,4,0.04,pareto_dp,True,5046797,0.0395,13.0,210000,,1418845859770821488,"[""m0@0.0020"", ""m1@0.0020"", ""m2@0.0020"", ""m3@0.0020"", ""m4@0.0020"", ""m5@0.0020"", ""m6@0.0020"", ""m7@0.0020"", ""m8@0.0020"", ""m9@0.0020"", ""m10@0.0020"", ""m11@0.0032"", ""m12@0.0020"", ""m13@0.0045"", ""m14@0.0032"", ""m15@0.0045""]","[""C1"", 1000000, 0, 50000, [[400000, 700000]], 455509]"
syn_16_3_4_01,synthetic,16,3,4,0.04,equal_risk,True,5572547,0.032,,117600,,1418845859770821488,"[""m0@0.0020"", ""m1@0.0020"", ""m2@0.0020"", ""m3@0.0020"", ""m4@0.0020"", ""m5@0.0020"", ""m6@0.0020"", ""m7@0.0020"", ""m8@0.0020"", ""m9@0.0020"", ""m10@0.0020"", ""m11@0.0020"", ""m12@0.0020"", ""m13@0.0020"", ""m14@0.0020"", ""m15@0.0020""]","[""C1"", 1000000, 0, 50000, [[400000, 700000]], 455509]"
syn_16_3_4_01,synthetic,16,3,4,0.04,proportional_risk,True,5572547,0.032,,187200,,1418845859770821488,"[""m0@0.0020"", ""m1@0.0020"", ""m2@0.0020"", ""m3@0.0020"", ""m4@0.0020"", ""m5@0.0020"", ""m6@0.0020"", ""m7@0.0020"", ""m8@0.0020"", ""m9@0.0020"", ""m10@0.0020"", ""m11@0.0020"", ""m12@0.0020"", ""m13@0.0020"", ""m14@0.0020"", ""m15@0.0020""]","[""C1"", 1000000, 0, 50000, [[400000, 700000]], 455509]"
syn_16_3_4_01,synthetic,16,3,4,0.04,greedy_gate_catching,True,5046797,0.0395,,1625600,,1418845859770821488,"[""m0@0.0020"", ""m1@0.0020"", ""m2@0.0020"", ""m3@0.0020"", ""m4@0.0020"", ""m5@0.0020"", ""m6@0.0020"", ""m7@0.0020"", ""m8@0.0020"", ""m9@0.0020"", ""m10@0.0020"", ""m11@0.0032"", ""m12@0.0020"", ""m13@0.0045"", ""m14@0.0032"", ""m15@0.0045""]","[""C1"", 1000000, 0, 50000, [[400000, 700000]], 455509]"
syn_16_3_4_02,synthetic,16,3,4,0.04,pareto_dp,True,5108046,0.0395,16.0,232500,,9072349399817427426,"[""m0@0.0020"", ""m1@0.0020"", ""m2@0.0020"", ""m3@0.0020"", ""m4@0.0020"", ""m5@0.0020"", ""m6@0.0020"", ""m7@0.0020"", ""m8@0.0020"", ""m9@0.0020"", ""m10@0.0020"", ""m11@0.0045"", ""m12@0.0020"", ""m13@0.0020"", ""m14@0.0045"", ""m15@0.0045""]","[""C1"", 1000000, 0, 50000, [[400000, 700000]], 455509]"
syn_16_3_4_02,synthetic,16,3,4,0.04,equal_risk,True,6404004,0.032,,118200,,9072349399817427426,"[""m0@0.0020"", ""m1@0.0020"", ""m2@0.0020"", ""m3@0.0020"", ""m4@0.0020"", ""m5@0.0020"", ""m6@0.0020"", ""m7@0.0020"", ""m8@0.0020"", ""m9@0.0020"", ""m10@0.0020"", ""m11@0.0020"", ""m12@0.0020"", ""m13@0.0020"", ""m14@0.0020"", ""m15@0.0020""]","[""C1"", 1000000, 0, 50000, [[400000, 700000]], 455509]"
syn_16_3_4_02,synthetic,16,3,4,0.04,proportional_risk,True,6404004,0.032,,197600,,9072349399817427426,"[""m0@0.0020"", ""m1@0.0020"", ""m2@0.0020"", ""m3@0.0020"", ""m4@0.0020"", ""m5@0.0020"", ""m6@0.0020"", ""m7@0.0020"", ""m8@0.0020"", ""m9@0.0020"", ""m10@0.0020"", ""m11@0.0020"", ""m12@0.0020"", ""m13@0.0020"", ""m14@0.0020"", ""m15@0.0020""]","[""C1"", 1000000, 0, 50000, [[400000, 700000]], 455509]"
syn_16_3_4_02,synthetic,16,3,4,0.04,greedy_gate_catching,True,5108046,0.0395,,1641300,,9072349399817427426,"[""m0@0.0020"", ""m1@0.0020"", ""m2@0.0020"", ""m3@0.0020"", ""m4@0.0020"", ""m5@0.0020"", ""m6@0.0020"", ""m7@0.0020"", ""m8@0.0020"", ""m9@0.0020"", ""m10@0.0020"", ""m11@0.0045"", ""m12@0.0020"", ""m13@0.0020"", ""m14@0.0045"", ""m15@0.0045""]","[""C1"", 1000000, 0, 50000, [[400000, 700000]], 455509]"
syn_16_3_4_03,synthetic,16,3,4,0.04,pareto_dp,True,4433918,0.0395,26.0,380600,,13321685652162784771,"[""m0@0.0020"", ""m1@0.0020"", ""m2@0.0020"", ""m3@0.0020"", ""m4@0.0020"", ""m5@0.0045"", ""m6@0.0045"", ""m7@0.0020"", ""m8@0.0020"", ""m9@0.0020"", ""m10@0.0020"", ""m11@0.0020"", ""m12@0.0020"", ""m13@0.0020"", ""m14@0.0020"", ""m15@0.0045""]","[""C1"", 1000000, 0, 50000, [[400000, 700000]], 455509]"
syn_16_3_4_03,synthetic,16,3,4,0.04,equal_risk,True,5837284,0.032,,119400,,13321685652162784771,"[""m0@0.0020"", ""m1@0.0020"", ""m2@0.0020"", ""m3@0.0020"", ""m4@0.0020"", ""m5@0.0020"", ""m6@0.0020"", ""m7@0.0020"", ""m8@0.0020"", ""m9@0.0020"", ""m10@0.0020"", ""m11@0.0020"", ""m12@0.0020"", ""m13@0.0020"", ""m14@0.0020"", ""m15@0.0020""]","[""C1"", 1000000, 0, 50000, [[400000, 700000]], 455509]"
syn_16_3_4_03,synthetic,16,3,4,0.04,proportional_risk,True,5837284,0.032,,190500,,13321685652162784771,"[""m0@0.0020"", ""m1@0.0020"", ""m2@0.0020"", ""m3@0.0020"", ""m4@0.0020"", ""m5@0.0020"", ""m6@0.0020"", ""m7@0.0020"", ""m8@0.0020"", ""m9@0.0020"", ""m10@0.0020"", ""m11@0.0020"", ""m12@0.0020"", ""m13@0.0020"", ""m14@0.0020"", ""m15@0.0020""]","[""C1"", 1000000, 0, 50000, [[400000, 700000]], 455509]"
syn_16_3_4_03,synthetic,16,3,4,0.04,greedy_gate_catching,True,5125036,0.0395,,1625400,,13321685652162784771,"[""m0@0.0020"", ""m1@0.0020"", ""m2@0.0020"", ""m3@0.0020"", ""m4@0.0020"", ""m5@0.0020"", ""m6@0.0020"", ""m7@0.0020"", ""m8@0.0020"", ""m9@0.0020"", ""m10@0.0020"", ""m11@0.0020"", ""m12@0.0020"", ""m13@0.0045"", ""m14@0.0045"", ""m15@0.0045""]","[""C1"", 1000000, 0, 50000, [[400000, 700000]], 455509]"
syn_16_3_4_04,synthetic,16,3,4,0.04,pareto_dp,True,4012385,0.0395,26.0,329800,,7089418381622540947,"[""m0@0.0020"", ""m1@0.0020"", ""m2@0.0032"", ""m3@0.0045"", ""m4@0.0020"", ""m5@0.0020"", ""m6@0.0020"", ""m7@0.0020"", ""m8@0.0020"", ""m9@0.0020"", ""m10@0.0020"", ""m11@0.0020"", ""m12@0.0020"", ""m13@0.0020"", ""m14@0.0045"", ""m15@0.0032""]","[""C1"", 1000000, 0, 50000, [[400000, 700000]], 455509]"
syn_16_3_4_04,synthetic,16,3,4,0.04,equal_risk,True,5364891,0.032,,116800,,7089418381622540947,"[""m0@0.0020"", ""m1@0.0020"", ""m2@0.0020"", ""m3@0.0020"", ""m4@0.0020"", ""m5@0.0020"", ""m6@0.0020"", ""m7@0.0020"", ""m8@0.0020"", ""m9@0.0020"", ""m10@0.0020"", ""m11@0.0020"", ""m12@0.0020"", ""m13@0.0020"", ""m14@0.0020"", ""m15@0.0020""]","[""C1"", 1000000, 0, 50000, [[400000, 700000]], 455509]"
syn_16_3_4_04,synthetic,16,3,4,0.04,proportional_risk,True,5364891,0.032,,185800,,7089418381622540947,"[""m0@0.0020"", ""m1@0.0020"", ""m2@0.0020"", ""m3@0.0020"", ""m4@0.0020"", ""m5@0.0020"", ""m6@0.0020"", ""m7@0.0020"", ""m8@0.0020"", ""m9@0.0020"", ""m10@0.0020"", ""m11@0.0020"", ""m12@0.0020"", ""m13@0.0020"", ""m14@0.0020"", ""m15@0.0020""]","[""C1"", 1000000, 0, 50000, [[400000, 700000]], 455509]"
syn_16_3_4_04,synthetic,16,3,4,0.04,greedy_gate_catching,True,4818206,0.0395,,1633800,,7089418381622540947,"[""m0@0.0020"", ""m1@0.0020"", ""m2@0.0020"", ""m3@0.0020"", ""m4@0.0020"", ""m5@0.0020"", ""m6@0.0020"", ""m7@0.0020"", ""m8@0.0020"", ""m9@0.0020"", ""m10@0.0020"", ""m11@0.0020"", ""m12@0.0020"", ""m13@0.0045"", ""m14@0.0045"", ""m15@0.0045""]","[""C1"", 1000000, 0, 50000, [[400000, 700000]], 455509]"
syn_16_3_4_05,synthetic,16,3,4,0.04,pareto_dp,True,4465461,0.0395,21.0,333500,,18441516049280372110,"[""m0@0.0020"", ""m1@0.0020"", ""m2@0.0020"", ""m3@0.0032"", ""m4@0.0020"", ""m5@0.0032"", ""m6@0.0045"", ""m7@0.0020"", ""m8@0.0020"", ""m9@0.0020"", ""m10@0.0020"", ""m11@0.0032"", ""m12@0.0020"", ""m13@0.0020"", ""m14@0.0020"", ""m15@0.0032""]","[""C1"", 1000000, 0, 50000, [[400000, 700000]], 455509]"
syn_16_3_4_05,synthetic,16,3,4,0.04,equal_risk,True,6509850,0.032,,120900,,18441516049280372110,"[""m0@0.0020"", ""m1@0.0020"", ""m2@0.0020"", ""m3@0.0020"", ""m4@0.0020"", ""m5@0.0020"", ""m6@0.0020"", ""m7@0.0020"", ""m8@0.0020"", ""m9@0.0020"", ""m10@0.0020"", ""m11@0.0020"", ""m12@0.0020"", ""m13@0.0020"", ""m14@0.0020"", ""m15@0.0020""]","[""C1"", 1000000, 0, 50000, [[400000, 700000]], 455509]"
syn_16_3_4_05,synthetic,16,3,4,0.04,proportional_risk,True,6509850,0.032,,191500,,18441516049280372110,"[""m0@0.0020"", ""m1@0.0020"", ""m2@0.0020"", ""m3@0.0020"", ""m4@0.0020"", ""m5@0.0020"", ""m6@0.0020"", ""m7@0.0020"", ""m8@0.0020"", ""m9@0.0020"", ""m10@0.0020"", ""m11@0.0020"", ""m12@0.0020"", ""m13@0.0020"", ""m14@0.0020"", ""m15@0.0020""]","[""C1"", 1000000, 0, 50000, [[400000, 700000]], 455509]"
syn_16_3_4_05,synthetic,16,3,4,0.04,greedy_gate_catching,True,5108506,0.0395,,1797200,,18441516049280372110,"[""m0@0.0020"", ""m1@0.0020"", ""m2@0.0020"", ""m3@0.0020"", ""m4@0.0020"", ""m5@0.0020"", ""m6@0.0020"", ""m7@0.0020"", ""m8@0.0020"", ""m9@0.0020"", ""m10@0.0032"", ""m11@0.0032"", ""m12@0.0020"", ""m13@0.0020"", ""m14@0.0045"", ""m15@0.0045""]","[""C1"", 1000000, 0, 50000, [[400000, 700000]], 455509]"
syn_16_3_4_06,synthetic,16,3,4,0.04,pareto_dp,True,4775034,0.0395,19.0,225100,,9756938873519843619,"[""m0@0.0020"", ""m1@0.0020"", ""m2@0.0020"", ""m3@0.0020"", ""m4@0.0020"", ""m5@0.0020"", ""m6@0.0020"", ""m7@0.0020"", ""m8@0.0020"", ""m9@0.0020"", ""m10@0.0020"", ""m11@0.0045"", ""m12@0.0020"", ""m13@0.0020"", ""m14@0.0045"", ""m15@0.0045""]","[""C1"", 1000000, 0, 50000, [[400000, 700000]], 455509]"
syn_16_3_4_06,synthetic,16,3,4,0.04,equal_risk,True,5353528,0.032,,118100,,9756938873519843619,"[""m0@0.0020"", ""m1@0.0020"", ""m2@0.0020"", ""m3@0.0020"", ""m4@0.0020"", ""m5@0.0020"", ""m6@0.0020"", ""m7@0.0020"", ""m8@0.0020"", ""m9@0.0020"", ""m10@0.0020"", ""m11@0.0020"", ""m12@0.0020"", ""m13@0.0020"", ""m14@0.0020"", ""m15@0.0020""]","[""C1"", 1000000, 0, 50000, [[400000, 700000]], 455509]"
syn_16_3_4_06,synthetic,16,3,4,0.04,proportional_risk,True,5353528,0.032,,190500,,9756938873519843619,"[""m0@0.0020"", ""m1@0.0020"", ""m2@0.0020"", ""m3@0.0020"", ""m4@0.0020"", ""m5@0.0020"", ""m6@0.0020"", ""m7@0.0020"", ""m8@0.0020"", ""m9@0.0020"", ""m10@0.0020"", ""m11@0.0020"", ""m12@0.0020"", ""m13@0.0020"", ""m14@0.0020"", ""m15@0.0020""]","[""C1"", 1000000, 0, 50000, [[400000, 700000]], 455509]"
syn_16_3_4_06,synthetic,16,3,4,0.04,greedy_gate_catching,True,4775034,0.0395,,1659400,,9756938873519843619,"[""m0@0.0020"", ""m1@0.0020"", ""m2@0.0020"", ""m3@0.0020"", ""m4@0.0020"", ""m5@0.0020"", ""m6@0.0020"", ""m7@0.0020"", ""m8@0.0020"", ""m9@0.0020"", ""m10@0.0032"", ""m11@0.0032"", ""m12@0.0020"", ""m13@0.0020"", ""m14@0.0045"", ""m15@0.0045""]","[""C1"", 1000000, 0, 50000, [[400000, 700000]], 455509]"
syn_16_3_4_07,synthetic,16,3,4,0.04,pareto_dp,True,4952057,0.0395,14.0,289200,,14789116703173330606,"[""m0@0.0020"", ""m1@0.0020"", ""m2@0.0020"", ""m3@0.0032"", ""m4@0.0020"", ""m5@0.0020"", ""m6@0.0020"", ""m7@0.0020"", ""m8@0.0020"", ""m9@0.0020"", ""m10@0.0020"", ""m11@0.0032"", ""m12@0.0020"", ""m13@0.0020"", ""m14@0.0045"", ""m15@0.0045""]","[""C1"", 1000000, 0, 50000, [[400000, 700000]], 455509]"
syn_16_3_4_07,synthetic,16,3,4,0.04,equal_risk,True,6455704,0.032,,117500,,14789116703173330606,"[""m0@0.0020"", ""m1@0.0020"", ""m2@0.0020"", ""m3@0.0020"", ""m4@0.0020"", ""m5@0.0020"", ""m6@0.0020"", ""m7@0.0020"", ""m8@0.0020"", ""m9@0.0020"", ""m10@0.0020"", ""m11@0.0020"", ""m12@0.0020"", ""m13@0.0020"", ""m14@0.0020"", ""m15@0.0020""]","[""C1"", 1000000, 0, 50000, [[400000, 700000]], 455509]"
syn_16_3_4_07,synthetic,16,3,4,0.04,proportional_risk,True,6455704,0.032,,184300,,14789116703173330606,"[""m0@0.0020"", ""m1@0.0020"", ""m2@0.0020"", ""m3@0.0020"", ""m4@0.0020"", ""m5@0.0020"", ""m6@0.0020"", ""m7@0.0020"", ""m8@0.0020"", ""m9@0.0020"", ""m10@0.0020"", ""m11@0.0020"", ""m12@0.0020"", ""m13@0.0020"", ""m14@0.0020"", ""m15@0.0020""]","[""C1"", 1000000, 0, 50000, [[400000, 700000]], 455509]"
syn_16_3_4_07,synthetic,16,3,4,0.04,greedy_gate_catching,True,4952057,0.0395,,1672400,,14789116703173330606,"[""m0@0.0020"", ""m1@0.0020"", ""m2@0.0032"", ""m3@0.0020"", ""m4@0.0020"", ""m5@0.0020"", ""m6@0.0020"", ""m7@0.0032"", ""m8@0.0020"", ""m9@0.0020"", ""m10@0.0020"", ""m11@0.0020"", ""m12@0.0020"", ""m13@0.0020"", ""m14@0.0045"", ""m15@0.0045""]","[""C1"", 1000000, 0, 50000, [[400000, 700000]], 455509]"
syn_16_3_4_08,synthetic,16,3,4,0.04,pareto_dp,True,4668742,0.0395,16.0,283100,,15399063298029773518,"[""m0@0.0020"", ""m1@0.0020"", ""m2@0.0020"", ""m3@0.0032"", ""m4@0.0020"", ""m5@0.0045"", ""m6@0.0045"", ""m7@0.0020"", ""m8@0.0020"", ""m9@0.0020"", ""m10@0.0020"", ""m11@0.0020"", ""m12@0.0020"", ""m13@0.0020"", ""m14@0.0020"", ""m15@0.0032""]","[""C1"", 1000000, 0, 50000, [[400000, 700000]], 455509]"
syn_16_3_4_08,synthetic,16,3,4,0.04,equal_risk,True,5867235,0.032,,116400,,15399063298029773518,"[""m0@0.0020"", ""m1@0.0020"", ""m2@0.0020"", ""m3@0.0020"", ""m4@0.0020"", ""m5@0.0020"", ""m6@0.0020"", ""m7@0.0020"", ""m8@0.0020"", ""m9@0.0020"", ""m10@0.0020"", ""m11@0.0020"", ""m12@0.0020"", ""m13@0.0020"", ""m14@0.0020"", ""m15@0.0020""]","[""C1"", 1000000, 0, 50000, [[400000, 700000]], 455509]"
syn_16_3_4_08,synthetic,16,3,4,0.04,proportional_risk,True,5867235,0.032,,183400,,15399063298029773518,"[""m0@0.0020"", ""m1@0.0020"", ""m2@0.0020"", ""m3@0.0020"", ""m4@0.0020"", ""m5@0.0020"", ""m6@0.0020"", ""m7@0.0020"", ""m8@0.0020"", ""m9@0.0020"", ""m10@0.0020"", ""m11@0.0020"", ""m12@0.0020"", ""m13@0.0020"", ""m14@0.0020"", ""m15@0.0020""]","[""C1"", 1000000, 0, 50000, [[400000, 700000]], 455509]"
syn_16_3_4_08,synthetic,16,3,4,0.04,greedy_gate_catching,True,5141080,0.0395,,1628500,,15399063298029773518,"[""m0@0.0020"", ""m1@0.0020"", ""m2@0.0020"", ""m3@0.0020"", ""m4@0.0020"", ""m5@0.0020"", ""m6@0.0020"", ""m7@0.0020"", ""m8@0.0020"", ""m9@0.0020"", ""m10@0.0020"", ""m11@0.0032"", ""m12@0.0020"", ""m13@0.0032"", ""m14@0.0045"", ""m15@0.0045""]","[""C1"", 1000000, 0, 50000, [[400000, 700000]], 455509]"
syn_16_3_4_09,synthetic,16,3,4,0.04,pareto_dp,True,4686535,0.0395,19.0,336600,,3476672661587729404,"[""m0@0.0020"", ""m1@0.0020"", ""m2@0.0020"", ""m3@0.0045"", ""m4@0.0020"", ""m5@0.0045"", ""m6@0.0045"", ""m7@0.0020"", ""m8@0.0020"", ""m9@0.0020"", ""m10@0.0020"", ""m11@0.0020"", ""m12@0.0020"", ""m13@0.0020"", ""m14@0.0020"", ""m15@0.0020""]","[""C1"", 1000000, 0, 50000, [[400000, 700000]], 455509]"
syn_16_3_4_09,synthetic,16,3,4,0.04,equal_risk,True,6607085,0.032,,124600,,3476672661587729404,"[""m0@0.0020"", ""m1@0.0020"", ""m2@0.0020"", ""m3@0.0020"", ""m4@0.0020"", ""m5@0.0020"", ""m6@0.0020"", ""m7@0.0020"", ""m8@0.0020"", ""m9@0.0020"", ""m10@0.0020"", ""m11@0.0020"", ""m12@0.0020"", ""m13@0.0020"", ""m14@0.0020"", ""m15@0.0020""]","[""C1"", 1000000, 0, 50000, [[400000, 700000]], 455509]"
syn_16_3_4_09,synthetic,16,3,4,0.04,proportional_risk,True,6607085,0.032,,198400,,3476672661587729404,"[""m0@0.0020"", ""m1@0.0020"", ""m2@0.0020"", ""m3@0.0020"", ""m4@0.0020"", ""m5@0.0020"", ""m6@0.0020"", ""m7@0.0020"", ""m8@0.0020"", ""m9@0.0020"", ""m10@0.0020"", ""m11@0.0020"", ""m12@0.0020"", ""m13@0.0020"", ""m14@0.0020"", ""m15@0.0020""]","[""C1"", 1000000, 0, 50000, [[400000, 700000]], 455509]"
syn_16_3_4_09,synthetic,16,3,4,0.04,greedy_gate_catching,True,5100317,0.0395,,1642500,,3476672661587729404,"[""m0@0.0020"", ""m1@0.0020"", ""m2@0.0032"", ""m3@0.0020"", ""m4@0.0020"", ""m5@0.0020"", ""m6@0.0020"", ""m7@0.0020"", ""m8@0.0020"", ""m9@0.0020"", ""m10@0.0020"", ""m11@0.0020"", ""m12@0.0020"", ""m13@0.0032"", ""m14@0.0045"", ""m15@0.0045""]","[""C1"", 1000000, 0, 50000, [[400000, 700000]], 455509]"
syn_16_3_4_10,synthetic,16,3,4,0.04,pareto_dp,True,4936593,0.0395,18.0,314200,,2785320843142093096,"[""m0@0.0020"", ""m1@0.0020"", ""m2@0.0020"", ""m3@0.0020"", ""m4@0.0020"", ""m5@0.0020"", ""m6@0.0020"", ""m7@0.0020"", ""m8@0.0020"", ""m9@0.0020"", ""m10@0.0020"", ""m11@0.0032"", ""m12@0.0020"", ""m13@0.0032"", ""m14@0.0045"", ""m15@0.0045""]","[""C1"", 1000000, 0, 50000, [[400000, 700000]], 455509]"
syn_16_3_4_10,synthetic,16,3,4,0.04,equal_risk,True,5496833,0.032,,116700,,2785320843142093096,"[""m0@0.0020"", ""m1@0.0020"", ""m2@0.0020"", ""m3@0.0020"", ""m4@0.0020"", ""m5@0.0020"", ""m6@0.0020"", ""m7@0.0020"", ""m8@0.0020"", ""m9@0.0020"", ""m10@0.0020"", ""m11@0.0020"", ""m12@0.0020"", ""m13@0.0020"", ""m14@0.0020"", ""m15@0.0020""]","[""C1"", 1000000, 0, 50000, [[400000, 700000]], 455509]"
syn_16_3_4_10,synthetic,16,3,4,0.04,proportional_risk,True,5496833,0.032,,191000,,2785320843142093096,"[""m0@0.0020"", ""m1@0.0020"", ""m2@0.0020"", ""m3@0.0020"", ""m4@0.0020"", ""m5@0.0020"", ""m6@0.0020"", ""m7@0.0020"", ""m8@0.0020"", ""m9@0.0020"", ""m10@0.0020"", ""m11@0.0020"", ""m12@0.0020"", ""m13@0.0020"", ""m14@0.0020"", ""m15@0.0020""]","[""C1"", 1000000, 0, 50000, [[400000, 700000]], 455509]"
syn_16_3_4_10,synthetic,16,3,4,0.04,greedy_gate_catching,True,4936593,0.0395,,1643900,,2785320843142093096,"[""m0@0.0020"", ""m1@0.0020"", ""m2@0.0020"", ""m3@0.0020"", ""m4@0.0020"", ""m5@0.0020"", ""m6@0.0020"", ""m7@0.0032"", ""m8@0.0020"", ""m9@0.0020"", ""m10@0.0020"", ""m11@0.0020"", ""m12@0.0020"", ""m13@0.0032"", ""m14@0.0045"", ""m15@0.0045""]","[""C1"", 1000000, 0, 50000, [[400000, 700000]], 455509]"
syn_16_3_4_11,synthetic,16,3,4,0.04,pareto_dp,True,4421051,0.0395,11.0,223500,,8481239259187332363,"[""m0@0.0020"", ""m1@0.0020"", ""m2@0.0020"", ""m3@0.0020"", ""m4@0.0020"", ""m5@0.0020"", ""m6@0.0020"", ""m7@0.0020"", ""m8@0.0020"", ""m9@0.0020"", ""m10@0.0045"", ""m11@0.0045"", ""m12@0.0020"", ""m13@0.0020"", ""m14@0.0020"", ""m15@0.0045""]","[""C1"", 1000000, 0, 50000, [[400000, 700000]], 455509]"
syn_16_3_4_11,synthetic,16,3,4,0.04,equal_risk,True,5603302,0.032,,119400,,8481239259187332363,"[""m0@0.0020"", ""m1@0.0020"", ""m2@0.0020"", ""m3@0.0020"", ""m4@0.0020"", ""m5@0.0020"", ""m6@0.0020"", ""m7@0.0020"", ""m8@0.0020"", ""m9@0.0020"", ""m10@0.0020"", ""m11@0.0020"", ""m12@0.0020"", ""m13@0.0020"", ""m14@0.0020"", ""m15@0.0020""]","[""C1"", 1000000, 0, 50000, [[400000, 700000]], 455509]"
syn_16_3_4_11,synthetic,16,3,4,0.04,proportional_risk,True,5603302,0.032,,195600,,8481239259187332363,"[""m0@0.0020"", ""m1@0.0020"", ""m2@0.0020"", ""m3@0.0020"", ""m4@0.0020"", ""m5@0.0020"", ""m6@0.0020"", ""m7@0.0020"", ""m8@0.0020"", ""m9@0.0020"", ""m10@0.0020"", ""m11@0.0020"", ""m12@0.0020"", ""m13@0.0020"", ""m14@0.0020"", ""m15@0.0020""]","[""C1"", 1000000, 0, 50000, [[400000, 700000]], 455509]"
syn_16_3_4_11,synthetic,16,3,4,0.04,greedy_gate_catching,True,5006820,0.0395,,1625700,,8481239259187332363,"[""m0@0.0020"", ""m1@0.0020"", ""m2@0.0020"", ""m3@0.0020"", ""m4@0.0020"", ""m5@0.0020"", ""m6@0.0020"", ""m7@0.0020"", ""m8@0.0020"", ""m9@0.0020"", ""m10@0.0020"", ""m11@0.0020"", ""m12@0.0020"", ""m13@0.0045"", ""m14@0.0045"", ""m15@0.0045""]","[""C1"", 1000000, 0, 50000, [[400000, 700000]], 455509]"
syn_16_3_4_12,synthetic,16,3,4,0.04,pareto_dp,True,5285099,0.0395,19.0,260300,,1842682397167893317,"[""m0@0.0020"", ""m1@0.0020"", ""m2@0.0020"", ""m3@0.0020"", ""m4@0.0020"", ""m5@0.0020"", ""m6@0.0020"", ""m7@0.0032"", ""m8@0.0020"", ""m9@0.0020"", ""m10@0.0020"", ""m11@0.0045"", ""m12@0.0020"", ""m13@0.0020"", ""m14@0.0032"", ""m15@0.0045""]","[""C1"", 1000000, 0, 50000, [[400000, 700000]], 455509]"
syn_16_3_4_12,synthetic,16,3,4,0.04,equal_risk,True,6825908,0.032,,116200,,1842682397167893317,"[""m0@0.0020"", ""m1@0.0020"", ""m2@0.0020"", ""m3@0.0020"", ""m4@0.0020"", ""m5@0.0020"", ""m6@0.0020"", ""m7@0.0020"", ""m8@0.0020"", ""m9@0.0020"", ""m10@0.0020"", ""m11@0.0020"", ""m12@0.0020"", ""m13@0.0020"", ""m14@0.0020"", ""m15@0.0020""]","[""C1"", 1000000, 0, 50000, [[400000, 700000]], 455509]"
syn_16_3_4_12,synthetic,16,3,4,0.04,proportional_risk,True,6825908,0.032,,183200,,1842682397167893317,"[""m0@0.0020"", ""m1@0.0020"", ""m2@0.0020"", ""m3@0.0020"", ""m4@0.0020"", ""m5@0.0020"", ""m6@0.0020"", ""m7@0.0020"", ""m8@0.0020"", ""m9@0.0020"", ""m10@0.0020"", ""m11@0.0020"", ""m12@0.0020"", ""m13@0.0020"", ""m14@0.0020"", ""m15@0.0020""]","[""C1"", 1000000, 0, 50000, [[400000, 700000]], 455509]"
syn_16_3_4_12,synthetic,16,3,4,0.04,greedy_gate_catching,True,6072655,0.0395,,1609400,,1842682397167893317,"[""m0@0.0020"", ""m1@0.0020"", ""m2@0.0020"", ""m3@0.0020"", ""m4@0.0020"", ""m5@0.0020"", ""m6@0.0020"", ""m7@0.0020"", ""m8@0.0020"", ""m9@0.0020"", ""m10@0.0020"", ""m11@0.0020"", ""m12@0.0020"", ""m13@0.0045"", ""m14@0.0045"", ""m15@0.0045""]","[""C1"", 1000000, 0, 50000, [[400000, 700000]], 455509]"
syn_16_3_4_13,synthetic,16,3,4,0.04,pareto_dp,True,3967456,0.0395,26.0,339400,,11689379895114145909,"[""m0@0.0020"", ""m1@0.0020"", ""m2@0.0020"", ""m3@0.0032"", ""m4@0.0020"", ""m5@0.0020"", ""m6@0.0045"", ""m7@0.0020"", ""m8@0.0020"", ""m9@0.0032"", ""m10@0.0020"", ""m11@0.0020"", ""m12@0.0020"", ""m13@0.0020"", ""m14@0.0045"", ""m15@0.0020""]","[""C1"", 1000000, 0, 50000, [[400000, 700000]], 455509]"
syn_16_3_4_13,synthetic,16,3,4,0.04,equal_risk,True,5167385,0.032,,119400,,11689379895114145909,"[""m0@0.0020"", ""m1@0.0020"", ""m2@0.0020"", ""m3@0.0020"", ""m4@0.0020"", ""m5@0.0020"", ""m6@0.0020"", ""m7@0.0020"", ""m8@0.0020"", ""m9@0.0020"", ""m10@0.0020"", ""m11@0.0020"", ""m12@0.0020"", ""m13@0.0020"", ""m14@0.0020"", ""m15@0.0020""]","[""C1"", 1000000, 0, 50000, [[400000, 700000]], 455509]"
syn_16_3_4_13,synthetic,16,3,4,0.04,proportional_risk,True,5167385,0.032,,190000,,11689379895114145909,"[""m0@0.0020"", ""m1@0.0020"", ""m2@0.0020"", ""m3@0.0020"", ""m4@0.0020"", ""m5@0.0020"", ""m6@0.0020"", ""m7@0.0020"", ""m8@0.0020"", ""m9@0.0020"", ""m10@0.0020"", ""m11@0.0020"", ""m12@0.0020"", ""m13@0.0020"", ""m14@0.0020"", ""m15@0.0020""]","[""C1"", 1000000, 0, 50000, [[400000, 700000]], 455509]"
syn_16_3_4_13,synthetic,16,3,4,0.04,greedy_gate_catching,True,4770101,0.0395,,1625000,,11689379895114145909,"[""m0@0.0020"", ""m1@0.0020"", ""m2@0.0020"", ""m3@0.0020"", ""m4@0.0020"", ""m5@0.0020"", ""m6@0.0020"", ""m7@0.0020"", ""m8@0.0020"", ""m9@0.0020"", ""m10@0.0020"", ""m11@0.0020"", ""m12@0.0020"", ""m13@0.0045"", ""m14@0.0045"", ""m15@0.0045""]","[""C1"", 1000000, 0, 50000, [[400000, 700000]], 455509]"
syn_16_3_4_14,synthetic,16,3,4,0.04,pareto_dp,True,4856770,0.0395,18.0,275800,,7907712213289632841,"[""m0@0.0020"", ""m1@0.0020"", ""m2@0.0020"", ""m3@0.0020"", ""m4@0.0020"", ""m5@0.0020"", ""m6@0.0020"", ""m7@0.0020"", ""m8@0.0020"", ""m9@0.0020"", ""m10@0.0020"", ""m11@0.0020"", ""m12@0.0020"", ""m13@0.0045"", ""m14@0.0045"", ""m15@0.0045""]","[""C1"", 1000000, 0, 50000, [[400000, 700000]], 455509]"
syn_16_3_4_14,synthetic,16,3,4,0.04,equal_risk,True,5278161,0.032,,116500,,7907712213289632841,"[""m0@0.0020"", ""m1@0.0020"", ""m2@0.0020"", ""m3@0.0020"", ""m4@0.0020"", ""m5@0.0020"", ""m6@0.0020"", ""m7@0.0020"", ""m8@0.0020"", ""m9@0.0020"", ""m10@0.0020"", ""m11@0.0020"", ""m12@0.0020"", ""m13@0.0020"", ""m14@0.0020"", ""m15@0.0020""]","[""C1"", 1000000, 0, 50000, [[400000, 700000]], 455509]"
syn_16_3_4_14,synthetic,16,3,4,0.04,proportional_risk,True,5278161,0.032,,183200,,7907712213289632841,"[""m0@0.0020"", ""m1@0.0020"", ""m2@0.0020"", ""m3@0.0020"", ""m4@0.0020"", ""m5@0.0020"", ""m6@0.0020"", ""m7@0.0020"", ""m8@0.0020"", ""m9@0.0020"", ""m10@0.0020"", ""m11@0.0020"", ""m12@0.0020"", ""m13@0.0020"", ""m14@0.0020"", ""m15@0.0020""]","[""C1"", 1000000, 0, 50000, [[400000, 700000]], 455509]"
syn_16_3_4_14,synthetic,16,3,4,0.04,greedy_gate_catching,True,4856770,0.0395,,1612000,,7907712213289632841,"[""m0@0.0020"", ""m1@0.0020"", ""m2@0.0020"", ""m3@0.0020"", ""m4@0.0020"", ""m5@0.0020"", ""m6@0.0020"", ""m7@0.0020"", ""m8@0.0020"", ""m9@0.0020"", ""m10@0.0020"", ""m11@0.0020"", ""m12@0.0020"", ""m13@0.0045"", ""m14@0.0045"", ""m15@0.0045""]","[""C1"", 1000000, 0, 50000, [[400000, 700000]], 455509]"
syn_16_3_4_15,synthetic,16,3,4,0.04,pareto_dp,True,4192995,0.0395,22.0,285100,,8961580150887588484,"[""m0@0.0020"", ""m1@0.0020"", ""m2@0.0020"", ""m3@0.0020"", ""m4@0.0020"", ""m5@0.0020"", ""m6@0.0045"", ""m7@0.0020"", ""m8@0.0020"", ""m9@0.0020"", ""m10@0.0020"", ""m11@0.0020"", ""m12@0.0020"", ""m13@0.0020"", ""m14@0.0045"", ""m15@0.0045""]","[""C1"", 1000000, 0, 50000, [[400000, 700000]], 455509]"
syn_16_3_4_15,synthetic,16,3,4,0.04,equal_risk,True,5685005,0.032,,116800,,8961580150887588484,"[""m0@0.0020"", ""m1@0.0020"", ""m2@0.0020"", ""m3@0.0020"", ""m4@0.0020"", ""m5@0.0020"", ""m6@0.0020"", ""m7@0.0020"", ""m8@0.0020"", ""m9@0.0020"", ""m10@0.0020"", ""m11@0.0020"", ""m12@0.0020"", ""m13@0.0020"", ""m14@0.0020"", ""m15@0.0020""]","[""C1"", 1000000, 0, 50000, [[400000, 700000]], 455509]"
syn_16_3_4_15,synthetic,16,3,4,0.04,proportional_risk,True,5685005,0.032,,187400,,8961580150887588484,"[""m0@0.0020"", ""m1@0.0020"", ""m2@0.0020"", ""m3@0.0020"", ""m4@0.0020"", ""m5@0.0020"", ""m6@0.0020"", ""m7@0.0020"", ""m8@0.0020"", ""m9@0.0020"", ""m10@0.0020"", ""m11@0.0020"", ""m12@0.0020"", ""m13@0.0020"", ""m14@0.0020"", ""m15@0.0020""]","[""C1"", 1000000, 0, 50000, [[400000, 700000]], 455509]"
syn_16_3_4_15,synthetic,16,3,4,0.04,greedy_gate_catching,True,5134825,0.0395,,1625200,,8961580150887588484,"[""m0@0.0020"", ""m1@0.0020"", ""m2@0.0020"", ""m3@0.0020"", ""m4@0.0020"", ""m5@0.0020"", ""m6@0.0020"", ""m7@0.0020"", ""m8@0.0020"", ""m9@0.0020"", ""m10@0.0020"", ""m11@0.0020"", ""m12@0.0020"", ""m13@0.0045"", ""m14@0.0045"", ""m15@0.0045""]","[""C1"", 1000000, 0, 50000, [[400000, 700000]], 455509]"
syn_16_3_4_16,synthetic,16,3,4,0.04,pareto_dp,True,4929264,0.0395,10.0,238300,,13068245069853854227,"[""m0@0.0020"", ""m1@0.0020"", ""m2@0.0020"", ""m3@0.0020"", ""m4@0.0020"", ""m5@0.0020"", ""m6@0.0020"", ""m7@0.0020"", ""m8@0.0020"", ""m9@0.0020"", ""m10@0.0020"", ""m11@0.0020"", ""m12@0.0020"", ""m13@0.0045"", ""m14@0.0045"", ""m15@0.0045""]","[""C1"", 1000000, 0, 50000, [[400000, 700000]], 455509]"
syn_16_3_4_16,synthetic,16,3,4,0.04,equal_risk,True,5493059,0.032,,120300,,13068245069853854227,"[""m0@0.0020"", ""m1@0.0020"", ""m2@0.0020"", ""m3@0.0020"", ""m4@0.0020"", ""m5@0.0020"", ""m6@0.0020"", ""m7@0.0020"", ""m8@0.0020"", ""m9@0.0020"", ""m10@0.0020"", ""m11@0.0020"", ""m12@0.0020"", ""m13@0.0020"", ""m14@0.0020"", ""m15@0.0020""]","[""C1"", 1000000, 0, 50000, [[400000, 700000]], 455509]"
syn_16_3_4_16,synthetic,16,3,4,0.04,proportional_risk,True,5493059,0.032,,189200,,13068245069853854227,"[""m0@0.0020"", ""m1@0.0020"", ""m2@0.0020"", ""m3@0.0020"", ""m4@0.0020"", ""m5@0.0020"", ""m6@0.0020"", ""m7@0.0020"", ""m8@0.0020"", ""m9@0.0020"", ""m10@0.0020"", ""m11@0.0020"", ""m12@0.0020"", ""m13@0.0020"", ""m14@0.0020"", ""m15@0.0020""]","[""C1"", 1000000, 0, 50000, [[400000, 700000]], 455509]"
syn_16_3_4_16,synthetic,16,3,4,0.04,greedy_gate_catching,True,4929264,0.0395,,1619600,,13068245069853854227,"[""m0@0.0020"", ""m1@0.0020"", ""m2@0.0020"", ""m3@0.0020"", ""m4@0.0020"", ""m5@0.0020"", ""m6@0.0020"", ""m7@0.0020"", ""m8@0.0020"", ""m9@0.0020"", ""m10@0.0020"", ""m11@0.0020"", ""m12@0.0020"", ""m13@0.0045"", ""m14@0.0045"", ""m15@0.0045""]","[""C1"", 1000000, 0, 50000, [[400000, 700000]], 455509]"
syn_16_3_4_17,synthetic,16,3,4,0.04,pareto_dp,True,4194197,0.0395,9.0,201500,,5601349417834408118,"[""m0@0.0020"", ""m1@0.0020"", ""m2@0.0020"", ""m3@0.0020"", ""m4@0.0020"", ""m5@0.0020"", ""m6@0.0020"", ""m7@0.0020"", ""m8@0.0020"", ""m9@0.0020"", ""m10@0.0045"", ""m11@0.0045"", ""m12@0.0032"", ""m13@0.0020"", ""m14@0.0020"", ""m15@0.0032""]","[""C1"", 1000000, 0, 50000, [[400000, 700000]], 455509]"
syn_16_3_4_17,synthetic,16,3,4,0.04,equal_risk,True,5051961,0.032,,116700,,5601349417834408118,"[""m0@0.0020"", ""m1@0.0020"", ""m2@0.0020"", ""m3@0.0020"", ""m4@0.0020"", ""m5@0.0020"", ""m6@0.0020"", ""m7@0.0020"", ""m8@0.0020"", ""m9@0.0020"", ""m10@0.0020"", ""m11@0.0020"", ""m12@0.0020"", ""m13@0.0020"", ""m14@0.0020"", ""m15@0.0020""]","[""C1"", 1000000, 0, 50000, [[400000, 700000]], 455509]"
syn_16_3_4_17,synthetic,16,3,4,0.04,proportional_risk,True,5051961,0.032,,181100,,5601349417834408118,"[""m0@0.0020"", ""m1@0.0020"", ""m2@0.0020"", ""m3@0.0020"", ""m4@0.0020"", ""m5@0.0020"", ""m6@0.0020"", ""m7@0.0020"", ""m8@0.0020"", ""m9@0.0020"", ""m10@0.0020"", ""m11@0.0020"", ""m12@0.0020"", ""m13@0.0020"", ""m14@0.0020"", ""m15@0.0020""]","[""C1"", 1000000, 0, 50000, [[400000, 700000]], 455509]"
syn_16_3_4_17,synthetic,16,3,4,0.04,greedy_gate_catching,True,4664911,0.0395,,1636000,,5601349417834408118,"[""m0@0.0020"", ""m1@0.0020"", ""m2@0.0020"", ""m3@0.0020"", ""m4@0.0020"", ""m5@0.0020"", ""m6@0.0020"", ""m7@0.0020"", ""m8@0.0020"", ""m9@0.0020"", ""m10@0.0020"", ""m11@0.0020"", ""m12@0.0020"", ""m13@0.0045"", ""m14@0.0045"", ""m15@0.0045""]","[""C1"", 1000000, 0, 50000, [[400000, 700000]], 455509]"
syn_16_3_4_18,synthetic,16,3,4,0.04,pareto_dp,True,4160923,0.0395,16.0,302000,,1020066672658658701,"[""m0@0.0020"", ""m1@0.0045"", ""m2@0.0045"", ""m3@0.0045"", ""m4@0.0020"", ""m5@0.0020"", ""m6@0.0020"", ""m7@0.0020"", ""m8@0.0020"", ""m9@0.0020"", ""m10@0.0020"", ""m11@0.0020"", ""m12@0.0020"", ""m13@0.0020"", ""m14@0.0020"", ""m15@0.0020""]","[""C1"", 1000000, 0, 50000, [[400000, 700000]], 455509]"
syn_16_3_4_18,synthetic,16,3,4,0.04,equal_risk,True,5160923,0.032,,117700,,1020066672658658701,"[""m0@0.0020"", ""m1@0.0020"", ""m2@0.0020"", ""m3@0.0020"", ""m4@0.0020"", ""m5@0.0020"", ""m6@0.0020"", ""m7@0.0020"", ""m8@0.0020"", ""m9@0.0020"", ""m10@0.0020"", ""m11@0.0020"", ""m12@0.0020"", ""m13@0.0020"", ""m14@0.0020"", ""m15@0.0020""]","[""C1"", 1000000, 0, 50000, [[400000, 700000]], 455509]"
syn_16_3_4_18,synthetic,16,3,4,0.04,proportional_risk,True,5160923,0.032,,191100,,1020066672658658701,"[""m0@0.0020"", ""m1@0.0020"", ""m2@0.0020"", ""m3@0.0020"", ""m4@0.0020"", ""m5@0.0020"", ""m6@0.0020"", ""m7@0.0020"", ""m8@0.0020"", ""m9@0.0020"", ""m10@0.0020"", ""m11@0.0020"", ""m12@0.0020"", ""m13@0.0020"", ""m14@0.0020"", ""m15@0.0020""]","[""C1"", 1000000, 0, 50000, [[400000, 700000]], 455509]"
syn_16_3_4_18,synthetic,16,3,4,0.04,greedy_gate_catching,True,4766197,0.0395,,1673600,,1020066672658658701,"[""m0@0.0020"", ""m1@0.0020"", ""m2@0.0020"", ""m3@0.0020"", ""m4@0.0020"", ""m5@0.0020"", ""m6@0.0020"", ""m7@0.0020"", ""m8@0.0020"", ""m9@0.0020"", ""m10@0.0020"", ""m11@0.0020"", ""m12@0.0020"", ""m13@0.0045"", ""m14@0.0045"", ""m15@0.0045""]","[""C1"", 1000000, 0, 50000, [[400000, 700000]], 455509]"
syn_16_3_4_19,synthetic,16,3,4,0.04,pareto_dp,True,3797686,0.0395,20.0,368600,,12471805563483991709,"[""m0@0.0020"", ""m1@0.0020"", ""m2@0.0020"", ""m3@0.0020"", ""m4@0.0020"", ""m5@0.0032"", ""m6@0.0045"", ""m7@0.0020"", ""m8@0.0020"", ""m9@0.0020"", ""m10@0.0020"", ""m11@0.0020"", ""m12@0.0020"", ""m13@0.0020"", ""m14@0.0032"", ""m15@0.0045""]","[""C1"", 1000000, 0, 50000, [[400000, 700000]], 455509]"
syn_16_3_4_19,synthetic,16,3,4,0.04,equal_risk,True,5021577,0.032,,122900,,12471805563483991709,"[""m0@0.0020"", ""m1@0.0020"", ""m2@0.0020"", ""m3@0.0020"", ""m4@0.0020"", ""m5@0.0020"", ""m6@0.0020"", ""m7@0.0020"", ""m8@0.0020"", ""m9@0.0020"", ""m10@0.0020"", ""m11@0.0020"", ""m12@0.0020"", ""m13@0.0020"", ""m14@0.0020"", ""m15@0.0020""]","[""C1"", 1000000, 0, 50000, [[400000, 700000]], 455509]"
syn_16_3_4_19,synthetic,16,3,4,0.04,proportional_risk,True,5021577,0.032,,194000,,12471805563483991709,"[""m0@0.0020"", ""m1@0.0020"", ""m2@0.0020"", ""m3@0.0020"", ""m4@0.0020"", ""m5@0.0020"", ""m6@0.0020"", ""m7@0.0020"", ""m8@0.0020"", ""m9@0.0020"", ""m10@0.0020"", ""m11@0.0020"", ""m12@0.0020"", ""m13@0.0020"", ""m14@0.0020"", ""m15@0.0020""]","[""C1"", 1000000, 0, 50000, [[400000, 700000]], 455509]"
syn_16_3_4_19,synthetic,16,3,4,0.04,greedy_gate_catching,True,4689022,0.0395,,1687700,,12471805563483991709,"[""m0@0.0020"", ""m1@0.0020"", ""m2@0.0020"", ""m3@0.0020"", ""m4@0.0020"", ""m5@0.0020"", ""m6@0.0020"", ""m7@0.0020"", ""m8@0.0020"", ""m9@0.0020"", ""m10@0.0020"", ""m11@0.0020"", ""m12@0.0020"", ""m13@0.0045"", ""m14@0.0045"", ""m15@0.0045""]","[""C1"", 1000000, 0, 50000, [[400000, 700000]], 455509]"
syn_16_6_1_00,synthetic,16,6,1,0.04,pareto_dp,True,3112369,0.04,108.0,2921200,,1046611506110476264,"[""m0@0.0020"", ""m1@0.0020"", ""m2@0.0020"", ""m3@0.0045"", ""m4@0.0020"", ""m5@0.0020"", ""m6@0.0020"", ""m7@0.0045"", ""m8@0.0020"", ""m9@0.0020"", ""m10@0.0040"", ""m11@0.0020"", ""m12@0.0020"", ""m13@0.0020"", ""m14@0.0020"", ""m15@0.0030""]","[""C1"", 1000000, 0, 50000, [[400000, 700000]], 455509]"
syn_16_6_1_00,synthetic,16,6,1,0.04,equal_risk,True,4120431,0.032,,211700,,1046611506110476264,"[""m0@0.0020"", ""m1@0.0020"", ""m2@0.0020"", ""m3@0.0020"", ""m4@0.0020"", ""m5@0.0020"", ""m6@0.0020"", ""m7@0.0020"", ""m8@0.0020"", ""m9@0.0020"", ""m10@0.0020"", ""m11@0.0020"", ""m12@0.0020"", ""m13@0.0020"", ""m14@0.0020"", ""m15@0.0020""]","[""C1"", 1000000, 0, 50000, [[400000, 700000]], 455509]"
syn_16_6_1_00,synthetic,16,6,1,0.04,proportional_risk,True,4120431,0.032,,292900,,1046611506110476264,"[""m0@0.0020"", ""m1@0.0020"", ""m2@0.0020"", ""m3@0.0020"", ""m4@0.0020"", ""m5@0.0020"", ""m6@0.0020"", ""m7@0.0020"", ""m8@0.0020"", ""m9@0.0020"", ""m10@0.0020"", ""m11@0.0020"", ""m12@0.0020"", ""m13@0.0020"", ""m14@0.0020"", ""m15@0.0020""]","[""C1"", 1000000, 0, 50000, [[400000, 700000]], 455509]"
syn_16_6_1_00,synthetic,16,6,1,0.04,greedy_gate_catching,True,3608652,0.04,,6270900,,1046611506110476264,"[""m0@0.0020"", ""m1@0.0020"", ""m2@0.0020"", ""m3@0.0020"", ""m4@0.0020"", ""m5@0.0020"", ""m6@0.0020"", ""m7@0.0020"", ""m8@0.0020"", ""m9@0.0020"", ""m10@0.0040"", ""m11@0.0035"", ""m12@0.0020"", ""m13@0.0025"", ""m14@0.0035"", ""m15@0.0045""]","[""C1"", 1000000, 0, 50000, [[400000, 700000]], 455509]"
syn_16_6_1_01,synthetic,16,6,1,0.04,pareto_dp,True,3793363,0.04,132.0,3509000,,769713062038141725,"[""m0@0.0020"", ""m1@0.0020"", ""m2@0.0045"", ""m3@0.0045"", ""m4@0.0020"", ""m5@0.0020"", ""m6@0.0035"", ""m7@0.0035"", ""m8@0.0020"", ""m9@0.0020"", ""m10@0.0020"", ""m11@0.0020"", ""m12@0.0020"", ""m13@0.0020"", ""m14@0.0020"", ""m15@0.0020""]","[""C1"", 1000000, 0, 50000, [[400000, 700000]], 455509]"
syn_16_6_1_01,synthetic,16,6,1,0.04,equal_risk,True,4725447,0.032,,212400,,769713062038141725,"[""m0@0.0020"", ""m1@0.0020"", ""m2@0.0020"", ""m3@0.0020"", ""m4@0.0020"", ""m5@0.0020"", ""m6@0.0020"", ""m7@0.0020"", ""m8@0.0020"", ""m9@0.0020"", ""m10@0.0020"", ""m11@0.0020"", ""m12@0.0020"", ""m13@0.0020"", ""m14@0.0020"", ""m15@0.0020""]","[""C1"", 1000000, 0, 50000, [[400000, 700000]], 455509]"
syn_16_6_1_01,synthetic,16,6,1,0.04,proportional_risk,True,4725447,0.032,,304000,,769713062038141725,"[""m0@0.0020"", ""m1@0.0020"", ""m2@0.0020"", ""m3@0.0020"", ""m4@0.0020"", ""m5@0.0020"", ""m6@0.0020"", ""m7@0.0020"", ""m8@0.0020"", ""m9@0.0020"", ""m10@0.0020"", ""m11@0.0020"", ""m12@0.0020"", ""m13@0.0020"", ""m14@0.0020"", ""m15@0.0020""]","[""C1"", 1000000, 0, 50000, [[400000, 700000]], 455509]"
syn_16_6_1_01,synthetic,16,6,1,0.04,greedy_gate_catching,True,3821554,0.04,,6087700,,769713062038141725,"[""m0@0.0020"", ""m1@0.0020"", ""m2@0.0020"", ""m3@0.0030"", ""m4@0.0020"", ""m5@0.0020"", ""m6@0.0020"", ""m7@0.0020"", ""m8@0.0020"", ""m9@0.0020"", ""m10@0.0045"", ""m11@0.0045"", ""m12@0.0020"", ""m13@0.0020"", ""m14@0.0030"", ""m15@0.0030""]","[""C1"", 1000000, 0, 50000, [[400000, 700000]], 455509]"
syn_16_6_1_02,synthetic,16,6,1,0.04,pareto_dp,True,2848882,0.04,117.0,3093200,,8498201335940255647,"[""m0@0.0020"", ""m1@0.0020"", ""m2@0.0020"", ""m3@0.0045"", ""m4@0.0020"", ""m5@0.0020"", ""m6@0.0020"", ""m7@0.0040"", ""m8@0.0020"", ""m9@0.0020"", ""m10@0.0045"", ""m11@0.0025"", ""m12@0.0020"", ""m13@0.0020"", ""m14@0.0020"", ""m15@0.0025""]","[""C1"", 1000000, 0, 50000, [[400000, 700000]], 455509]"
syn_16_6_1_02,synthetic,16,6,1,0.04,equal_risk,True,3847543,0.032,,203800,,8498201335940255647,"[""m0@0.0020"", ""m1@0.0020"", ""m2@0.0020"", ""m3@0.0020"", ""m4@0.0020"", ""m5@0.0020"", ""m6@0.0020"", ""m7@0.0020"", ""m8@0.0020"", ""m9@0.0020"", ""m10@0.0020"", ""m11@0.0020"", ""m12@0.0020"", ""m13@0.0020"", ""m14@0.0020"", ""m15@0.0020""]","[""C1"", 1000000, 0, 50000, [[400000, 700000]], 455509]"
syn_16_6_1_02,synthetic,16,6,1,0.04,proportional_risk,True,3847543,0.032,,293800,,8498201335940255647,"[""m0@0.0020"", ""m1@0.0020"", ""m2@0.0020"", ""m3@0.0020"", ""m4@0.0020"", ""m5@0.0020"", ""m6@0.0020"", ""m7@0.0020"", ""m8@0.0020"", ""m9@0.0020"", ""m10@0.0020"", ""m11@0.0020"", ""m12@0.0020"", ""m13@0.0020"", ""m14@0.0020"", ""m15@0.0020""]","[""C1"", 1000000, 0, 50000, [[400000, 700000]], 455509]"
syn_16_6_1_02,synthetic,16,6,1,0.04,greedy_gate_catching,True,3369478,0.04,,6078500,,8498201335940255647,"[""m0@0.0020"", ""m1@0.0020"", ""m2@0.0020"", ""m3@0.0020"", ""m4@0.0020"", ""m5@0.0020"", ""m6@0.0020"", ""m7@0.0020"", ""m8@0.0020"", ""m9@0.0020"", ""m10@0.0045"", ""m11@0.0045"", ""m12@0.0020"", ""m13@0.0020"", ""m14@0.0035"", ""m15@0.0035""]","[""C1"", 1000000, 0, 50000, [[400000, 700000]], 455509]"
syn_16_6_1_03,synthetic,16,6,1,0.04,pareto_dp,True,4088587,0.04,115.0,3028300,,1552133945182811930,"[""m0@0.0020"", ""m1@0.0020"", ""m2@0.0020"", ""m3@0.0035"", ""m4@0.0020"", ""m5@0.0020"", ""m6@0.0020"", ""m7@0.0020"", ""m8@0.0020"", ""m9@0.0020"", ""m10@0.0035"", ""m11@0.0045"", ""m12@0.0020"", ""m13@0.0020"", ""m14@0.0020"", ""m15@0.0045""]","[""C1"", 1000000, 0, 50000, [[400000, 700000]], 455509]"
syn_16_6_1_03,synthetic,16,6,1,0.04,equal_risk,True,5178919,0.032,,202500,,1552133945182811930,"[""m0@0.0020"", ""m1@0.0020"", ""m2@0.0020"", ""m3@0.0020"", ""m4@0.0020"", ""m5@0.0020"", ""m6@0.0020"", ""m7@0.0020"", ""m8@0.0020"", ""m9@0.0020"", ""m10@0.0020"", ""m11@0.0020"", ""m12@0.0020"", ""m13@0.0020"", ""m14@0.0020"", ""m15@0.0020""]","[""C1"", 1000000, 0, 50000, [[400000, 700000]], 455509]"
syn_16_6_1_03,synthetic,16,6,1,0.04,proportional_risk,True,5178919,0.032,,297900,,1552133945182811930,"[""m0@0.0020"", ""m1@0.0020"", ""m2@0.0020"", ""m3@0.0020"", ""m4@0.0020"", ""m5@0.0020"", ""m6@0.0020"", ""m7@0.0020"", ""m8@0.0020"", ""m9@0.0020"", ""m10@0.0020"", ""m11@0.0020"", ""m12@0.0020"", ""m13@0.0020"", ""m14@0.0020"", ""m15@0.0020""]","[""C1"", 1000000, 0, 50000, [[400000, 700000]], 455509]"
syn_16_6_1_03,synthetic,16,6,1,0.04,greedy_gate_catching,True,4230848,0.04,,6166700,,1552133945182811930,"[""m0@0.0020"", ""m1@0.0020"", ""m2@0.0020"", ""m3@0.0025"", ""m4@0.0020"", ""m5@0.0020"", ""m6@0.0020"", ""m7@0.0030"", ""m8@0.0020"", ""m9@0.0020"", ""m10@0.0045"", ""m11@0.0045"", ""m12@0.0020"", ""m13@0.0020"", ""m14@0.0025"", ""m15@0.0030""]","[""C1"", 1000000, 0, 50000, [[400000, 700000]], 455509]"
syn_16_6_1_04,synthetic,16,6,1,0.04,pareto_dp,True,3924201,0.04,115.0,3022600,,12623468461592058862,"[""m0@0.0020"", ""m1@0.0020"", ""m2@0.0020"", ""m3@0.0040"", ""m4@0.0020"", ""m5@0.0020"", ""m6@0.0020"", ""m7@0.0030"", ""m8@0.0020"", ""m9@0.0020"", ""m10@0.0020"", ""m11@0.0040"", ""m12@0.0020"", ""m13@0.0020"", ""m14@0.0025"", ""m15@0.0045""]","[""C1"", 1000000, 0, 50000, [[400000, 700000]], 455509]"
syn_16_6_1_04,synthetic,16,6,1,0.04,equal_risk,True,5550165,0.032,,200900,,12623468461592058862,"[""m0@0.0020"", ""m1@0.0020"", ""m2@0.0020"", ""m3@0.0020"", ""m4@0.0020"", ""m5@0.0020"", ""m6@0.0020"", ""m7@0.0020"", ""m8@0.0020"", ""m9@0.0020"", ""m10@0.0020"", ""m11@0.0020"", ""m12@0.0020"", ""m13@0.0020"", ""m14@0.0020"", ""m15@0.0020""]","[""C1"", 1000000, 0, 50000, [[400000, 700000]], 455509]"
syn_16_6_1_04,synthetic,16,6,1,0.04,proportional_risk,True,5550165,0.032,,301300,,12623468461592058862,"[""m0@0.0020"", ""m1@0.0020"", ""m2@0.0020"", ""m3@0.0020"", ""m4@0.0020"", ""m5@0.0020"", ""m6@0.0020"", ""m7@0.0020"", ""m8@0.0020"", ""m9@0.0020"", ""m10@0.0020"", ""m11@0.0020"", ""m12@0.0020"", ""m13@0.0020"", ""m14@0.0020"", ""m15@0.0020""]","[""C1"", 1000000, 0, 50000, [[400000, 700000]], 455509]"
syn_16_6_1_04,synthetic,16,6,1,0.04,greedy_gate_catching,True,4764354,0.04,,6112500,,12623468461592058862,"[""m0@0.0020"", ""m1@0.0020"", ""m2@0.0020"", ""m3@0.0020"", ""m4@0.0020"", ""m5@0.0020"", ""m6@0.0020"", ""m7@0.0020"", ""m8@0.0020"", ""m9@0.0020"", ""m10@0.0035"", ""m11@0.0045"", ""m12@0.0020"", ""m13@0.0020"", ""m14@0.0035"", ""m15@0.0045""]","[""C1"", 1000000, 0, 50000, [[400000, 700000]], 455509]"
syn_16_6_1_05,synthetic,16,6,1,0.04,pareto_dp,True,3443485,0.04,151.0,3990000,,17392369865621404093,"[""m0@0.0020"", ""m1@0.0020"", ""m2@0.0040"", ""m3@0.0020"", ""m4@0.0020"", ""m5@0.0020"", ""m6@0.0025"", ""m7@0.0045"", ""m8@0.0020"", ""m9@0.0020"", ""m10@0.0020"", ""m11@0.0025"", ""m12@0.0020"", ""m13@0.0020"", ""m14@0.0020"", ""m15@0.0045""]","[""C1"", 1000000, 0, 50000, [[400000, 700000]], 455509]"
syn_16_6_1_05,synthetic,16,6,1,0.04,equal_risk,True,4755643,0.032,,201800,,17392369865621404093,"[""m0@0.0020"", ""m1@0.0020"", ""m2@0.0020"", ""m3@0.0020"", ""m4@0.0020"", ""m5@0.0020"", ""m6@0.0020"", ""m7@0.0020"", ""m8@0.0020"", ""m9@0.0020"", ""m10@0.0020"", ""m11@0.0020"", ""m12@0.0020"", ""m13@0.0020"", ""m14@0.0020"", ""m15@0.0020""]","[""C1"", 1000000, 0, 50000, [[400000, 700000]], 455509]"
syn_16_6_1_05,synthetic,16,6,1,0.04,proportional_risk,True,4755643,0.032,,289700,,17392369865621404093,"[""m0@0.0020"", ""m1@0.0020"", ""m2@0.0020"", ""m3@0.0020"", ""m4@0.0020"", ""m5@0.0020"", ""m6@0.0020"", ""m7@0.0020"", ""m8@0.0020"", ""m9@0.0020"", ""m10@0.0020"", ""m11@0.0020"", ""m12@0.0020"", ""m13@0.0020"", ""m14@0.0020"", ""m15@0.0020""]","[""C1"", 1000000, 0, 50000, [[400000, 700000]], 455509]"
syn_16_6_1_05,synthetic,16,6,1,0.04,greedy_gate_catching,True,3814599,0.04,,6136600,,17392369865621404093,"[""m0@0.0020"", ""m1@0.0020"", ""m2@0.0020"", ""m3@0.0020"", ""m4@0.0020"", ""m5@0.0020"", ""m6@0.0020"", ""m7@0.0020"", ""m8@0.0020"", ""m9@0.0020"", ""m10@0.0030"", ""m11@0.0045"", ""m12@0.0020"", ""m13@0.0020"", ""m14@0.0040"", ""m15@0.0045""]","[""C1"", 1000000, 0, 50000, [[400000, 700000]], 455509]"
syn_16_6_1_06,synthetic,16,6,1,0.04,pareto_dp,True,3815407,0.04,95.0,2504200,,13338184053095893825,"[""m0@0.0020"", ""m1@0.0020"", ""m2@0.0020"", ""m3@0.0020"", ""m4@0.0020"", ""m5@0.0020"", ""m6@0.0020"", ""m7@0.0020"", ""m8@0.0020"", ""m9@0.0030"", ""m10@0.0045"", ""m11@0.0045"", ""m12@0.0020"", ""m13@0.0020"", ""m14@0.0020"", ""m15@0.0040""]","[""C1"", 1000000, 0, 50000, [[400000, 700000]], 455509]"
syn_16_6_1_06,synthetic,16,6,1,0.04,equal_risk,True,4641589,0.032,,203600,,13338184053095893825,"[""m0@0.0020"", ""m1@0.0020"", ""m2@0.0020"", ""m3@0.0020"", ""m4@0.0020"", ""m5@0.0020"", ""m6@0.0020"", ""m7@0.0020"", ""m8@0.0020"", ""m9@0.0020"", ""m10@0.0020"", ""m11@0.0020"", ""m12@0.0020"", ""m13@0.0020"", ""m14@0.0020"", ""m15@0.0020""]","[""C1"", 1000000, 0, 50000, [[400000, 700000]], 455509]"
syn_16_6_1_06,synthetic,16,6,1,0.04,proportional_risk,True,4641589,0.032,,293600,,13338184053095893825,"[""m0@0.0020"", ""m1@0.0020"", ""m2@0.0020"", ""m3@0.0020"", ""m4@0.0020"", ""m5@0.0020"", ""m6@0.0020"", ""m7@0.0020"", ""m8@0.0020"", ""m9@0.0020"", ""m10@0.0020"", ""m11@0.0020"", ""m12@0.0020"", ""m13@0.0020"", ""m14@0.0020"", ""m15@0.0020""]","[""C1"", 1000000, 0, 50000, [[400000, 700000]], 455509]"
syn_16_6_1_06,synthetic,16,6,1,0.04,greedy_gate_catching,True,3837030,0.04,,6383600,,13338184053095893825,"[""m0@0.0020"", ""m1@0.0020"", ""m2@0.0025"", ""m3@0.0020"", ""m4@0.0020"", ""m5@0.0020"", ""m6@0.0020"", ""m7@0.0020"", ""m8@0.0020"", ""m9@0.0020"", ""m10@0.0035"", ""m11@0.0045"", ""m12@0.0020"", ""m13@0.0020"", ""m14@0.0035"", ""m15@0.0040""]","[""C1"", 1000000, 0, 50000, [[400000, 700000]], 455509]"
syn_16_6_1_07,synthetic,16,6,1,0.04,pareto_dp,True,3837423,0.04,110.0,2720500,,17479821179465881319,"[""m0@0.0020"", ""m1@0.0020"", ""m2@0.0020"", ""m3@0.0020"", ""m4@0.0020"", ""m5@0.0020"", ""m6@0.0020"", ""m7@0.0020"", ""m8@0.0020"", ""m9@0.0040"", ""m10@0.0040"", ""m11@0.0040"", ""m12@0.0020"", ""m13@0.0020"", ""m14@0.0020"", ""m15@0.0040""]","[""C1"", 1000000, 0, 50000, [[400000, 700000]], 455509]"
syn_16_6_1_07,synthetic,16,6,1,0.04,equal_risk,True,4731099,0.032,,200700,,17479821179465881319,"[""m0@0.0020"", ""m1@0.0020"", ""m2@0.0020"", ""m3@0.0020"", ""m4@0.0020"", ""m5@0.0020"", ""m6@0.0020"", ""m7@0.0020"", ""m8@0.0020"", ""m9@0.0020"", ""m10@0.0020"", ""m11@0.0020"", ""m12@0.0020"", ""m13@0.0020"", ""m14@0.0020"", ""m15@0.0020""]","[""C1"", 1000000, 0, 50000, [[400000, 700000]], 455509]"
syn_16_6_1_07,synthetic,16,6,1,0.04,proportional_risk,True,4731099,0.032,,306200,,17479821179465881319,"[""m0@0.0020"", ""m1@0.0020"", ""m2@0.0020"", ""m3@0.0020"", ""m4@0.0020"", ""m5@0.0020"", ""m6@0.0020"", ""m7@0.0020"", ""m8@0.0020"", ""m9@0.0020"", ""m10@0.0020"", ""m11@0.0020"", ""m12@0.0020"", ""m13@0.0020"", ""m14@0.0020"", ""m15@0.0020""]","[""C1"", 1000000, 0, 50000, [[400000, 700000]], 455509]"
syn_16_6_1_07,synthetic,16,6,1,0.04,greedy_gate_catching,True,3897214,0.04,,6478800,,17479821179465881319,"[""m0@0.0020"", ""m1@0.0020"", ""m2@0.0020"", ""m3@0.0020"", ""m4@0.0020"", ""m5@0.0020"", ""m6@0.0020"", ""m7@0.0020"", ""m8@0.0020"", ""m9@0.0040"", ""m10@0.0045"", ""m11@0.0040"", ""m12@0.0020"", ""m13@0.0020"", ""m14@0.0020"", ""m15@0.0035""]","[""C1"", 1000000, 0, 50000, [[400000, 700000]], 455509]"
syn_16_6_1_08,synthetic,16,6,1,0.04,pareto_dp,True,4194940,0.04,104.0,2413000,,15602532480170465240,"[""m0@0.0020"", ""m1@0.0020"", ""m2@0.0020"", ""m3@0.0045"", ""m4@0.0020"", ""m5@0.0020"", ""m6@0.0020"", ""m7@0.0025"", ""m8@0.0020"", ""m9@0.0020"", ""m10@0.0020"", ""m11@0.0045"", ""m12@0.0020"", ""m13@0.0020"", ""m14@0.0020"", ""m15@0.0045""]","[""C1"", 1000000, 0, 50000, [[400000, 700000]], 455509]"
syn_16_6_1_08,synthetic,16,6,1,0.04,equal_risk,True,5870807,0.032,,200800,,15602532480170465240,"[""m0@0.0020"", ""m1@0.0020"", ""m2@0.0020"", ""m3@0.0020"", ""m4@0.0020"", ""m5@0.0020"", ""m6@0.0020"", ""m7@0.0020"", ""m8@0.0020"", ""m9@0.0020"", ""m10@0.0020"", ""m11@0.0020"", ""m12@0.0020"", ""m13@0.0020"", ""m14@0.0020"", ""m15@0.0020""]","[""C1"", 1000000, 0, 50000, [[400000, 700000]], 455509]"
syn_16_6_1_08,synthetic,16,6,1,0.04,proportional_risk,True,5870807,0.032,,304500,,15602532480170465240,"[""m0@0.0020"", ""m1@0.0020"", ""m2@0.0020"", ""m3@0.0020"", ""m4@0.0020"", ""m5@0.0020"", ""m6@0.0020"", ""m7@0.0020"", ""m8@0.0020"", ""m9@0.0020"", ""m10@0.0020"", ""m11@0.0020"", ""m12@0.0020"", ""m13@0.0020"", ""m14@0.0020"", ""m15@0.0020""]","[""C1"", 1000000, 0, 50000, [[400000, 700000]], 455509]"
syn_16_6_1_08,synthetic,16,6,1,0.04,greedy_gate_catching,True,5033041,0.04,,6086600,,15602532480170465240,"[""m0@0.0020"", ""m1@0.0020"", ""m2@0.0020"", ""m3@0.0020"", ""m4@0.0020"", ""m5@0.0020"", ""m6@0.0020"", ""m7@0.0020"", ""m8@0.0020"", ""m9@0.0025"", ""m10@0.0030"", ""m11@0.0045"", ""m12@0.0020"", ""m13@0.0030"", ""m14@0.0025"", ""m15@0.0045""]","[""C1"", 1000000, 0, 50000, [[400000, 700000]], 455509]"
syn_16_6_1_09,synthetic,16,6,1,0.04,pareto_dp,True,4141448,0.04,87.0,2612400,,13736037532673839368,"[""m0@0.0020"", ""m1@0.0020"", ""m2@0.0020"", ""m3@0.0040"", ""m4@0.0020"", ""m5@0.0020"", ""m6@0.0020"", ""m7@0.0020"", ""m8@0.0020"", ""m9@0.0020"", ""m10@0.0020"", ""m11@0.0040"", ""m12@0.0020"", ""m13@0.0020"", ""m14@0.0040"", ""m15@0.0040""]","[""C1"", 1000000, 0, 50000, [[400000, 700000]], 455509]"
syn_16_6_1_09,synthetic,16,6,1,0.04,equal_risk,True,5860262,0.032,,201600,,13736037532673839368,"[""m0@0.0020"", ""m1@0.0020"", ""m2@0.0020"", ""m3@0.0020"", ""m4@0.0020"", ""m5@0.0020"", ""m6@0.0020"", ""m7@0.0020"", ""m8@0.0020"", ""m9@0.0020"", ""m10@0.0020"", ""m11@0.0020"", ""m12@0.0020"", ""m13@0.0020"", ""m14@0.0020"", ""m15@0.0020""]","[""C1"", 1000000, 0, 50000, [[400000, 700000]], 455509]"
syn_16_6_1_09,synthetic,16,6,1,0.04,proportional_risk,True,5860262,0.032,,307500,,13736037532673839368,"[""m0@0.0020"", ""m1@0.0020"", ""m2@0.0020"", ""m3@0.0020"", ""m4@0.0020"", ""m5@0.0020"", ""m6@0.0020"", ""m7@0.0020"", ""m8@0.0020"", ""m9@0.0020"", ""m10@0.0020"", ""m11@0.0020"", ""m12@0.0020"", ""m13@0.0020"", ""m14@0.0020"", ""m15@0.0020""]","[""C1"", 1000000, 0, 50000, [[400000, 700000]], 455509]"
syn_16_6_1_09,synthetic,16,6,1,0.04,greedy_gate_catching,True,4976103,0.04,,6138600,,13736037532673839368,"[""m0@0.0020"", ""m1@0.0020"", ""m2@0.0020"", ""m3@0.0020"", ""m4@0.0020"", ""m5@0.0020"", ""m6@0.0020"", ""m7@0.0020"", ""m8@0.0020"", ""m9@0.0020"", ""m10@0.0030"", ""m11@0.0045"", ""m12@0.0020"", ""m13@0.0020"", ""m14@0.0040"", ""m15@0.0045""]","[""C1"", 1000000, 0, 50000, [[400000, 700000]], 455509]"
syn_16_6_1_10,synthetic,16,6,1,0.04,pareto_dp,True,3613926,0.04,104.0,2620900,,12473061343609690404,"[""m0@0.0020"", ""m1@0.0020"", ""m2@0.0020"", ""m3@0.0045"", ""m4@0.0020"", ""m5@0.0020"", ""m6@0.0020"", ""m7@0.0040"", ""m8@0.0020"", ""m9@0.0020"", ""m10@0.0020"", ""m11@0.0030"", ""m12@0.0020"", ""m13@0.0020"", ""m14@0.0020"", ""m15@0.0045""]","[""C1"", 1000000, 0, 50000, [[400000, 700000]], 455509]"
syn_16_6_1_10,synthetic,16,6,1,0.04,equal_risk,True,4888997,0.032,,203800,,12473061343609690404,"[""m0@0.0020"", ""m1@0.0020"", ""m2@0.0020"", ""m3@0.0020"", ""m4@0.0020"", ""m5@0.0020"", ""m6@0.0020"", ""m7@0.0020"", ""m8@0.0020"", ""m9@0.0020"", ""m10@0.0020"", ""m11@0.0020"", ""m12@0.0020"", ""m13@0.0020"", ""m14@0.0020"", ""m15@0.0020""]","[""C1"", 1000000, 0, 50000, [[400000, 700000]], 455509]"
syn_16_6_1_10,synthetic,16,6,1,0.04,proportional_risk,True,4888997,0.032,,303900,,12473061343609690404,"[""m0@0.0020"", ""m1@0.0020"", ""m2@0.0020"", ""m3@0.0020"", ""m4@0.0020"", ""m5@0.0020"", ""m6@0.0020"", ""m7@0.0020"", ""m8@0.0020"", ""m9@0.0020"", ""m10@0.0020"", ""m11@0.0020"", ""m12@0.0020"", ""m13@0.0020"", ""m14@0.0020"", ""m15@0.0020""]","[""C1"", 1000000, 0, 50000, [[400000, 700000]], 455509]"
syn_16_6_1_10,synthetic,16,6,1,0.04,greedy_gate_catching,True,3953113,0.04,,6038900,,12473061343609690404,"[""m0@0.0020"", ""m1@0.0020"", ""m2@0.0020"", ""m3@0.0020"", ""m4@0.0020"", ""m5@0.0020"", ""m6@0.0020"", ""m7@0.0020"", ""m8@0.0020"", ""m9@0.0020"", ""m10@0.0045"", ""m11@0.0035"", ""m12@0.0020"", ""m13@0.0020"", ""m14@0.0035"", ""m15@0.0045""]","[""C1"", 1000000, 0, 50000, [[400000, 700000]], 455509]"
syn_16_6_1_11,synthetic,16,6,1,0.04,pareto_dp,True,3604474,0.04,133.0,2697600,,6732716697331070028,"[""m0@0.0020"", ""m1@0.0020"", ""m2@0.0040"", ""m3@0.0020"", ""m4@0.0020"", ""m5@0.0020"", ""m6@0.0020"", ""m7@0.0045"", ""m8@0.0020"", ""m9@0.0020"", ""m10@0.0020"", ""m11@0.0030"", ""m12@0.0020"", ""m13@0.0020"", ""m14@0.0020"", ""m15@0.0045""]","[""C1"", 1000000, 0, 50000, [[400000, 700000]], 455509]"
syn_16_6_1_11,synthetic,16,6,1,0.04,equal_risk,True,4998996,0.032,,198500,,6732716697331070028,"[""m0@0.0020"", ""m1@0.0020"", ""m2@0.0020"", ""m3@0.0020"", ""m4@0.0020"", ""m5@0.0020"", ""m6@0.0020"", ""m7@0.0020"", ""m8@0.0020"", ""m9@0.0020"", ""m10@0.0020"", ""m11@0.0020"", ""m12@0.0020"", ""m13@0.0020"", ""m14@0.0020"", ""m15@0.0020""]","[""C1"", 1000000, 0, 50000, [[400000, 700000]], 455509]"
syn_16_6_1_11,synthetic,16,6,1,0.04,proportional_risk,True,4998996,0.032,,300600,,6732716697331070028,"[""m0@0.0020"", ""m1@0.0020"", ""m2@0.0020"", ""m3@0.0020"", ""m4@0.0020"", ""m5@0.0020"", ""m6@0.0020"", ""m7@0.0020"", ""m8@0.0020"", ""m9@0.0020"", ""m10@0.0020"", ""m11@0.0020"", ""m12@0.0020"", ""m13@0.0020"", ""m14@0.0020"", ""m15@0.0020""]","[""C1"", 1000000, 0, 50000, [[400000, 700000]], 455509]"
syn_16_6_1_11,synthetic,16,6,1,0.04,greedy_gate_catching,True,4159883,0.04,,6126700,,6732716697331070028,"[""m0@0.0020"", ""m1@0.0020"", ""m2@0.0020"", ""m3@0.0020"", ""m4@0.0020"", ""m5@0.0020"", ""m6@0.0020"", ""m7@0.0020"", ""m8@0.0020"", ""m9@0.0020"", ""m10@0.0030"", ""m11@0.0035"", ""m12@0.0020"", ""m13@0.0035"", ""m14@0.0035"", ""m15@0.0045""]","[""C1"", 1000000, 0, 50000, [[400000, 700000]], 455509]"
syn_16_6_1_12,synthetic,16,6,1,0.04,pareto_dp,True,3246952,0.04,116.0,2419900,,15565956441205492192,"[""m0@0.0020"", ""m1@0.0020"", ""m2@0.0020"", ""m3@0.0045"", ""m4@0.0020"", ""m5@0.0020"", ""m6@0.0020"", ""m7@0.0040"", ""m8@0.0020"", ""m9@0.0020"", ""m10@0.0020"", ""m11@0.0045"", ""m12@0.0020"", ""m13@0.0020"", ""m14@0.0030"", ""m15@0.0020""]","[""C1"", 1000000, 0, 50000, [[400000, 700000]], 455509]"
syn_16_6_1_12,synthetic,16,6,1,0.04,equal_risk,True,4557815,0.032,,200600,,15565956441205492192,"[""m0@0.0020"", ""m1@0.0020"", ""m2@0.0020"", ""m3@0.0020"", ""m4@0.0020"", ""m5@0.0020"", ""m6@0.0020"", ""m7@0.0020"", ""m8@0.0020"", ""m9@0.0020"", ""m10@0.0020"", ""m11@0.0020"", ""m12@0.0020"", ""m13@0.0020"", ""m14@0.0020"", ""m15@0.0020""]","[""C1"", 1000000, 0, 50000, [[400000, 700000]], 455509]"
syn_16_6_1_12,synthetic,16,6,1,0.04,proportional_risk,True,4557815,0.032,,314300,,15565956441205492192,"[""m0@0.0020"", ""m1@0.0020"", ""m2@0.0020"", ""m3@0.0020"", ""m4@0.0020"", ""m5@0.0020"", ""m6@0.0020"", ""m7@0.0020"", ""m8@0.0020"", ""m9@0.0020"", ""m10@0.0020"", ""m11@0.0020"", ""m12@0.0020"", ""m13@0.0020"", ""m14@0.0020"", ""m15@0.0020""]","[""C1"", 1000000, 0, 50000, [[400000, 700000]], 455509]"
syn_16_6_1_12,synthetic,16,6,1,0.04,greedy_gate_catching,True,3879933,0.04,,6051700,,15565956441205492192,"[""m0@0.0020"", ""m1@0.0020"", ""m2@0.0020"", ""m3@0.0020"", ""m4@0.0020"", ""m5@0.0020"", ""m6@0.0020"", ""m7@0.0020"", ""m8@0.0020"", ""m9@0.0020"", ""m10@0.0035"", ""m11@0.0040"", ""m12@0.0020"", ""m13@0.0025"", ""m14@0.0035"", ""m15@0.0045""]","[""C1"", 1000000, 0, 50000, [[400000, 700000]], 455509]"
syn_16_6_1_13,synthetic,16,6,1,0.04,pareto_dp,True,2862717,0.04,103.0,3307400,,8843061237366686502,"[""m0@0.0020"", ""m1@0.0020"", ""m2@0.0020"", ""m3@0.0035"", ""m4@0.0020"", ""m5@0.0020"", ""m6@0.0020"", ""m7@0.0035"", ""m8@0.0020"", ""m9@0.0020"", ""m10@0.0020"", ""m11@0.0045"", ""m12@0.0020"", ""m13@0.0020"", ""m14@0.0020"", ""m15@0.0045""]","[""C1"", 1000000, 0, 50000, [[400000, 700000]], 455509]"
syn_16_6_1_13,synthetic,16,6,1,0.04,equal_risk,True,4328954,0.032,,225500,,8843061237366686502,"[""m0@0.0020"", ""m1@0.0020"", ""m2@0.0020"", ""m3@0.0020"", ""m4@0.0020"", ""m5@0.0020"", ""m6@0.0020"", ""m7@0.0020"", ""m8@0.0020"", ""m9@0.0020"", ""m10@0.0020"", ""m11@0.0020"", ""m12@0.0020"", ""m13@0.0020"", ""m14@0.0020"", ""m15@0.0020""]","[""C1"", 1000000, 0, 50000, [[400000, 700000]], 455509]"
syn_16_6_1_13,synthetic,16,6,1,0.04,proportional_risk,True,4328954,0.032,,340600,,8843061237366686502,"[""m0@0.0020"", ""m1@0.0020"", ""m2@0.0020"", ""m3@0.0020"", ""m4@0.0020"", ""m5@0.0020"", ""m6@0.0020"", ""m7@0.0020"", ""m8@0.0020"", ""m9@0.0020"", ""m10@0.0020"", ""m11@0.0020"", ""m12@0.0020"", ""m13@0.0020"", ""m14@0.0020"", ""m15@0.0020""]","[""C1"", 1000000, 0, 50000, [[400000, 700000]], 455509]"
syn_16_6_1_13,synthetic,16,6,1,0.04,greedy_gate_catching,True,3514164,0.04,,6136800,,8843061237366686502,"[""m0@0.0020"", ""m1@0.0020"", ""m2@0.0020"", ""m3@0.0020"", ""m4@0.0020"", ""m5@0.0020"", ""m6@0.0020"", ""m7@0.0020"", ""m8@0.0020"", ""m9@0.0020"", ""m10@0.0045"", ""m11@0.0045"", ""m12@0.0020"", ""m13@0.0020"", ""m14@0.0025"", ""m15@0.0045""]","[""C1"", 1000000, 0, 50000, [[400000, 700000]], 455509]"
syn_16_6_1_14,synthetic,16,6,1,0.04,pareto_dp,True,3368816,0.04,148.0,2853200,,3763318622387297016,"[""m0@0.0020"", ""m1@0.0020"", ""m2@0.0040"", ""m3@0.0045"", ""m4@0.0020"", ""m5@0.0020"", ""m6@0.0035"", ""m7@0.0020"", ""m8@0.0020"", ""m9@0.0020"", ""m10@0.0020"", ""m11@0.0040"", ""m12@0.0020"", ""m13@0.0020"", ""m14@0.0020"", ""m15@0.0020""]","[""C1"", 1000000, 0, 50000, [[400000, 700000]], 455509]"
syn_16_6_1_14,synthetic,16,6,1,0.04,equal_risk,True,4369994,0.032,,203800,,3763318622387297016,"[""m0@0.0020"", ""m1@0.0020"", ""m2@0.0020"", ""m3@0.0020"", ""m4@0.0020"", ""m5@0.0020"", ""m6@0.0020"", ""m7@0.0020"", ""m8@0.0020"", ""m9@0.0020"", ""m10@0.0020"", ""m11@0.0020"", ""m12@0.0020"", ""m13@0.0020"", ""m14@0.0020"", ""m15@0.0020""]","[""C1"", 1000000, 0, 50000, [[400000, 700000]], 455509]"
syn_16_6_1_14,synthetic,16,6,1,0.04,proportional_risk,True,4369994,0.032,,291400,,3763318622387297016,"[""m0@0.0020"", ""m1@0.0020"", ""m2@0.0020"", ""m3@0.0020"", ""m4@0.0020"", ""m5@0.0020"", ""m6@0.0020"", ""m7@0.0020"", ""m8@0.0020"", ""m9@0.0020"", ""m10@0.0020"", ""m11@0.0020"", ""m12@0.0020"", ""m13@0.0020"", ""m14@0.0020"", ""m15@0.0020""]","[""C1"", 1000000, 0, 50000, [[400000, 700000]], 455509]"
syn_16_6_1_14,synthetic,16,6,1,0.04,greedy_gate_catching,True,3748487,0.04,,6055800,,3763318622387297016,"[""m0@0.0020"", ""m1@0.0020"", ""m2@0.0020"", ""m3@0.0020"", ""m4@0.0020"", ""m5@0.0020"", ""m6@0.0020"", ""m7@0.0020"", ""m8@0.0020"", ""m9@0.0025"", ""m10@0.0045"", ""m11@0.0040"", ""m12@0.0020"", ""m13@0.0020"", ""m14@0.0040"", ""m15@0.0030""]","[""C1"", 1000000, 0, 50000, [[400000, 700000]], 455509]"
syn_16_6_1_15,synthetic,16,6,1,0.04,pareto_dp,True,4598997,0.04,83.0,2124100,,15775095311614987058,"[""m0@0.0020"", ""m1@0.0020"", ""m2@0.0020"", ""m3@0.0035"", ""m4@0.0020"", ""m5@0.0020"", ""m6@0.0020"", ""m7@0.0045"", ""m8@0.0020"", ""m9@0.0020"", ""m10@0.0020"", ""m11@0.0035"", ""m12@0.0020"", ""m13@0.0020"", ""m14@0.0020"", ""m15@0.0045""]","[""C1"", 1000000, 0, 50000, [[400000, 700000]], 455509]"
syn_16_6_1_15,synthetic,16,6,1,0.04,equal_risk,True,6138835,0.032,,202800,,15775095311614987058,"[""m0@0.0020"", ""m1@0.0020"", ""m2@0.0020"", ""m3@0.0020"", ""m4@0.0020"", ""m5@0.0020"", ""m6@0.0020"", ""m7@0.0020"", ""m8@0.0020"", ""m9@0.0020"", ""m10@0.0020"", ""m11@0.0020"", ""m12@0.0020"", ""m13@0.0020"", ""m14@0.0020"", ""m15@0.0020""]","[""C1"", 1000000, 0, 50000, [[400000, 700000]], 455509]"
syn_16_6_1_15,synthetic,16,6,1,0.04,proportional_risk,True,6138835,0.032,,313500,,15775095311614987058,"[""m0@0.0020"", ""m1@0.0020"", ""m2@0.0020"", ""m3@0.0020"", ""m4@0.0020"", ""m5@0.0020"", ""m6@0.0020"", ""m7@0.0020"", ""m8@0.0020"", ""m9@0.0020"", ""m10@0.0020"", ""m11@0.0020"", ""m12@0.0020"", ""m13@0.0020"", ""m14@0.0020"", ""m15@0.0020""]","[""C1"", 1000000, 0, 50000, [[400000, 700000]], 455509]"
syn_16_6_1_15,synthetic,16,6,1,0.04,greedy_gate_catching,True,5116745,0.04,,6037200,,15775095311614987058,"[""m0@0.0020"", ""m1@0.0020"", ""m2@0.0020"", ""m3@0.0020"", ""m4@0.0020"", ""m5@0.0020"", ""m6@0.0020"", ""m7@0.0020"", ""m8@0.0020"", ""m9@0.0020"", ""m10@0.0035"", ""m11@0.0045"", ""m12@0.0020"", ""m13@0.0020"", ""m14@0.0035"", ""m15@0.0045""]","[""C1"", 1000000, 0, 50000, [[400000, 700000]], 455509]"
syn_16_6_1_16,synthetic,16,6,1,0.04,pareto_dp,True,4044078,0.04,111.0,2541100,,12502498699484507419,"[""m0@0.0020"", ""m1@0.0020"", ""m2@0.0020"", ""m3@0.0020"", ""m4@0.0020"", ""m5@0.0020"", ""m6@0.0020"", ""m7@0.0030"", ""m8@0.0020"", ""m9@0.0020"", ""m10@0.0020"", ""m11@0.0045"", ""m12@0.0020"", ""m13@0.0020"", ""m14@0.0045"", ""m15@0.0040""]","[""C1"", 1000000, 0, 50000, [[400000, 700000]], 455509]"
syn_16_6_1_16,synthetic,16,6,1,0.04,equal_risk,True,5120732,0.032,,202000,,12502498699484507419,"[""m0@0.0020"", ""m1@0.0020"", ""m2@0.0020"", ""m3@0.0020"", ""m4@0.0020"", ""m5@0.0020"", ""m6@0.0020"", ""m7@0.0020"", ""m8@0.0020"", ""m9@0.0020"", ""m10@0.0020"", ""m11@0.0020"", ""m12@0.0020"", ""m13@0.0020"", ""m14@0.0020"", ""m15@0.0020""]","[""C1"", 1000000, 0, 50000, [[400000, 700000]], 455509]"
syn_16_6_1_16,synthetic,16,6,1,0.04,proportional_risk,True,5120732,0.032,,310400,,12502498699484507419,"[""m0@0.0020"", ""m1@0.0020"", ""m2@0.0020"", ""m3@0.0020"", ""m4@0.0020"", ""m5@0.0020"", ""m6@0.0020"", ""m7@0.0020"", ""m8@0.0020"", ""m9@0.0020"", ""m10@0.0020"", ""m11@0.0020"", ""m12@0.0020"", ""m13@0.0020"", ""m14@0.0020"", ""m15@0.0020""]","[""C1"", 1000000, 0, 50000, [[400000, 700000]], 455509]"
syn_16_6_1_16,synthetic,16,6,1,0.04,greedy_gate_catching,True,4114492,0.04,,6136800,,12502498699484507419,"[""m0@0.0020"", ""m1@0.0020"", ""m2@0.0020"", ""m3@0.0020"", ""m4@0.0020"", ""m5@0.0020"", ""m6@0.0020"", ""m7@0.0030"", ""m8@0.0020"", ""m9@0.0020"", ""m10@0.0025"", ""m11@0.0035"", ""m12@0.0020"", ""m13@0.0020"", ""m14@0.0045"", ""m15@0.0045""]","[""C1"", 1000000, 0, 50000, [[400000, 700000]], 455509]"
syn_16_6_1_17,synthetic,16,6,1,0.04,pareto_dp,True,3851024,0.04,105.0,2623500,,5819449557740863210,"[""m0@0.0020"", ""m1@0.0020"", ""m2@0.0020"", ""m3@0.0025"", ""m4@0.0020"", ""m5@0.0020"", ""m6@0.0020"", ""m7@0.0025"", ""m8@0.0020"", ""m9@0.0020"", ""m10@0.0045"", ""m11@0.0040"", ""m12@0.0020"", ""m13@0.0020"", ""m14@0.0020"", ""m15@0.0045""]","[""C1"", 1000000, 0, 50000, [[400000, 700000]], 455509]"
syn_16_6_1_17,synthetic,16,6,1,0.04,equal_risk,True,4830897,0.032,,207400,,5819449557740863210,"[""m0@0.0020"", ""m1@0.0020"", ""m2@0.0020"", ""m3@0.0020"", ""m4@0.0020"", ""m5@0.0020"", ""m6@0.0020"", ""m7@0.0020"", ""m8@0.0020"", ""m9@0.0020"", ""m10@0.0020"", ""m11@0.0020"", ""m12@0.0020"", ""m13@0.0020"", ""m14@0.0020"", ""m15@0.0020""]","[""C1"", 1000000, 0, 50000, [[400000, 700000]], 455509]"
syn_16_6_1_17,synthetic,16,6,1,0.04,proportional_risk,True,4830897,0.032,,315000,,5819449557740863210,"[""m0@0.0020"", ""m1@0.0020"", ""m2@0.0020"", ""m3@0.0020"", ""m4@0.0020"", ""m5@0.0020"", ""m6@0.0020"", ""m7@0.0020"", ""m8@0.0020"", ""m9@0.0020"", ""m10@0.0020"", ""m11@0.0020"", ""m12@0.0020"", ""m13@0.0020"", ""m14@0.0020"", ""m15@0.0020""]","[""C1"", 1000000, 0, 50000, [[400000, 700000]], 455509]"
syn_16_6_1_17,synthetic,16,6,1,0.04,greedy_gate_catching,True,3851570,0.04,,6100100,,5819449557740863210,"[""m0@0.0020"", ""m1@0.0020"", ""m2@0.0020"", ""m3@0.0025"", ""m4@0.0020"", ""m5@0.0020"", ""m6@0.0020"", ""m7@0.0025"", ""m8@0.0020"", ""m9@0.0020"", ""m10@0.0035"", ""m11@0.0045"", ""m12@0.0020"", ""m13@0.0020"", ""m14@0.0025"", ""m15@0.0045""]","[""C1"", 1000000, 0, 50000, [[400000, 700000]], 455509]"
syn_16_6_1_18,synthetic,16,6,1,0.04,pareto_dp,True,4010026,0.04,79.0,2348400,,1390597462282314793,"[""m0@0.0020"", ""m1@0.0020"", ""m2@0.0025"", ""m3@0.0040"", ""m4@0.0020"", ""m5@0.0020"", ""m6@0.0040"", ""m7@0.0045"", ""m8@0.0020"", ""m9@0.0020"", ""m10@0.0020"", ""m11@0.0030"", ""m12@0.0020"", ""m13@0.0020"", ""m14@0.0020"", ""m15@0.0020""]","[""C1"", 1000000, 0, 50000, [[400000, 700000]], 455509]"
syn_16_6_1_18,synthetic,16,6,1,0.04,equal_risk,True,4921399,0.032,,209700,,1390597462282314793,"[""m0@0.0020"", ""m1@0.0020"", ""m2@0.0020"", ""m3@0.0020"", ""m4@0.0020"", ""m5@0.0020"", ""m6@0.0020"", ""m7@0.0020"", ""m8@0.0020"", ""m9@0.0020"", ""m10@0.0020"", ""m11@0.0020"", ""m12@0.0020"", ""m13@0.0020"", ""m14@0.0020"", ""m15@0.0020""]","[""C1"", 1000000, 0, 50000, [[400000, 700000]], 455509]"
syn_16_6_1_18,synthetic,16,6,1,0.04,proportional_risk,True,4921399,0.032,,315500,,1390597462282314793,"[""m0@0.0020"", ""m1@0.0020"", ""m2@0.0020"", ""m3@0.0020"", ""m4@0.0020"", ""m5@0.0020"", ""m6@0.0020"", ""m7@0.0020"", ""m8@0.0020"", ""m9@0.0020"", ""m10@0.0020"", ""m11@0.0020"", ""m12@0.0020"", ""m13@0.0020"", ""m14@0.0020"", ""m15@0.0020""]","[""C1"", 1000000, 0, 50000, [[400000, 700000]], 455509]"
syn_16_6_1_18,synthetic,16,6,1,0.04,greedy_gate_catching,True,4060961,0.04,,6037100,,1390597462282314793,"[""m0@0.0020"", ""m1@0.0020"", ""m2@0.0020"", ""m3@0.0020"", ""m4@0.0020"", ""m5@0.0020"", ""m6@0.0020"", ""m7@0.0020"", ""m8@0.0020"", ""m9@0.0020"", ""m10@0.0035"", ""m11@0.0045"", ""m12@0.0020"", ""m13@0.0020"", ""m14@0.0035"", ""m15@0.0045""]","[""C1"", 1000000, 0, 50000, [[400000, 700000]], 455509]"
syn_16_6_1_19,synthetic,16,6,1,0.04,pareto_dp,True,3849998,0.04,127.0,3113000,,14896878669013648432,"[""m0@0.0020"", ""m1@0.0020"", ""m2@0.0020"", ""m3@0.0030"", ""m4@0.0020"", ""m5@0.0020"", ""m6@0.0020"", ""m7@0.0020"", ""m8@0.0020"", ""m9@0.0025"", ""m10@0.0020"", ""m11@0.0045"", ""m12@0.0020"", ""m13@0.0020"", ""m14@0.0035"", ""m15@0.0045""]","[""C1"", 1000000, 0, 50000, [[400000, 700000]], 455509]"
syn_16_6_1_19,synthetic,16,6,1,0.04,equal_risk,True,4778481,0.032,,212200,,14896878669013648432,"[""m0@0.0020"", ""m1@0.0020"", ""m2@0.0020"", ""m3@0.0020"", ""m4@0.0020"", ""m5@0.0020"", ""m6@0.0020"", ""m7@0.0020"", ""m8@0.0020"", ""m9@0.0020"", ""m10@0.0020"", ""m11@0.0020"", ""m12@0.0020"", ""m13@0.0020"", ""m14@0.0020"", ""m15@0.0020""]","[""C1"", 1000000, 0, 50000, [[400000, 700000]], 455509]"
syn_16_6_1_19,synthetic,16,6,1,0.04,proportional_risk,True,4778481,0.032,,312900,,14896878669013648432,"[""m0@0.0020"", ""m1@0.0020"", ""m2@0.0020"", ""m3@0.0020"", ""m4@0.0020"", ""m5@0.0020"", ""m6@0.0020"", ""m7@0.0020"", ""m8@0.0020"", ""m9@0.0020"", ""m10@0.0020"", ""m11@0.0020"", ""m12@0.0020"", ""m13@0.0020"", ""m14@0.0020"", ""m15@0.0020""]","[""C1"", 1000000, 0, 50000, [[400000, 700000]], 455509]"
syn_16_6_1_19,synthetic,16,6,1,0.04,greedy_gate_catching,True,3933687,0.04,,6384000,,14896878669013648432,"[""m0@0.0020"", ""m1@0.0020"", ""m2@0.0020"", ""m3@0.0030"", ""m4@0.0020"", ""m5@0.0020"", ""m6@0.0020"", ""m7@0.0020"", ""m8@0.0020"", ""m9@0.0035"", ""m10@0.0020"", ""m11@0.0035"", ""m12@0.0020"", ""m13@0.0020"", ""m14@0.0035"", ""m15@0.0045""]","[""C1"", 1000000, 0, 50000, [[400000, 700000]], 455509]"
syn_16_6_4_00,synthetic,16,6,4,0.04,pareto_dp,True,4049196,0.04,41.0,1101500,,12742100175227272283,"[""m0@0.0020"", ""m1@0.0030"", ""m2@0.0045"", ""m3@0.0045"", ""m4@0.0020"", ""m5@0.0020"", ""m6@0.0020"", ""m7@0.0020"", ""m8@0.0020"", ""m9@0.0020"", ""m10@0.0020"", ""m11@0.0020"", ""m12@0.0020"", ""m13@0.0020"", ""m14@0.0040"", ""m15@0.0020""]","[""C1"", 1000000, 0, 50000, [[400000, 700000]], 455509]"
syn_16_6_4_00,synthetic,16,6,4,0.04,equal_risk,True,5205039,0.032,,210100,,12742100175227272283,"[""m0@0.0020"", ""m1@0.0020"", ""m2@0.0020"", ""m3@0.0020"", ""m4@0.0020"", ""m5@0.0020"", ""m6@0.0020"", ""m7@0.0020"", ""m8@0.0020"", ""m9@0.0020"", ""m10@0.0020"", ""m11@0.0020"", ""m12@0.0020"", ""m13@0.0020"", ""m14@0.0020"", ""m15@0.0020""]","[""C1"", 1000000, 0, 50000, [[400000, 700000]], 455509]"
syn_16_6_4_00,synthetic,16,6,4,0.04,proportional_risk,True,5205039,0.032,,310700,,12742100175227272283,"[""m0@0.0020"", ""m1@0.0020"", ""m2@0.0020"", ""m3@0.0020"", ""m4@0.0020"", ""m5@0.0020"", ""m6@0.0020"", ""m7@0.0020"", ""m8@0.0020"", ""m9@0.0020"", ""m10@0.0020"", ""m11@0.0020"", ""m12@0.0020"", ""m13@0.0020"", ""m14@0.0020"", ""m15@0.0020""]","[""C1"", 1000000, 0, 50000, [[400000, 700000]], 455509]"
syn_16_6_4_00,synthetic,16,6,4,0.04,greedy_gate_catching,True,4792149,0.0395,,6099900,,12742100175227272283,"[""m0@0.0020"", ""m1@0.0020"", ""m2@0.0020"", ""m3@0.0020"", ""m4@0.0020"", ""m5@0.0020"", ""m6@0.0020"", ""m7@0.0020"", ""m8@0.0020"", ""m9@0.0020"", ""m10@0.0020"", ""m11@0.0020"", ""m12@0.0020"", ""m13@0.0045"", ""m14@0.0045"", ""m15@0.0045""]","[""C1"", 1000000, 0, 50000, [[400000, 700000]], 455509]"
syn_16_6_4_01,synthetic,16,6,4,0.04,pareto_dp,True,5054706,0.04,25.0,778900,,6991628820232131928,"[""m0@0.0020"", ""m1@0.0020"", ""m2@0.0020"", ""m3@0.0020"", ""m4@0.0020"", ""m5@0.0020"", ""m6@0.0020"", ""m7@0.0020"", ""m8@0.0020"", ""m9@0.0020"", ""m10@0.0020"", ""m11@0.0025"", ""m12@0.0020"", ""m13@0.0045"", ""m14@0.0045"", ""m15@0.0045""]","[""C1"", 1000000, 0, 50000, [[400000, 700000]], 455509]"
syn_16_6_4_01,synthetic,16,6,4,0.04,equal_risk,True,5784549,0.032,,209400,,6991628820232131928,"[""m0@0.0020"", ""m1@0.0020"", ""m2@0.0020"", ""m3@0.0020"", ""m4@0.0020"", ""m5@0.0020"", ""m6@0.0020"", ""m7@0.0020"", ""m8@0.0020"", ""m9@0.0020"", ""m10@0.0020"", ""m11@0.0020"", ""m12@0.0020"", ""m13@0.0020"", ""m14@0.0020"", ""m15@0.0020""]","[""C1"", 1000000, 0, 50000, [[400000, 700000]], 455509]"
syn_16_6_4_01,synthetic,16,6,4,0.04,proportional_risk,True,5784549,0.032,,310600,,6991628820232131928,"[""m0@0.0020"", ""m1@0.0020"", ""m2@0.0020"", ""m3@0.0020"", ""m4@0.0020"", ""m5@0.0020"", ""m6@0.0020"", ""m7@0.0020"", ""m8@0.0020"", ""m9@0.0020"", ""m10@0.0020"", ""m11@0.0020"", ""m12@0.0020"", ""m13@0.0020"", ""m14@0.0020"", ""m15@0.0020""]","[""C1"", 1000000, 0, 50000, [[400000, 700000]], 455509]"
syn_16_6_4_01,synthetic,16,6,4,0.04,greedy_gate_catching,True,5054706,0.04,,6374800,,6991628820232131928,"[""m0@0.0020"", ""m1@0.0020"", ""m2@0.0020"", ""m3@0.0020"", ""m4@0.0020"", ""m5@0.0020"", ""m6@0.0020"", ""m7@0.0020"", ""m8@0.0020"", ""m9@0.0020"", ""m10@0.0020"", ""m11@0.0025"", ""m12@0.0020"", ""m13@0.0045"", ""m14@0.0045"", ""m15@0.0045""]","[""C1"", 1000000, 0, 50000, [[400000, 700000]], 455509]"
syn_16_6_4_02,synthetic,16,6,4,0.04,pareto_dp,True,3840964,0.04,51.0,1224300,,13460153464977185178,"[""m0@0.0020"", ""m1@0.0020"", ""m2@0.0020"", ""m3@0.0020"", ""m4@0.0020"", ""m5@0.0020"", ""m6@0.0035"", ""m7@0.0020"", ""m8@0.0020"", ""m9@0.0020"", ""m10@0.0020"", ""m11@0.0020"", ""m12@0.0020"", ""m13@0.0045"", ""m14@0.0035"", ""m15@0.0045""]","[""C1"", 1000000, 0, 50000, [[400000, 700000]], 455509]"
syn_16_6_4_02,synthetic,16,6,4,0.04,equal_risk,True,5396464,0.032,,206900,,13460153464977185178,"[""m0@0.0020"", ""m1@0.0020"", ""m2@0.0020"", ""m3@0.0020"", ""m4@0.0020"", ""m5@0.0020"", ""m6@0.0020"", ""m7@0.0020"", ""m8@0.0020"", ""m9@0.0020"", ""m10@0.0020"", ""m11@0.0020"", ""m12@0.0020"", ""m13@0.0020"", ""m14@0.0020"", ""m15@0.0020""]","[""C1"", 1000000, 0, 50000, [[400000, 700000]], 455509]"
syn_16_6_4_02,synthetic,16,6,4,0.04,proportional_risk,True,5396464,0.032,,284200,,13460153464977185178,"[""m0@0.0020"", ""m1@0.0020"", ""m2@0.0020"", ""m3@0.0020"", ""m4@0.0020"", ""m5@0.0020"", ""m6@0.0020"", ""m7@0.0020"", ""m8@0.0020"", ""m9@0.0020"", ""m10@0.0020"", ""m11@0.0020"", ""m12@0.0020"", ""m13@0.0020"", ""m14@0.0020"", ""m15@0.0020""]","[""C1"", 1000000, 0, 50000, [[400000, 700000]], 455509]"
syn_16_6_4_02,synthetic,16,6,4,0.04,greedy_gate_catching,True,4813535,0.0395,,5855500,,13460153464977185178,"[""m0@0.0020"", ""m1@0.0020"", ""m2@0.0020"", ""m3@0.0020"", ""m4@0.0020"", ""m5@0.0020"", ""m6@0.0020"", ""m7@0.0020"", ""m8@0.0020"", ""m9@0.0020"", ""m10@0.0020"", ""m11@0.0020"", ""m12@0.0020"", ""m13@0.0045"", ""m14@0.0045"", ""m15@0.0045""]","[""C1"", 1000000, 0, 50000, [[400000, 700000]], 455509]"
syn_16_6_4_03,synthetic,16,6,4,0.04,pareto_dp,True,4386355,0.04,33.0,996700,,152900363329617126,"[""m0@0.0020"", ""m1@0.0030"", ""m2@0.0045"", ""m3@0.0045"", ""m4@0.0020"", ""m5@0.0020"", ""m6@0.0020"", ""m7@0.0020"", ""m8@0.0020"", ""m9@0.0020"", ""m10@0.0020"", ""m11@0.0020"", ""m12@0.0020"", ""m13@0.0020"", ""m14@0.0020"", ""m15@0.0040""]","[""C1"", 1000000, 0, 50000, [[400000, 700000]], 455509]"
syn_16_6_4_03,synthetic,16,6,4,0.04,equal_risk,True,5652840,0.032,,200000,,152900363329617126,"[""m0@0.0020"", ""m1@0.0020"", ""m2@0.0020"", ""m3@0.0020"", ""m4@0.0020"", ""m5@0.0020"", ""m6@0.0020"", ""m7@0.0020"", ""m8@0.0020"", ""m9@0.0020"", ""m10@0.0020"", ""m11@0.0020"", ""m12@0.0020"", ""m13@0.0020"", ""m14@0.0020"", ""m15@0.0020""]","[""C1"", 1000000, 0, 50000, [[400000, 700000]], 455509]"
syn_16_6_4_03,synthetic,16,6,4,0.04,proportional_risk,True,5652840,0.032,,305600,,152900363329617126,"[""m0@0.0020"", ""m1@0.0020"", ""m2@0.0020"", ""m3@0.0020"", ""m4@0.0020"", ""m5@0.0020"", ""m6@0.0020"", ""m7@0.0020"", ""m8@0.0020"", ""m9@0.0020"", ""m10@0.0020"", ""m11@0.0020"", ""m12@0.0020"", ""m13@0.0020"", ""m14@0.0020"", ""m15@0.0020""]","[""C1"", 1000000, 0, 50000, [[400000, 700000]], 455509]"
syn_16_6_4_03,synthetic,16,6,4,0.04,greedy_gate_catching,True,4921922,0.0395,,5990700,,152900363329617126,"[""m0@0.0020"", ""m1@0.0020"", ""m2@0.0020"", ""m3@0.0020"", ""m4@0.0020"", ""m5@0.0020"", ""m6@0.0020"", ""m7@0.0020"", ""m8@0.0020"", ""m9@0.0020"", ""m10@0.0020"", ""m11@0.0020"", ""m12@0.0020"", ""m13@0.0045"", ""m14@0.0045"", ""m15@0.0045""]","[""C1"", 1000000, 0, 50000, [[400000, 700000]], 455509]"
syn_16_6_4_04,synthetic,16,6,4,0.04,pareto_dp,True,4825963,0.04,45.0,754400,,14910112250058995014,"[""m0@0.0020"", ""m1@0.0020"", ""m2@0.0020"", ""m3@0.0020"", ""m4@0.0020"", ""m5@0.0020"", ""m6@0.0020"", ""m7@0.0020"", ""m8@0.0020"", ""m9@0.0020"", ""m10@0.0020"", ""m11@0.0035"", ""m12@0.0020"", ""m13@0.0035"", ""m14@0.0045"", ""m15@0.0045""]","[""C1"", 1000000, 0, 50000, [[400000, 700000]], 455509]"
syn_16_6_4_04,synthetic,16,6,4,0.04,equal_risk,True,5394956,0.032,,202700,,14910112250058995014,"[""m0@0.0020"", ""m1@0.0020"", ""m2@0.0020"", ""m3@0.0020"", ""m4@0.0020"", ""m5@0.0020"", ""m6@0.0020"", ""m7@0.0020"", ""m8@0.0020"", ""m9@0.0020"", ""m10@0.0020"", ""m11@0.0020"", ""m12@0.0020"", ""m13@0.0020"", ""m14@0.0020"", ""m15@0.0020""]","[""C1"", 1000000, 0, 50000, [[400000, 700000]], 455509]"
syn_16_6_4_04,synthetic,16,6,4,0.04,proportional_risk,True,5394956,0.032,,301000,,14910112250058995014,"[""m0@0.0020"", ""m1@0.0020"", ""m2@0.0020"", ""m3@0.0020"", ""m4@0.0020"", ""m5@0.0020"", ""m6@0.0020"", ""m7@0.0020"", ""m8@0.0020"", ""m9@0.0020"", ""m10@0.0020"", ""m11@0.0020"", ""m12@0.0020"", ""m13@0.0020"", ""m14@0.0020"", ""m15@0.0020""]","[""C1"", 1000000, 0, 50000, [[400000, 700000]], 455509]"
syn_16_6_4_04,synthetic,16,6,4,0.04,greedy_gate_catching,True,4825963,0.04,,6192600,,14910112250058995014,"[""m0@0.0020"", ""m1@0.0020"", ""m2@0.0020"", ""m3@0.0020"", ""m4@0.0020"", ""m5@0.0020"", ""m6@0.0020"", ""m7@0.0020"", ""m8@0.0020"", ""m9@0.0020"", ""m10@0.0025"", ""m11@0.0030"", ""m12@0.0020"", ""m13@0.0035"", ""m14@0.0045"", ""m15@0.0045""]","[""C1"", 1000000, 0, 50000, [[400000, 700000]], 455509]"
syn_16_6_4_05,synthetic,16,6,4,0.04,pareto_dp,True,4970946,0.0395,21.0,683200,,16183055150453940626,"[""m0@0.0020"", ""m1@0.0020"", ""m2@0.0020"", ""m3@0.0020"", ""m4@0.0020"", ""m5@0.0020"", ""m6@0.0020"", ""m7@0.0020"", ""m8@0.0020"", ""m9@0.0020"", ""m10@0.0020"", ""m11@0.0020"", ""m12@0.0020"", ""m13@0.0045"", ""m14@0.0045"", ""m15@0.0045""]","[""C1"", 1000000, 0, 50000, [[400000, 700000]], 455509]"
syn_16_6_4_05,synthetic,16,6,4,0.04,equal_risk,True,5567042,0.032,,201200,,16183055150453940626,"[""m0@0.0020"", ""m1@0.0020"", ""m2@0.0020"", ""m3@0.0020"", ""m4@0.0020"", ""m5@0.0020"", ""m6@0.0020"", ""m7@0.0020"", ""m8@0.0020"", ""m9@0.0020"", ""m10@0.0020"", ""m11@0.0020"", ""m12@0.0020"", ""m13@0.0020"", ""m14@0.0020"", ""m15@0.0020""]","[""C1"", 1000000, 0, 50000, [[400000, 700000]], 455509]"
syn_16_6_4_05,synthetic,16,6,4,0.04,proportional_risk,True,5567042,0.032,,292000,,16183055150453940626,"[""m0@0.0020"", ""m1@0.0020"", ""m2@0.0020"", ""m3@0.0020"", ""m4@0.0020"", ""m5@0.0020"", ""m6@0.0020"", ""m7@0.0020"", ""m8@0.0020"", ""m9@0.0020"", ""m10@0.0020"", ""m11@0.0020"", ""m12@0.0020"", ""m13@0.0020"", ""m14@0.0020"", ""m15@0.0020""]","[""C1"", 1000000, 0, 50000, [[400000, 700000]], 455509]"
syn_16_6_4_05,synthetic,16,6,4,0.04,greedy_gate_catching,True,4970946,0.0395,,5963000,,16183055150453940626,"[""m0@0.0020"", ""m1@0.0020"", ""m2@0.0020"", ""m3@0.0020"", ""m4@0.0020"", ""m5@0.0020"", ""m6@0.0020"", ""m7@0.0020"", ""m8@0.0020"", ""m9@0.0020"", ""m10@0.0020"", ""m11@0.0020"", ""m12@0.0020"", ""m13@0.0045"", ""m14@0.0045"", ""m15@0.0045""]","[""C1"", 1000000, 0, 50000, [[400000, 700000]], 455509]"
syn_16_6_4_06,synthetic,16,6,4,0.04,pareto_dp,True,3852684,0.04,52.0,1141800,,16563428045694445107,"[""m0@0.0020"", ""m1@0.0020"", ""m2@0.0020"", ""m3@0.0020"", ""m4@0.0020"", ""m5@0.0020"", ""m6@0.0045"", ""m7@0.0020"", ""m8@0.0020"", ""m9@0.0020"", ""m10@0.0020"", ""m11@0.0020"", ""m12@0.0020"", ""m13@0.0025"", ""m14@0.0045"", ""m15@0.0045""]","[""C1"", 1000000, 0, 50000, [[400000, 700000]], 455509]"
syn_16_6_4_06,synthetic,16,6,4,0.04,equal_risk,True,5278097,0.032,,211200,,16563428045694445107,"[""m0@0.0020"", ""m1@0.0020"", ""m2@0.0020"", ""m3@0.0020"", ""m4@0.0020"", ""m5@0.0020"", ""m6@0.0020"", ""m7@0.0020"", ""m8@0.0020"", ""m9@0.0020"", ""m10@0.0020"", ""m11@0.0020"", ""m12@0.0020"", ""m13@0.0020"", ""m14@0.0020"", ""m15@0.0020""]","[""C1"", 1000000, 0, 50000, [[400000, 700000]], 455509]"
syn_16_6_4_06,synthetic,16,6,4,0.04,proportional_risk,True,5278097,0.032,,324200,,16563428045694445107,"[""m0@0.0020"", ""m1@0.0020"", ""m2@0.0020"", ""m3@0.0020"", ""m4@0.0020"", ""m5@0.0020"", ""m6@0.0020"", ""m7@0.0020"", ""m8@0.0020"", ""m9@0.0020"", ""m10@0.0020"", ""m11@0.0020"", ""m12@0.0020"", ""m13@0.0020"", ""m14@0.0020"", ""m15@0.0020""]","[""C1"", 1000000, 0, 50000, [[400000, 700000]], 455509]"
syn_16_6_4_06,synthetic,16,6,4,0.04,greedy_gate_catching,True,4826940,0.0395,,5998100,,16563428045694445107,"[""m0@0.0020"", ""m1@0.0020"", ""m2@0.0020"", ""m3@0.0020"", ""m4@0.0020"", ""m5@0.0020"", ""m6@0.0020"", ""m7@0.0020"", ""m8@0.0020"", ""m9@0.0020"", ""m10@0.0020"", ""m11@0.0020"", ""m12@0.0020"", ""m13@0.0045"", ""m14@0.0045"", ""m15@0.0045""]","[""C1"", 1000000, 0, 50000, [[400000, 700000]], 455509]"
syn_16_6_4_07,synthetic,16,6,4,0.04,pareto_dp,True,4341356,0.04,46.0,1256400,,3354173418987633080,"[""m0@0.0020"", ""m1@0.0045"", ""m2@0.0045"", ""m3@0.0045"", ""m4@0.0020"", ""m5@0.0020"", ""m6@0.0020"", ""m7@0.0020"", ""m8@0.0020"", ""m9@0.0020"", ""m10@0.0020"", ""m11@0.0025"", ""m12@0.0020"", ""m13@0.0020"", ""m14@0.0020"", ""m15@0.0020""]","[""C1"", 1000000, 0, 50000, [[400000, 700000]], 455509]"
syn_16_6_4_07,synthetic,16,6,4,0.04,equal_risk,True,5388999,0.032,,211900,,3354173418987633080,"[""m0@0.0020"", ""m1@0.0020"", ""m2@0.0020"", ""m3@0.0020"", ""m4@0.0020"", ""m5@0.0020"", ""m6@0.0020"", ""m7@0.0020"", ""m8@0.0020"", ""m9@0.0020"", ""m10@0.0020"", ""m11@0.0020"", ""m12@0.0020"", ""m13@0.0020"", ""m14@0.0020"", ""m15@0.0020""]","[""C1"", 1000000, 0, 50000, [[400000, 700000]], 455509]"
syn_16_6_4_07,synthetic,16,6,4,0.04,proportional_risk,True,5388999,0.032,,311400,,3354173418987633080,"[""m0@0.0020"", ""m1@0.0020"", ""m2@0.0020"", ""m3@0.0020"", ""m4@0.0020"", ""m5@0.0020"", ""m6@0.0020"", ""m7@0.0020"", ""m8@0.0020"", ""m9@0.0020"", ""m10@0.0020"", ""m11@0.0020"", ""m12@0.0020"", ""m13@0.0020"", ""m14@0.0020"", ""m15@0.0020""]","[""C1"", 1000000, 0, 50000, [[400000, 700000]], 455509]"
syn_16_6_4_07,synthetic,16,6,4,0.04,greedy_gate_catching,True,4883447,0.04,,6487900,,3354173418987633080,"[""m0@0.0020"", ""m1@0.0020"", ""m2@0.0020"", ""m3@0.0020"", ""m4@0.0020"", ""m5@0.0020"", ""m6@0.0020"", ""m7@0.0025"", ""m8@0.0020"", ""m9@0.0020"", ""m10@0.0020"", ""m11@0.0020"", ""m12@0.0020"", ""m13@0.0045"", ""m14@0.0045"", ""m15@0.0045""]","[""C1"", 1000000, 0, 50000, [[400000, 700000]], 455509]"
syn_16_6_4_08,synthetic,16,6,4,0.04,pareto_dp,True,3985890,0.04,50.0,1125900,,18131119078141972443,"[""m0@0.0020"", ""m1@0.0020"", ""m2@0.0020"", ""m3@0.0020"", ""m4@0.0020"", ""m5@0.0030"", ""m6@0.0045"", ""m7@0.0020"", ""m8@0.0020"", ""m9@0.0020"", ""m10@0.0020"", ""m11@0.0020"", ""m12@0.0020"", ""m13@0.0020"", ""m14@0.0040"", ""m15@0.0045""]","[""C1"", 1000000, 0, 50000, [[400000, 700000]], 455509]"
syn_16_6_4_08,synthetic,16,6,4,0.04,equal_risk,True,5552376,0.032,,212000,,18131119078141972443,"[""m0@0.0020"", ""m1@0.0020"", ""m2@0.0020"", ""m3@0.0020"", ""m4@0.0020"", ""m5@0.0020"", ""m6@0.0020"", ""m7@0.0020"", ""m8@0.0020"", ""m9@0.0020"", ""m10@0.0020"", ""m11@0.0020"", ""m12@0.0020"", ""m13@0.0020"", ""m14@0.0020"", ""m15@0.0020""]","[""C1"", 1000000, 0, 50000, [[400000, 700000]], 455509]"
syn_16_6_4_08,synthetic,16,6,4,0.04,proportional_risk,True,5552376,0.032,,315100,,18131119078141972443,"[""m0@0.0020"", ""m1@0.0020"", ""m2@0.0020"", ""m3@0.0020"", ""m4@0.0020"", ""m5@0.0020"", ""m6@0.0020"", ""m7@0.0020"", ""m8@0.0020"", ""m9@0.0020"", ""m10@0.0020"", ""m11@0.0020"", ""m12@0.0020"", ""m13@0.0020"", ""m14@0.0020"", ""m15@0.0020""]","[""C1"", 1000000, 0, 50000, [[400000, 700000]], 455509]"
syn_16_6_4_08,synthetic,16,6,4,0.04,greedy_gate_catching,True,4843237,0.0395,,6102400,,18131119078141972443,"[""m0@0.0020"", ""m1@0.0020"", ""m2@0.0020"", ""m3@0.0020"", ""m4@0.0020"", ""m5@0.0020"", ""m6@0.0020"", ""m7@0.0020"", ""m8@0.0020"", ""m9@0.0020"", ""m10@0.0020"", ""m11@0.0020"", ""m12@0.0020"", ""m13@0.0045"", ""m14@0.0045"", ""m15@0.0045""]","[""C1"", 1000000, 0, 50000, [[400000, 700000]], 455509]"
syn_16_6_4_09,synthetic,16,6,4,0.04,pareto_dp,True,3713367,0.04,42.0,901500,,17643278563548758659,"[""m0@0.0020"", ""m1@0.0020"", ""m2@0.0020"", ""m3@0.0020"", ""m4@0.0020"", ""m5@0.0020"", ""m6@0.0020"", ""m7@0.0045"", ""m8@0.0020"", ""m9@0.0040"", ""m10@0.0020"", ""m11@0.0020"", ""m12@0.0020"", ""m13@0.0020"", ""m14@0.0030"", ""m15@0.0045""]","[""C1"", 1000000, 0, 50000, [[400000, 700000]], 455509]"
syn_16_6_4_09,synthetic,16,6,4,0.04,equal_risk,True,4859374,0.032,,209400,,17643278563548758659,"[""m0@0.0020"", ""m1@0.0020"", ""m2@0.0020"", ""m3@0.0020"", ""m4@0.0020"", ""m5@0.0020"", ""m6@0.0020"", ""m7@0.0020"", ""m8@0.0020"", ""m9@0.0020"", ""m10@0.0020"", ""m11@0.0020"", ""m12@0.0020"", ""m13@0.0020"", ""m14@0.0020"", ""m15@0.0020""]","[""C1"", 1000000, 0, 50000, [[400000, 700000]], 455509]"
syn_16_6_4_09,synthetic,16,6,4,0.04,proportional_risk,True,4859374,0.032,,309700,,17643278563548758659,"[""m0@0.0020"", ""m1@0.0020"", ""m2@0.0020"", ""m3@0.0020"", ""m4@0.0020"", ""m5@0.0020"", ""m6@0.0020"", ""m7@0.0020"", ""m8@0.0020"", ""m9@0.0020"", ""m10@0.0020"", ""m11@0.0020"", ""m12@0.0020"", ""m13@0.0020"", ""m14@0.0020"", ""m15@0.0020""]","[""C1"", 1000000, 0, 50000, [[400000, 700000]], 455509]"
syn_16_6_4_09,synthetic,16,6,4,0.04,greedy_gate_catching,True,4639339,0.0395,,5876400,,17643278563548758659,"[""m0@0.0020"", ""m1@0.0020"", ""m2@0.0020"", ""m3@0.0020"", ""m4@0.0020"", ""m5@0.0020"", ""m6@0.0020"", ""m7@0.0020"", ""m8@0.0020"", ""m9@0.0020"", ""m10@0.0020"", ""m11@0.0020"", ""m12@0.0020"", ""m13@0.0045"", ""m14@0.0045"", ""m15@0.0045""]","[""C1"", 1000000, 0, 50000, [[400000, 700000]], 455509]"
syn_16_6_4_10,synthetic,16,6,4,0.04,pareto_dp,True,4799692,0.04,52.0,1330600,,11797310446077971810,"[""m0@0.0020"", ""m1@0.0020"", ""m2@0.0020"", ""m3@0.0020"", ""m4@0.0020"", ""m5@0.0020"", ""m6@0.0020"", ""m7@0.0020"", ""m8@0.0020"", ""m9@0.0020"", ""m10@0.0020"", ""m11@0.0040"", ""m12@0.0020"", ""m13@0.0030"", ""m14@0.0045"", ""m15@0.0045""]","[""C1"", 1000000, 0, 50000, [[400000, 700000]], 455509]"
syn_16_6_4_10,synthetic,16,6,4,0.04,equal_risk,True,6176471,0.032,,203000,,11797310446077971810,"[""m0@0.0020"", ""m1@0.0020"", ""m2@0.0020"", ""m3@0.0020"", ""m4@0.0020"", ""m5@0.0020"", ""m6@0.0020"", ""m7@0.0020"", ""m8@0.0020"", ""m9@0.0020"", ""m10@0.0020"", ""m11@0.0020"", ""m12@0.0020"", ""m13@0.0020"", ""m14@0.0020"", ""m15@0.0020""]","[""C1"", 1000000, 0, 50000, [[400000, 700000]], 455509]"
syn_16_6_4_10,synthetic,16,6,4,0.04,proportional_risk,True,6176471,0.032,,307600,,11797310446077971810,"[""m0@0.0020"", ""m1@0.0020"", ""m2@0.0020"", ""m3@0.0020"", ""m4@0.0020"", ""m5@0.0020"", ""m6@0.0020"", ""m7@0.0020"", ""m8@0.0020"", ""m9@0.0020"", ""m10@0.0020"", ""m11@0.0020"", ""m12@0.0020"", ""m13@0.0020"", ""m14@0.0020"", ""m15@0.0020""]","[""C1"", 1000000, 0, 50000, [[400000, 700000]], 455509]"
syn_16_6_4_10,synthetic,16,6,4,0.04,greedy_gate_catching,True,4799692,0.04,,6307100,,11797310446077971810,"[""m0@0.0020"", ""m1@0.0020"", ""m2@0.0020"", ""m3@0.0020"", ""m4@0.0020"", ""m5@0.0020"", ""m6@0.0020"", ""m7@0.0025"", ""m8@0.0020"", ""m9@0.0020"", ""m10@0.0020"", ""m11@0.0035"", ""m12@0.0020"", ""m13@0.0030"", ""m14@0.0045"", ""m15@0.0045""]","[""C1"", 1000000, 0, 50000, [[400000, 700000]], 455509]"
syn_16_6_4_11,synthetic,16,6,4,0.04,pareto_dp,True,4536862,0.04,78.0,1470800,,6700832515353869069,"[""m0@0.0020"", ""m1@0.0020"", ""m2@0.0020"", ""m3@0.0020"", ""m4@0.0020"", ""m5@0.0035"", ""m6@0.0045"", ""m7@0.0035"", ""m8@0.0020"", ""m9@0.0020"", ""m10@0.0020"", ""m11@0.0040"", ""m12@0.0020"", ""m13@0.0020"", ""m14@0.0025"", ""m15@0.0020""]","[""C1"", 1000000, 0, 50000, [[400000, 700000]], 455509]"
syn_16_6_4_11,synthetic,16,6,4,0.04,equal_risk,True,6711751,0.032,,206300,,6700832515353869069,"[""m0@0.0020"", ""m1@0.0020"", ""m2@0.0020"", ""m3@0.0020"", ""m4@0.0020"", ""m5@0.0020"", ""m6@0.0020"", ""m7@0.0020"", ""m8@0.0020"", ""m9@0.0020"", ""m10@0.0020"", ""m11@0.0020"", ""m12@0.0020"", ""m13@0.0020"", ""m14@0.0020"", ""m15@0.0020""]","[""C1"", 1000000, 0, 50000, [[400000, 700000]], 455509]"
syn_16_6_4_11,synthetic,16,6,4,0.04,proportional_risk,True,6711751,0.032,,323300,,6700832515353869069,"[""m0@0.0020"", ""m1@0.0020"", ""m2@0.0020"", ""m3@0.0020"", ""m4@0.0020"", ""m5@0.0020"", ""m6@0.0020"", ""m7@0.0020"", ""m8@0.0020"", ""m9@0.0020"", ""m10@0.0020"", ""m11@0.0020"", ""m12@0.0020"", ""m13@0.0020"", ""m14@0.0020"", ""m15@0.0020""]","[""C1"", 1000000, 0, 50000, [[400000, 700000]], 455509]"
syn_16_6_4_11,synthetic,16,6,4,0.04,greedy_gate_catching,True,5074619,0.04,,6313100,,6700832515353869069,"[""m0@0.0020"", ""m1@0.0020"", ""m2@0.0020"", ""m3@0.0020"", ""m4@0.0020"", ""m5@0.0020"", ""m6@0.0020"", ""m7@0.0030"", ""m8@0.0020"", ""m9@0.0020"", ""m10@0.0020"", ""m11@0.0035"", ""m12@0.0020"", ""m13@0.0035"", ""m14@0.0040"", ""m15@0.0040""]","[""C1"", 1000000, 0, 50000, [[400000, 700000]], 455509]"
syn_16_6_4_12,synthetic,16,6,4,0.04,pareto_dp,True,4331211,0.04,65.0,1328000,,9745824759624609976,"[""m0@0.0020"", ""m1@0.0020"", ""m2@0.0020"", ""m3@0.0035"", ""m4@0.0020"", ""m5@0.0045"", ""m6@0.0045"", ""m7@0.0020"", ""m8@0.0020"", ""m9@0.0020"", ""m10@0.0020"", ""m11@0.0020"", ""m12@0.0020"", ""m13@0.0020"", ""m14@0.0020"", ""m15@0.0035""]","[""C1"", 1000000, 0, 50000, [[400000, 700000]], 455509]"
syn_16_6_4_12,synthetic,16,6,4,0.04,equal_risk,True,5633338,0.032,,204600,,9745824759624609976,"[""m0@0.0020"", ""m1@0.0020"", ""m2@0.0020"", ""m3@0.0020"", ""m4@0.0020"", ""m5@0.0020"", ""m6@0.0020"", ""m7@0.0020"", ""m8@0.0020"", ""m9@0.0020"", ""m10@0.0020"", ""m11@0.0020"", ""m12@0.0020"", ""m13@0.0020"", ""m14@0.0020"", ""m15@0.0020""]","[""C1"", 1000000, 0, 50000, [[400000, 700000]], 455509]"
syn_16_6_4_12,synthetic,16,6,4,0.04,proportional_risk,True,5633338,0.032,,307300,,9745824759624609976,"[""m0@0.0020"", ""m1@0.0020"", ""m2@0.0020"", ""m3@0.0020"", ""m4@0.0020"", ""m5@0.0020"", ""m6@0.0020"", ""m7@0.0020"", ""m8@0.0020"", ""m9@0.0020"", ""m10@0.0020"", ""m11@0.0020"", ""m12@0.0020"", ""m13@0.0020"", ""m14@0.0020"", ""m15@0.0020""]","[""C1"", 1000000, 0, 50000, [[400000, 700000]], 455509]"
syn_16_6_4_12,synthetic,16,6,4,0.04,greedy_gate_catching,True,4951359,0.0395,,6090000,,9745824759624609976,"[""m0@0.0020"", ""m1@0.0020"", ""m2@0.0020"", ""m3@0.0020"", ""m4@0.0020"", ""m5@0.0020"", ""m6@0.0020"", ""m7@0.0020"", ""m8@0.0020"", ""m9@0.0020"", ""m10@0.0020"", ""m11@0.0020"", ""m12@0.0020"", ""m13@0.0045"", ""m14@0.0045"", ""m15@0.0045""]","[""C1"", 1000000, 0, 50000, [[400000, 700000]], 455509]"
syn_16_6_4_13,synthetic,16,6,4,0.04,pareto_dp,True,4228726,0.04,46.0,1138700,,15393356311799589354,"[""m0@0.0020"", ""m1@0.0045"", ""m2@0.0045"", ""m3@0.0045"", ""m4@0.0020"", ""m5@0.0020"", ""m6@0.0020"", ""m7@0.0020"", ""m8@0.0020"", ""m9@0.0020"", ""m10@0.0020"", ""m11@0.0020"", ""m12@0.0020"", ""m13@0.0020"", ""m14@0.0025"", ""m15@0.0020""]","[""C1"", 1000000, 0, 50000, [[400000, 700000]], 455509]"
syn_16_6_4_13,synthetic,16,6,4,0.04,equal_risk,True,5271075,0.032,,209600,,15393356311799589354,"[""m0@0.0020"", ""m1@0.0020"", ""m2@0.0020"", ""m3@0.0020"", ""m4@0.0020"", ""m5@0.0020"", ""m6@0.0020"", ""m7@0.0020"", ""m8@0.0020"", ""m9@0.0020"", ""m10@0.0020"", ""m11@0.0020"", ""m12@0.0020"", ""m13@0.0020"", ""m14@0.0020"", ""m15@0.0020""]","[""C1"", 1000000, 0, 50000, [[400000, 700000]], 455509]"
syn_16_6_4_13,synthetic,16,6,4,0.04,proportional_risk,True,5271075,0.032,,316600,,15393356311799589354,"[""m0@0.0020"", ""m1@0.0020"", ""m2@0.0020"", ""m3@0.0020"", ""m4@0.0020"", ""m5@0.0020"", ""m6@0.0020"", ""m7@0.0020"", ""m8@0.0020"", ""m9@0.0020"", ""m10@0.0020"", ""m11@0.0020"", ""m12@0.0020"", ""m13@0.0020"", ""m14@0.0020"", ""m15@0.0020""]","[""C1"", 1000000, 0, 50000, [[400000, 700000]], 455509]"
syn_16_6_4_13,synthetic,16,6,4,0.04,greedy_gate_catching,True,4853662,0.0395,,6198100,,15393356311799589354,"[""m0@0.0020"", ""m1@0.0020"", ""m2@0.0020"", ""m3@0.0020"", ""m4@0.0020"", ""m5@0.0020"", ""m6@0.0020"", ""m7@0.0020"", ""m8@0.0020"", ""m9@0.0020"", ""m10@0.0020"", ""m11@0.0020"", ""m12@0.0020"", ""m13@0.0045"", ""m14@0.0045"", ""m15@0.0045""]","[""C1"", 1000000, 0, 50000, [[400000, 700000]], 455509]"
syn_16_6_4_14,synthetic,16,6,4,0.04,pareto_dp,True,4184575,0.04,39.0,1171000,,15626371879638359712,"[""m0@0.0020"", ""m1@0.0035"", ""m2@0.0045"", ""m3@0.0045"", ""m4@0.0020"", ""m5@0.0020"", ""m6@0.0020"", ""m7@0.0020"", ""m8@0.0020"", ""m9@0.0020"", ""m10@0.0020"", ""m11@0.0020"", ""m12@0.0020"", ""m13@0.0020"", ""m14@0.0025"", ""m15@0.0030""]","[""C1"", 1000000, 0, 50000, [[400000, 700000]], 455509]"
syn_16_6_4_14,synthetic,16,6,4,0.04,equal_risk,True,5329214,0.032,,214300,,15626371879638359712,"[""m0@0.0020"", ""m1@0.0020"", ""m2@0.0020"", ""m3@0.0020"", ""m4@0.0020"", ""m5@0.0020"", ""m6@0.0020"", ""m7@0.0020"", ""m8@0.0020"", ""m9@0.0020"", ""m10@0.0020"", ""m11@0.0020"", ""m12@0.0020"", ""m13@0.0020"", ""m14@0.0020"", ""m15@0.0020""]","[""C1"", 1000000, 0, 50000, [[400000, 700000]], 455509]"
syn_16_6_4_14,synthetic,16,6,4,0.04,proportional_risk,True,5329214,0.032,,304400,,15626371879638359712,"[""m0@0.0020"", ""m1@0.0020"", ""m2@0.0020"", ""m3@0.0020"", ""m4@0.0020"", ""m5@0.0020"", ""m6@0.0020"", ""m7@0.0020"", ""m8@0.0020"", ""m9@0.0020"", ""m10@0.0020"", ""m11@0.0020"", ""m12@0.0020"", ""m13@0.0020"", ""m14@0.0020"", ""m15@0.0020""]","[""C1"", 1000000, 0, 50000, [[400000, 700000]], 455509]"
syn_16_6_4_14,synthetic,16,6,4,0.04,greedy_gate_catching,True,4796892,0.0395,,6123800,,15626371879638359712,"[""m0@0.0020"", ""m1@0.0020"", ""m2@0.0020"", ""m3@0.0020"", ""m4@0.0020"", ""m5@0.0020"", ""m6@0.0020"", ""m7@0.0020"", ""m8@0.0020"", ""m9@0.0020"", ""m10@0.0020"", ""m11@0.0020"", ""m12@0.0020"", ""m13@0.0045"", ""m14@0.0045"", ""m15@0.0045""]","[""C1"", 1000000, 0, 50000, [[400000, 700000]], 455509]"
syn_16_6_4_15,synthetic,16,6,4,0.04,pareto_dp,True,4118939,0.04,44.0,1333100,,10749320498359674943,"[""m0@0.0020"", ""m1@0.0020"", ""m2@0.0020"", ""m3@0.0020"", ""m4@0.0020"", ""m5@0.0020"", ""m6@0.0030"", ""m7@0.0020"", ""m8@0.0020"", ""m9@0.0020"", ""m10@0.0020"", ""m11@0.0020"", ""m12@0.0020"", ""m13@0.0045"", ""m14@0.0040"", ""m15@0.0045""]","[""C1"", 1000000, 0, 50000, [[400000, 700000]], 455509]"
syn_16_6_4_15,synthetic,16,6,4,0.04,equal_risk,True,5787871,0.032,,212500,,10749320498359674943,"[""m0@0.0020"", ""m1@0.0020"", ""m2@0.0020"", ""m3@0.0020"", ""m4@0.0020"", ""m5@0.0020"", ""m6@0.0020"", ""m7@0.0020"", ""m8@0.0020"", ""m9@0.0020"", ""m10@0.0020"", ""m11@0.0020"", ""m12@0.0020"", ""m13@0.0020"", ""m14@0.0020"", ""m15@0.0020""]","[""C1"", 1000000, 0, 50000, [[400000, 700000]], 455509]"
syn_16_6_4_15,synthetic,16,6,4,0.04,proportional_risk,True,5787871,0.032,,325000,,10749320498359674943,"[""m0@0.0020"", ""m1@0.0020"", ""m2@0.0020"", ""m3@0.0020"", ""m4@0.0020"", ""m5@0.0020"", ""m6@0.0020"", ""m7@0.0020"", ""m8@0.0020"", ""m9@0.0020"", ""m10@0.0020"", ""m11@0.0020"", ""m12@0.0020"", ""m13@0.0020"", ""m14@0.0020"", ""m15@0.0020""]","[""C1"", 1000000, 0, 50000, [[400000, 700000]], 455509]"
syn_16_6_4_15,synthetic,16,6,4,0.04,greedy_gate_catching,True,5112390,0.0395,,6143300,,10749320498359674943,"[""m0@0.0020"", ""m1@0.0020"", ""m2@0.0020"", ""m3@0.0020"", ""m4@0.0020"", ""m5@0.0020"", ""m6@0.0020"", ""m7@0.0020"", ""m8@0.0020"", ""m9@0.0020"", ""m10@0.0020"", ""m11@0.0020"", ""m12@0.0020"", ""m13@0.0045"", ""m14@0.0045"", ""m15@0.0045""]","[""C1"", 1000000, 0, 50000, [[400000, 700000]], 455509]"
syn_16_6_4_16,synthetic,16,6,4,0.04,pareto_dp,True,4660959,0.0395,25.0,706600,,6088518694827714476,"[""m0@0.0020"", ""m1@0.0020"", ""m2@0.0020"", ""m3@0.0020"", ""m4@0.0020"", ""m5@0.0020"", ""m6@0.0020"", ""m7@0.0020"", ""m8@0.0020"", ""m9@0.0020"", ""m10@0.0020"", ""m11@0.0020"", ""m12@0.0020"", ""m13@0.0045"", ""m14@0.0045"", ""m15@0.0045""]","[""C1"", 1000000, 0, 50000, [[400000, 700000]], 455509]"
syn_16_6_4_16,synthetic,16,6,4,0.04,equal_risk,True,4924184,0.032,,207400,,6088518694827714476,"[""m0@0.0020"", ""m1@0.0020"", ""m2@0.0020"", ""m3@0.0020"", ""m4@0.0020"", ""m5@0.0020"", ""m6@0.0020"", ""m7@0.0020"", ""m8@0.0020"", ""m9@0.0020"", ""m10@0.0020"", ""m11@0.0020"", ""m12@0.0020"", ""m13@0.0020"", ""m14@0.0020"", ""m15@0.0020""]","[""C1"", 1000000, 0, 50000, [[400000, 700000]], 455509]"
syn_16_6_4_16,synthetic,16,6,4,0.04,proportional_risk,True,4924184,0.032,,293300,,6088518694827714476,"[""m0@0.0020"", ""m1@0.0020"", ""m2@0.0020"", ""m3@0.0020"", ""m4@0.0020"", ""m5@0.0020"", ""m6@0.0020"", ""m7@0.0020"", ""m8@0.0020"", ""m9@0.0020"", ""m10@0.0020"", ""m11@0.0020"", ""m12@0.0020"", ""m13@0.0020"", ""m14@0.0020"", ""m15@0.0020""]","[""C1"", 1000000, 0, 50000, [[400000, 700000]], 455509]"
syn_16_6_4_16,synthetic,16,6,4,0.04,greedy_gate_catching,True,4660959,0.0395,,6192900,,6088518694827714476,"[""m0@0.0020"", ""m1@0.0020"", ""m2@0.0020"", ""m3@0.0020"", ""m4@0.0020"", ""m5@0.0020"", ""m6@0.0020"", ""m7@0.0020"", ""m8@0.0020"", ""m9@0.0020"", ""m10@0.0020"", ""m11@0.0020"", ""m12@0.0020"", ""m13@0.0045"", ""m14@0.0045"", ""m15@0.0045""]","[""C1"", 1000000, 0, 50000, [[400000, 700000]], 455509]"
syn_16_6_4_17,synthetic,16,6,4,0.04,pareto_dp,True,4206448,0.04,34.0,1066400,,6910636432631350429,"[""m0@0.0020"", ""m1@0.0045"", ""m2@0.0045"", ""m3@0.0045"", ""m4@0.0020"", ""m5@0.0020"", ""m6@0.0020"", ""m7@0.0020"", ""m8@0.0020"", ""m9@0.0020"", ""m10@0.0020"", ""m11@0.0020"", ""m12@0.0020"", ""m13@0.0020"", ""m14@0.0020"", ""m15@0.0025""]","[""C1"", 1000000, 0, 50000, [[400000, 700000]], 455509]"
syn_16_6_4_17,synthetic,16,6,4,0.04,equal_risk,True,5265399,0.032,,206300,,6910636432631350429,"[""m0@0.0020"", ""m1@0.0020"", ""m2@0.0020"", ""m3@0.0020"", ""m4@0.0020"", ""m5@0.0020"", ""m6@0.0020"", ""m7@0.0020"", ""m8@0.0020"", ""m9@0.0020"", ""m10@0.0020"", ""m11@0.0020"", ""m12@0.0020"", ""m13@0.0020"", ""m14@0.0020"", ""m15@0.0020""]","[""C1"", 1000000, 0, 50000, [[400000, 700000]], 455509]"
syn_16_6_4_17,synthetic,16,6,4,0.04,proportional_risk,True,5265399,0.032,,325800,,6910636432631350429,"[""m0@0.0020"", ""m1@0.0020"", ""m2@0.0020"", ""m3@0.0020"", ""m4@0.0020"", ""m5@0.0020"", ""m6@0.0020"", ""m7@0.0020"", ""m8@0.0020"", ""m9@0.0020"", ""m10@0.0020"", ""m11@0.0020"", ""m12@0.0020"", ""m13@0.0020"", ""m14@0.0020"", ""m15@0.0020""]","[""C1"", 1000000, 0, 50000, [[400000, 700000]], 455509]"
syn_16_6_4_17,synthetic,16,6,4,0.04,greedy_gate_catching,True,4772006,0.0395,,6131300,,6910636432631350429,"[""m0@0.0020"", ""m1@0.0020"", ""m2@0.0020"", ""m3@0.0020"", ""m4@0.0020"", ""m5@0.0020"", ""m6@0.0020"", ""m7@0.0020"", ""m8@0.0020"", ""m9@0.0020"", ""m10@0.0020"", ""m11@0.0020"", ""m12@0.0020"", ""m13@0.0045"", ""m14@0.0045"", ""m15@0.0045""]","[""C1"", 1000000, 0, 50000, [[400000, 700000]], 455509]"
syn_16_6_4_18,synthetic,16,6,4,0.04,pareto_dp,True,4224549,0.04,63.0,1686200,,4372290561826954393,"[""m0@0.0020"", ""m1@0.0020"", ""m2@0.0030"", ""m3@0.0040"", ""m4@0.0020"", ""m5@0.0020"", ""m6@0.0020"", ""m7@0.0025"", ""m8@0.0020"", ""m9@0.0020"", ""m10@0.0020"", ""m11@0.0045"", ""m12@0.0020"", ""m13@0.0020"", ""m14@0.0020"", ""m15@0.0040""]","[""C1"", 1000000, 0, 50000, [[400000, 700000]], 455509]"
syn_16_6_4_18,synthetic,16,6,4,0.04,equal_risk,True,6493434,0.032,,223000,,4372290561826954393,"[""m0@0.0020"", ""m1@0.0020"", ""m2@0.0020"", ""m3@0.0020"", ""m4@0.0020"", ""m5@0.0020"", ""m6@0.0020"", ""m7@0.0020"", ""m8@0.0020"", ""m9@0.0020"", ""m10@0.0020"", ""m11@0.0020"", ""m12@0.0020"", ""m13@0.0020"", ""m14@0.0020"", ""m15@0.0020""]","[""C1"", 1000000, 0, 50000, [[400000, 700000]], 455509]"
syn_16_6_4_18,synthetic,16,6,4,0.04,proportional_risk,True,6493434,0.032,,320300,,4372290561826954393,"[""m0@0.0020"", ""m1@0.0020"", ""m2@0.0020"", ""m3@0.0020"", ""m4@0.0020"", ""m5@0.0020"", ""m6@0.0020"", ""m7@0.0020"", ""m8@0.0020"", ""m9@0.0020"", ""m10@0.0020"", ""m11@0.0020"", ""m12@0.0020"", ""m13@0.0020"", ""m14@0.0020"", ""m15@0.0020""]","[""C1"", 1000000, 0, 50000, [[400000, 700000]], 455509]"
syn_16_6_4_18,synthetic,16,6,4,0.04,greedy_gate_catching,True,6018856,0.0395,,6154500,,4372290561826954393,"[""m0@0.0020"", ""m1@0.0020"", ""m2@0.0020"", ""m3@0.0020"", ""m4@0.0020"", ""m5@0.0020"", ""m6@0.0020"", ""m7@0.0020"", ""m8@0.0020"", ""m9@0.0020"", ""m10@0.0020"", ""m11@0.0020"", ""m12@0.0020"", ""m13@0.0045"", ""m14@0.0045"", ""m15@0.0045""]","[""C1"", 1000000, 0, 50000, [[400000, 700000]], 455509]"
syn_16_6_4_19,synthetic,16,6,4,0.04,pareto_dp,True,5030898,0.0395,27.0,783400,,7067579827600582667,"[""m0@0.0020"", ""m1@0.0020"", ""m2@0.0020"", ""m3@0.0020"", ""m4@0.0020"", ""m5@0.0020"", ""m6@0.0020"", ""m7@0.0020"", ""m8@0.0020"", ""m9@0.0020"", ""m10@0.0020"", ""m11@0.0020"", ""m12@0.0020"", ""m13@0.0045"", ""m14@0.0045"", ""m15@0.0045""]","[""C1"", 1000000, 0, 50000, [[400000, 700000]], 455509]"
syn_16_6_4_19,synthetic,16,6,4,0.04,equal_risk,True,5731141,0.032,,207800,,7067579827600582667,"[""m0@0.0020"", ""m1@0.0020"", ""m2@0.0020"", ""m3@0.0020"", ""m4@0.0020"", ""m5@0.0020"", ""m6@0.0020"", ""m7@0.0020"", ""m8@0.0020"", ""m9@0.0020"", ""m10@0.0020"", ""m11@0.0020"", ""m12@0.0020"", ""m13@0.0020"", ""m14@0.0020"", ""m15@0.0020""]","[""C1"", 1000000, 0, 50000, [[400000, 700000]], 455509]"
syn_16_6_4_19,synthetic,16,6,4,0.04,proportional_risk,True,5731141,0.032,,314200,,7067579827600582667,"[""m0@0.0020"", ""m1@0.0020"", ""m2@0.0020"", ""m3@0.0020"", ""m4@0.0020"", ""m5@0.0020"", ""m6@0.0020"", ""m7@0.0020"", ""m8@0.0020"", ""m9@0.0020"", ""m10@0.0020"", ""m11@0.0020"", ""m12@0.0020"", ""m13@0.0020"", ""m14@0.0020"", ""m15@0.0020""]","[""C1"", 1000000, 0, 50000, [[400000, 700000]], 455509]"
syn_16_6_4_19,synthetic,16,6,4,0.04,greedy_gate_catching,True,5030898,0.0395,,6126400,,7067579827600582667,"[""m0@0.0020"", ""m1@0.0020"", ""m2@0.0020"", ""m3@0.0020"", ""m4@0.0020"", ""m5@0.0020"", ""m6@0.0020"", ""m7@0.0020"", ""m8@0.0020"", ""m9@0.0020"", ""m10@0.0020"", ""m11@0.0020"", ""m12@0.0020"", ""m13@0.0045"", ""m14@0.0045"", ""m15@0.0045""]","[""C1"", 1000000, 0, 50000, [[400000, 700000]], 455509]"
syn_32_3_1_00,synthetic,32,3,1,0.08,pareto_dp,True,7299431,0.079,142.0,3502600,,11710286401379450959,"[""m0@0.0020"", ""m1@0.0020"", ""m2@0.0020"", ""m3@0.0045"", ""m4@0.0020"", ""m5@0.0020"", ""m6@0.0020"", ""m7@0.0045"", ""m8@0.0020"", ""m9@0.0020"", ""m10@0.0020"", ""m11@0.0045"", ""m12@0.0020"", ""m13@0.0020"", ""m14@0.0045"", ""m15@0.0045"", ""m16@0.0020"", ""m17@0.0020"", ""m18@0.0020"", ""m19@0.0045"", ""m20@0.0020"", ""m21@0.0020"", ""m22@0.0020"", ""m23@0.0020"", ""m24@0.0020"", ""m25@0.0020"", ""m26@0.0020"", ""m27@0.0020"", ""m28@0.0020"", ""m29@0.0020"", ""m30@0.0020"", ""m31@0.0020""]","[""C1"", 1000000, 0, 50000, [[400000, 700000]], 455509]"
syn_32_3_1_00,synthetic,32,3,1,0.08,equal_risk,True,9668013,0.064,,227400,,11710286401379450959,"[""m0@0.0020"", ""m1@0.0020"", ""m2@0.0020"", ""m3@0.0020"", ""m4@0.0020"", ""m5@0.0020"", ""m6@0.0020"", ""m7@0.0020"", ""m8@0.0020"", ""m9@0.0020"", ""m10@0.0020"", ""m11@0.0020"", ""m12@0.0020"", ""m13@0.0020"", ""m14@0.0020"", ""m15@0.0020"", ""m16@0.0020"", ""m17@0.0020"", ""m18@0.0020"", ""m19@0.0020"", ""m20@0.0020"", ""m21@0.0020"", ""m22@0.0020"", ""m23@0.0020"", ""m24@0.0020"", ""m25@0.0020"", ""m26@0.0020"", ""m27@0.0020"", ""m28@0.0020"", ""m29@0.0020"", ""m30@0.0020"", ""m31@0.0020""]","[""C1"", 1000000, 0, 50000, [[400000, 700000]], 455509]"
syn_32_3_1_00,synthetic,32,3,1,0.08,proportional_risk,True,9668013,0.064,,363200,,11710286401379450959,"[""m0@0.0020"", ""m1@0.0020"", ""m2@0.0020"", ""m3@0.0020"", ""m4@0.0020"", ""m5@0.0020"", ""m6@0.0020"", ""m7@0.0020"", ""m8@0.0020"", ""m9@0.0020"", ""m10@0.0020"", ""m11@0.0020"", ""m12@0.0020"", ""m13@0.0020"", ""m14@0.0020"", ""m15@0.0020"", ""m16@0.0020"", ""m17@0.0020"", ""m18@0.0020"", ""m19@0.0020"", ""m20@0.0020"", ""m21@0.0020"", ""m22@0.0020"", ""m23@0.0020"", ""m24@0.0020"", ""m25@0.0020"", ""m26@0.0020"", ""m27@0.0020"", ""m28@0.0020"", ""m29@0.0020"", ""m30@0.0020"", ""m31@0.0020""]","[""C1"", 1000000, 0, 50000, [[400000, 700000]], 455509]"
syn_32_3_1_00,synthetic,32,3,1,0.08,greedy_gate_catching,True,8244853,0.079,,6215700,,11710286401379450959,"[""m0@0.0020"", ""m1@0.0020"", ""m2@0.0020"", ""m3@0.0020"", ""m4@0.0020"", ""m5@0.0020"", ""m6@0.0020"", ""m7@0.0020"", ""m8@0.0020"", ""m9@0.0020"", ""m10@0.0020"", ""m11@0.0020"", ""m12@0.0020"", ""m13@0.0020"", ""m14@0.0020"", ""m15@0.0020"", ""m16@0.0020"", ""m17@0.0020"", ""m18@0.0032"", ""m19@0.0045"", ""m20@0.0020"", ""m21@0.0020"", ""m22@0.0032"", ""m23@0.0045"", ""m24@0.0020"", ""m25@0.0020"", ""m26@0.0045"", ""m27@0.0045"", ""m28@0.0020"", ""m29@0.0020"", ""m30@0.0020"", ""m31@0.0045""]","[""C1"", 1000000, 0, 50000, [[400000, 700000]], 455509]"
syn_32_3_1_01,synthetic,32,3,1,0.08,pareto_dp,True,6615577,0.079,154.0,3944600,,17602866422453987979,"[""m0@0.0020"", ""m1@0.0020"", ""m2@0.0032"", ""m3@0.0045"", ""m4@0.0020"", ""m5@0.0020"", ""m6@0.0020"", ""m7@0.0045"", ""m8@0.0020"", ""m9@0.0020"", ""m10@0.0020"", ""m11@0.0045"", ""m12@0.0020"", ""m13@0.0020"", ""m14@0.0020"", ""m15@0.0020"", ""m16@0.0020"", ""m17@0.0020"", ""m18@0.0020"", ""m19@0.0045"", ""m20@0.0020"", ""m21@0.0020"", ""m22@0.0020"", ""m23@0.0020"", ""m24@0.0020"", ""m25@0.0020"", ""m26@0.0020"", ""m27@0.0045"", ""m28@0.0020"", ""m29@0.0020"", ""m30@0.0020"", ""m31@0.0032""]","[""C1"", 1000000, 0, 50000, [[400000, 700000]], 455509]"
syn_32_3_1_01,synthetic,32,3,1,0.08,equal_risk,True,9307406,0.064,,246100,,17602866422453987979,"[""m0@0.0020"", ""m1@0.0020"", ""m2@0.0020"", ""m3@0.0020"", ""m4@0.0020"", ""m5@0.0020"", ""m6@0.0020"", ""m7@0.0020"", ""m8@0.0020"", ""m9@0.0020"", ""m10@0.0020"", ""m11@0.0020"", ""m12@0.0020"", ""m13@0.0020"", ""m14@0.0020"", ""m15@0.0020"", ""m16@0.0020"", ""m17@0.0020"", ""m18@0.0020"", ""m19@0.0020"", ""m20@0.0020"", ""m21@0.0020"", ""m22@0.0020"", ""m23@0.0020"", ""m24@0.0020"", ""m25@0.0020"", ""m26@0.0020"", ""m27@0.0020"", ""m28@0.0020"", ""m29@0.0020"", ""m30@0.0020"", ""m31@0.0020""]","[""C1"", 1000000, 0, 50000, [[400000, 700000]], 455509]"
syn_32_3_1_01,synthetic,32,3,1,0.08,proportional_risk,True,9307406,0.064,,379700,,17602866422453987979,"[""m0@0.0020"", ""m1@0.0020"", ""m2@0.0020"", ""m3@0.0020"", ""m4@0.0020"", ""m5@0.0020"", ""m6@0.0020"", ""m7@0.0020"", ""m8@0.0020"", ""m9@0.0020"", ""m10@0.0020"", ""m11@0.0020"", ""m12@0.0020"", ""m13@0.0020"", ""m14@0.0020"", ""m15@0.0020"", ""m16@0.0020"", ""m17@0.0020"", ""m18@0.0020"", ""m19@0.0020"", ""m20@0.0020"", ""m21@0.0020"", ""m22@0.0020"", ""m23@0.0020"", ""m24@0.0020"", ""m25@0.0020"", ""m26@0.0020"", ""m27@0.0020"", ""m28@0.0020"", ""m29@0.0020"", ""m30@0.0020"", ""m31@0.0020""]","[""C1"", 1000000, 0, 50000, [[400000, 700000]], 455509]"
syn_32_3_1_01,synthetic,32,3,1,0.08,greedy_gate_catching,True,6979125,0.079,,8405300,,17602866422453987979,"[""m0@0.0020"", ""m1@0.0020"", ""m2@0.0020"", ""m3@0.0020"", ""m4@0.0020"", ""m5@0.0020"", ""m6@0.0020"", ""m7@0.0032"", ""m8@0.0020"", ""m9@0.0020"", ""m10@0.0020"", ""m11@0.0032"", ""m12@0.0020"", ""m13@0.0020"", ""m14@0.0020"", ""m15@0.0020"", ""m16@0.0020"", ""m17@0.0020"", ""m18@0.0032"", ""m19@0.0045"", ""m20@0.0020"", ""m21@0.0020"", ""m22@0.0020"", ""m23@0.0032"", ""m24@0.0020"", ""m25@0.0020"", ""m26@0.0045"", ""m27@0.0045"", ""m28@0.0020"", ""m29@0.0020"", ""m30@0.0020"", ""m31@0.0045""]","[""C1"", 1000000, 0, 50000, [[400000, 700000]], 455509]"
syn_32_3_1_02,synthetic,32,3,1,0.08,pareto_dp,True,6863152,0.079,115.0,3505400,,2194780623943087071,"[""m0@0.0020"", ""m1@0.0020"", ""m2@0.0020"", ""m3@0.0020"", ""m4@0.0020"", ""m5@0.0020"", ""m6@0.0020"", ""m7@0.0020"", ""m8@0.0020"", ""m9@0.0020"", ""m10@0.0045"", ""m11@0.0045"", ""m12@0.0020"", ""m13@0.0020"", ""m14@0.0020"", ""m15@0.0045"", ""m16@0.0020"", ""m17@0.0020"", ""m18@0.0020"", ""m19@0.0045"", ""m20@0.0020"", ""m21@0.0020"", ""m22@0.0020"", ""m23@0.0020"", ""m24@0.0020"", ""m25@0.0020"", ""m26@0.0045"", ""m27@0.0045"", ""m28@0.0020"", ""m29@0.0020"", ""m30@0.0020"", ""m31@0.0020""]","[""C1"", 1000000, 0, 50000, [[400000, 700000]], 455509]"
syn_32_3_1_02,synthetic,32,3,1,0.08,equal_risk,True,8898604,0.064,,243300,,2194780623943087071,"[""m0@0.0020"", ""m1@0.0020"", ""m2@0.0020"", ""m3@0.0020"", ""m4@0.0020"", ""m5@0.0020"", ""m6@0.0020"", ""m7@0.0020"", ""m8@0.0020"", ""m9@0.0020"", ""m10@0.0020"", ""m11@0.0020"", ""m12@0.0020"", ""m13@0.0020"", ""m14@0.0020"", ""m15@0.0020"", ""m16@0.0020"", ""m17@0.0020"", ""m18@0.0020"", ""m19@0.0020"", ""m20@0.0020"", ""m21@0.0020"", ""m22@0.0020"", ""m23@0.0020"", ""m24@0.0020"", ""m25@0.0020"", ""m26@0.0020"", ""m27@0.0020"", ""m28@0.0020"", ""m29@0.0020"", ""m30@0.0020"", ""m31@0.0020""]","[""C1"", 1000000, 0, 50000, [[400000, 700000]], 455509]"
syn_32_3_1_02,synthetic,32,3,1,0.08,proportional_risk,True,8898604,0.064,,384500,,2194780623943087071,"[""m0@0.0020"", ""m1@0.0020"", ""m2@0.0020"", ""m3@0.0020"", ""m4@0.0020"", ""m5@0.0020"", ""m6@0.0020"", ""m7@0.0020"", ""m8@0.0020"", ""m9@0.0020"", ""m10@0.0020"", ""m11@0.0020"", ""m12@0.0020"", ""m13@0.0020"", ""m14@0.0020"", ""m15@0.0020"", ""m16@0.0020"", ""m17@0.0020"", ""m18@0.0020"", ""m19@0.0020"", ""m20@0.0020"", ""m21@0.0020"", ""m22@0.0020"", ""m23@0.0020"", ""m24@0.0020"", ""m25@0.0020"", ""m26@0.0020"", ""m27@0.0020"", ""m28@0.0020"", ""m29@0.0020"", ""m30@0.0020"", ""m31@0.0020""]","[""C1"", 1000000, 0, 50000, [[400000, 700000]], 455509]"
syn_32_3_1_02,synthetic,32,3,1,0.08,greedy_gate_catching,True,7344875,0.079,,6192800,,2194780623943087071,"[""m0@0.0020"", ""m1@0.0020"", ""m2@0.0020"", ""m3@0.0020"", ""m4@0.0020"", ""m5@0.0020"", ""m6@0.0020"", ""m7@0.0020"", ""m8@0.0020"", ""m9@0.0020"", ""m10@0.0020"", ""m11@0.0020"", ""m12@0.0020"", ""m13@0.0020"", ""m14@0.0020"", ""m15@0.0020"", ""m16@0.0020"", ""m17@0.0020"", ""m18@0.0020"", ""m19@0.0045"", ""m20@0.0020"", ""m21@0.0020"", ""m22@0.0020"", ""m23@0.0045"", ""m24@0.0020"", ""m25@0.0020"", ""m26@0.0045"", ""m27@0.0045"", ""m28@0.0020"", ""m29@0.0020"", ""m30@0.0045"", ""m31@0.0045""]","[""C1"", 1000000, 0, 50000, [[400000, 700000]], 455509]"
syn_32_3_1_03,synthetic,32,3,1,0.08,pareto_dp,True,7275081,0.079,255.0,4585300,,3383507275058706995,"[""m0@0.0020"", ""m1@0.0020"", ""m2@0.0032"", ""m3@0.0045"", ""m4@0.0020"", ""m5@0.0020"", ""m6@0.0020"", ""m7@0.0032"", ""m8@0.0020"", ""m9@0.0020"", ""m10@0.0020"", ""m11@0.0045"", ""m12@0.0020"", ""m13@0.0020"", ""m14@0.0020"", ""m15@0.0045"", ""m16@0.0020"", ""m17@0.0020"", ""m18@0.0020"", ""m19@0.0020"", ""m20@0.0020"", ""m21@0.0020"", ""m22@0.0020"", ""m23@0.0045"", ""m24@0.0020"", ""m25@0.0020"", ""m26@0.0020"", ""m27@0.0020"", ""m28@0.0020"", ""m29@0.0020"", ""m30@0.0020"", ""m31@0.0045""]","[""C1"", 1000000, 0, 50000, [[400000, 700000]], 455509]"
syn_32_3_1_03,synthetic,32,3,1,0.08,equal_risk,True,9906969,0.064,,230700,,3383507275058706995,"[""m0@0.0020"", ""m1@0.0020"", ""m2@0.0020"", ""m3@0.0020"", ""m4@0.0020"", ""m5@0.0020"", ""m6@0.0020"", ""m7@0.0020"", ""m8@0.0020"", ""m9@0.0020"", ""m10@0.0020"", ""m11@0.0020"", ""m12@0.0020"", ""m13@0.0020"", ""m14@0.0020"", ""m15@0.0020"", ""m16@0.0020"", ""m17@0.0020"", ""m18@0.0020"", ""m19@0.0020"", ""m20@0.0020"", ""m21@0.0020"", ""m22@0.0020"", ""m23@0.0020"", ""m24@0.0020"", ""m25@0.0020"", ""m26@0.0020"", ""m27@0.0020"", ""m28@0.0020"", ""m29@0.0020"", ""m30@0.0020"", ""m31@0.0020""]","[""C1"", 1000000, 0, 50000, [[400000, 700000]], 455509]"
syn_32_3_1_03,synthetic,32,3,1,0.08,proportional_risk,True,9906969,0.064,,365900,,3383507275058706995,"[""m0@0.0020"", ""m1@0.0020"", ""m2@0.0020"", ""m3@0.0020"", ""m4@0.0020"", ""m5@0.0020"", ""m6@0.0020"", ""m7@0.0020"", ""m8@0.0020"", ""m9@0.0020"", ""m10@0.0020"", ""m11@0.0020"", ""m12@0.0020"", ""m13@0.0020"", ""m14@0.0020"", ""m15@0.0020"", ""m16@0.0020"", ""m17@0.0020"", ""m18@0.0020"", ""m19@0.0020"", ""m20@0.0020"", ""m21@0.0020"", ""m22@0.0020"", ""m23@0.0020"", ""m24@0.0020"", ""m25@0.0020"", ""m26@0.0020"", ""m27@0.0020"", ""m28@0.0020"", ""m29@0.0020"", ""m30@0.0020"", ""m31@0.0020""]","[""C1"", 1000000, 0, 50000, [[400000, 700000]], 455509]"
syn_32_3_1_03,synthetic,32,3,1,0.08,greedy_gate_catching,True,8369857,0.079,,6114900,,3383507275058706995,"[""m0@0.0020"", ""m1@0.0020"", ""m2@0.0020"", ""m3@0.0020"", ""m4@0.0020"", ""m5@0.0020"", ""m6@0.0020"", ""m7@0.0020"", ""m8@0.0020"", ""m9@0.0020"", ""m10@0.0020"", ""m11@0.0020"", ""m12@0.0020"", ""m13@0.0020"", ""m14@0.0020"", ""m15@0.0020"", ""m16@0.0020"", ""m17@0.0020"", ""m18@0.0020"", ""m19@0.0020"", ""m20@0.0020"", ""m21@0.0020"", ""m22@0.0045"", ""m23@0.0045"", ""m24@0.0020"", ""m25@0.0020"", ""m26@0.0045"", ""m27@0.0045"", ""m28@0.0020"", ""m29@0.0020"", ""m30@0.0045"", ""m31@0.0045""]","[""C1"", 1000000, 0, 50000, [[400000, 700000]], 455509]"
syn_32_3_1_04,synthetic,32,3,1,0.08,pareto_dp,True,7042925,0.079,133.0,3663600,,9268121425428520660,"[""m0@0.0020"", ""m1@0.0020"", ""m2@0.0020"", ""m3@0.0045"", ""m4@0.0020"", ""m5@0.0020"", ""m6@0.0020"", ""m7@0.0045"", ""m8@0.0020"", ""m9@0.0020"", ""m10@0.0045"", ""m11@0.0020"", ""m12@0.0020"", ""m13@0.0020"", ""m14@0.0020"", ""m15@0.0045"", ""m16@0.0020"", ""m17@0.0020"", ""m18@0.0020"", ""m19@0.0045"", ""m20@0.0020"", ""m21@0.0020"", ""m22@0.0020"", ""m23@0.0020"", ""m24@0.0020"", ""m25@0.0020"", ""m26@0.0020"", ""m27@0.0020"", ""m28@0.0020"", ""m29@0.0020"", ""m30@0.0020"", ""m31@0.0045""]","[""C1"", 1000000, 0, 50000, [[400000, 700000]], 455509]"
syn_32_3_1_04,synthetic,32,3,1,0.08,equal_risk,True,9632723,0.064,,249400,,9268121425428520660,"[""m0@0.0020"", ""m1@0.0020"", ""m2@0.0020"", ""m3@0.0020"", ""m4@0.0020"", ""m5@0.0020"", ""m6@0.0020"", ""m7@0.0020"", ""m8@0.0020"", ""m9@0.0020"", ""m10@0.0020"", ""m11@0.0020"", ""m12@0.0020"", ""m13@0.0020"", ""m14@0.0020"", ""m15@0.0020"", ""m16@0.0020"", ""m17@0.0020"", ""m18@0.0020"", ""m19@0.0020"", ""m20@0.0020"", ""m21@0.0020"", ""m22@0.0020"", ""m23@0.0020"", ""m24@0.0020"", ""m25@0.0020"", ""m26@0.0020"", ""m27@0.0020"", ""m28@0.0020"", ""m29@0.0020"", ""m30@0.0020"", ""m31@0.0020""]","[""C1"", 1000000, 0, 50000, [[400000, 700000]], 455509]"
syn_32_3_1_04,synthetic,32,3,1,0.08,proportional_risk,True,9632723,0.064,,380500,,9268121425428520660,"[""m0@0.0020"", ""m1@0.0020"", ""m2@0.0020"", ""m3@0.0020"", ""m4@0.0020"", ""m5@0.0020"", ""m6@0.0020"", ""m7@0.0020"", ""m8@0.0020"", ""m9@0.0020"", ""m10@0.0020"", ""m11@0.0020"", ""m12@0.0020"", ""m13@0.0020"", ""m14@0.0020"", ""m15@0.0020"", ""m16@0.0020"", ""m17@0.0020"", ""m18@0.0020"", ""m19@0.0020"", ""m20@0.0020"", ""m21@0.0020"", ""m22@0.0020"", ""m23@0.0020"", ""m24@0.0020"", ""m25@0.0020"", ""m26@0.0020"", ""m27@0.0020"", ""m28@0.0020"", ""m29@0.0020"", ""m30@0.0020"", ""m31@0.0020""]","[""C1"", 1000000, 0, 50000, [[400000, 700000]], 455509]"
syn_32_3_1_04,synthetic,32,3,1,0.08,greedy_gate_catching,True,8046756,0.079,,6331900,,9268121425428520660,"[""m0@0.0020"", ""m1@0.0020"", ""m2@0.0020"", ""m3@0.0020"", ""m4@0.0020"", ""m5@0.0020"", ""m6@0.0020"", ""m7@0.0020"", ""m8@0.0020"", ""m9@0.0020"", ""m10@0.0020"", ""m11@0.0020"", ""m12@0.0020"", ""m13@0.0020"", ""m14@0.0020"", ""m15@0.0020"", ""m16@0.0020"", ""m17@0.0020"", ""m18@0.0032"", ""m19@0.0045"", ""m20@0.0020"", ""m21@0.0032"", ""m22@0.0032"", ""m23@0.0045"", ""m24@0.0020"", ""m25@0.0020"", ""m26@0.0032"", ""m27@0.0045"", ""m28@0.0020"", ""m29@0.0020"", ""m30@0.0020"", ""m31@0.0045""]","[""C1"", 1000000, 0, 50000, [[400000, 700000]], 455509]"
syn_32_3_1_05,synthetic,32,3,1,0.08,pareto_dp,True,7582554,0.079,132.0,3098800,,5445831531948121649,"[""m0@0.0020"", ""m1@0.0020"", ""m2@0.0020"", ""m3@0.0045"", ""m4@0.0020"", ""m5@0.0020"", ""m6@0.0020"", ""m7@0.0020"", ""m8@0.0020"", ""m9@0.0020"", ""m10@0.0020"", ""m11@0.0045"", ""m12@0.0020"", ""m13@0.0020"", ""m14@0.0020"", ""m15@0.0045"", ""m16@0.0020"", ""m17@0.0020"", ""m18@0.0020"", ""m19@0.0045"", ""m20@0.0020"", ""m21@0.0020"", ""m22@0.0020"", ""m23@0.0032"", ""m24@0.0020"", ""m25@0.0020"", ""m26@0.0032"", ""m27@0.0020"", ""m28@0.0020"", ""m29@0.0020"", ""m30@0.0020"", ""m31@0.0045""]","[""C1"", 1000000, 0, 50000, [[400000, 700000]], 455509]"
syn_32_3_1_05,synthetic,32,3,1,0.08,equal_risk,True,10484123,0.064,,237800,,5445831531948121649,"[""m0@0.0020"", ""m1@0.0020"", ""m2@0.0020"", ""m3@0.0020"", ""m4@0.0020"", ""m5@0.0020"", ""m6@0.0020"", ""m7@0.0020"", ""m8@0.0020"", ""m9@0.0020"", ""m10@0.0020"", ""m11@0.0020"", ""m12@0.0020"", ""m13@0.0020"", ""m14@0.0020"", ""m15@0.0020"", ""m16@0.0020"", ""m17@0.0020"", ""m18@0.0020"", ""m19@0.0020"", ""m20@0.0020"", ""m21@0.0020"", ""m22@0.0020"", ""m23@0.0020"", ""m24@0.0020"", ""m25@0.0020"", ""m26@0.0020"", ""m27@0.0020"", ""m28@0.0020"", ""m29@0.0020"", ""m30@0.0020"", ""m31@0.0020""]","[""C1"", 1000000, 0, 50000, [[400000, 700000]], 455509]"
syn_32_3_1_05,synthetic,32,3,1,0.08,proportional_risk,True,10484123,0.064,,392300,,5445831531948121649,"[""m0@0.0020"", ""m1@0.0020"", ""m2@0.0020"", ""m3@0.0020"", ""m4@0.0020"", ""m5@0.0020"", ""m6@0.0020"", ""m7@0.0020"", ""m8@0.0020"", ""m9@0.0020"", ""m10@0.0020"", ""m11@0.0020"", ""m12@0.0020"", ""m13@0.0020"", ""m14@0.0020"", ""m15@0.0020"", ""m16@0.0020"", ""m17@0.0020"", ""m18@0.0020"", ""m19@0.0020"", ""m20@0.0020"", ""m21@0.0020"", ""m22@0.0020"", ""m23@0.0020"", ""m24@0.0020"", ""m25@0.0020"", ""m26@0.0020"", ""m27@0.0020"", ""m28@0.0020"", ""m29@0.0020"", ""m30@0.0020"", ""m31@0.0020""]","[""C1"", 1000000, 0, 50000, [[400000, 700000]], 455509]"
syn_32_3_1_05,synthetic,32,3,1,0.08,greedy_gate_catching,True,8771902,0.079,,7952100,,5445831531948121649,"[""m0@0.0020"", ""m1@0.0020"", ""m2@0.0020"", ""m3@0.0020"", ""m4@0.0020"", ""m5@0.0020"", ""m6@0.0020"", ""m7@0.0020"", ""m8@0.0020"", ""m9@0.0020"", ""m10@0.0020"", ""m11@0.0020"", ""m12@0.0020"", ""m13@0.0020"", ""m14@0.0020"", ""m15@0.0020"", ""m16@0.0020"", ""m17@0.0020"", ""m18@0.0045"", ""m19@0.0045"", ""m20@0.0020"", ""m21@0.0020"", ""m22@0.0045"", ""m23@0.0045"", ""m24@0.0020"", ""m25@0.0020"", ""m26@0.0045"", ""m27@0.0020"", ""m28@0.0020"", ""m29@0.0020"", ""m30@0.0020"", ""m31@0.0045""]","[""C1"", 1000000, 0, 50000, [[400000, 700000]], 455509]"
syn_32_3_1_06,synthetic,32,3,1,0.08,pareto_dp,True,7064728,0.079,136.0,3646000,,6606279309353190665,"[""m0@0.0020"", ""m1@0.0020"", ""m2@0.0020"", ""m3@0.0045"", ""m4@0.0020"", ""m5@0.0020"", ""m6@0.0020"", ""m7@0.0045"", ""m8@0.0020"", ""m9@0.0020"", ""m10@0.0020"", ""m11@0.0045"", ""m12@0.0020"", ""m13@0.0020"", ""m14@0.0020"", ""m15@0.0045"", ""m16@0.0020"", ""m17@0.0020"", ""m18@0.0020"", ""m19@0.0020"", ""m20@0.0020"", ""m21@0.0020"", ""m22@0.0020"", ""m23@0.0020"", ""m24@0.0020"", ""m25@0.0020"", ""m26@0.0020"", ""m27@0.0045"", ""m28@0.0020"", ""m29@0.0020"", ""m30@0.0020"", ""m31@0.0045""]","[""C1"", 1000000, 0, 50000, [[400000, 700000]], 455509]"
syn_32_3_1_06,synthetic,32,3,1,0.08,equal_risk,True,9586214,0.064,,233300,,6606279309353190665,"[""m0@0.0020"", ""m1@0.0020"", ""m2@0.0020"", ""m3@0.0020"", ""m4@0.0020"", ""m5@0.0020"", ""m6@0.0020"", ""m7@0.0020"", ""m8@0.0020"", ""m9@0.0020"", ""m10@0.0020"", ""m11@0.0020"", ""m12@0.0020"", ""m13@0.0020"", ""m14@0.0020"", ""m15@0.0020"", ""m16@0.0020"", ""m17@0.0020"", ""m18@0.0020"", ""m19@0.0020"", ""m20@0.0020"", ""m21@0.0020"", ""m22@0.0020"", ""m23@0.0020"", ""m24@0.0020"", ""m25@0.0020"", ""m26@0.0020"", ""m27@0.0020"", ""m28@0.0020"", ""m29@0.0020"", ""m30@0.0020"", ""m31@0.0020""]","[""C1"", 1000000, 0, 50000, [[400000, 700000]], 455509]"
syn_32_3_1_06,synthetic,32,3,1,0.08,proportional_risk,True,9586214,0.064,,364800,,6606279309353190665,"[""m0@0.0020"", ""m1@0.0020"", ""m2@0.0020"", ""m3@0.0020"", ""m4@0.0020"", ""m5@0.0020"", ""m6@0.0020"", ""m7@0.0020"", ""m8@0.0020"", ""m9@0.0020"", ""m10@0.0020"", ""m11@0.0020"", ""m12@0.0020"", ""m13@0.0020"", ""m14@0.0020"", ""m15@0.0020"", ""m16@0.0020"", ""m17@0.0020"", ""m18@0.0020"", ""m19@0.0020"", ""m20@0.0020"", ""m21@0.0020"", ""m22@0.0020"", ""m23@0.0020"", ""m24@0.0020"", ""m25@0.0020"", ""m26@0.0020"", ""m27@0.0020"", ""m28@0.0020"", ""m29@0.0020"", ""m30@0.0020"", ""m31@0.0020""]","[""C1"", 1000000, 0, 50000, [[400000, 700000]], 455509]"
syn_32_3_1_06,synthetic,32,3,1,0.08,greedy_gate_catching,True,7251218,0.079,,6285600,,6606279309353190665,"[""m0@0.0020"", ""m1@0.0020"", ""m2@0.0020"", ""m3@0.0020"", ""m4@0.0020"", ""m5@0.0020"", ""m6@0.0020"", ""m7@0.0045"", ""m8@0.0020"", ""m9@0.0020"", ""m10@0.0020"", ""m11@0.0020"", ""m12@0.0020"", ""m13@0.0020"", ""m14@0.0020"", ""m15@0.0020"", ""m16@0.0020"", ""m17@0.0020"", ""m18@0.0020"", ""m19@0.0045"", ""m20@0.0020"", ""m21@0.0020"", ""m22@0.0045"", ""m23@0.0045"", ""m24@0.0020"", ""m25@0.0020"", ""m26@0.0020"", ""m27@0.0045"", ""m28@0.0020"", ""m29@0.0020"", ""m30@0.0020"", ""m31@0.0045""]","[""C1"", 1000000, 0, 50000, [[400000, 700000]], 455509]"
syn_32_3_1_07,synthetic,32,3,1,0.08,pareto_dp,True,7308230,0.079,115.0,3612200,,1299276700258925273,"[""m0@0.0020"", ""m1@0.0020"", ""m2@0.0020"", ""m3@0.0045"", ""m4@0.0020"", ""m5@0.0020"", ""m6@0.0020"", ""m7@0.0045"", ""m8@0.0020"", ""m9@0.0020"", ""m10@0.0020"", ""m11@0.0020"", ""m12@0.0020"", ""m13@0.0020"", ""m14@0.0020"", ""m15@0.0045"", ""m16@0.0020"", ""m17@0.0020"", ""m18@0.0020"", ""m19@0.0045"", ""m20@0.0020"", ""m21@0.0020"", ""m22@0.0020"", ""m23@0.0045"", ""m24@0.0020"", ""m25@0.0020"", ""m26@0.0020"", ""m27@0.0020"", ""m28@0.0020"", ""m29@0.0020"", ""m30@0.0020"", ""m31@0.0045""]","[""C1"", 1000000, 0, 50000, [[400000, 700000]], 455509]"
syn_32_3_1_07,synthetic,32,3,1,0.08,equal_risk,True,9407769,0.064,,234500,,1299276700258925273,"[""m0@0.0020"", ""m1@0.0020"", ""m2@0.0020"", ""m3@0.0020"", ""m4@0.0020"", ""m5@0.0020"", ""m6@0.0020"", ""m7@0.0020"", ""m8@0.0020"", ""m9@0.0020"", ""m10@0.0020"", ""m11@0.0020"", ""m12@0.0020"", ""m13@0.0020"", ""m14@0.0020"", ""m15@0.0020"", ""m16@0.0020"", ""m17@0.0020"", ""m18@0.0020"", ""m19@0.0020"", ""m20@0.0020"", ""m21@0.0020"", ""m22@0.0020"", ""m23@0.0020"", ""m24@0.0020"", ""m25@0.0020"", ""m26@0.0020"", ""m27@0.0020"", ""m28@0.0020"", ""m29@0.0020"", ""m30@0.0020"", ""m31@0.0020""]","[""C1"", 1000000, 0, 50000, [[400000, 700000]], 455509]"
syn_32_3_1_07,synthetic,32,3,1,0.08,proportional_risk,True,9407769,0.064,,377800,,1299276700258925273,"[""m0@0.0020"", ""m1@0.0020"", ""m2@0.0020"", ""m3@0.0020"", ""m4@0.0020"", ""m5@0.0020"", ""m6@0.0020"", ""m7@0.0020"", ""m8@0.0020"", ""m9@0.0020"", ""m10@0.0020"", ""m11@0.0020"", ""m12@0.0020"", ""m13@0.0020"", ""m14@0.0020"", ""m15@0.0020"", ""m16@0.0020"", ""m17@0.0020"", ""m18@0.0020"", ""m19@0.0020"", ""m20@0.0020"", ""m21@0.0020"", ""m22@0.0020"", ""m23@0.0020"", ""m24@0.0020"", ""m25@0.0020"", ""m26@0.0020"", ""m27@0.0020"", ""m28@0.0020"", ""m29@0.0020"", ""m30@0.0020"", ""m31@0.0020""]","[""C1"", 1000000, 0, 50000, [[400000, 700000]], 455509]"
syn_32_3_1_07,synthetic,32,3,1,0.08,greedy_gate_catching,True,7569038,0.079,,6488600,,1299276700258925273,"[""m0@0.0020"", ""m1@0.0020"", ""m2@0.0020"", ""m3@0.0020"", ""m4@0.0020"", ""m5@0.0020"", ""m6@0.0020"", ""m7@0.0032"", ""m8@0.0020"", ""m9@0.0020"", ""m10@0.0020"", ""m11@0.0020"", ""m12@0.0020"", ""m13@0.0020"", ""m14@0.0020"", ""m15@0.0020"", ""m16@0.0020"", ""m17@0.0020"", ""m18@0.0020"", ""m19@0.0045"", ""m20@0.0020"", ""m21@0.0020"", ""m22@0.0032"", ""m23@0.0045"", ""m24@0.0020"", ""m25@0.0020"", ""m26@0.0045"", ""m27@0.0045"", ""m28@0.0020"", ""m29@0.0020"", ""m30@0.0020"", ""m31@0.0045""]","[""C1"", 1000000, 0, 50000, [[400000, 700000]], 455509]"
syn_32_3_1_08,synthetic,32,3,1,0.08,pareto_dp,True,7224526,0.079,172.0,4526500,,7633921338202009914,"[""m0@0.0020"", ""m1@0.0020"", ""m2@0.0020"", ""m3@0.0045"", ""m4@0.0020"", ""m5@0.0020"", ""m6@0.0020"", ""m7@0.0045"", ""m8@0.0020"", ""m9@0.0020"", ""m10@0.0020"", ""m11@0.0045"", ""m12@0.0020"", ""m13@0.0020"", ""m14@0.0020"", ""m15@0.0045"", ""m16@0.0020"", ""m17@0.0020"", ""m18@0.0020"", ""m19@0.0020"", ""m20@0.0020"", ""m21@0.0020"", ""m22@0.0020"", ""m23@0.0020"", ""m24@0.0020"", ""m25@0.0020"", ""m26@0.0020"", ""m27@0.0045"", ""m28@0.0020"", ""m29@0.0020"", ""m30@0.0020"", ""m31@0.0045""]","[""C1"", 1000000, 0, 50000, [[400000, 700000]], 455509]"
syn_32_3_1_08,synthetic,32,3,1,0.08,equal_risk,True,9677033,0.064,,230900,,7633921338202009914,"[""m0@0.0020"", ""m1@0.0020"", ""m2@0.0020"", ""m3@0.0020"", ""m4@0.0020"", ""m5@0.0020"", ""m6@0.0020"", ""m7@0.0020"", ""m8@0.0020"", ""m9@0.0020"", ""m10@0.0020"", ""m11@0.0020"", ""m12@0.0020"", ""m13@0.0020"", ""m14@0.0020"", ""m15@0.0020"", ""m16@0.0020"", ""m17@0.0020"", ""m18@0.0020"", ""m19@0.0020"", ""m20@0.0020"", ""m21@0.0020"", ""m22@0.0020"", ""m23@0.0020"", ""m24@0.0020"", ""m25@0.0020"", ""m26@0.0020"", ""m27@0.0020"", ""m28@0.0020"", ""m29@0.0020"", ""m30@0.0020"", ""m31@0.0020""]","[""C1"", 1000000, 0, 50000, [[400000, 700000]], 455509]"
syn_32_3_1_08,synthetic,32,3,1,0.08,proportional_risk,True,9677033,0.064,,374800,,7633921338202009914,"[""m0@0.0020"", ""m1@0.0020"", ""m2@0.0020"", ""m3@0.0020"", ""m4@0.0020"", ""m5@0.0020"", ""m6@0.0020"", ""m7@0.0020"", ""m8@0.0020"", ""m9@0.0020"", ""m10@0.0020"", ""m11@0.0020"", ""m12@0.0020"", ""m13@0.0020"", ""m14@0.0020"", ""m15@0.0020"", ""m16@0.0020"", ""m17@0.0020"", ""m18@0.0020"", ""m19@0.0020"", ""m20@0.0020"", ""m21@0.0020"", ""m22@0.0020"", ""m23@0.0020"", ""m24@0.0020"", ""m25@0.0020"", ""m26@0.0020"", ""m27@0.0020"", ""m28@0.0020"", ""m29@0.0020"", ""m30@0.0020"", ""m31@0.0020""]","[""C1"", 1000000, 0, 50000, [[400000, 700000]], 455509]"
syn_32_3_1_08,synthetic,32,3,1,0.08,greedy_gate_catching,True,7383000,0.079,,6411700,,7633921338202009914,"[""m0@0.0020"", ""m1@0.0020"", ""m2@0.0020"", ""m3@0.0045"", ""m4@0.0020"", ""m5@0.0020"", ""m6@0.0020"", ""m7@0.0020"", ""m8@0.0020"", ""m9@0.0020"", ""m10@0.0020"", ""m11@0.0020"", ""m12@0.0020"", ""m13@0.0020"", ""m14@0.0020"", ""m15@0.0020"", ""m16@0.0020"", ""m17@0.0020"", ""m18@0.0020"", ""m19@0.0045"", ""m20@0.0020"", ""m21@0.0020"", ""m22@0.0032"", ""m23@0.0032"", ""m24@0.0020"", ""m25@0.0020"", ""m26@0.0045"", ""m27@0.0045"", ""m28@0.0020"", ""m29@0.0020"", ""m30@0.0020"", ""m31@0.0045""]","[""C1"", 1000000, 0, 50000, [[400000, 700000]], 455509]"
syn_32_3_1_09,synthetic,32,3,1,0.08,pareto_dp,True,6278589,0.079,182.0,3997700,,7708192348252966227,"[""m0@0.0020"", ""m1@0.0020"", ""m2@0.0020"", ""m3@0.0020"", ""m4@0.0020"", ""m5@0.0020"", ""m6@0.0020"", ""m7@0.0032"", ""m8@0.0020"", ""m9@0.0020"", ""m10@0.0032"", ""m11@0.0020"", ""m12@0.0020"", ""m13@0.0020"", ""m14@0.0020"", ""m15@0.0045"", ""m16@0.0020"", ""m17@0.0020"", ""m18@0.0020"", ""m19@0.0045"", ""m20@0.0020"", ""m21@0.0020"", ""m22@0.0020"", ""m23@0.0045"", ""m24@0.0020"", ""m25@0.0020"", ""m26@0.0045"", ""m27@0.0045"", ""m28@0.0020"", ""m29@0.0020"", ""m30@0.0020"", ""m31@0.0020""]","[""C1"", 1000000, 0, 50000, [[400000, 700000]], 455509]"
syn_32_3_1_09,synthetic,32,3,1,0.08,equal_risk,True,8460862,0.064,,248000,,7708192348252966227,"[""m0@0.0020"", ""m1@0.0020"", ""m2@0.0020"", ""m3@0.0020"", ""m4@0.0020"", ""m5@0.0020"", ""m6@0.0020"", ""m7@0.0020"", ""m8@0.0020"", ""m9@0.0020"", ""m10@0.0020"", ""m11@0.0020"", ""m12@0.0020"", ""m13@0.0020"", ""m14@0.0020"", ""m15@0.0020"", ""m16@0.0020"", ""m17@0.0020"", ""m18@0.0020"", ""m19@0.0020"", ""m20@0.0020"", ""m21@0.0020"", ""m22@0.0020"", ""m23@0.0020"", ""m24@0.0020"", ""m25@0.0020"", ""m26@0.0020"", ""m27@0.0020"", ""m28@0.0020"", ""m29@0.0020"", ""m30@0.0020"", ""m31@0.0020""]","[""C1"", 1000000, 0, 50000, [[400000, 700000]], 455509]"
syn_32_3_1_09,synthetic,32,3,1,0.08,proportional_risk,True,8460862,0.064,,400500,,7708192348252966227,"[""m0@0.0020"", ""m1@0.0020"", ""m2@0.0020"", ""m3@0.0020"", ""m4@0.0020"", ""m5@0.0020"", ""m6@0.0020"", ""m7@0.0020"", ""m8@0.0020"", ""m9@0.0020"", ""m10@0.0020"", ""m11@0.0020"", ""m12@0.0020"", ""m13@0.0020"", ""m14@0.0020"", ""m15@0.0020"", ""m16@0.0020"", ""m17@0.0020"", ""m18@0.0020"", ""m19@0.0020"", ""m20@0.0020"", ""m21@0.0020"", ""m22@0.0020"", ""m23@0.0020"", ""m24@0.0020"", ""m25@0.0020"", ""m26@0.0020"", ""m27@0.0020"", ""m28@0.0020"", ""m29@0.0020"", ""m30@0.0020"", ""m31@0.0020""]","[""C1"", 1000000, 0, 50000, [[400000, 700000]], 455509]"
syn_32_3_1_09,synthetic,32,3,1,0.08,greedy_gate_catching,True,6942899,0.079,,6368400,,7708192348252966227,"[""m0@0.0020"", ""m1@0.0020"", ""m2@0.0020"", ""m3@0.0020"", ""m4@0.0020"", ""m5@0.0020"", ""m6@0.0020"", ""m7@0.0020"", ""m8@0.0020"", ""m9@0.0020"", ""m10@0.0020"", ""m11@0.0020"", ""m12@0.0020"", ""m13@0.0020"", ""m14@0.0020"", ""m15@0.0020"", ""m16@0.0020"", ""m17@0.0020"", ""m18@0.0020"", ""m19@0.0045"", ""m20@0.0020"", ""m21@0.0020"", ""m22@0.0045"", ""m23@0.0045"", ""m24@0.0020"", ""m25@0.0020"", ""m26@0.0045"", ""m27@0.0045"", ""m28@0.0020"", ""m29@0.0020"", ""m30@0.0020"", ""m31@0.0045""]","[""C1"", 1000000, 0, 50000, [[400000, 700000]], 455509]"
syn_32_3_1_10,synthetic,32,3,1,0.08,pareto_dp,True,7211173,0.079,132.0,3212400,,16041326920316531363,"[""m0@0.0020"", ""m1@0.0020"", ""m2@0.0020"", ""m3@0.0045"", ""m4@0.0020"", ""m5@0.0020"", ""m6@0.0020"", ""m7@0.0045"", ""m8@0.0020"", ""m9@0.0020"", ""m10@0.0020"", ""m11@0.0032"", ""m12@0.0020"", ""m13@0.0020"", ""m14@0.0020"", ""m15@0.0045"", ""m16@0.0020"", ""m17@0.0020"", ""m18@0.0020"", ""m19@0.0020"", ""m20@0.0020"", ""m21@0.0020"", ""m22@0.0020"", ""m23@0.0045"", ""m24@0.0020"", ""m25@0.0020"", ""m26@0.0020"", ""m27@0.0045"", ""m28@0.0020"", ""m29@0.0020"", ""m30@0.0020"", ""m31@0.0032""]","[""C1"", 1000000, 0, 50000, [[400000, 700000]], 455509]"
syn_32_3_1_10,synthetic,32,3,1,0.08,equal_risk,True,10025376,0.064,,237600,,16041326920316531363,"[""m0@0.0020"", ""m1@0.0020"", ""m2@0.0020"", ""m3@0.0020"", ""m4@0.0020"", ""m5@0.0020"", ""m6@0.0020"", ""m7@0.0020"", ""m8@0.0020"", ""m9@0.0020"", ""m10@0.0020"", ""m11@0.0020"", ""m12@0.0020"", ""m13@0.0020"", ""m14@0.0020"", ""m15@0.0020"", ""m16@0.0020"", ""m17@0.0020"", ""m18@0.0020"", ""m19@0.0020"", ""m20@0.0020"", ""m21@0.0020"", ""m22@0.0020"", ""m23@0.0020"", ""m24@0.0020"", ""m25@0.0020"", ""m26@0.0020"", ""m27@0.0020"", ""m28@0.0020"", ""m29@0.0020"", ""m30@0.0020"", ""m31@0.0020""]","[""C1"", 1000000, 0, 50000, [[400000, 700000]], 455509]"
syn_32_3_1_10,synthetic,32,3,1,0.08,proportional_risk,True,10025376,0.064,,362200,,16041326920316531363,"[""m0@0.0020"", ""m1@0.0020"", ""m2@0.0020"", ""m3@0.0020"", ""m4@0.0020"", ""m5@0.0020"", ""m6@0.0020"", ""m7@0.0020"", ""m8@0.0020"", ""m9@0.0020"", ""m10@0.0020"", ""m11@0.0020"", ""m12@0.0020"", ""m13@0.0020"", ""m14@0.0020"", ""m15@0.0020"", ""m16@0.0020"", ""m17@0.0020"", ""m18@0.0020"", ""m19@0.0020"", ""m20@0.0020"", ""m21@0.0020"", ""m22@0.0020"", ""m23@0.0020"", ""m24@0.0020"", ""m25@0.0020"", ""m26@0.0020"", ""m27@0.0020"", ""m28@0.0020"", ""m29@0.0020"", ""m30@0.0020"", ""m31@0.0020""]","[""C1"", 1000000, 0, 50000, [[400000, 700000]], 455509]"
syn_32_3_1_10,synthetic,32,3,1,0.08,greedy_gate_catching,True,7705677,0.079,,6246000,,16041326920316531363,"[""m0@0.0020"", ""m1@0.0020"", ""m2@0.0020"", ""m3@0.0032"", ""m4@0.0020"", ""m5@0.0020"", ""m6@0.0020"", ""m7@0.0032"", ""m8@0.0020"", ""m9@0.0020"", ""m10@0.0020"", ""m11@0.0020"", ""m12@0.0020"", ""m13@0.0020"", ""m14@0.0020"", ""m15@0.0020"", ""m16@0.0020"", ""m17@0.0020"", ""m18@0.0020"", ""m19@0.0032"", ""m20@0.0020"", ""m21@0.0020"", ""m22@0.0032"", ""m23@0.0045"", ""m24@0.0020"", ""m25@0.0020"", ""m26@0.0020"", ""m27@0.0045"", ""m28@0.0020"", ""m29@0.0020"", ""m30@0.0045"", ""m31@0.0045""]","[""C1"", 1000000, 0, 50000, [[400000, 700000]], 455509]"
syn_32_3_1_11,synthetic,32,3,1,0.08,pareto_dp,True,7433829,0.079,154.0,3870900,,10531207426406948531,"[""m0@0.0020"", ""m1@0.0020"", ""m2@0.0020"", ""m3@0.0045"", ""m4@0.0020"", ""m5@0.0020"", ""m6@0.0020"", ""m7@0.0045"", ""m8@0.0020"", ""m9@0.0020"", ""m10@0.0020"", ""m11@0.0020"", ""m12@0.0020"", ""m13@0.0020"", ""m14@0.0020"", ""m15@0.0020"", ""m16@0.0020"", ""m17@0.0020"", ""m18@0.0020"", ""m19@0.0045"", ""m20@0.0020"", ""m21@0.0020"", ""m22@0.0020"", ""m23@0.0045"", ""m24@0.0020"", ""m25@0.0020"", ""m26@0.0020"", ""m27@0.0045"", ""m28@0.0020"", ""m29@0.0020"", ""m30@0.0020"", ""m31@0.0045""]","[""C1"", 1000000, 0, 50000, [[400000, 700000]], 455509]"
syn_32_3_1_11,synthetic,32,3,1,0.08,equal_risk,True,9790017,0.064,,229200,,10531207426406948531,"[""m0@0.0020"", ""m1@0.0020"", ""m2@0.0020"", ""m3@0.0020"", ""m4@0.0020"", ""m5@0.0020"", ""m6@0.0020"", ""m7@0.0020"", ""m8@0.0020"", ""m9@0.0020"", ""m10@0.0020"", ""m11@0.0020"", ""m12@0.0020"", ""m13@0.0020"", ""m14@0.0020"", ""m15@0.0020"", ""m16@0.0020"", ""m17@0.0020"", ""m18@0.0020"", ""m19@0.0020"", ""m20@0.0020"", ""m21@0.0020"", ""m22@0.0020"", ""m23@0.0020"", ""m24@0.0020"", ""m25@0.0020"", ""m26@0.0020"", ""m27@0.0020"", ""m28@0.0020"", ""m29@0.0020"", ""m30@0.0020"", ""m31@0.0020""]","[""C1"", 1000000, 0, 50000, [[400000, 700000]], 455509]"
syn_32_3_1_11,synthetic,32,3,1,0.08,proportional_risk,True,9790017,0.064,,361200,,10531207426406948531,"[""m0@0.0020"", ""m1@0.0020"", ""m2@0.0020"", ""m3@0.0020"", ""m4@0.0020"", ""m5@0.0020"", ""m6@0.0020"", ""m7@0.0020"", ""m8@0.0020"", ""m9@0.0020"", ""m10@0.0020"", ""m11@0.0020"", ""m12@0.0020"", ""m13@0.0020"", ""m14@0.0020"", ""m15@0.0020"", ""m16@0.0020"", ""m17@0.0020"", ""m18@0.0020"", ""m19@0.0020"", ""m20@0.0020"", ""m21@0.0020"", ""m22@0.0020"", ""m23@0.0020"", ""m24@0.0020"", ""m25@0.0020"", ""m26@0.0020"", ""m27@0.0020"", ""m28@0.0020"", ""m29@0.0020"", ""m30@0.0020"", ""m31@0.0020""]","[""C1"", 1000000, 0, 50000, [[400000, 700000]], 455509]"
syn_32_3_1_11,synthetic,32,3,1,0.08,greedy_gate_catching,True,8052655,0.079,,6121700,,10531207426406948531,"[""m0@0.0020"", ""m1@0.0020"", ""m2@0.0020"", ""m3@0.0020"", ""m4@0.0020"", ""m5@0.0020"", ""m6@0.0020"", ""m7@0.0020"", ""m8@0.0020"", ""m9@0.0020"", ""m10@0.0020"", ""m11@0.0020"", ""m12@0.0020"", ""m13@0.0020"", ""m14@0.0020"", ""m15@0.0020"", ""m16@0.0020"", ""m17@0.0020"", ""m18@0.0045"", ""m19@0.0045"", ""m20@0.0020"", ""m21@0.0020"", ""m22@0.0020"", ""m23@0.0045"", ""m24@0.0020"", ""m25@0.0020"", ""m26@0.0020"", ""m27@0.0045"", ""m28@0.0020"", ""m29@0.0020"", ""m30@0.0045"", ""m31@0.0045""]","[""C1"", 1000000, 0, 50000, [[400000, 700000]], 455509]"
syn_32_3_1_12,synthetic,32,3,1,0.08,pareto_dp,True,6982124,0.079,130.0,3738900,,12527271022667465491,"[""m0@0.0020"", ""m1@0.0020"", ""m2@0.0020"", ""m3@0.0045"", ""m4@0.0020"", ""m5@0.0020"", ""m6@0.0020"", ""m7@0.0020"", ""m8@0.0020"", ""m9@0.0020"", ""m10@0.0020"", ""m11@0.0020"", ""m12@0.0020"", ""m13@0.0020"", ""m14@0.0020"", ""m15@0.0045"", ""m16@0.0020"", ""m17@0.0020"", ""m18@0.0020"", ""m19@0.0032"", ""m20@0.0020"", ""m21@0.0020"", ""m22@0.0020"", ""m23@0.0045"", ""m24@0.0020"", ""m25@0.0020"", ""m26@0.0032"", ""m27@0.0045"", ""m28@0.0020"", ""m29@0.0020"", ""m30@0.0020"", ""m31@0.0045""]","[""C1"", 1000000, 0, 50000, [[400000, 700000]], 455509]"
syn_32_3_1_12,synthetic,32,3,1,0.08,equal_risk,True,9261432,0.064,,239600,,12527271022667465491,"[""m0@0.0020"", ""m1@0.0020"", ""m2@0.0020"", ""m3@0.0020"", ""m4@0.0020"", ""m5@0.0020"", ""m6@0.0020"", ""m7@0.0020"", ""m8@0.0020"", ""m9@0.0020"", ""m10@0.0020"", ""m11@0.0020"", ""m12@0.0020"", ""m13@0.0020"", ""m14@0.0020"", ""m15@0.0020"", ""m16@0.0020"", ""m17@0.0020"", ""m18@0.0020"", ""m19@0.0020"", ""m20@0.0020"", ""m21@0.0020"", ""m22@0.0020"", ""m23@0.0020"", ""m24@0.0020"", ""m25@0.0020"", ""m26@0.0020"", ""m27@0.0020"", ""m28@0.0020"", ""m29@0.0020"", ""m30@0.0020"", ""m31@0.0020""]","[""C1"", 1000000, 0, 50000, [[400000, 700000]], 455509]"
syn_32_3_1_12,synthetic,32,3,1,0.08,proportional_risk,True,9261432,0.064,,368500,,12527271022667465491,"[""m0@0.0020"", ""m1@0.0020"", ""m2@0.0020"", ""m3@0.0020"", ""m4@0.0020"", ""m5@0.0020"", ""m6@0.0020"", ""m7@0.0020"", ""m8@0.0020"", ""m9@0.0020"", ""m10@0.0020"", ""m11@0.0020"", ""m12@0.0020"", ""m13@0.0020"", ""m14@0.0020"", ""m15@0.0020"", ""m16@0.0020"", ""m17@0.0020"", ""m18@0.0020"", ""m19@0.0020"", ""m20@0.0020"", ""m21@0.0020"", ""m22@0.0020"", ""m23@0.0020"", ""m24@0.0020"", ""m25@0.0020"", ""m26@0.0020"", ""m27@0.0020"", ""m28@0.0020"", ""m29@0.0020"", ""m30@0.0020"", ""m31@0.0020""]","[""C1"", 1000000, 0, 50000, [[400000, 700000]], 455509]"
syn_32_3_1_12,synthetic,32,3,1,0.08,greedy_gate_catching,True,7618587,0.079,,6244800,,12527271022667465491,"[""m0@0.0020"", ""m1@0.0020"", ""m2@0.0020"", ""m3@0.0020"", ""m4@0.0020"", ""m5@0.0020"", ""m6@0.0020"", ""m7@0.0020"", ""m8@0.0020"", ""m9@0.0020"", ""m10@0.0020"", ""m11@0.0020"", ""m12@0.0020"", ""m13@0.0020"", ""m14@0.0020"", ""m15@0.0020"", ""m16@0.0020"", ""m17@0.0020"", ""m18@0.0020"", ""m19@0.0045"", ""m20@0.0020"", ""m21@0.0020"", ""m22@0.0032"", ""m23@0.0045"", ""m24@0.0020"", ""m25@0.0020"", ""m26@0.0032"", ""m27@0.0045"", ""m28@0.0020"", ""m29@0.0020"", ""m30@0.0045"", ""m31@0.0045""]","[""C1"", 1000000, 0, 50000, [[400000, 700000]], 455509]"
syn_32_3_1_13,synthetic,32,3,1,0.08,pareto_dp,True,7721295,0.079,134.0,3454400,,11366652327417556806,"[""m0@0.0020"", ""m1@0.0020"", ""m2@0.0020"", ""m3@0.0020"", ""m4@0.0020"", ""m5@0.0020"", ""m6@0.0020"", ""m7@0.0045"", ""m8@0.0020"", ""m9@0.0020"", ""m10@0.0020"", ""m11@0.0020"", ""m12@0.0020"", ""m13@0.0020"", ""m14@0.0020"", ""m15@0.0045"", ""m16@0.0020"", ""m17@0.0020"", ""m18@0.0020"", ""m19@0.0045"", ""m20@0.0020"", ""m21@0.0020"", ""m22@0.0020"", ""m23@0.0045"", ""m24@0.0020"", ""m25@0.0020"", ""m26@0.0020"", ""m27@0.0045"", ""m28@0.0020"", ""m29@0.0020"", ""m30@0.0020"", ""m31@0.0045""]","[""C1"", 1000000, 0, 50000, [[400000, 700000]], 455509]"
syn_32_3_1_13,synthetic,32,3,1,0.08,equal_risk,True,9836497,0.064,,259900,,11366652327417556806,"[""m0@0.0020"", ""m1@0.0020"", ""m2@0.0020"", ""m3@0.0020"", ""m4@0.0020"", ""m5@0.0020"", ""m6@0.0020"", ""m7@0.0020"", ""m8@0.0020"", ""m9@0.0020"", ""m10@0.0020"", ""m11@0.0020"", ""m12@0.0020"", ""m13@0.0020"", ""m14@0.0020"", ""m15@0.0020"", ""m16@0.0020"", ""m17@0.0020"", ""m18@0.0020"", ""m19@0.0020"", ""m20@0.0020"", ""m21@0.0020"", ""m22@0.0020"", ""m23@0.0020"", ""m24@0.0020"", ""m25@0.0020"", ""m26@0.0020"", ""m27@0.0020"", ""m28@0.0020"", ""m29@0.0020"", ""m30@0.0020"", ""m31@0.0020""]","[""C1"", 1000000, 0, 50000, [[400000, 700000]], 455509]"
syn_32_3_1_13,synthetic,32,3,1,0.08,proportional_risk,True,9836497,0.064,,387300,,11366652327417556806,"[""m0@0.0020"", ""m1@0.0020"", ""m2@0.0020"", ""m3@0.0020"", ""m4@0.0020"", ""m5@0.0020"", ""m6@0.0020"", ""m7@0.0020"", ""m8@0.0020"", ""m9@0.0020"", ""m10@0.0020"", ""m11@0.0020"", ""m12@0.0020"", ""m13@0.0020"", ""m14@0.0020"", ""m15@0.0020"", ""m16@0.0020"", ""m17@0.0020"", ""m18@0.0020"", ""m19@0.0020"", ""m20@0.0020"", ""m21@0.0020"", ""m22@0.0020"", ""m23@0.0020"", ""m24@0.0020"", ""m25@0.0020"", ""m26@0.0020"", ""m27@0.0020"", ""m28@0.0020"", ""m29@0.0020"", ""m30@0.0020"", ""m31@0.0020""]","[""C1"", 1000000, 0, 50000, [[400000, 700000]], 455509]"
syn_32_3_1_13,synthetic,32,3,1,0.08,greedy_gate_catching,True,8370747,0.079,,6367800,,11366652327417556806,"[""m0@0.0020"", ""m1@0.0020"", ""m2@0.0020"", ""m3@0.0020"", ""m4@0.0020"", ""m5@0.0020"", ""m6@0.0020"", ""m7@0.0020"", ""m8@0.0020"", ""m9@0.0020"", ""m10@0.0020"", ""m11@0.0020"", ""m12@0.0020"", ""m13@0.0020"", ""m14@0.0020"", ""m15@0.0020"", ""m16@0.0020"", ""m17@0.0020"", ""m18@0.0045"", ""m19@0.0045"", ""m20@0.0020"", ""m21@0.0020"", ""m22@0.0032"", ""m23@0.0045"", ""m24@0.0020"", ""m25@0.0020"", ""m26@0.0020"", ""m27@0.0045"", ""m28@0.0020"", ""m29@0.0032"", ""m30@0.0020"", ""m31@0.0045""]","[""C1"", 1000000, 0, 50000, [[400000, 700000]], 455509]"
syn_32_3_1_14,synthetic,32,3,1,0.08,pareto_dp,True,7275103,0.079,149.0,4066100,,4657121923529669461,"[""m0@0.0020"", ""m1@0.0020"", ""m2@0.0045"", ""m3@0.0020"", ""m4@0.0020"", ""m5@0.0020"", ""m6@0.0020"", ""m7@0.0045"", ""m8@0.0020"", ""m9@0.0020"", ""m10@0.0020"", ""m11@0.0045"", ""m12@0.0020"", ""m13@0.0020"", ""m14@0.0020"", ""m15@0.0045"", ""m16@0.0020"", ""m17@0.0020"", ""m18@0.0020"", ""m19@0.0045"", ""m20@0.0020"", ""m21@0.0020"", ""m22@0.0020"", ""m23@0.0020"", ""m24@0.0020"", ""m25@0.0020"", ""m26@0.0020"", ""m27@0.0045"", ""m28@0.0020"", ""m29@0.0020"", ""m30@0.0020"", ""m31@0.0020""]","[""C1"", 1000000, 0, 50000, [[400000, 700000]], 455509]"
syn_32_3_1_14,synthetic,32,3,1,0.08,equal_risk,True,9728687,0.064,,230500,,4657121923529669461,"[""m0@0.0020"", ""m1@0.0020"", ""m2@0.0020"", ""m3@0.0020"", ""m4@0.0020"", ""m5@0.0020"", ""m6@0.0020"", ""m7@0.0020"", ""m8@0.0020"", ""m9@0.0020"", ""m10@0.0020"", ""m11@0.0020"", ""m12@0.0020"", ""m13@0.0020"", ""m14@0.0020"", ""m15@0.0020"", ""m16@0.0020"", ""m17@0.0020"", ""m18@0.0020"", ""m19@0.0020"", ""m20@0.0020"", ""m21@0.0020"", ""m22@0.0020"", ""m23@0.0020"", ""m24@0.0020"", ""m25@0.0020"", ""m26@0.0020"", ""m27@0.0020"", ""m28@0.0020"", ""m29@0.0020"", ""m30@0.0020"", ""m31@0.0020""]","[""C1"", 1000000, 0, 50000, [[400000, 700000]], 455509]"
syn_32_3_1_14,synthetic,32,3,1,0.08,proportional_risk,True,9728687,0.064,,368000,,4657121923529669461,"[""m0@0.0020"", ""m1@0.0020"", ""m2@0.0020"", ""m3@0.0020"", ""m4@0.0020"", ""m5@0.0020"", ""m6@0.0020"", ""m7@0.0020"", ""m8@0.0020"", ""m9@0.0020"", ""m10@0.0020"", ""m11@0.0020"", ""m12@0.0020"", ""m13@0.0020"", ""m14@0.0020"", ""m15@0.0020"", ""m16@0.0020"", ""m17@0.0020"", ""m18@0.0020"", ""m19@0.0020"", ""m20@0.0020"", ""m21@0.0020"", ""m22@0.0020"", ""m23@0.0020"", ""m24@0.0020"", ""m25@0.0020"", ""m26@0.0020"", ""m27@0.0020"", ""m28@0.0020"", ""m29@0.0020"", ""m30@0.0020"", ""m31@0.0020""]","[""C1"", 1000000, 0, 50000, [[400000, 700000]], 455509]"
syn_32_3_1_14,synthetic,32,3,1,0.08,greedy_gate_catching,True,7427289,0.079,,6349600,,4657121923529669461,"[""m0@0.0020"", ""m1@0.0020"", ""m2@0.0020"", ""m3@0.0020"", ""m4@0.0020"", ""m5@0.0020"", ""m6@0.0020"", ""m7@0.0032"", ""m8@0.0020"", ""m9@0.0020"", ""m10@0.0020"", ""m11@0.0032"", ""m12@0.0020"", ""m13@0.0020"", ""m14@0.0020"", ""m15@0.0020"", ""m16@0.0020"", ""m17@0.0020"", ""m18@0.0020"", ""m19@0.0045"", ""m20@0.0020"", ""m21@0.0020"", ""m22@0.0032"", ""m23@0.0045"", ""m24@0.0020"", ""m25@0.0020"", ""m26@0.0032"", ""m27@0.0045"", ""m28@0.0020"", ""m29@0.0020"", ""m30@0.0020"", ""m31@0.0045""]","[""C1"", 1000000, 0, 50000, [[400000, 700000]], 455509]"
syn_32_3_1_15,synthetic,32,3,1,0.08,pareto_dp,True,7282471,0.079,128.0,3296100,,6268444014291909950,"[""m0@0.0020"", ""m1@0.0020"", ""m2@0.0020"", ""m3@0.0045"", ""m4@0.0020"", ""m5@0.0020"", ""m6@0.0020"", ""m7@0.0045"", ""m8@0.0020"", ""m9@0.0020"", ""m10@0.0020"", ""m11@0.0045"", ""m12@0.0020"", ""m13@0.0020"", ""m14@0.0020"", ""m15@0.0045"", ""m16@0.0020"", ""m17@0.0020"", ""m18@0.0020"", ""m19@0.0045"", ""m20@0.0020"", ""m21@0.0020"", ""m22@0.0020"", ""m23@0.0045"", ""m24@0.0020"", ""m25@0.0020"", ""m26@0.0020"", ""m27@0.0020"", ""m28@0.0020"", ""m29@0.0020"", ""m30@0.0020"", ""m31@0.0020""]","[""C1"", 1000000, 0, 50000, [[400000, 700000]], 455509]"
syn_32_3_1_15,synthetic,32,3,1,0.08,equal_risk,True,9784963,0.064,,237800,,6268444014291909950,"[""m0@0.0020"", ""m1@0.0020"", ""m2@0.0020"", ""m3@0.0020"", ""m4@0.0020"", ""m5@0.0020"", ""m6@0.0020"", ""m7@0.0020"", ""m8@0.0020"", ""m9@0.0020"", ""m10@0.0020"", ""m11@0.0020"", ""m12@0.0020"", ""m13@0.0020"", ""m14@0.0020"", ""m15@0.0020"", ""m16@0.0020"", ""m17@0.0020"", ""m18@0.0020"", ""m19@0.0020"", ""m20@0.0020"", ""m21@0.0020"", ""m22@0.0020"", ""m23@0.0020"", ""m24@0.0020"", ""m25@0.0020"", ""m26@0.0020"", ""m27@0.0020"", ""m28@0.0020"", ""m29@0.0020"", ""m30@0.0020"", ""m31@0.0020""]","[""C1"", 1000000, 0, 50000, [[400000, 700000]], 455509]"
syn_32_3_1_15,synthetic,32,3,1,0.08,proportional_risk,True,9784963,0.064,,370200,,6268444014291909950,"[""m0@0.0020"", ""m1@0.0020"", ""m2@0.0020"", ""m3@0.0020"", ""m4@0.0020"", ""m5@0.0020"", ""m6@0.0020"", ""m7@0.0020"", ""m8@0.0020"", ""m9@0.0020"", ""m10@0.0020"", ""m11@0.0020"", ""m12@0.0020"", ""m13@0.0020"", ""m14@0.0020"", ""m15@0.0020"", ""m16@0.0020"", ""m17@0.0020"", ""m18@0.0020"", ""m19@0.0020"", ""m20@0.0020"", ""m21@0.0020"", ""m22@0.0020"", ""m23@0.0020"", ""m24@0.0020"", ""m25@0.0020"", ""m26@0.0020"", ""m27@0.0020"", ""m28@0.0020"", ""m29@0.0020"", ""m30@0.0020"", ""m31@0.0020""]","[""C1"", 1000000, 0, 50000, [[400000, 700000]], 455509]"
syn_32_3_1_15,synthetic,32,3,1,0.08,greedy_gate_catching,True,8400089,0.079,,6318200,,6268444014291909950,"[""m0@0.0020"", ""m1@0.0020"", ""m2@0.0020"", ""m3@0.0020"", ""m4@0.0020"", ""m5@0.0020"", ""m6@0.0020"", ""m7@0.0020"", ""m8@0.0020"", ""m9@0.0020"", ""m10@0.0020"", ""m11@0.0020"", ""m12@0.0020"", ""m13@0.0020"", ""m14@0.0020"", ""m15@0.0020"", ""m16@0.0020"", ""m17@0.0020"", ""m18@0.0045"", ""m19@0.0045"", ""m20@0.0020"", ""m21@0.0020"", ""m22@0.0020"", ""m23@0.0045"", ""m24@0.0020"", ""m25@0.0020"", ""m26@0.0032"", ""m27@0.0045"", ""m28@0.0020"", ""m29@0.0020"", ""m30@0.0045"", ""m31@0.0032""]","[""C1"", 1000000, 0, 50000, [[400000, 700000]], 455509]"
syn_32_3_1_16,synthetic,32,3,1,0.08,pareto_dp,True,7684735,0.079,116.0,2965000,,780447823221118218,"[""m0@0.0020"", ""m1@0.0020"", ""m2@0.0020"", ""m3@0.0045"", ""m4@0.0020"", ""m5@0.0020"", ""m6@0.0020"", ""m7@0.0032"", ""m8@0.0020"", ""m9@0.0020"", ""m10@0.0032"", ""m11@0.0045"", ""m12@0.0020"", ""m13@0.0020"", ""m14@0.0020"", ""m15@0.0045"", ""m16@0.0020"", ""m17@0.0020"", ""m18@0.0020"", ""m19@0.0020"", ""m20@0.0020"", ""m21@0.0020"", ""m22@0.0020"", ""m23@0.0020"", ""m24@0.0020"", ""m25@0.0020"", ""m26@0.0020"", ""m27@0.0045"", ""m28@0.0020"", ""m29@0.0020"", ""m30@0.0020"", ""m31@0.0045""]","[""C1"", 1000000, 0, 50000, [[400000, 700000]], 455509]"
syn_32_3_1_16,synthetic,32,3,1,0.08,equal_risk,True,10447396,0.064,,238900,,780447823221118218,"[""m0@0.0020"", ""m1@0.0020"", ""m2@0.0020"", ""m3@0.0020"", ""m4@0.0020"", ""m5@0.0020"", ""m6@0.0020"", ""m7@0.0020"", ""m8@0.0020"", ""m9@0.0020"", ""m10@0.0020"", ""m11@0.0020"", ""m12@0.0020"", ""m13@0.0020"", ""m14@0.0020"", ""m15@0.0020"", ""m16@0.0020"", ""m17@0.0020"", ""m18@0.0020"", ""m19@0.0020"", ""m20@0.0020"", ""m21@0.0020"", ""m22@0.0020"", ""m23@0.0020"", ""m24@0.0020"", ""m25@0.0020"", ""m26@0.0020"", ""m27@0.0020"", ""m28@0.0020"", ""m29@0.0020"", ""m30@0.0020"", ""m31@0.0020""]","[""C1"", 1000000, 0, 50000, [[400000, 700000]], 455509]"
syn_32_3_1_16,synthetic,32,3,1,0.08,proportional_risk,True,10447396,0.064,,386000,,780447823221118218,"[""m0@0.0020"", ""m1@0.0020"", ""m2@0.0020"", ""m3@0.0020"", ""m4@0.0020"", ""m5@0.0020"", ""m6@0.0020"", ""m7@0.0020"", ""m8@0.0020"", ""m9@0.0020"", ""m10@0.0020"", ""m11@0.0020"", ""m12@0.0020"", ""m13@0.0020"", ""m14@0.0020"", ""m15@0.0020"", ""m16@0.0020"", ""m17@0.0020"", ""m18@0.0020"", ""m19@0.0020"", ""m20@0.0020"", ""m21@0.0020"", ""m22@0.0020"", ""m23@0.0020"", ""m24@0.0020"", ""m25@0.0020"", ""m26@0.0020"", ""m27@0.0020"", ""m28@0.0020"", ""m29@0.0020"", ""m30@0.0020"", ""m31@0.0020""]","[""C1"", 1000000, 0, 50000, [[400000, 700000]], 455509]"
syn_32_3_1_16,synthetic,32,3,1,0.08,greedy_gate_catching,True,8565399,0.079,,6310700,,780447823221118218,"[""m0@0.0020"", ""m1@0.0020"", ""m2@0.0020"", ""m3@0.0020"", ""m4@0.0020"", ""m5@0.0020"", ""m6@0.0020"", ""m7@0.0020"", ""m8@0.0020"", ""m9@0.0020"", ""m10@0.0020"", ""m11@0.0020"", ""m12@0.0020"", ""m13@0.0020"", ""m14@0.0020"", ""m15@0.0020"", ""m16@0.0020"", ""m17@0.0020"", ""m18@0.0020"", ""m19@0.0045"", ""m20@0.0020"", ""m21@0.0020"", ""m22@0.0045"", ""m23@0.0045"", ""m24@0.0020"", ""m25@0.0020"", ""m26@0.0020"", ""m27@0.0045"", ""m28@0.0020"", ""m29@0.0020"", ""m30@0.0045"", ""m31@0.0045""]","[""C1"", 1000000, 0, 50000, [[400000, 700000]], 455509]"
syn_32_3_1_17,synthetic,32,3,1,0.08,pareto_dp,True,8102151,0.079,174.0,4323900,,3029891887716178998,"[""m0@0.0020"", ""m1@0.0020"", ""m2@0.0020"", ""m3@0.0045"", ""m4@0.0020"", ""m5@0.0020"", ""m6@0.0020"", ""m7@0.0032"", ""m8@0.0020"", ""m9@0.0020"", ""m10@0.0020"", ""m11@0.0045"", ""m12@0.0020"", ""m13@0.0020"", ""m14@0.0020"", ""m15@0.0020"", ""m16@0.0020"", ""m17@0.0020"", ""m18@0.0020"", ""m19@0.0045"", ""m20@0.0020"", ""m21@0.0020"", ""m22@0.0020"", ""m23@0.0045"", ""m24@0.0020"", ""m25@0.0020"", ""m26@0.0032"", ""m27@0.0045"", ""m28@0.0020"", ""m29@0.0020"", ""m30@0.0020"", ""m31@0.0020""]","[""C1"", 1000000, 0, 50000, [[400000, 700000]], 455509]"
syn_32_3_1_17,synthetic,32,3,1,0.08,equal_risk,True,11470865,0.064,,231900,,3029891887716178998,"[""m0@0.0020"", ""m1@0.0020"", ""m2@0.0020"", ""m3@0.0020"", ""m4@0.0020"", ""m5@0.0020"", ""m6@0.0020"", ""m7@0.0020"", ""m8@0.0020"", ""m9@0.0020"", ""m10@0.0020"", ""m11@0.0020"", ""m12@0.0020"", ""m13@0.0020"", ""m14@0.0020"", ""m15@0.0020"", ""m16@0.0020"", ""m17@0.0020"", ""m18@0.0020"", ""m19@0.0020"", ""m20@0.0020"", ""m21@0.0020"", ""m22@0.0020"", ""m23@0.0020"", ""m24@0.0020"", ""m25@0.0020"", ""m26@0.0020"", ""m27@0.0020"", ""m28@0.0020"", ""m29@0.0020"", ""m30@0.0020"", ""m31@0.0020""]","[""C1"", 1000000, 0, 50000, [[400000, 700000]], 455509]"
syn_32_3_1_17,synthetic,32,3,1,0.08,proportional_risk,True,11470865,0.064,,365500,,3029891887716178998,"[""m0@0.0020"", ""m1@0.0020"", ""m2@0.0020"", ""m3@0.0020"", ""m4@0.0020"", ""m5@0.0020"", ""m6@0.0020"", ""m7@0.0020"", ""m8@0.0020"", ""m9@0.0020"", ""m10@0.0020"", ""m11@0.0020"", ""m12@0.0020"", ""m13@0.0020"", ""m14@0.0020"", ""m15@0.0020"", ""m16@0.0020"", ""m17@0.0020"", ""m18@0.0020"", ""m19@0.0020"", ""m20@0.0020"", ""m21@0.0020"", ""m22@0.0020"", ""m23@0.0020"", ""m24@0.0020"", ""m25@0.0020"", ""m26@0.0020"", ""m27@0.0020"", ""m28@0.0020"", ""m29@0.0020"", ""m30@0.0020"", ""m31@0.0020""]","[""C1"", 1000000, 0, 50000, [[400000, 700000]], 455509]"
syn_32_3_1_17,synthetic,32,3,1,0.08,greedy_gate_catching,True,8677307,0.079,,6186300,,3029891887716178998,"[""m0@0.0020"", ""m1@0.0020"", ""m2@0.0020"", ""m3@0.0032"", ""m4@0.0020"", ""m5@0.0020"", ""m6@0.0020"", ""m7@0.0020"", ""m8@0.0020"", ""m9@0.0020"", ""m10@0.0020"", ""m11@0.0020"", ""m12@0.0020"", ""m13@0.0020"", ""m14@0.0020"", ""m15@0.0020"", ""m16@0.0020"", ""m17@0.0020"", ""m18@0.0020"", ""m19@0.0045"", ""m20@0.0020"", ""m21@0.0020"", ""m22@0.0032"", ""m23@0.0045"", ""m24@0.0020"", ""m25@0.0020"", ""m26@0.0045"", ""m27@0.0045"", ""m28@0.0020"", ""m29@0.0020"", ""m30@0.0032"", ""m31@0.0032""]","[""C1"", 1000000, 0, 50000, [[400000, 700000]], 455509]"
syn_32_3_1_18,synthetic,32,3,1,0.08,pareto_dp,True,7859305,0.079,138.0,3527600,,7852615817416113294,"[""m0@0.0020"", ""m1@0.0020"", ""m2@0.0020"", ""m3@0.0045"", ""m4@0.0020"", ""m5@0.0020"", ""m6@0.0020"", ""m7@0.0045"", ""m8@0.0020"", ""m9@0.0020"", ""m10@0.0020"", ""m11@0.0032"", ""m12@0.0020"", ""m13@0.0020"", ""m14@0.0032"", ""m15@0.0045"", ""m16@0.0020"", ""m17@0.0020"", ""m18@0.0020"", ""m19@0.0032"", ""m20@0.0020"", ""m21@0.0020"", ""m22@0.0020"", ""m23@0.0020"", ""m24@0.0020"", ""m25@0.0020"", ""m26@0.0020"", ""m27@0.0032"", ""m28@0.0020"", ""m29@0.0020"", ""m30@0.0020"", ""m31@0.0045""]","[""C1"", 1000000, 0, 50000, [[400000, 700000]], 455509]"
syn_32_3_1_18,synthetic,32,3,1,0.08,equal_risk,True,10658894,0.064,,307400,,7852615817416113294,"[""m0@0.0020"", ""m1@0.0020"", ""m2@0.0020"", ""m3@0.0020"", ""m4@0.0020"", ""m5@0.0020"", ""m6@0.0020"", ""m7@0.0020"", ""m8@0.0020"", ""m9@0.0020"", ""m10@0.0020"", ""m11@0.0020"", ""m12@0.0020"", ""m13@0.0020"", ""m14@0.0020"", ""m15@0.0020"", ""m16@0.0020"", ""m17@0.0020"", ""m18@0.0020"", ""m19@0.0020"", ""m20@0.0020"", ""m21@0.0020"", ""m22@0.0020"", ""m23@0.0020"", ""m24@0.0020"", ""m25@0.0020"", ""m26@0.0020"", ""m27@0.0020"", ""m28@0.0020"", ""m29@0.0020"", ""m30@0.0020"", ""m31@0.0020""]","[""C1"", 1000000, 0, 50000, [[400000, 700000]], 455509]"
syn_32_3_1_18,synthetic,32,3,1,0.08,proportional_risk,True,10658894,0.064,,434700,,7852615817416113294,"[""m0@0.0020"", ""m1@0.0020"", ""m2@0.0020"", ""m3@0.0020"", ""m4@0.0020"", ""m5@0.0020"", ""m6@0.0020"", ""m7@0.0020"", ""m8@0.0020"", ""m9@0.0020"", ""m10@0.0020"", ""m11@0.0020"", ""m12@0.0020"", ""m13@0.0020"", ""m14@0.0020"", ""m15@0.0020"", ""m16@0.0020"", ""m17@0.0020"", ""m18@0.0020"", ""m19@0.0020"", ""m20@0.0020"", ""m21@0.0020"", ""m22@0.0020"", ""m23@0.0020"", ""m24@0.0020"", ""m25@0.0020"", ""m26@0.0020"", ""m27@0.0020"", ""m28@0.0020"", ""m29@0.0020"", ""m30@0.0020"", ""m31@0.0020""]","[""C1"", 1000000, 0, 50000, [[400000, 700000]], 455509]"
syn_32_3_1_18,synthetic,32,3,1,0.08,greedy_gate_catching,True,8761819,0.079,,6412600,,7852615817416113294,"[""m0@0.0020"", ""m1@0.0020"", ""m2@0.0020"", ""m3@0.0020"", ""m4@0.0020"", ""m5@0.0020"", ""m6@0.0020"", ""m7@0.0020"", ""m8@0.0020"", ""m9@0.0020"", ""m10@0.0020"", ""m11@0.0020"", ""m12@0.0020"", ""m13@0.0020"", ""m14@0.0020"", ""m15@0.0020"", ""m16@0.0020"", ""m17@0.0020"", ""m18@0.0032"", ""m19@0.0045"", ""m20@0.0020"", ""m21@0.0020"", ""m22@0.0032"", ""m23@0.0045"", ""m24@0.0020"", ""m25@0.0020"", ""m26@0.0045"", ""m27@0.0045"", ""m28@0.0020"", ""m29@0.0020"", ""m30@0.0020"", ""m31@0.0045""]","[""C1"", 1000000, 0, 50000, [[400000, 700000]], 455509]"
syn_32_3_1_19,synthetic,32,3,1,0.08,pareto_dp,True,6952998,0.079,166.0,3827300,,12881158377481268047,"[""m0@0.0020"", ""m1@0.0020"", ""m2@0.0020"", ""m3@0.0020"", ""m4@0.0020"", ""m5@0.0020"", ""m6@0.0020"", ""m7@0.0045"", ""m8@0.0020"", ""m9@0.0020"", ""m10@0.0020"", ""m11@0.0045"", ""m12@0.0020"", ""m13@0.0020"", ""m14@0.0020"", ""m15@0.0045"", ""m16@0.0020"", ""m17@0.0020"", ""m18@0.0020"", ""m19@0.0020"", ""m20@0.0020"", ""m21@0.0020"", ""m22@0.0020"", ""m23@0.0045"", ""m24@0.0020"", ""m25@0.0020"", ""m26@0.0020"", ""m27@0.0045"", ""m28@0.0020"", ""m29@0.0020"", ""m30@0.0020"", ""m31@0.0045""]","[""C1"", 1000000, 0, 50000, [[400000, 700000]], 455509]"
syn_32_3_1_19,synthetic,32,3,1,0.08,equal_risk,True,9834215,0.064,,236300,,12881158377481268047,"[""m0@0.0020"", ""m1@0.0020"", ""m2@0.0020"", ""m3@0.0020"", ""m4@0.0020"", ""m5@0.0020"", ""m6@0.0020"", ""m7@0.0020"", ""m8@0.0020"", ""m9@0.0020"", ""m10@0.0020"", ""m11@0.0020"", ""m12@0.0020"", ""m13@0.0020"", ""m14@0.0020"", ""m15@0.0020"", ""m16@0.0020"", ""m17@0.0020"", ""m18@0.0020"", ""m19@0.0020"", ""m20@0.0020"", ""m21@0.0020"", ""m22@0.0020"", ""m23@0.0020"", ""m24@0.0020"", ""m25@0.0020"", ""m26@0.0020"", ""m27@0.0020"", ""m28@0.0020"", ""m29@0.0020"", ""m30@0.0020"", ""m31@0.0020""]","[""C1"", 1000000, 0, 50000, [[400000, 700000]], 455509]"
syn_32_3_1_19,synthetic,32,3,1,0.08,proportional_risk,True,9834215,0.064,,375000,,12881158377481268047,"[""m0@0.0020"", ""m1@0.0020"", ""m2@0.0020"", ""m3@0.0020"", ""m4@0.0020"", ""m5@0.0020"", ""m6@0.0020"", ""m7@0.0020"", ""m8@0.0020"", ""m9@0.0020"", ""m10@0.0020"", ""m11@0.0020"", ""m12@0.0020"", ""m13@0.0020"", ""m14@0.0020"", ""m15@0.0020"", ""m16@0.0020"", ""m17@0.0020"", ""m18@0.0020"", ""m19@0.0020"", ""m20@0.0020"", ""m21@0.0020"", ""m22@0.0020"", ""m23@0.0020"", ""m24@0.0020"", ""m25@0.0020"", ""m26@0.0020"", ""m27@0.0020"", ""m28@0.0020"", ""m29@0.0020"", ""m30@0.0020"", ""m31@0.0020""]","[""C1"", 1000000, 0, 50000, [[400000, 700000]], 455509]"
syn_32_3_1_19,synthetic,32,3,1,0.08,greedy_gate_catching,True,7383336,0.079,,6428300,,12881158377481268047,"[""m0@0.0020"", ""m1@0.0020"", ""m2@0.0020"", ""m3@0.0020"", ""m4@0.0020"", ""m5@0.0020"", ""m6@0.0020"", ""m7@0.0020"", ""m8@0.0020"", ""m9@0.0020"", ""m10@0.0020"", ""m11@0.0020"", ""m12@0.0020"", ""m13@0.0020"", ""m14@0.0020"", ""m15@0.0032"", ""m16@0.0020"", ""m17@0.0020"", ""m18@0.0045"", ""m19@0.0032"", ""m20@0.0020"", ""m21@0.0020"", ""m22@0.0020"", ""m23@0.0045"", ""m24@0.0020"", ""m25@0.0020"", ""m26@0.0020"", ""m27@0.0045"", ""m28@0.0020"", ""m29@0.0020"", ""m30@0.0045"", ""m31@0.0045""]","[""C1"", 1000000, 0, 50000, [[400000, 700000]], 455509]"
syn_32_3_4_00,synthetic,32,3,4,0.08,pareto_dp,True,7351195,0.079,61.0,1845000,,11083936062664113823,"[""m0@0.0020"", ""m1@0.0020"", ""m2@0.0020"", ""m3@0.0020"", ""m4@0.0020"", ""m5@0.0020"", ""m6@0.0020"", ""m7@0.0045"", ""m8@0.0020"", ""m9@0.0020"", ""m10@0.0020"", ""m11@0.0032"", ""m12@0.0020"", ""m13@0.0020"", ""m14@0.0020"", ""m15@0.0045"", ""m16@0.0020"", ""m17@0.0020"", ""m18@0.0045"", ""m19@0.0020"", ""m20@0.0020"", ""m21@0.0020"", ""m22@0.0020"", ""m23@0.0032"", ""m24@0.0020"", ""m25@0.0020"", ""m26@0.0020"", ""m27@0.0045"", ""m28@0.0020"", ""m29@0.0020"", ""m30@0.0020"", ""m31@0.0045""]","[""C1"", 1000000, 0, 50000, [[400000, 700000]], 455509]"
syn_32_3_4_00,synthetic,32,3,4,0.08,equal_risk,True,10135310,0.064,,241900,,11083936062664113823,"[""m0@0.0020"", ""m1@0.0020"", ""m2@0.0020"", ""m3@0.0020"", ""m4@0.0020"", ""m5@0.0020"", ""m6@0.0020"", ""m7@0.0020"", ""m8@0.0020"", ""m9@0.0020"", ""m10@0.0020"", ""m11@0.0020"", ""m12@0.0020"", ""m13@0.0020"", ""m14@0.0020"", ""m15@0.0020"", ""m16@0.0020"", ""m17@0.0020"", ""m18@0.0020"", ""m19@0.0020"", ""m20@0.0020"", ""m21@0.0020"", ""m22@0.0020"", ""m23@0.0020"", ""m24@0.0020"", ""m25@0.0020"", ""m26@0.0020"", ""m27@0.0020"", ""m28@0.0020"", ""m29@0.0020"", ""m30@0.0020"", ""m31@0.0020""]","[""C1"", 1000000, 0, 50000, [[400000, 700000]], 455509]"
syn_32_3_4_00,synthetic,32,3,4,0.08,proportional_risk,True,10135310,0.064,,390800,,11083936062664113823,"[""m0@0.0020"", ""m1@0.0020"", ""m2@0.0020"", ""m3@0.0020"", ""m4@0.0020"", ""m5@0.0020"", ""m6@0.0020"", ""m7@0.0020"", ""m8@0.0020"", ""m9@0.0020"", ""m10@0.0020"", ""m11@0.0020"", ""m12@0.0020"", ""m13@0.0020"", ""m14@0.0020"", ""m15@0.0020"", ""m16@0.0020"", ""m17@0.0020"", ""m18@0.0020"", ""m19@0.0020"", ""m20@0.0020"", ""m21@0.0020"", ""m22@0.0020"", ""m23@0.0020"", ""m24@0.0020"", ""m25@0.0020"", ""m26@0.0020"", ""m27@0.0020"", ""m28@0.0020"", ""m29@0.0020"", ""m30@0.0020"", ""m31@0.0020""]","[""C1"", 1000000, 0, 50000, [[400000, 700000]], 455509]"
syn_32_3_4_00,synthetic,32,3,4,0.08,greedy_gate_catching,True,8829953,0.079,,6364500,,11083936062664113823,"[""m0@0.0020"", ""m1@0.0020"", ""m2@0.0020"", ""m3@0.0020"", ""m4@0.0020"", ""m5@0.0020"", ""m6@0.0020"", ""m7@0.0020"", ""m8@0.0020"", ""m9@0.0020"", ""m10@0.0020"", ""m11@0.0020"", ""m12@0.0020"", ""m13@0.0020"", ""m14@0.0020"", ""m15@0.0020"", ""m16@0.0020"", ""m17@0.0020"", ""m18@0.0020"", ""m19@0.0020"", ""m20@0.0020"", ""m21@0.0020"", ""m22@0.0020"", ""m23@0.0020"", ""m24@0.0020"", ""m25@0.0045"", ""m26@0.0045"", ""m27@0.0045"", ""m28@0.0020"", ""m29@0.0045"", ""m30@0.0045"", ""m31@0.0045""]","[""C1"", 1000000, 0, 50000, [[400000, 700000]], 455509]"
syn_32_3_4_01,synthetic,32,3,4,0.08,pareto_dp,True,8030241,0.079,89.0,2295700,,4660693226537521336,"[""m0@0.0020"", ""m1@0.0020"", ""m2@0.0020"", ""m3@0.0045"", ""m4@0.0020"", ""m5@0.0020"", ""m6@0.0020"", ""m7@0.0020"", ""m8@0.0020"", ""m9@0.0020"", ""m10@0.0020"", ""m11@0.0020"", ""m12@0.0020"", ""m13@0.0020"", ""m14@0.0020"", ""m15@0.0032"", ""m16@0.0020"", ""m17@0.0020"", ""m18@0.0020"", ""m19@0.0045"", ""m20@0.0020"", ""m21@0.0020"", ""m22@0.0020"", ""m23@0.0045"", ""m24@0.0020"", ""m25@0.0020"", ""m26@0.0045"", ""m27@0.0032"", ""m28@0.0020"", ""m29@0.0020"", ""m30@0.0020"", ""m31@0.0045""]","[""C1"", 1000000, 0, 50000, [[400000, 700000]], 455509]"
syn_32_3_4_01,synthetic,32,3,4,0.08,equal_risk,True,10582938,0.064,,230100,,4660693226537521336,"[""m0@0.0020"", ""m1@0.0020"", ""m2@0.0020"", ""m3@0.0020"", ""m4@0.0020"", ""m5@0.0020"", ""m6@0.0020"", ""m7@0.0020"", ""m8@0.0020"", ""m9@0.0020"", ""m10@0.0020"", ""m11@0.0020"", ""m12@0.0020"", ""m13@0.0020"", ""m14@0.0020"", ""m15@0.0020"", ""m16@0.0020"", ""m17@0.0020"", ""m18@0.0020"", ""m19@0.0020"", ""m20@0.0020"", ""m21@0.0020"", ""m22@0.0020"", ""m23@0.0020"", ""m24@0.0020"", ""m25@0.0020"", ""m26@0.0020"", ""m27@0.0020"", ""m28@0.0020"", ""m29@0.0020"", ""m30@0.0020"", ""m31@0.0020""]","[""C1"", 1000000, 0, 50000, [[400000, 700000]], 455509]"
syn_32_3_4_01,synthetic,32,3,4,0.08,proportional_risk,True,10582938,0.064,,362800,,4660693226537521336,"[""m0@0.0020"", ""m1@0.0020"", ""m2@0.0020"", ""m3@0.0020"", ""m4@0.0020"", ""m5@0.0020"", ""m6@0.0020"", ""m7@0.0020"", ""m8@0.0020"", ""m9@0.0020"", ""m10@0.0020"", ""m11@0.0020"", ""m12@0.0020"", ""m13@0.0020"", ""m14@0.0020"", ""m15@0.0020"", ""m16@0.0020"", ""m17@0.0020"", ""m18@0.0020"", ""m19@0.0020"", ""m20@0.0020"", ""m21@0.0020"", ""m22@0.0020"", ""m23@0.0020"", ""m24@0.0020"", ""m25@0.0020"", ""m26@0.0020"", ""m27@0.0020"", ""m28@0.0020"", ""m29@0.0020"", ""m30@0.0020"", ""m31@0.0020""]","[""C1"", 1000000, 0, 50000, [[400000, 700000]], 455509]"
syn_32_3_4_01,synthetic,32,3,4,0.08,greedy_gate_catching,True,9556805,0.079,,6353900,,4660693226537521336,"[""m0@0.0020"", ""m1@0.0020"", ""m2@0.0020"", ""m3@0.0020"", ""m4@0.0020"", ""m5@0.0020"", ""m6@0.0020"", ""m7@0.0020"", ""m8@0.0020"", ""m9@0.0020"", ""m10@0.0020"", ""m11@0.0020"", ""m12@0.0020"", ""m13@0.0020"", ""m14@0.0020"", ""m15@0.0020"", ""m16@0.0020"", ""m17@0.0020"", ""m18@0.0020"", ""m19@0.0020"", ""m20@0.0020"", ""m21@0.0020"", ""m22@0.0020"", ""m23@0.0020"", ""m24@0.0020"", ""m25@0.0045"", ""m26@0.0045"", ""m27@0.0045"", ""m28@0.0020"", ""m29@0.0045"", ""m30@0.0045"", ""m31@0.0045""]","[""C1"", 1000000, 0, 50000, [[400000, 700000]], 455509]"
syn_32_3_4_02,synthetic,32,3,4,0.08,pareto_dp,True,6612708,0.079,106.0,2322700,,6712566415192343536,"[""m0@0.0020"", ""m1@0.0020"", ""m2@0.0020"", ""m3@0.0020"", ""m4@0.0020"", ""m5@0.0020"", ""m6@0.0020"", ""m7@0.0045"", ""m8@0.0020"", ""m9@0.0032"", ""m10@0.0020"", ""m11@0.0045"", ""m12@0.0020"", ""m13@0.0020"", ""m14@0.0020"", ""m15@0.0045"", ""m16@0.0020"", ""m17@0.0020"", ""m18@0.0045"", ""m19@0.0020"", ""m20@0.0020"", ""m21@0.0020"", ""m22@0.0020"", ""m23@0.0020"", ""m24@0.0020"", ""m25@0.0020"", ""m26@0.0020"", ""m27@0.0032"", ""m28@0.0020"", ""m29@0.0020"", ""m30@0.0045"", ""m31@0.0020""]","[""C1"", 1000000, 0, 50000, [[400000, 700000]], 455509]"
syn_32_3_4_02,synthetic,32,3,4,0.08,equal_risk,True,8955059,0.064,,242400,,6712566415192343536,"[""m0@0.0020"", ""m1@0.0020"", ""m2@0.0020"", ""m3@0.0020"", ""m4@0.0020"", ""m5@0.0020"", ""m6@0.0020"", ""m7@0.0020"", ""m8@0.0020"", ""m9@0.0020"", ""m10@0.0020"", ""m11@0.0020"", ""m12@0.0020"", ""m13@0.0020"", ""m14@0.0020"", ""m15@0.0020"", ""m16@0.0020"", ""m17@0.0020"", ""m18@0.0020"", ""m19@0.0020"", ""m20@0.0020"", ""m21@0.0020"", ""m22@0.0020"", ""m23@0.0020"", ""m24@0.0020"", ""m25@0.0020"", ""m26@0.0020"", ""m27@0.0020"", ""m28@0.0020"", ""m29@0.0020"", ""m30@0.0020"", ""m31@0.0020""]","[""C1"", 1000000, 0, 50000, [[400000, 700000]], 455509]"
syn_32_3_4_02,synthetic,32,3,4,0.08,proportional_risk,True,8955059,0.064,,389300,,6712566415192343536,"[""m0@0.0020"", ""m1@0.0020"", ""m2@0.0020"", ""m3@0.0020"", ""m4@0.0020"", ""m5@0.0020"", ""m6@0.0020"", ""m7@0.0020"", ""m8@0.0020"", ""m9@0.0020"", ""m10@0.0020"", ""m11@0.0020"", ""m12@0.0020"", ""m13@0.0020"", ""m14@0.0020"", ""m15@0.0020"", ""m16@0.0020"", ""m17@0.0020"", ""m18@0.0020"", ""m19@0.0020"", ""m20@0.0020"", ""m21@0.0020"", ""m22@0.0020"", ""m23@0.0020"", ""m24@0.0020"", ""m25@0.0020"", ""m26@0.0020"", ""m27@0.0020"", ""m28@0.0020"", ""m29@0.0020"", ""m30@0.0020"", ""m31@0.0020""]","[""C1"", 1000000, 0, 50000, [[400000, 700000]], 455509]"
syn_32_3_4_02,synthetic,32,3,4,0.08,greedy_gate_catching,True,8199261,0.079,,6327700,,6712566415192343536,"[""m0@0.0020"", ""m1@0.0020"", ""m2@0.0020"", ""m3@0.0020"", ""m4@0.0020"", ""m5@0.0020"", ""m6@0.0020"", ""m7@0.0020"", ""m8@0.0020"", ""m9@0.0020"", ""m10@0.0020"", ""m11@0.0020"", ""m12@0.0020"", ""m13@0.0020"", ""m14@0.0020"", ""m15@0.0020"", ""m16@0.0020"", ""m17@0.0020"", ""m18@0.0020"", ""m19@0.0020"", ""m20@0.0020"", ""m21@0.0020"", ""m22@0.0020"", ""m23@0.0020"", ""m24@0.0020"", ""m25@0.0045"", ""m26@0.0045"", ""m27@0.0045"", ""m28@0.0045"", ""m29@0.0020"", ""m30@0.0045"", ""m31@0.0045""]","[""C1"", 1000000, 0, 50000, [[400000, 700000]], 455509]"
syn_32_3_4_03,synthetic,32,3,4,0.08,pareto_dp,True,7885326,0.079,121.0,3047300,,12328041340357995994,"[""m0@0.0020"", ""m1@0.0020"", ""m2@0.0020"", ""m3@0.0045"", ""m4@0.0020"", ""m5@0.0032"", ""m6@0.0045"", ""m7@0.0020"", ""m8@0.0020"", ""m9@0.0020"", ""m10@0.0020"", ""m11@0.0020"", ""m12@0.0020"", ""m13@0.0020"", ""m14@0.0032"", ""m15@0.0045"", ""m16@0.0020"", ""m17@0.0020"", ""m18@0.0020"", ""m19@0.0020"", ""m20@0.0020"", ""m21@0.0020"", ""m22@0.0020"", ""m23@0.0045"", ""m24@0.0020"", ""m25@0.0020"", ""m26@0.0020"", ""m27@0.0020"", ""m28@0.0020"", ""m29@0.0020"", ""m30@0.0045"", ""m31@0.0020""]","[""C1"", 1000000, 0, 50000, [[400000, 700000]], 455509]"
syn_32_3_4_03,synthetic,32,3,4,0.08,equal_risk,True,11058165,0.064,,238800,,12328041340357995994,"[""m0@0.0020"", ""m1@0.0020"", ""m2@0.0020"", ""m3@0.0020"", ""m4@0.0020"", ""m5@0.0020"", ""m6@0.0020"", ""m7@0.0020"", ""m8@0.0020"", ""m9@0.0020"", ""m10@0.0020"", ""m11@0.0020"", ""m12@0.0020"", ""m13@0.0020"", ""m14@0.0020"", ""m15@0.0020"", ""m16@0.0020"", ""m17@0.0020"", ""m18@0.0020"", ""m19@0.0020"", ""m20@0.0020"", ""m21@0.0020"", ""m22@0.0020"", ""m23@0.0020"", ""m24@0.0020"", ""m25@0.0020"", ""m26@0.0020"", ""m27@0.0020"", ""m28@0.0020"", ""m29@0.0020"", ""m30@0.0020"", ""m31@0.0020""]","[""C1"", 1000000, 0, 50000, [[400000, 700000]], 455509]"
syn_32_3_4_03,synthetic,32,3,4,0.08,proportional_risk,True,11058165,0.064,,349500,,12328041340357995994,"[""m0@0.0020"", ""m1@0.0020"", ""m2@0.0020"", ""m3@0.0020"", ""m4@0.0020"", ""m5@0.0020"", ""m6@0.0020"", ""m7@0.0020"", ""m8@0.0020"", ""m9@0.0020"", ""m10@0.0020"", ""m11@0.0020"", ""m12@0.0020"", ""m13@0.0020"", ""m14@0.0020"", ""m15@0.0020"", ""m16@0.0020"", ""m17@0.0020"", ""m18@0.0020"", ""m19@0.0020"", ""m20@0.0020"", ""m21@0.0020"", ""m22@0.0020"", ""m23@0.0020"", ""m24@0.0020"", ""m25@0.0020"", ""m26@0.0020"", ""m27@0.0020"", ""m28@0.0020"", ""m29@0.0020"", ""m30@0.0020"", ""m31@0.0020""]","[""C1"", 1000000, 0, 50000, [[400000, 700000]], 455509]"
syn_32_3_4_03,synthetic,32,3,4,0.08,greedy_gate_catching,True,9322866,0.079,,6637400,,12328041340357995994,"[""m0@0.0020"", ""m1@0.0020"", ""m2@0.0020"", ""m3@0.0020"", ""m4@0.0020"", ""m5@0.0020"", ""m6@0.0020"", ""m7@0.0020"", ""m8@0.0020"", ""m9@0.0020"", ""m10@0.0020"", ""m11@0.0020"", ""m12@0.0020"", ""m13@0.0020"", ""m14@0.0020"", ""m15@0.0020"", ""m16@0.0020"", ""m17@0.0020"", ""m18@0.0020"", ""m19@0.0020"", ""m20@0.0020"", ""m21@0.0020"", ""m22@0.0020"", ""m23@0.0032"", ""m24@0.0020"", ""m25@0.0045"", ""m26@0.0045"", ""m27@0.0045"", ""m28@0.0020"", ""m29@0.0032"", ""m30@0.0045"", ""m31@0.0045""]","[""C1"", 1000000, 0, 50000, [[400000, 700000]], 455509]"
syn_32_3_4_04,synthetic,32,3,4,0.08,pareto_dp,True,6451849,0.079,106.0,2406200,,16079973728324411746,"[""m0@0.0020"", ""m1@0.0020"", ""m2@0.0020"", ""m3@0.0045"", ""m4@0.0020"", ""m5@0.0020"", ""m6@0.0020"", ""m7@0.0045"", ""m8@0.0020"", ""m9@0.0020"", ""m10@0.0020"", ""m11@0.0045"", ""m12@0.0020"", ""m13@0.0020"", ""m14@0.0045"", ""m15@0.0045"", ""m16@0.0020"", ""m17@0.0020"", ""m18@0.0020"", ""m19@0.0020"", ""m20@0.0020"", ""m21@0.0020"", ""m22@0.0020"", ""m23@0.0045"", ""m24@0.0020"", ""m25@0.0020"", ""m26@0.0020"", ""m27@0.0020"", ""m28@0.0020"", ""m29@0.0020"", ""m30@0.0020"", ""m31@0.0020""]","[""C1"", 1000000, 0, 50000, [[400000, 700000]], 455509]"
syn_32_3_4_04,synthetic,32,3,4,0.08,equal_risk,True,9531234,0.064,,241200,,16079973728324411746,"[""m0@0.0020"", ""m1@0.0020"", ""m2@0.0020"", ""m3@0.0020"", ""m4@0.0020"", ""m5@0.0020"", ""m6@0.0020"", ""m7@0.0020"", ""m8@0.0020"", ""m9@0.0020"", ""m10@0.0020"", ""m11@0.0020"", ""m12@0.0020"", ""m13@0.0020"", ""m14@0.0020"", ""m15@0.0020"", ""m16@0.0020"", ""m17@0.0020"", ""m18@0.0020"", ""m19@0.0020"", ""m20@0.0020"", ""m21@0.0020"", ""m22@0.0020"", ""m23@0.0020"", ""m24@0.0020"", ""m25@0.0020"", ""m26@0.0020"", ""m27@0.0020"", ""m28@0.0020"", ""m29@0.0020"", ""m30@0.0020"", ""m31@0.0020""]","[""C1"", 1000000, 0, 50000, [[400000, 700000]], 455509]"
syn_32_3_4_04,synthetic,32,3,4,0.08,proportional_risk,True,9531234,0.064,,381600,,16079973728324411746,"[""m0@0.0020"", ""m1@0.0020"", ""m2@0.0020"", ""m3@0.0020"", ""m4@0.0020"", ""m5@0.0020"", ""m6@0.0020"", ""m7@0.0020"", ""m8@0.0020"", ""m9@0.0020"", ""m10@0.0020"", ""m11@0.0020"", ""m12@0.0020"", ""m13@0.0020"", ""m14@0.0020"", ""m15@0.0020"", ""m16@0.0020"", ""m17@0.0020"", ""m18@0.0020"", ""m19@0.0020"", ""m20@0.0020"", ""m21@0.0020"", ""m22@0.0020"", ""m23@0.0020"", ""m24@0.0020"", ""m25@0.0020"", ""m26@0.0020"", ""m27@0.0020"", ""m28@0.0020"", ""m29@0.0020"", ""m30@0.0020"", ""m31@0.0020""]","[""C1"", 1000000, 0, 50000, [[400000, 700000]], 455509]"
syn_32_3_4_04,synthetic,32,3,4,0.08,greedy_gate_catching,True,7392178,0.079,,6398000,,16079973728324411746,"[""m0@0.0020"", ""m1@0.0032"", ""m2@0.0020"", ""m3@0.0020"", ""m4@0.0020"", ""m5@0.0020"", ""m6@0.0020"", ""m7@0.0020"", ""m8@0.0020"", ""m9@0.0020"", ""m10@0.0020"", ""m11@0.0020"", ""m12@0.0020"", ""m13@0.0020"", ""m14@0.0020"", ""m15@0.0020"", ""m16@0.0020"", ""m17@0.0020"", ""m18@0.0020"", ""m19@0.0020"", ""m20@0.0020"", ""m21@0.0020"", ""m22@0.0020"", ""m23@0.0045"", ""m24@0.0020"", ""m25@0.0020"", ""m26@0.0045"", ""m27@0.0045"", ""m28@0.0020"", ""m29@0.0045"", ""m30@0.0032"", ""m31@0.0045""]","[""C1"", 1000000, 0, 50000, [[400000, 700000]], 455509]"
syn_32_3_4_05,synthetic,32,3,4,0.08,pareto_dp,True,7459046,0.079,63.0,1789600,,16144606541197849653,"[""m0@0.0020"", ""m1@0.0020"", ""m2@0.0020"", ""m3@0.0020"", ""m4@0.0020"", ""m5@0.0020"", ""m6@0.0020"", ""m7@0.0045"", ""m8@0.0020"", ""m9@0.0020"", ""m10@0.0032"", ""m11@0.0045"", ""m12@0.0020"", ""m13@0.0020"", ""m14@0.0020"", ""m15@0.0032"", ""m16@0.0020"", ""m17@0.0020"", ""m18@0.0020"", ""m19@0.0032"", ""m20@0.0020"", ""m21@0.0020"", ""m22@0.0020"", ""m23@0.0045"", ""m24@0.0020"", ""m25@0.0020"", ""m26@0.0020"", ""m27@0.0032"", ""m28@0.0020"", ""m29@0.0020"", ""m30@0.0020"", ""m31@0.0045""]","[""C1"", 1000000, 0, 50000, [[400000, 700000]], 455509]"
syn_32_3_4_05,synthetic,32,3,4,0.08,equal_risk,True,10006734,0.064,,229400,,16144606541197849653,"[""m0@0.0020"", ""m1@0.0020"", ""m2@0.0020"", ""m3@0.0020"", ""m4@0.0020"", ""m5@0.0020"", ""m6@0.0020"", ""m7@0.0020"", ""m8@0.0020"", ""m9@0.0020"", ""m10@0.0020"", ""m11@0.0020"", ""m12@0.0020"", ""m13@0.0020"", ""m14@0.0020"", ""m15@0.0020"", ""m16@0.0020"", ""m17@0.0020"", ""m18@0.0020"", ""m19@0.0020"", ""m20@0.0020"", ""m21@0.0020"", ""m22@0.0020"", ""m23@0.0020"", ""m24@0.0020"", ""m25@0.0020"", ""m26@0.0020"", ""m27@0.0020"", ""m28@0.0020"", ""m29@0.0020"", ""m30@0.0020"", ""m31@0.0020""]","[""C1"", 1000000, 0, 50000, [[400000, 700000]], 455509]"
syn_32_3_4_05,synthetic,32,3,4,0.08,proportional_risk,True,10006734,0.064,,373500,,16144606541197849653,"[""m0@0.0020"", ""m1@0.0020"", ""m2@0.0020"", ""m3@0.0020"", ""m4@0.0020"", ""m5@0.0020"", ""m6@0.0020"", ""m7@0.0020"", ""m8@0.0020"", ""m9@0.0020"", ""m10@0.0020"", ""m11@0.0020"", ""m12@0.0020"", ""m13@0.0020"", ""m14@0.0020"", ""m15@0.0020"", ""m16@0.0020"", ""m17@0.0020"", ""m18@0.0020"", ""m19@0.0020"", ""m20@0.0020"", ""m21@0.0020"", ""m22@0.0020"", ""m23@0.0020"", ""m24@0.0020"", ""m25@0.0020"", ""m26@0.0020"", ""m27@0.0020"", ""m28@0.0020"", ""m29@0.0020"", ""m30@0.0020"", ""m31@0.0020""]","[""C1"", 1000000, 0, 50000, [[400000, 700000]], 455509]"
syn_32_3_4_05,synthetic,32,3,4,0.08,greedy_gate_catching,True,8760173,0.079,,6340000,,16144606541197849653,"[""m0@0.0020"", ""m1@0.0020"", ""m2@0.0020"", ""m3@0.0020"", ""m4@0.0020"", ""m5@0.0020"", ""m6@0.0020"", ""m7@0.0020"", ""m8@0.0020"", ""m9@0.0020"", ""m10@0.0020"", ""m11@0.0020"", ""m12@0.0020"", ""m13@0.0020"", ""m14@0.0020"", ""m15@0.0020"", ""m16@0.0020"", ""m17@0.0020"", ""m18@0.0020"", ""m19@0.0020"", ""m20@0.0020"", ""m21@0.0020"", ""m22@0.0020"", ""m23@0.0020"", ""m24@0.0020"", ""m25@0.0045"", ""m26@0.0045"", ""m27@0.0045"", ""m28@0.0020"", ""m29@0.0045"", ""m30@0.0045"", ""m31@0.0045""]","[""C1"", 1000000, 0, 50000, [[400000, 700000]], 455509]"
syn_32_3_4_06,synthetic,32,3,4,0.08,pareto_dp,True,7476385,0.079,110.0,2505600,,13853452162685080940,"[""m0@0.0020"", ""m1@0.0020"", ""m2@0.0020"", ""m3@0.0045"", ""m4@0.0020"", ""m5@0.0020"", ""m6@0.0020"", ""m7@0.0045"", ""m8@0.0020"", ""m9@0.0020"", ""m10@0.0020"", ""m11@0.0045"", ""m12@0.0020"", ""m13@0.0020"", ""m14@0.0020"", ""m15@0.0020"", ""m16@0.0020"", ""m17@0.0020"", ""m18@0.0020"", ""m19@0.0020"", ""m20@0.0020"", ""m21@0.0020"", ""m22@0.0020"", ""m23@0.0045"", ""m24@0.0020"", ""m25@0.0020"", ""m26@0.0020"", ""m27@0.0045"", ""m28@0.0020"", ""m29@0.0020"", ""m30@0.0020"", ""m31@0.0045""]","[""C1"", 1000000, 0, 50000, [[400000, 700000]], 455509]"
syn_32_3_4_06,synthetic,32,3,4,0.08,equal_risk,True,9798097,0.064,,228700,,13853452162685080940,"[""m0@0.0020"", ""m1@0.0020"", ""m2@0.0020"", ""m3@0.0020"", ""m4@0.0020"", ""m5@0.0020"", ""m6@0.0020"", ""m7@0.0020"", ""m8@0.0020"", ""m9@0.0020"", ""m10@0.0020"", ""m11@0.0020"", ""m12@0.0020"", ""m13@0.0020"", ""m14@0.0020"", ""m15@0.0020"", ""m16@0.0020"", ""m17@0.0020"", ""m18@0.0020"", ""m19@0.0020"", ""m20@0.0020"", ""m21@0.0020"", ""m22@0.0020"", ""m23@0.0020"", ""m24@0.0020"", ""m25@0.0020"", ""m26@0.0020"", ""m27@0.0020"", ""m28@0.0020"", ""m29@0.0020"", ""m30@0.0020"", ""m31@0.0020""]","[""C1"", 1000000, 0, 50000, [[400000, 700000]], 455509]"
syn_32_3_4_06,synthetic,32,3,4,0.08,proportional_risk,True,9798097,0.064,,355800,,13853452162685080940,"[""m0@0.0020"", ""m1@0.0020"", ""m2@0.0020"", ""m3@0.0020"", ""m4@0.0020"", ""m5@0.0020"", ""m6@0.0020"", ""m7@0.0020"", ""m8@0.0020"", ""m9@0.0020"", ""m10@0.0020"", ""m11@0.0020"", ""m12@0.0020"", ""m13@0.0020"", ""m14@0.0020"", ""m15@0.0020"", ""m16@0.0020"", ""m17@0.0020"", ""m18@0.0020"", ""m19@0.0020"", ""m20@0.0020"", ""m21@0.0020"", ""m22@0.0020"", ""m23@0.0020"", ""m24@0.0020"", ""m25@0.0020"", ""m26@0.0020"", ""m27@0.0020"", ""m28@0.0020"", ""m29@0.0020"", ""m30@0.0020"", ""m31@0.0020""]","[""C1"", 1000000, 0, 50000, [[400000, 700000]], 455509]"
syn_32_3_4_06,synthetic,32,3,4,0.08,greedy_gate_catching,True,8163857,0.079,,6572000,,13853452162685080940,"[""m0@0.0020"", ""m1@0.0020"", ""m2@0.0020"", ""m3@0.0020"", ""m4@0.0020"", ""m5@0.0020"", ""m6@0.0020"", ""m7@0.0020"", ""m8@0.0020"", ""m9@0.0020"", ""m10@0.0020"", ""m11@0.0020"", ""m12@0.0020"", ""m13@0.0020"", ""m14@0.0020"", ""m15@0.0020"", ""m16@0.0020"", ""m17@0.0020"", ""m18@0.0020"", ""m19@0.0032"", ""m20@0.0020"", ""m21@0.0020"", ""m22@0.0020"", ""m23@0.0032"", ""m24@0.0020"", ""m25@0.0045"", ""m26@0.0045"", ""m27@0.0045"", ""m28@0.0020"", ""m29@0.0020"", ""m30@0.0045"", ""m31@0.0045""]","[""C1"", 1000000, 0, 50000, [[400000, 700000]], 455509]"
syn_32_3_4_07,synthetic,32,3,4,0.08,pareto_dp,True,7213379,0.079,106.0,2785900,,13536760219099818241,"[""m0@0.0020"", ""m1@0.0020"", ""m2@0.0020"", ""m3@0.0020"", ""m4@0.0020"", ""m5@0.0020"", ""m6@0.0032"", ""m7@0.0045"", ""m8@0.0020"", ""m9@0.0020"", ""m10@0.0045"", ""m11@0.0045"", ""m12@0.0020"", ""m13@0.0020"", ""m14@0.0020"", ""m15@0.0020"", ""m16@0.0020"", ""m17@0.0020"", ""m18@0.0020"", ""m19@0.0045"", ""m20@0.0020"", ""m21@0.0020"", ""m22@0.0020"", ""m23@0.0032"", ""m24@0.0020"", ""m25@0.0020"", ""m26@0.0020"", ""m27@0.0020"", ""m28@0.0020"", ""m29@0.0020"", ""m30@0.0020"", ""m31@0.0045""]","[""C1"", 1000000, 0, 50000, [[400000, 700000]], 455509]"
syn_32_3_4_07,synthetic,32,3,4,0.08,equal_risk,True,9523707,0.064,,270100,,13536760219099818241,"[""m0@0.0020"", ""m1@0.0020"", ""m2@0.0020"", ""m3@0.0020"", ""m4@0.0020"", ""m5@0.0020"", ""m6@0.0020"", ""m7@0.0020"", ""m8@0.0020"", ""m9@0.0020"", ""m10@0.0020"", ""m11@0.0020"", ""m12@0.0020"", ""m13@0.0020"", ""m14@0.0020"", ""m15@0.0020"", ""m16@0.0020"", ""m17@0.0020"", ""m18@0.0020"", ""m19@0.0020"", ""m20@0.0020"", ""m21@0.0020"", ""m22@0.0020"", ""m23@0.0020"", ""m24@0.0020"", ""m25@0.0020"", ""m26@0.0020"", ""m27@0.0020"", ""m28@0.0020"", ""m29@0.0020"", ""m30@0.0020"", ""m31@0.0020""]","[""C1"", 1000000, 0, 50000, [[400000, 700000]], 455509]"
syn_32_3_4_07,synthetic,32,3,4,0.08,proportional_risk,True,9523707,0.064,,364800,,13536760219099818241,"[""m0@0.0020"", ""m1@0.0020"", ""m2@0.0020"", ""m3@0.0020"", ""m4@0.0020"", ""m5@0.0020"", ""m6@0.0020"", ""m7@0.0020"", ""m8@0.0020"", ""m9@0.0020"", ""m10@0.0020"", ""m11@0.0020"", ""m12@0.0020"", ""m13@0.0020"", ""m14@0.0020"", ""m15@0.0020"", ""m16@0.0020"", ""m17@0.0020"", ""m18@0.0020"", ""m19@0.0020"", ""m20@0.0020"", ""m21@0.0020"", ""m22@0.0020"", ""m23@0.0020"", ""m24@0.0020"", ""m25@0.0020"", ""m26@0.0020"", ""m27@0.0020"", ""m28@0.0020"", ""m29@0.0020"", ""m30@0.0020"", ""m31@0.0020""]","[""C1"", 1000000, 0, 50000, [[400000, 700000]], 455509]"
syn_32_3_4_07,synthetic,32,3,4,0.08,greedy_gate_catching,True,8520462,0.079,,6507700,,13536760219099818241,"[""m0@0.0020"", ""m1@0.0020"", ""m2@0.0020"", ""m3@0.0020"", ""m4@0.0020"", ""m5@0.0020"", ""m6@0.0020"", ""m7@0.0020"", ""m8@0.0020"", ""m9@0.0020"", ""m10@0.0020"", ""m11@0.0020"", ""m12@0.0020"", ""m13@0.0020"", ""m14@0.0020"", ""m15@0.0020"", ""m16@0.0020"", ""m17@0.0020"", ""m18@0.0020"", ""m19@0.0020"", ""m20@0.0020"", ""m21@0.0020"", ""m22@0.0020"", ""m23@0.0020"", ""m24@0.0020"", ""m25@0.0045"", ""m26@0.0045"", ""m27@0.0045"", ""m28@0.0020"", ""m29@0.0045"", ""m30@0.0045"", ""m31@0.0045""]","[""C1"", 1000000, 0, 50000, [[400000, 700000]], 455509]"
syn_32_3_4_08,synthetic,32,3,4,0.08,pareto_dp,True,7293734,0.079,81.0,1809500,,8279068506136923755,"[""m0@0.0020"", ""m1@0.0020"", ""m2@0.0020"", ""m3@0.0020"", ""m4@0.0020"", ""m5@0.0020"", ""m6@0.0020"", ""m7@0.0032"", ""m8@0.0020"", ""m9@0.0020"", ""m10@0.0020"", ""m11@0.0045"", ""m12@0.0020"", ""m13@0.0020"", ""m14@0.0020"", ""m15@0.0032"", ""m16@0.0020"", ""m17@0.0020"", ""m18@0.0020"", ""m19@0.0020"", ""m20@0.0020"", ""m21@0.0020"", ""m22@0.0045"", ""m23@0.0032"", ""m24@0.0020"", ""m25@0.0020"", ""m26@0.0020"", ""m27@0.0032"", ""m28@0.0020"", ""m29@0.0020"", ""m30@0.0045"", ""m31@0.0045""]","[""C1"", 1000000, 0, 50000, [[400000, 700000]], 455509]"
syn_32_3_4_08,synthetic,32,3,4,0.08,equal_risk,True,9892451,0.064,,230700,,8279068506136923755,"[""m0@0.0020"", ""m1@0.0020"", ""m2@0.0020"", ""m3@0.0020"", ""m4@0.0020"", ""m5@0.0020"", ""m6@0.0020"", ""m7@0.0020"", ""m8@0.0020"", ""m9@0.0020"", ""m10@0.0020"", ""m11@0.0020"", ""m12@0.0020"", ""m13@0.0020"", ""m14@0.0020"", ""m15@0.0020"", ""m16@0.0020"", ""m17@0.0020"", ""m18@0.0020"", ""m19@0.0020"", ""m20@0.0020"", ""m21@0.0020"", ""m22@0.0020"", ""m23@0.0020"", ""m24@0.0020"", ""m25@0.0020"", ""m26@0.0020"", ""m27@0.0020"", ""m28@0.0020"", ""m29@0.0020"", ""m30@0.0020"", ""m31@0.0020""]","[""C1"", 1000000, 0, 50000, [[400000, 700000]], 455509]"
syn_32_3_4_08,synthetic,32,3,4,0.08,proportional_risk,True,9892451,0.064,,370700,,8279068506136923755,"[""m0@0.0020"", ""m1@0.0020"", ""m2@0.0020"", ""m3@0.0020"", ""m4@0.0020"", ""m5@0.0020"", ""m6@0.0020"", ""m7@0.0020"", ""m8@0.0020"", ""m9@0.0020"", ""m10@0.0020"", ""m11@0.0020"", ""m12@0.0020"", ""m13@0.0020"", ""m14@0.0020"", ""m15@0.0020"", ""m16@0.0020"", ""m17@0.0020"", ""m18@0.0020"", ""m19@0.0020"", ""m20@0.0020"", ""m21@0.0020"", ""m22@0.0020"", ""m23@0.0020"", ""m24@0.0020"", ""m25@0.0020"", ""m26@0.0020"", ""m27@0.0020"", ""m28@0.0020"", ""m29@0.0020"", ""m30@0.0020"", ""m31@0.0020""]","[""C1"", 1000000, 0, 50000, [[400000, 700000]], 455509]"
syn_32_3_4_08,synthetic,32,3,4,0.08,greedy_gate_catching,True,8802019,0.079,,6348500,,8279068506136923755,"[""m0@0.0020"", ""m1@0.0020"", ""m2@0.0020"", ""m3@0.0020"", ""m4@0.0020"", ""m5@0.0020"", ""m6@0.0020"", ""m7@0.0020"", ""m8@0.0020"", ""m9@0.0020"", ""m10@0.0020"", ""m11@0.0020"", ""m12@0.0020"", ""m13@0.0020"", ""m14@0.0020"", ""m15@0.0020"", ""m16@0.0020"", ""m17@0.0020"", ""m18@0.0020"", ""m19@0.0020"", ""m20@0.0020"", ""m21@0.0020"", ""m22@0.0020"", ""m23@0.0020"", ""m24@0.0020"", ""m25@0.0045"", ""m26@0.0045"", ""m27@0.0045"", ""m28@0.0020"", ""m29@0.0045"", ""m30@0.0045"", ""m31@0.0045""]","[""C1"", 1000000, 0, 50000, [[400000, 700000]], 455509]"
syn_32_3_4_09,synthetic,32,3,4,0.08,pareto_dp,True,8181658,0.079,133.0,2747800,,14907072816166334049,"[""m0@0.0020"", ""m1@0.0020"", ""m2@0.0045"", ""m3@0.0045"", ""m4@0.0020"", ""m5@0.0020"", ""m6@0.0032"", ""m7@0.0020"", ""m8@0.0020"", ""m9@0.0020"", ""m10@0.0020"", ""m11@0.0020"", ""m12@0.0020"", ""m13@0.0020"", ""m14@0.0020"", ""m15@0.0032"", ""m16@0.0020"", ""m17@0.0020"", ""m18@0.0020"", ""m19@0.0020"", ""m20@0.0020"", ""m21@0.0020"", ""m22@0.0020"", ""m23@0.0032"", ""m24@0.0020"", ""m25@0.0020"", ""m26@0.0020"", ""m27@0.0045"", ""m28@0.0020"", ""m29@0.0020"", ""m30@0.0032"", ""m31@0.0045""]","[""C1"", 1000000, 0, 50000, [[400000, 700000]], 455509]"
syn_32_3_4_09,synthetic,32,3,4,0.08,equal_risk,True,11075307,0.064,,232500,,14907072816166334049,"[""m0@0.0020"", ""m1@0.0020"", ""m2@0.0020"", ""m3@0.0020"", ""m4@0.0020"", ""m5@0.0020"", ""m6@0.0020"", ""m7@0.0020"", ""m8@0.0020"", ""m9@0.0020"", ""m10@0.0020"", ""m11@0.0020"", ""m12@0.0020"", ""m13@0.0020"", ""m14@0.0020"", ""m15@0.0020"", ""m16@0.0020"", ""m17@0.0020"", ""m18@0.0020"", ""m19@0.0020"", ""m20@0.0020"", ""m21@0.0020"", ""m22@0.0020"", ""m23@0.0020"", ""m24@0.0020"", ""m25@0.0020"", ""m26@0.0020"", ""m27@0.0020"", ""m28@0.0020"", ""m29@0.0020"", ""m30@0.0020"", ""m31@0.0020""]","[""C1"", 1000000, 0, 50000, [[400000, 700000]], 455509]"
syn_32_3_4_09,synthetic,32,3,4,0.08,proportional_risk,True,11075307,0.064,,362400,,14907072816166334049,"[""m0@0.0020"", ""m1@0.0020"", ""m2@0.0020"", ""m3@0.0020"", ""m4@0.0020"", ""m5@0.0020"", ""m6@0.0020"", ""m7@0.0020"", ""m8@0.0020"", ""m9@0.0020"", ""m10@0.0020"", ""m11@0.0020"", ""m12@0.0020"", ""m13@0.0020"", ""m14@0.0020"", ""m15@0.0020"", ""m16@0.0020"", ""m17@0.0020"", ""m18@0.0020"", ""m19@0.0020"", ""m20@0.0020"", ""m21@0.0020"", ""m22@0.0020"", ""m23@0.0020"", ""m24@0.0020"", ""m25@0.0020"", ""m26@0.0020"", ""m27@0.0020"", ""m28@0.0020"", ""m29@0.0020"", ""m30@0.0020"", ""m31@0.0020""]","[""C1"", 1000000, 0, 50000, [[400000, 700000]], 455509]"
syn_32_3_4_09,synthetic,32,3,4,0.08,greedy_gate_catching,True,8886722,0.079,,6456400,,14907072816166334049,"[""m0@0.0020"", ""m1@0.0020"", ""m2@0.0020"", ""m3@0.0020"", ""m4@0.0020"", ""m5@0.0020"", ""m6@0.0020"", ""m7@0.0020"", ""m8@0.0020"", ""m9@0.0020"", ""m10@0.0020"", ""m11@0.0020"", ""m12@0.0020"", ""m13@0.0020"", ""m14@0.0020"", ""m15@0.0032"", ""m16@0.0020"", ""m17@0.0020"", ""m18@0.0020"", ""m19@0.0020"", ""m20@0.0020"", ""m21@0.0020"", ""m22@0.0020"", ""m23@0.0032"", ""m24@0.0020"", ""m25@0.0045"", ""m26@0.0045"", ""m27@0.0045"", ""m28@0.0020"", ""m29@0.0020"", ""m30@0.0045"", ""m31@0.0045""]","[""C1"", 1000000, 0, 50000, [[400000, 700000]], 455509]"
syn_32_3_4_10,synthetic,32,3,4,0.08,pareto_dp,True,7700117,0.079,68.0,1726000,,9456272113670093757,"[""m0@0.0020"", ""m1@0.0020"", ""m2@0.0020"", ""m3@0.0045"", ""m4@0.0020"", ""m5@0.0020"", ""m6@0.0020"", ""m7@0.0020"", ""m8@0.0020"", ""m9@0.0020"", ""m10@0.0020"", ""m11@0.0045"", ""m12@0.0020"", ""m13@0.0020"", ""m14@0.0020"", ""m15@0.0032"", ""m16@0.0020"", ""m17@0.0020"", ""m18@0.0020"", ""m19@0.0045"", ""m20@0.0020"", ""m21@0.0020"", ""m22@0.0045"", ""m23@0.0045"", ""m24@0.0020"", ""m25@0.0020"", ""m26@0.0020"", ""m27@0.0032"", ""m28@0.0020"", ""m29@0.0020"", ""m30@0.0020"", ""m31@0.0020""]","[""C1"", 1000000, 0, 50000, [[400000, 700000]], 455509]"
syn_32_3_4_10,synthetic,32,3,4,0.08,equal_risk,True,10801522,0.064,,228700,,9456272113670093757,"[""m0@0.0020"", ""m1@0.0020"", ""m2@0.0020"", ""m3@0.0020"", ""m4@0.0020"", ""m5@0.0020"", ""m6@0.0020"", ""m7@0.0020"", ""m8@0.0020"", ""m9@0.0020"", ""m10@0.0020"", ""m11@0.0020"", ""m12@0.0020"", ""m13@0.0020"", ""m14@0.0020"", ""m15@0.0020"", ""m16@0.0020"", ""m17@0.0020"", ""m18@0.0020"", ""m19@0.0020"", ""m20@0.0020"", ""m21@0.0020"", ""m22@0.0020"", ""m23@0.0020"", ""m24@0.0020"", ""m25@0.0020"", ""m26@0.0020"", ""m27@0.0020"", ""m28@0.0020"", ""m29@0.0020"", ""m30@0.0020"", ""m31@0.0020""]","[""C1"", 1000000, 0, 50000, [[400000, 700000]], 455509]"
syn_32_3_4_10,synthetic,32,3,4,0.08,proportional_risk,True,10801522,0.064,,453700,,9456272113670093757,"[""m0@0.0020"", ""m1@0.0020"", ""m2@0.0020"", ""m3@0.0020"", ""m4@0.0020"", ""m5@0.0020"", ""m6@0.0020"", ""m7@0.0020"", ""m8@0.0020"", ""m9@0.0020"", ""m10@0.0020"", ""m11@0.0020"", ""m12@0.0020"", ""m13@0.0020"", ""m14@0.0020"", ""m15@0.0020"", ""m16@0.0020"", ""m17@0.0020"", ""m18@0.0020"", ""m19@0.0020"", ""m20@0.0020"", ""m21@0.0020"", ""m22@0.0020"", ""m23@0.0020"", ""m24@0.0020"", ""m25@0.0020"", ""m26@0.0020"", ""m27@0.0020"", ""m28@0.0020"", ""m29@0.0020"", ""m30@0.0020"", ""m31@0.0020""]","[""C1"", 1000000, 0, 50000, [[400000, 700000]], 455509]"
syn_32_3_4_10,synthetic,32,3,4,0.08,greedy_gate_catching,True,8675849,0.079,,6671500,,9456272113670093757,"[""m0@0.0020"", ""m1@0.0032"", ""m2@0.0020"", ""m3@0.0020"", ""m4@0.0020"", ""m5@0.0020"", ""m6@0.0020"", ""m7@0.0020"", ""m8@0.0020"", ""m9@0.0020"", ""m10@0.0020"", ""m11@0.0020"", ""m12@0.0020"", ""m13@0.0020"", ""m14@0.0020"", ""m15@0.0020"", ""m16@0.0020"", ""m17@0.0020"", ""m18@0.0020"", ""m19@0.0020"", ""m20@0.0020"", ""m21@0.0020"", ""m22@0.0020"", ""m23@0.0020"", ""m24@0.0020"", ""m25@0.0045"", ""m26@0.0045"", ""m27@0.0045"", ""m28@0.0020"", ""m29@0.0045"", ""m30@0.0032"", ""m31@0.0045""]","[""C1"", 1000000, 0, 50000, [[400000, 700000]], 455509]"
syn_32_3_4_11,synthetic,32,3,4,0.08,pareto_dp,True,7541293,0.079,106.0,2360200,,8051156231023348705,"[""m0@0.0020"", ""m1@0.0020"", ""m2@0.0020"", ""m3@0.0045"", ""m4@0.0020"", ""m5@0.0020"", ""m6@0.0045"", ""m7@0.0045"", ""m8@0.0020"", ""m9@0.0020"", ""m10@0.0020"", ""m11@0.0045"", ""m12@0.0020"", ""m13@0.0020"", ""m14@0.0020"", ""m15@0.0020"", ""m16@0.0020"", ""m17@0.0020"", ""m18@0.0020"", ""m19@0.0045"", ""m20@0.0020"", ""m21@0.0020"", ""m22@0.0020"", ""m23@0.0032"", ""m24@0.0020"", ""m25@0.0020"", ""m26@0.0020"", ""m27@0.0020"", ""m28@0.0020"", ""m29@0.0020"", ""m30@0.0020"", ""m31@0.0032""]","[""C1"", 1000000, 0, 50000, [[400000, 700000]], 455509]"
syn_32_3_4_11,synthetic,32,3,4,0.08,equal_risk,True,10515528,0.064,,243000,,8051156231023348705,"[""m0@0.0020"", ""m1@0.0020"", ""m2@0.0020"", ""m3@0.0020"", ""m4@0.0020"", ""m5@0.0020"", ""m6@0.0020"", ""m7@0.0020"", ""m8@0.0020"", ""m9@0.0020"", ""m10@0.0020"", ""m11@0.0020"", ""m12@0.0020"", ""m13@0.0020"", ""m14@0.0020"", ""m15@0.0020"", ""m16@0.0020"", ""m17@0.0020"", ""m18@0.0020"", ""m19@0.0020"", ""m20@0.0020"", ""m21@0.0020"", ""m22@0.0020"", ""m23@0.0020"", ""m24@0.0020"", ""m25@0.0020"", ""m26@0.0020"", ""m27@0.0020"", ""m28@0.0020"", ""m29@0.0020"", ""m30@0.0020"", ""m31@0.0020""]","[""C1"", 1000000, 0, 50000, [[400000, 700000]], 455509]"
syn_32_3_4_11,synthetic,32,3,4,0.08,proportional_risk,True,10515528,0.064,,396000,,8051156231023348705,"[""m0@0.0020"", ""m1@0.0020"", ""m2@0.0020"", ""m3@0.0020"", ""m4@0.0020"", ""m5@0.0020"", ""m6@0.0020"", ""m7@0.0020"", ""m8@0.0020"", ""m9@0.0020"", ""m10@0.0020"", ""m11@0.0020"", ""m12@0.0020"", ""m13@0.0020"", ""m14@0.0020"", ""m15@0.0020"", ""m16@0.0020"", ""m17@0.0020"", ""m18@0.0020"", ""m19@0.0020"", ""m20@0.0020"", ""m21@0.0020"", ""m22@0.0020"", ""m23@0.0020"", ""m24@0.0020"", ""m25@0.0020"", ""m26@0.0020"", ""m27@0.0020"", ""m28@0.0020"", ""m29@0.0020"", ""m30@0.0020"", ""m31@0.0020""]","[""C1"", 1000000, 0, 50000, [[400000, 700000]], 455509]"
syn_32_3_4_11,synthetic,32,3,4,0.08,greedy_gate_catching,True,9654702,0.079,,6539600,,8051156231023348705,"[""m0@0.0020"", ""m1@0.0020"", ""m2@0.0020"", ""m3@0.0020"", ""m4@0.0020"", ""m5@0.0020"", ""m6@0.0020"", ""m7@0.0020"", ""m8@0.0020"", ""m9@0.0020"", ""m10@0.0020"", ""m11@0.0020"", ""m12@0.0020"", ""m13@0.0020"", ""m14@0.0020"", ""m15@0.0020"", ""m16@0.0020"", ""m17@0.0020"", ""m18@0.0020"", ""m19@0.0020"", ""m20@0.0020"", ""m21@0.0020"", ""m22@0.0020"", ""m23@0.0020"", ""m24@0.0020"", ""m25@0.0045"", ""m26@0.0045"", ""m27@0.0045"", ""m28@0.0020"", ""m29@0.0045"", ""m30@0.0045"", ""m31@0.0045""]","[""C1"", 1000000, 0, 50000, [[400000, 700000]], 455509]"
syn_32_3_4_12,synthetic,32,3,4,0.08,pareto_dp,True,6928616,0.079,66.0,1524300,,3998426836212941489,"[""m0@0.0020"", ""m1@0.0020"", ""m2@0.0020"", ""m3@0.0020"", ""m4@0.0020"", ""m5@0.0020"", ""m6@0.0020"", ""m7@0.0045"", ""m8@0.0020"", ""m9@0.0020"", ""m10@0.0020"", ""m11@0.0045"", ""m12@0.0020"", ""m13@0.0020"", ""m14@0.0020"", ""m15@0.0020"", ""m16@0.0020"", ""m17@0.0020"", ""m18@0.0020"", ""m19@0.0045"", ""m20@0.0020"", ""m21@0.0020"", ""m22@0.0045"", ""m23@0.0045"", ""m24@0.0020"", ""m25@0.0020"", ""m26@0.0020"", ""m27@0.0045"", ""m28@0.0020"", ""m29@0.0020"", ""m30@0.0020"", ""m31@0.0020""]","[""C1"", 1000000, 0, 50000, [[400000, 700000]], 455509]"
syn_32_3_4_12,synthetic,32,3,4,0.08,equal_risk,True,9079604,0.064,,229500,,3998426836212941489,"[""m0@0.0020"", ""m1@0.0020"", ""m2@0.0020"", ""m3@0.0020"", ""m4@0.0020"", ""m5@0.0020"", ""m6@0.0020"", ""m7@0.0020"", ""m8@0.0020"", ""m9@0.0020"", ""m10@0.0020"", ""m11@0.0020"", ""m12@0.0020"", ""m13@0.0020"", ""m14@0.0020"", ""m15@0.0020"", ""m16@0.0020"", ""m17@0.0020"", ""m18@0.0020"", ""m19@0.0020"", ""m20@0.0020"", ""m21@0.0020"", ""m22@0.0020"", ""m23@0.0020"", ""m24@0.0020"", ""m25@0.0020"", ""m26@0.0020"", ""m27@0.0020"", ""m28@0.0020"", ""m29@0.0020"", ""m30@0.0020"", ""m31@0.0020""]","[""C1"", 1000000, 0, 50000, [[400000, 700000]], 455509]"
syn_32_3_4_12,synthetic,32,3,4,0.08,proportional_risk,True,9079604,0.064,,376000,,3998426836212941489,"[""m0@0.0020"", ""m1@0.0020"", ""m2@0.0020"", ""m3@0.0020"", ""m4@0.0020"", ""m5@0.0020"", ""m6@0.0020"", ""m7@0.0020"", ""m8@0.0020"", ""m9@0.0020"", ""m10@0.0020"", ""m11@0.0020"", ""m12@0.0020"", ""m13@0.0020"", ""m14@0.0020"", ""m15@0.0020"", ""m16@0.0020"", ""m17@0.0020"", ""m18@0.0020"", ""m19@0.0020"", ""m20@0.0020"", ""m21@0.0020"", ""m22@0.0020"", ""m23@0.0020"", ""m24@0.0020"", ""m25@0.0020"", ""m26@0.0020"", ""m27@0.0020"", ""m28@0.0020"", ""m29@0.0020"", ""m30@0.0020"", ""m31@0.0020""]","[""C1"", 1000000, 0, 50000, [[400000, 700000]], 455509]"
syn_32_3_4_12,synthetic,32,3,4,0.08,greedy_gate_catching,True,8221038,0.079,,6444900,,3998426836212941489,"[""m0@0.0020"", ""m1@0.0020"", ""m2@0.0020"", ""m3@0.0020"", ""m4@0.0020"", ""m5@0.0020"", ""m6@0.0020"", ""m7@0.0020"", ""m8@0.0020"", ""m9@0.0020"", ""m10@0.0020"", ""m11@0.0020"", ""m12@0.0020"", ""m13@0.0020"", ""m14@0.0020"", ""m15@0.0020"", ""m16@0.0020"", ""m17@0.0020"", ""m18@0.0020"", ""m19@0.0020"", ""m20@0.0020"", ""m21@0.0020"", ""m22@0.0020"", ""m23@0.0020"", ""m24@0.0020"", ""m25@0.0045"", ""m26@0.0045"", ""m27@0.0045"", ""m28@0.0020"", ""m29@0.0045"", ""m30@0.0045"", ""m31@0.0045""]","[""C1"", 1000000, 0, 50000, [[400000, 700000]], 455509]"
syn_32_3_4_13,synthetic,32,3,4,0.08,pareto_dp,True,8456411,0.079,127.0,3118800,,6680693381127106581,"[""m0@0.0020"", ""m1@0.0020"", ""m2@0.0032"", ""m3@0.0045"", ""m4@0.0020"", ""m5@0.0032"", ""m6@0.0020"", ""m7@0.0020"", ""m8@0.0020"", ""m9@0.0020"", ""m10@0.0020"", ""m11@0.0020"", ""m12@0.0020"", ""m13@0.0020"", ""m14@0.0020"", ""m15@0.0045"", ""m16@0.0020"", ""m17@0.0020"", ""m18@0.0020"", ""m19@0.0032"", ""m20@0.0020"", ""m21@0.0020"", ""m22@0.0032"", ""m23@0.0045"", ""m24@0.0020"", ""m25@0.0020"", ""m26@0.0020"", ""m27@0.0020"", ""m28@0.0020"", ""m29@0.0020"", ""m30@0.0020"", ""m31@0.0045""]","[""C1"", 1000000, 0, 50000, [[400000, 700000]], 455509]"
syn_32_3_4_13,synthetic,32,3,4,0.08,equal_risk,True,10605532,0.064,,228100,,6680693381127106581,"[""m0@0.0020"", ""m1@0.0020"", ""m2@0.0020"", ""m3@0.0020"", ""m4@0.0020"", ""m5@0.0020"", ""m6@0.0020"", ""m7@0.0020"", ""m8@0.0020"", ""m9@0.0020"", ""m10@0.0020"", ""m11@0.0020"", ""m12@0.0020"", ""m13@0.0020"", ""m14@0.0020"", ""m15@0.0020"", ""m16@0.0020"", ""m17@0.0020"", ""m18@0.0020"", ""m19@0.0020"", ""m20@0.0020"", ""m21@0.0020"", ""m22@0.0020"", ""m23@0.0020"", ""m24@0.0020"", ""m25@0.0020"", ""m26@0.0020"", ""m27@0.0020"", ""m28@0.0020"", ""m29@0.0020"", ""m30@0.0020"", ""m31@0.0020""]","[""C1"", 1000000, 0, 50000, [[400000, 700000]], 455509]"
syn_32_3_4_13,synthetic,32,3,4,0.08,proportional_risk,True,10605532,0.064,,366100,,6680693381127106581,"[""m0@0.0020"", ""m1@0.0020"", ""m2@0.0020"", ""m3@0.0020"", ""m4@0.0020"", ""m5@0.0020"", ""m6@0.0020"", ""m7@0.0020"", ""m8@0.0020"", ""m9@0.0020"", ""m10@0.0020"", ""m11@0.0020"", ""m12@0.0020"", ""m13@0.0020"", ""m14@0.0020"", ""m15@0.0020"", ""m16@0.0020"", ""m17@0.0020"", ""m18@0.0020"", ""m19@0.0020"", ""m20@0.0020"", ""m21@0.0020"", ""m22@0.0020"", ""m23@0.0020"", ""m24@0.0020"", ""m25@0.0020"", ""m26@0.0020"", ""m27@0.0020"", ""m28@0.0020"", ""m29@0.0020"", ""m30@0.0020"", ""m31@0.0020""]","[""C1"", 1000000, 0, 50000, [[400000, 700000]], 455509]"
syn_32_3_4_13,synthetic,32,3,4,0.08,greedy_gate_catching,True,9714936,0.079,,6525900,,6680693381127106581,"[""m0@0.0020"", ""m1@0.0020"", ""m2@0.0020"", ""m3@0.0020"", ""m4@0.0020"", ""m5@0.0020"", ""m6@0.0020"", ""m7@0.0032"", ""m8@0.0020"", ""m9@0.0020"", ""m10@0.0020"", ""m11@0.0020"", ""m12@0.0020"", ""m13@0.0020"", ""m14@0.0020"", ""m15@0.0020"", ""m16@0.0020"", ""m17@0.0020"", ""m18@0.0020"", ""m19@0.0020"", ""m20@0.0020"", ""m21@0.0020"", ""m22@0.0020"", ""m23@0.0020"", ""m24@0.0020"", ""m25@0.0045"", ""m26@0.0045"", ""m27@0.0045"", ""m28@0.0020"", ""m29@0.0032"", ""m30@0.0045"", ""m31@0.0045""]","[""C1"", 1000000, 0, 50000, [[400000, 700000]], 455509]"
syn_32_3_4_14,synthetic,32,3,4,0.08,pareto_dp,True,7149543,0.079,91.0,2661500,,15291709995045421546,"[""m0@0.0020"", ""m1@0.0020"", ""m2@0.0020"", ""m3@0.0045"", ""m4@0.0020"", ""m5@0.0020"", ""m6@0.0045"", ""m7@0.0020"", ""m8@0.0020"", ""m9@0.0020"", ""m10@0.0032"", ""m11@0.0045"", ""m12@0.0020"", ""m13@0.0020"", ""m14@0.0020"", ""m15@0.0020"", ""m16@0.0020"", ""m17@0.0020"", ""m18@0.0020"", ""m19@0.0032"", ""m20@0.0020"", ""m21@0.0020"", ""m22@0.0020"", ""m23@0.0020"", ""m24@0.0020"", ""m25@0.0020"", ""m26@0.0020"", ""m27@0.0045"", ""m28@0.0020"", ""m29@0.0020"", ""m30@0.0020"", ""m31@0.0045""]","[""C1"", 1000000, 0, 50000, [[400000, 700000]], 455509]"
syn_32_3_4_14,synthetic,32,3,4,0.08,equal_risk,True,9809202,0.064,,230500,,15291709995045421546,"[""m0@0.0020"", ""m1@0.0020"", ""m2@0.0020"", ""m3@0.0020"", ""m4@0.0020"", ""m5@0.0020"", ""m6@0.0020"", ""m7@0.0020"", ""m8@0.0020"", ""m9@0.0020"", ""m10@0.0020"", ""m11@0.0020"", ""m12@0.0020"", ""m13@0.0020"", ""m14@0.0020"", ""m15@0.0020"", ""m16@0.0020"", ""m17@0.0020"", ""m18@0.0020"", ""m19@0.0020"", ""m20@0.0020"", ""m21@0.0020"", ""m22@0.0020"", ""m23@0.0020"", ""m24@0.0020"", ""m25@0.0020"", ""m26@0.0020"", ""m27@0.0020"", ""m28@0.0020"", ""m29@0.0020"", ""m30@0.0020"", ""m31@0.0020""]","[""C1"", 1000000, 0, 50000, [[400000, 700000]], 455509]"
syn_32_3_4_14,synthetic,32,3,4,0.08,proportional_risk,True,9809202,0.064,,367800,,15291709995045421546,"[""m0@0.0020"", ""m1@0.0020"", ""m2@0.0020"", ""m3@0.0020"", ""m4@0.0020"", ""m5@0.0020"", ""m6@0.0020"", ""m7@0.0020"", ""m8@0.0020"", ""m9@0.0020"", ""m10@0.0020"", ""m11@0.0020"", ""m12@0.0020"", ""m13@0.0020"", ""m14@0.0020"", ""m15@0.0020"", ""m16@0.0020"", ""m17@0.0020"", ""m18@0.0020"", ""m19@0.0020"", ""m20@0.0020"", ""m21@0.0020"", ""m22@0.0020"", ""m23@0.0020"", ""m24@0.0020"", ""m25@0.0020"", ""m26@0.0020"", ""m27@0.0020"", ""m28@0.0020"", ""m29@0.0020"", ""m30@0.0020"", ""m31@0.0020""]","[""C1"", 1000000, 0, 50000, [[400000, 700000]], 455509]"
syn_32_3_4_14,synthetic,32,3,4,0.08,greedy_gate_catching,True,7777965,0.079,,6689200,,15291709995045421546,"[""m0@0.0020"", ""m1@0.0020"", ""m2@0.0020"", ""m3@0.0020"", ""m4@0.0020"", ""m5@0.0020"", ""m6@0.0020"", ""m7@0.0032"", ""m8@0.0020"", ""m9@0.0020"", ""m10@0.0020"", ""m11@0.0020"", ""m12@0.0020"", ""m13@0.0020"", ""m14@0.0020"", ""m15@0.0032"", ""m16@0.0020"", ""m17@0.0020"", ""m18@0.0020"", ""m19@0.0045"", ""m20@0.0020"", ""m21@0.0020"", ""m22@0.0020"", ""m23@0.0020"", ""m24@0.0020"", ""m25@0.0045"", ""m26@0.0045"", ""m27@0.0045"", ""m28@0.0020"", ""m29@0.0020"", ""m30@0.0020"", ""m31@0.0045""]","[""C1"", 1000000, 0, 50000, [[400000, 700000]], 455509]"
syn_32_3_4_15,synthetic,32,3,4,0.08,pareto_dp,True,8224965,0.079,135.0,2745300,,10711284219394122806,"[""m0@0.0020"", ""m1@0.0020"", ""m2@0.0020"", ""m3@0.0032"", ""m4@0.0020"", ""m5@0.0020"", ""m6@0.0020"", ""m7@0.0032"", ""m8@0.0020"", ""m9@0.0020"", ""m10@0.0020"", ""m11@0.0020"", ""m12@0.0020"", ""m13@0.0020"", ""m14@0.0020"", ""m15@0.0032"", ""m16@0.0020"", ""m17@0.0020"", ""m18@0.0020"", ""m19@0.0045"", ""m20@0.0020"", ""m21@0.0020"", ""m22@0.0032"", ""m23@0.0020"", ""m24@0.0020"", ""m25@0.0020"", ""m26@0.0020"", ""m27@0.0045"", ""m28@0.0020"", ""m29@0.0020"", ""m30@0.0045"", ""m31@0.0045""]","[""C1"", 1000000, 0, 50000, [[400000, 700000]], 455509]"
syn_32_3_4_15,synthetic,32,3,4,0.08,equal_risk,True,12207896,0.064,,230200,,10711284219394122806,"[""m0@0.0020"", ""m1@0.0020"", ""m2@0.0020"", ""m3@0.0020"", ""m4@0.0020"", ""m5@0.0020"", ""m6@0.0020"", ""m7@0.0020"", ""m8@0.0020"", ""m9@0.0020"", ""m10@0.0020"", ""m11@0.0020"", ""m12@0.0020"", ""m13@0.0020"", ""m14@0.0020"", ""m15@0.0020"", ""m16@0.0020"", ""m17@0.0020"", ""m18@0.0020"", ""m19@0.0020"", ""m20@0.0020"", ""m21@0.0020"", ""m22@0.0020"", ""m23@0.0020"", ""m24@0.0020"", ""m25@0.0020"", ""m26@0.0020"", ""m27@0.0020"", ""m28@0.0020"", ""m29@0.0020"", ""m30@0.0020"", ""m31@0.0020""]","[""C1"", 1000000, 0, 50000, [[400000, 700000]], 455509]"
syn_32_3_4_15,synthetic,32,3,4,0.08,proportional_risk,True,12207896,0.064,,371000,,10711284219394122806,"[""m0@0.0020"", ""m1@0.0020"", ""m2@0.0020"", ""m3@0.0020"", ""m4@0.0020"", ""m5@0.0020"", ""m6@0.0020"", ""m7@0.0020"", ""m8@0.0020"", ""m9@0.0020"", ""m10@0.0020"", ""m11@0.0020"", ""m12@0.0020"", ""m13@0.0020"", ""m14@0.0020"", ""m15@0.0020"", ""m16@0.0020"", ""m17@0.0020"", ""m18@0.0020"", ""m19@0.0020"", ""m20@0.0020"", ""m21@0.0020"", ""m22@0.0020"", ""m23@0.0020"", ""m24@0.0020"", ""m25@0.0020"", ""m26@0.0020"", ""m27@0.0020"", ""m28@0.0020"", ""m29@0.0020"", ""m30@0.0020"", ""m31@0.0020""]","[""C1"", 1000000, 0, 50000, [[400000, 700000]], 455509]"
syn_32_3_4_15,synthetic,32,3,4,0.08,greedy_gate_catching,True,9795154,0.079,,6488200,,10711284219394122806,"[""m0@0.0020"", ""m1@0.0032"", ""m2@0.0020"", ""m3@0.0020"", ""m4@0.0020"", ""m5@0.0020"", ""m6@0.0020"", ""m7@0.0020"", ""m8@0.0020"", ""m9@0.0020"", ""m10@0.0020"", ""m11@0.0020"", ""m12@0.0020"", ""m13@0.0020"", ""m14@0.0020"", ""m15@0.0020"", ""m16@0.0020"", ""m17@0.0020"", ""m18@0.0020"", ""m19@0.0020"", ""m20@0.0020"", ""m21@0.0020"", ""m22@0.0020"", ""m23@0.0020"", ""m24@0.0020"", ""m25@0.0032"", ""m26@0.0045"", ""m27@0.0045"", ""m28@0.0020"", ""m29@0.0045"", ""m30@0.0045"", ""m31@0.0045""]","[""C1"", 1000000, 0, 50000, [[400000, 700000]], 455509]"
syn_32_3_4_16,synthetic,32,3,4,0.08,pareto_dp,True,7376545,0.079,162.0,3435300,,14784915477537824987,"[""m0@0.0020"", ""m1@0.0020"", ""m2@0.0020"", ""m3@0.0045"", ""m4@0.0020"", ""m5@0.0020"", ""m6@0.0045"", ""m7@0.0020"", ""m8@0.0020"", ""m9@0.0020"", ""m10@0.0020"", ""m11@0.0020"", ""m12@0.0020"", ""m13@0.0020"", ""m14@0.0020"", ""m15@0.0045"", ""m16@0.0020"", ""m17@0.0020"", ""m18@0.0032"", ""m19@0.0020"", ""m20@0.0020"", ""m21@0.0020"", ""m22@0.0045"", ""m23@0.0020"", ""m24@0.0020"", ""m25@0.0020"", ""m26@0.0020"", ""m27@0.0032"", ""m28@0.0020"", ""m29@0.0020"", ""m30@0.0020"", ""m31@0.0045""]","[""C1"", 1000000, 0, 50000, [[400000, 700000]], 455509]"
syn_32_3_4_16,synthetic,32,3,4,0.08,equal_risk,True,10804215,0.064,,233300,,14784915477537824987,"[""m0@0.0020"", ""m1@0.0020"", ""m2@0.0020"", ""m3@0.0020"", ""m4@0.0020"", ""m5@0.0020"", ""m6@0.0020"", ""m7@0.0020"", ""m8@0.0020"", ""m9@0.0020"", ""m10@0.0020"", ""m11@0.0020"", ""m12@0.0020"", ""m13@0.0020"", ""m14@0.0020"", ""m15@0.0020"", ""m16@0.0020"", ""m17@0.0020"", ""m18@0.0020"", ""m19@0.0020"", ""m20@0.0020"", ""m21@0.0020"", ""m22@0.0020"", ""m23@0.0020"", ""m24@0.0020"", ""m25@0.0020"", ""m26@0.0020"", ""m27@0.0020"", ""m28@0.0020"", ""m29@0.0020"", ""m30@0.0020"", ""m31@0.0020""]","[""C1"", 1000000, 0, 50000, [[400000, 700000]], 455509]"
syn_32_3_4_16,synthetic,32,3,4,0.08,proportional_risk,True,10804215,0.064,,363000,,14784915477537824987,"[""m0@0.0020"", ""m1@0.0020"", ""m2@0.0020"", ""m3@0.0020"", ""m4@0.0020"", ""m5@0.0020"", ""m6@0.0020"", ""m7@0.0020"", ""m8@0.0020"", ""m9@0.0020"", ""m10@0.0020"", ""m11@0.0020"", ""m12@0.0020"", ""m13@0.0020"", ""m14@0.0020"", ""m15@0.0020"", ""m16@0.0020"", ""m17@0.0020"", ""m18@0.0020"", ""m19@0.0020"", ""m20@0.0020"", ""m21@0.0020"", ""m22@0.0020"", ""m23@0.0020"", ""m24@0.0020"", ""m25@0.0020"", ""m26@0.0020"", ""m27@0.0020"", ""m28@0.0020"", ""m29@0.0020"", ""m30@0.0020"", ""m31@0.0020""]","[""C1"", 1000000, 0, 50000, [[400000, 700000]], 455509]"
syn_32_3_4_16,synthetic,32,3,4,0.08,greedy_gate_catching,True,8764821,0.079,,6431300,,14784915477537824987,"[""m0@0.0020"", ""m1@0.0020"", ""m2@0.0020"", ""m3@0.0020"", ""m4@0.0020"", ""m5@0.0020"", ""m6@0.0020"", ""m7@0.0020"", ""m8@0.0020"", ""m9@0.0020"", ""m10@0.0020"", ""m11@0.0020"", ""m12@0.0020"", ""m13@0.0020"", ""m14@0.0020"", ""m15@0.0020"", ""m16@0.0020"", ""m17@0.0020"", ""m18@0.0020"", ""m19@0.0020"", ""m20@0.0020"", ""m21@0.0020"", ""m22@0.0045"", ""m23@0.0020"", ""m24@0.0020"", ""m25@0.0032"", ""m26@0.0045"", ""m27@0.0045"", ""m28@0.0020"", ""m29@0.0032"", ""m30@0.0045"", ""m31@0.0045""]","[""C1"", 1000000, 0, 50000, [[400000, 700000]], 455509]"
syn_32_3_4_17,synthetic,32,3,4,0.08,pareto_dp,True,7584740,0.079,112.0,2458000,,14984705632200212340,"[""m0@0.0020"", ""m1@0.0020"", ""m2@0.0020"", ""m3@0.0020"", ""m4@0.0020"", ""m5@0.0020"", ""m6@0.0020"", ""m7@0.0032"", ""m8@0.0020"", ""m9@0.0020"", ""m10@0.0020"", ""m11@0.0020"", ""m12@0.0020"", ""m13@0.0020"", ""m14@0.0020"", ""m15@0.0045"", ""m16@0.0020"", ""m17@0.0020"", ""m18@0.0020"", ""m19@0.0020"", ""m20@0.0020"", ""m21@0.0020"", ""m22@0.0032"", ""m23@0.0045"", ""m24@0.0020"", ""m25@0.0020"", ""m26@0.0045"", ""m27@0.0045"", ""m28@0.0020"", ""m29@0.0020"", ""m30@0.0020"", ""m31@0.0045""]","[""C1"", 1000000, 0, 50000, [[400000, 700000]], 455509]"
syn_32_3_4_17,synthetic,32,3,4,0.08,equal_risk,True,10433523,0.064,,233300,,14984705632200212340,"[""m0@0.0020"", ""m1@0.0020"", ""m2@0.0020"", ""m3@0.0020"", ""m4@0.0020"", ""m5@0.0020"", ""m6@0.0020"", ""m7@0.0020"", ""m8@0.0020"", ""m9@0.0020"", ""m10@0.0020"", ""m11@0.0020"", ""m12@0.0020"", ""m13@0.0020"", ""m14@0.0020"", ""m15@0.0020"", ""m16@0.0020"", ""m17@0.0020"", ""m18@0.0020"", ""m19@0.0020"", ""m20@0.0020"", ""m21@0.0020"", ""m22@0.0020"", ""m23@0.0020"", ""m24@0.0020"", ""m25@0.0020"", ""m26@0.0020"", ""m27@0.0020"", ""m28@0.0020"", ""m29@0.0020"", ""m30@0.0020"", ""m31@0.0020""]","[""C1"", 1000000, 0, 50000, [[400000, 700000]], 455509]"
syn_32_3_4_17,synthetic,32,3,4,0.08,proportional_risk,True,10433523,0.064,,364300,,14984705632200212340,"[""m0@0.0020"", ""m1@0.0020"", ""m2@0.0020"", ""m3@0.0020"", ""m4@0.0020"", ""m5@0.0020"", ""m6@0.0020"", ""m7@0.0020"", ""m8@0.0020"", ""m9@0.0020"", ""m10@0.0020"", ""m11@0.0020"", ""m12@0.0020"", ""m13@0.0020"", ""m14@0.0020"", ""m15@0.0020"", ""m16@0.0020"", ""m17@0.0020"", ""m18@0.0020"", ""m19@0.0020"", ""m20@0.0020"", ""m21@0.0020"", ""m22@0.0020"", ""m23@0.0020"", ""m24@0.0020"", ""m25@0.0020"", ""m26@0.0020"", ""m27@0.0020"", ""m28@0.0020"", ""m29@0.0020"", ""m30@0.0020"", ""m31@0.0020""]","[""C1"", 1000000, 0, 50000, [[400000, 700000]], 455509]"
syn_32_3_4_17,synthetic,32,3,4,0.08,greedy_gate_catching,True,8385595,0.079,,6459000,,14984705632200212340,"[""m0@0.0020"", ""m1@0.0020"", ""m2@0.0020"", ""m3@0.0020"", ""m4@0.0020"", ""m5@0.0020"", ""m6@0.0020"", ""m7@0.0020"", ""m8@0.0020"", ""m9@0.0020"", ""m10@0.0020"", ""m11@0.0020"", ""m12@0.0020"", ""m13@0.0020"", ""m14@0.0020"", ""m15@0.0020"", ""m16@0.0020"", ""m17@0.0020"", ""m18@0.0020"", ""m19@0.0032"", ""m20@0.0020"", ""m21@0.0020"", ""m22@0.0020"", ""m23@0.0032"", ""m24@0.0020"", ""m25@0.0020"", ""m26@0.0045"", ""m27@0.0045"", ""m28@0.0020"", ""m29@0.0045"", ""m30@0.0045"", ""m31@0.0045""]","[""C1"", 1000000, 0, 50000, [[400000, 700000]], 455509]"
syn_32_3_4_18,synthetic,32,3,4,0.08,pareto_dp,True,7757483,0.079,77.0,2191200,,7719218026787517993,"[""m0@0.0020"", ""m1@0.0020"", ""m2@0.0020"", ""m3@0.0045"", ""m4@0.0020"", ""m5@0.0020"", ""m6@0.0020"", ""m7@0.0020"", ""m8@0.0020"", ""m9@0.0020"", ""m10@0.0020"", ""m11@0.0045"", ""m12@0.0020"", ""m13@0.0020"", ""m14@0.0032"", ""m15@0.0045"", ""m16@0.0020"", ""m17@0.0020"", ""m18@0.0020"", ""m19@0.0020"", ""m20@0.0020"", ""m21@0.0020"", ""m22@0.0020"", ""m23@0.0020"", ""m24@0.0020"", ""m25@0.0020"", ""m26@0.0032"", ""m27@0.0045"", ""m28@0.0020"", ""m29@0.0020"", ""m30@0.0020"", ""m31@0.0045""]","[""C1"", 1000000, 0, 50000, [[400000, 700000]], 455509]"
syn_32_3_4_18,synthetic,32,3,4,0.08,equal_risk,True,10471536,0.064,,227500,,7719218026787517993,"[""m0@0.0020"", ""m1@0.0020"", ""m2@0.0020"", ""m3@0.0020"", ""m4@0.0020"", ""m5@0.0020"", ""m6@0.0020"", ""m7@0.0020"", ""m8@0.0020"", ""m9@0.0020"", ""m10@0.0020"", ""m11@0.0020"", ""m12@0.0020"", ""m13@0.0020"", ""m14@0.0020"", ""m15@0.0020"", ""m16@0.0020"", ""m17@0.0020"", ""m18@0.0020"", ""m19@0.0020"", ""m20@0.0020"", ""m21@0.0020"", ""m22@0.0020"", ""m23@0.0020"", ""m24@0.0020"", ""m25@0.0020"", ""m26@0.0020"", ""m27@0.0020"", ""m28@0.0020"", ""m29@0.0020"", ""m30@0.0020"", ""m31@0.0020""]","[""C1"", 1000000, 0, 50000, [[400000, 700000]], 455509]"
syn_32_3_4_18,synthetic,32,3,4,0.08,proportional_risk,True,10471536,0.064,,364100,,7719218026787517993,"[""m0@0.0020"", ""m1@0.0020"", ""m2@0.0020"", ""m3@0.0020"", ""m4@0.0020"", ""m5@0.0020"", ""m6@0.0020"", ""m7@0.0020"", ""m8@0.0020"", ""m9@0.0020"", ""m10@0.0020"", ""m11@0.0020"", ""m12@0.0020"", ""m13@0.0020"", ""m14@0.0020"", ""m15@0.0020"", ""m16@0.0020"", ""m17@0.0020"", ""m18@0.0020"", ""m19@0.0020"", ""m20@0.0020"", ""m21@0.0020"", ""m22@0.0020"", ""m23@0.0020"", ""m24@0.0020"", ""m25@0.0020"", ""m26@0.0020"", ""m27@0.0020"", ""m28@0.0020"", ""m29@0.0020"", ""m30@0.0020"", ""m31@0.0020""]","[""C1"", 1000000, 0, 50000, [[400000, 700000]], 455509]"
syn_32_3_4_18,synthetic,32,3,4,0.08,greedy_gate_catching,True,9558678,0.079,,6337600,,7719218026787517993,"[""m0@0.0020"", ""m1@0.0020"", ""m2@0.0020"", ""m3@0.0020"", ""m4@0.0020"", ""m5@0.0020"", ""m6@0.0020"", ""m7@0.0020"", ""m8@0.0020"", ""m9@0.0020"", ""m10@0.0020"", ""m11@0.0020"", ""m12@0.0020"", ""m13@0.0020"", ""m14@0.0020"", ""m15@0.0020"", ""m16@0.0020"", ""m17@0.0020"", ""m18@0.0020"", ""m19@0.0020"", ""m20@0.0020"", ""m21@0.0020"", ""m22@0.0020"", ""m23@0.0020"", ""m24@0.0020"", ""m25@0.0045"", ""m26@0.0045"", ""m27@0.0045"", ""m28@0.0020"", ""m29@0.0045"", ""m30@0.0045"", ""m31@0.0045""]","[""C1"", 1000000, 0, 50000, [[400000, 700000]], 455509]"
syn_32_3_4_19,synthetic,32,3,4,0.08,pareto_dp,True,6952696,0.079,120.0,3166900,,1270987712184312457,"[""m0@0.0020"", ""m1@0.0020"", ""m2@0.0032"", ""m3@0.0045"", ""m4@0.0020"", ""m5@0.0020"", ""m6@0.0020"", ""m7@0.0032"", ""m8@0.0020"", ""m9@0.0020"", ""m10@0.0020"", ""m11@0.0032"", ""m12@0.0020"", ""m13@0.0020"", ""m14@0.0020"", ""m15@0.0045"", ""m16@0.0020"", ""m17@0.0020"", ""m18@0.0045"", ""m19@0.0032"", ""m20@0.0020"", ""m21@0.0020"", ""m22@0.0020"", ""m23@0.0045"", ""m24@0.0020"", ""m25@0.0020"", ""m26@0.0020"", ""m27@0.0020"", ""m28@0.0020"", ""m29@0.0020"", ""m30@0.0020"", ""m31@0.0020""]","[""C1"", 1000000, 0, 50000, [[400000, 700000]], 455509]"
syn_32_3_4_19,synthetic,32,3,4,0.08,equal_risk,True,10703359,0.064,,229900,,1270987712184312457,"[""m0@0.0020"", ""m1@0.0020"", ""m2@0.0020"", ""m3@0.0020"", ""m4@0.0020"", ""m5@0.0020"", ""m6@0.0020"", ""m7@0.0020"", ""m8@0.0020"", ""m9@0.0020"", ""m10@0.0020"", ""m11@0.0020"", ""m12@0.0020"", ""m13@0.0020"", ""m14@0.0020"", ""m15@0.0020"", ""m16@0.0020"", ""m17@0.0020"", ""m18@0.0020"", ""m19@0.0020"", ""m20@0.0020"", ""m21@0.0020"", ""m22@0.0020"", ""m23@0.0020"", ""m24@0.0020"", ""m25@0.0020"", ""m26@0.0020"", ""m27@0.0020"", ""m28@0.0020"", ""m29@0.0020"", ""m30@0.0020"", ""m31@0.0020""]","[""C1"", 1000000, 0, 50000, [[400000, 700000]], 455509]"
syn_32_3_4_19,synthetic,32,3,4,0.08,proportional_risk,True,10703359,0.064,,363200,,1270987712184312457,"[""m0@0.0020"", ""m1@0.0020"", ""m2@0.0020"", ""m3@0.0020"", ""m4@0.0020"", ""m5@0.0020"", ""m6@0.0020"", ""m7@0.0020"", ""m8@0.0020"", ""m9@0.0020"", ""m10@0.0020"", ""m11@0.0020"", ""m12@0.0020"", ""m13@0.0020"", ""m14@0.0020"", ""m15@0.0020"", ""m16@0.0020"", ""m17@0.0020"", ""m18@0.0020"", ""m19@0.0020"", ""m20@0.0020"", ""m21@0.0020"", ""m22@0.0020"", ""m23@0.0020"", ""m24@0.0020"", ""m25@0.0020"", ""m26@0.0020"", ""m27@0.0020"", ""m28@0.0020"", ""m29@0.0020"", ""m30@0.0020"", ""m31@0.0020""]","[""C1"", 1000000, 0, 50000, [[400000, 700000]], 455509]"
syn_32_3_4_19,synthetic,32,3,4,0.08,greedy_gate_catching,True,9126936,0.079,,6469400,,1270987712184312457,"[""m0@0.0020"", ""m1@0.0020"", ""m2@0.0020"", ""m3@0.0020"", ""m4@0.0020"", ""m5@0.0020"", ""m6@0.0020"", ""m7@0.0032"", ""m8@0.0020"", ""m9@0.0020"", ""m10@0.0020"", ""m11@0.0020"", ""m12@0.0020"", ""m13@0.0020"", ""m14@0.0020"", ""m15@0.0020"", ""m16@0.0020"", ""m17@0.0020"", ""m18@0.0020"", ""m19@0.0020"", ""m20@0.0020"", ""m21@0.0020"", ""m22@0.0020"", ""m23@0.0020"", ""m24@0.0020"", ""m25@0.0045"", ""m26@0.0045"", ""m27@0.0045"", ""m28@0.0020"", ""m29@0.0032"", ""m30@0.0045"", ""m31@0.0045""]","[""C1"", 1000000, 0, 50000, [[400000, 700000]], 455509]"
syn_32_6_1_00,synthetic,32,6,1,0.08,pareto_dp,True,6666608,0.08,459.0,30397600,,2205164956189263314,"[""m0@0.0020"", ""m1@0.0020"", ""m2@0.0020"", ""m3@0.0040"", ""m4@0.0020"", ""m5@0.0020"", ""m6@0.0020"", ""m7@0.0020"", ""m8@0.0020"", ""m9@0.0020"", ""m10@0.0025"", ""m11@0.0045"", ""m12@0.0020"", ""m13@0.0020"", ""m14@0.0020"", ""m15@0.0045"", ""m16@0.0020"", ""m17@0.0020"", ""m18@0.0020"", ""m19@0.0045"", ""m20@0.0020"", ""m21@0.0020"", ""m22@0.0020"", ""m23@0.0045"", ""m24@0.0020"", ""m25@0.0020"", ""m26@0.0020"", ""m27@0.0045"", ""m28@0.0020"", ""m29@0.0020"", ""m30@0.0020"", ""m31@0.0030""]","[""C1"", 1000000, 0, 50000, [[400000, 700000]], 455509]"
syn_32_6_1_00,synthetic,32,6,1,0.08,equal_risk,True,8666286,0.064,,431700,,2205164956189263314,"[""m0@0.0020"", ""m1@0.0020"", ""m2@0.0020"", ""m3@0.0020"", ""m4@0.0020"", ""m5@0.0020"", ""m6@0.0020"", ""m7@0.0020"", ""m8@0.0020"", ""m9@0.0020"", ""m10@0.0020"", ""m11@0.0020"", ""m12@0.0020"", ""m13@0.0020"", ""m14@0.0020"", ""m15@0.0020"", ""m16@0.0020"", ""m17@0.0020"", ""m18@0.0020"", ""m19@0.0020"", ""m20@0.0020"", ""m21@0.0020"", ""m22@0.0020"", ""m23@0.0020"", ""m24@0.0020"", ""m25@0.0020"", ""m26@0.0020"", ""m27@0.0020"", ""m28@0.0020"", ""m29@0.0020"", ""m30@0.0020"", ""m31@0.0020""]","[""C1"", 1000000, 0, 50000, [[400000, 700000]], 455509]"
syn_32_6_1_00,synthetic,32,6,1,0.08,proportional_risk,True,8666286,0.064,,586200,,2205164956189263314,"[""m0@0.0020"", ""m1@0.0020"", ""m2@0.0020"", ""m3@0.0020"", ""m4@0.0020"", ""m5@0.0020"", ""m6@0.0020"", ""m7@0.0020"", ""m8@0.0020"", ""m9@0.0020"", ""m10@0.0020"", ""m11@0.0020"", ""m12@0.0020"", ""m13@0.0020"", ""m14@0.0020"", ""m15@0.0020"", ""m16@0.0020"", ""m17@0.0020"", ""m18@0.0020"", ""m19@0.0020"", ""m20@0.0020"", ""m21@0.0020"", ""m22@0.0020"", ""m23@0.0020"", ""m24@0.0020"", ""m25@0.0020"", ""m26@0.0020"", ""m27@0.0020"", ""m28@0.0020"", ""m29@0.0020"", ""m30@0.0020"", ""m31@0.0020""]","[""C1"", 1000000, 0, 50000, [[400000, 700000]], 455509]"
syn_32_6_1_00,synthetic,32,6,1,0.08,greedy_gate_catching,True,7240655,0.08,,24877300,,2205164956189263314,"[""m0@0.0020"", ""m1@0.0020"", ""m2@0.0020"", ""m3@0.0020"", ""m4@0.0020"", ""m5@0.0020"", ""m6@0.0020"", ""m7@0.0020"", ""m8@0.0020"", ""m9@0.0020"", ""m10@0.0020"", ""m11@0.0020"", ""m12@0.0020"", ""m13@0.0020"", ""m14@0.0020"", ""m15@0.0020"", ""m16@0.0020"", ""m17@0.0020"", ""m18@0.0045"", ""m19@0.0045"", ""m20@0.0020"", ""m21@0.0030"", ""m22@0.0035"", ""m23@0.0045"", ""m24@0.0020"", ""m25@0.0020"", ""m26@0.0020"", ""m27@0.0045"", ""m28@0.0020"", ""m29@0.0035"", ""m30@0.0030"", ""m31@0.0030""]","[""C1"", 1000000, 0, 50000, [[400000, 700000]], 455509]"
syn_32_6_1_01,synthetic,32,6,1,0.08,pareto_dp,True,7988080,0.08,378.0,22266500,,9951078879055148535,"[""m0@0.0020"", ""m1@0.0020"", ""m2@0.0020"", ""m3@0.0020"", ""m4@0.0020"", ""m5@0.0020"", ""m6@0.0020"", ""m7@0.0020"", ""m8@0.0020"", ""m9@0.0020"", ""m10@0.0020"", ""m11@0.0020"", ""m12@0.0020"", ""m13@0.0020"", ""m14@0.0020"", ""m15@0.0045"", ""m16@0.0020"", ""m17@0.0020"", ""m18@0.0045"", ""m19@0.0045"", ""m20@0.0020"", ""m21@0.0020"", ""m22@0.0020"", ""m23@0.0045"", ""m24@0.0020"", ""m25@0.0020"", ""m26@0.0030"", ""m27@0.0045"", ""m28@0.0020"", ""m29@0.0020"", ""m30@0.0020"", ""m31@0.0045""]","[""C1"", 1000000, 0, 50000, [[400000, 700000]], 455509]"
syn_32_6_1_01,synthetic,32,6,1,0.08,equal_risk,True,11110632,0.064,,423600,,9951078879055148535,"[""m0@0.0020"", ""m1@0.0020"", ""m2@0.0020"", ""m3@0.0020"", ""m4@0.0020"", ""m5@0.0020"", ""m6@0.0020"", ""m7@0.0020"", ""m8@0.0020"", ""m9@0.0020"", ""m10@0.0020"", ""m11@0.0020"", ""m12@0.0020"", ""m13@0.0020"", ""m14@0.0020"", ""m15@0.0020"", ""m16@0.0020"", ""m17@0.0020"", ""m18@0.0020"", ""m19@0.0020"", ""m20@0.0020"", ""m21@0.0020"", ""m22@0.0020"", ""m23@0.0020"", ""m24@0.0020"", ""m25@0.0020"", ""m26@0.0020"", ""m27@0.0020"", ""m28@0.0020"", ""m29@0.0020"", ""m30@0.0020"", ""m31@0.0020""]","[""C1"", 1000000, 0, 50000, [[400000, 700000]], 455509]"
syn_32_6_1_01,synthetic,32,6,1,0.08,proportional_risk,True,11110632,0.064,,628500,,9951078879055148535,"[""m0@0.0020"", ""m1@0.0020"", ""m2@0.0020"", ""m3@0.0020"", ""m4@0.0020"", ""m5@0.0020"", ""m6@0.0020"", ""m7@0.0020"", ""m8@0.0020"", ""m9@0.0020"", ""m10@0.0020"", ""m11@0.0020"", ""m12@0.0020"", ""m13@0.0020"", ""m14@0.0020"", ""m15@0.0020"", ""m16@0.0020"", ""m17@0.0020"", ""m18@0.0020"", ""m19@0.0020"", ""m20@0.0020"", ""m21@0.0020"", ""m22@0.0020"", ""m23@0.0020"", ""m24@0.0020"", ""m25@0.0020"", ""m26@0.0020"", ""m27@0.0020"", ""m28@0.0020"", ""m29@0.0020"", ""m30@0.0020"", ""m31@0.0020""]","[""C1"", 1000000, 0, 50000, [[400000, 700000]], 455509]"
syn_32_6_1_01,synthetic,32,6,1,0.08,greedy_gate_catching,True,8865137,0.08,,25505200,,9951078879055148535,"[""m0@0.0020"", ""m1@0.0020"", ""m2@0.0020"", ""m3@0.0020"", ""m4@0.0020"", ""m5@0.0020"", ""m6@0.0020"", ""m7@0.0020"", ""m8@0.0020"", ""m9@0.0020"", ""m10@0.0020"", ""m11@0.0020"", ""m12@0.0020"", ""m13@0.0020"", ""m14@0.0020"", ""m15@0.0020"", ""m16@0.0020"", ""m17@0.0020"", ""m18@0.0045"", ""m19@0.0045"", ""m20@0.0020"", ""m21@0.0020"", ""m22@0.0030"", ""m23@0.0045"", ""m24@0.0020"", ""m25@0.0020"", ""m26@0.0045"", ""m27@0.0035"", ""m28@0.0020"", ""m29@0.0020"", ""m30@0.0030"", ""m31@0.0045""]","[""C1"", 1000000, 0, 50000, [[400000, 700000]], 455509]"
syn_32_6_1_02,synthetic,32,6,1,0.08,pareto_dp,True,8008716,0.08,363.0,32336200,,7563240731583394979,"[""m0@0.0020"", ""m1@0.0020"", ""m2@0.0030"", ""m3@0.0020"", ""m4@0.0020"", ""m5@0.0020"", ""m6@0.0045"", ""m7@0.0045"", ""m8@0.0020"", ""m9@0.0020"", ""m10@0.0020"", ""m11@0.0045"", ""m12@0.0020"", ""m13@0.0020"", ""m14@0.0020"", ""m15@0.0045"", ""m16@0.0020"", ""m17@0.0020"", ""m18@0.0020"", ""m19@0.0040"", ""m20@0.0020"", ""m21@0.0020"", ""m22@0.0020"", ""m23@0.0040"", ""m24@0.0020"", ""m25@0.0020"", ""m26@0.0020"", ""m27@0.0030"", ""m28@0.0020"", ""m29@0.0020"", ""m30@0.0020"", ""m31@0.0020""]","[""C1"", 1000000, 0, 50000, [[400000, 700000]], 455509]"
syn_32_6_1_02,synthetic,32,6,1,0.08,equal_risk,True,10677581,0.064,,414500,,7563240731583394979,"[""m0@0.0020"", ""m1@0.0020"", ""m2@0.0020"", ""m3@0.0020"", ""m4@0.0020"", ""m5@0.0020"", ""m6@0.0020"", ""m7@0.0020"", ""m8@0.0020"", ""m9@0.0020"", ""m10@0.0020"", ""m11@0.0020"", ""m12@0.0020"", ""m13@0.0020"", ""m14@0.0020"", ""m15@0.0020"", ""m16@0.0020"", ""m17@0.0020"", ""m18@0.0020"", ""m19@0.0020"", ""m20@0.0020"", ""m21@0.0020"", ""m22@0.0020"", ""m23@0.0020"", ""m24@0.0020"", ""m25@0.0020"", ""m26@0.0020"", ""m27@0.0020"", ""m28@0.0020"", ""m29@0.0020"", ""m30@0.0020"", ""m31@0.0020""]","[""C1"", 1000000, 0, 50000, [[400000, 700000]], 455509]"
syn_32_6_1_02,synthetic,32,6,1,0.08,proportional_risk,True,10677581,0.064,,617100,,7563240731583394979,"[""m0@0.0020"", ""m1@0.0020"", ""m2@0.0020"", ""m3@0.0020"", ""m4@0.0020"", ""m5@0.0020"", ""m6@0.0020"", ""m7@0.0020"", ""m8@0.0020"", ""m9@0.0020"", ""m10@0.0020"", ""m11@0.0020"", ""m12@0.0020"", ""m13@0.0020"", ""m14@0.0020"", ""m15@0.0020"", ""m16@0.0020"", ""m17@0.0020"", ""m18@0.0020"", ""m19@0.0020"", ""m20@0.0020"", ""m21@0.0020"", ""m22@0.0020"", ""m23@0.0020"", ""m24@0.0020"", ""m25@0.0020"", ""m26@0.0020"", ""m27@0.0020"", ""m28@0.0020"", ""m29@0.0020"", ""m30@0.0020"", ""m31@0.0020""]","[""C1"", 1000000, 0, 50000, [[400000, 700000]], 455509]"
syn_32_6_1_02,synthetic,32,6,1,0.08,greedy_gate_catching,True,8794432,0.08,,25468100,,7563240731583394979,"[""m0@0.0020"", ""m1@0.0020"", ""m2@0.0020"", ""m3@0.0020"", ""m4@0.0020"", ""m5@0.0020"", ""m6@0.0020"", ""m7@0.0020"", ""m8@0.0020"", ""m9@0.0020"", ""m10@0.0020"", ""m11@0.0020"", ""m12@0.0020"", ""m13@0.0020"", ""m14@0.0020"", ""m15@0.0020"", ""m16@0.0020"", ""m17@0.0020"", ""m18@0.0045"", ""m19@0.0040"", ""m20@0.0020"", ""m21@0.0020"", ""m22@0.0045"", ""m23@0.0045"", ""m24@0.0020"", ""m25@0.0020"", ""m26@0.0025"", ""m27@0.0045"", ""m28@0.0020"", ""m29@0.0020"", ""m30@0.0035"", ""m31@0.0040""]","[""C1"", 1000000, 0, 50000, [[400000, 700000]], 455509]"
syn_32_6_1_03,synthetic,32,6,1,0.08,pareto_dp,True,6713912,0.08,523.0,32964700,,18136632934843845635,"[""m0@0.0020"", ""m1@0.0020"", ""m2@0.0020"", ""m3@0.0045"", ""m4@0.0020"", ""m5@0.0020"", ""m6@0.0040"", ""m7@0.0020"", ""m8@0.0020"", ""m9@0.0020"", ""m10@0.0020"", ""m11@0.0020"", ""m12@0.0020"", ""m13@0.0020"", ""m14@0.0020"", ""m15@0.0040"", ""m16@0.0020"", ""m17@0.0020"", ""m18@0.0020"", ""m19@0.0040"", ""m20@0.0020"", ""m21@0.0020"", ""m22@0.0020"", ""m23@0.0045"", ""m24@0.0020"", ""m25@0.0020"", ""m26@0.0020"", ""m27@0.0035"", ""m28@0.0020"", ""m29@0.0020"", ""m30@0.0035"", ""m31@0.0040""]","[""C1"", 1000000, 0, 50000, [[400000, 700000]], 455509]"
syn_32_6_1_03,synthetic,32,6,1,0.08,equal_risk,True,8661208,0.064,,415900,,18136632934843845635,"[""m0@0.0020"", ""m1@0.0020"", ""m2@0.0020"", ""m3@0.0020"", ""m4@0.0020"", ""m5@0.0020"", ""m6@0.0020"", ""m7@0.0020"", ""m8@0.0020"", ""m9@0.0020"", ""m10@0.0020"", ""m11@0.0020"", ""m12@0.0020"", ""m13@0.0020"", ""m14@0.0020"", ""m15@0.0020"", ""m16@0.0020"", ""m17@0.0020"", ""m18@0.0020"", ""m19@0.0020"", ""m20@0.0020"", ""m21@0.0020"", ""m22@0.0020"", ""m23@0.0020"", ""m24@0.0020"", ""m25@0.0020"", ""m26@0.0020"", ""m27@0.0020"", ""m28@0.0020"", ""m29@0.0020"", ""m30@0.0020"", ""m31@0.0020""]","[""C1"", 1000000, 0, 50000, [[400000, 700000]], 455509]"
syn_32_6_1_03,synthetic,32,6,1,0.08,proportional_risk,True,8661208,0.064,,594400,,18136632934843845635,"[""m0@0.0020"", ""m1@0.0020"", ""m2@0.0020"", ""m3@0.0020"", ""m4@0.0020"", ""m5@0.0020"", ""m6@0.0020"", ""m7@0.0020"", ""m8@0.0020"", ""m9@0.0020"", ""m10@0.0020"", ""m11@0.0020"", ""m12@0.0020"", ""m13@0.0020"", ""m14@0.0020"", ""m15@0.0020"", ""m16@0.0020"", ""m17@0.0020"", ""m18@0.0020"", ""m19@0.0020"", ""m20@0.0020"", ""m21@0.0020"", ""m22@0.0020"", ""m23@0.0020"", ""m24@0.0020"", ""m25@0.0020"", ""m26@0.0020"", ""m27@0.0020"", ""m28@0.0020"", ""m29@0.0020"", ""m30@0.0020"", ""m31@0.0020""]","[""C1"", 1000000, 0, 50000, [[400000, 700000]], 455509]"
syn_32_6_1_03,synthetic,32,6,1,0.08,greedy_gate_catching,True,7339283,0.08,,24583400,,18136632934843845635,"[""m0@0.0020"", ""m1@0.0020"", ""m2@0.0020"", ""m3@0.0020"", ""m4@0.0020"", ""m5@0.0020"", ""m6@0.0020"", ""m7@0.0020"", ""m8@0.0020"", ""m9@0.0020"", ""m10@0.0020"", ""m11@0.0020"", ""m12@0.0020"", ""m13@0.0020"", ""m14@0.0020"", ""m15@0.0020"", ""m16@0.0020"", ""m17@0.0020"", ""m18@0.0040"", ""m19@0.0045"", ""m20@0.0020"", ""m21@0.0030"", ""m22@0.0030"", ""m23@0.0045"", ""m24@0.0020"", ""m25@0.0020"", ""m26@0.0020"", ""m27@0.0045"", ""m28@0.0020"", ""m29@0.0030"", ""m30@0.0035"", ""m31@0.0040""]","[""C1"", 1000000, 0, 50000, [[400000, 700000]], 455509]"
syn_32_6_1_04,synthetic,32,6,1,0.08,pareto_dp,True,6699069,0.08,379.0,26041700,,962962012944606250,"[""m0@0.0020"", ""m1@0.0020"", ""m2@0.0020"", ""m3@0.0020"", ""m4@0.0020"", ""m5@0.0020"", ""m6@0.0020"", ""m7@0.0040"", ""m8@0.0020"", ""m9@0.0020"", ""m10@0.0020"", ""m11@0.0040"", ""m12@0.0020"", ""m13@0.0020"", ""m14@0.0035"", ""m15@0.0040"", ""m16@0.0020"", ""m17@0.0020"", ""m18@0.0020"", ""m19@0.0045"", ""m20@0.0020"", ""m21@0.0020"", ""m22@0.0020"", ""m23@0.0045"", ""m24@0.0020"", ""m25@0.0020"", ""m26@0.0020"", ""m27@0.0030"", ""m28@0.0020"", ""m29@0.0020"", ""m30@0.0020"", ""m31@0.0045""]","[""C1"", 1000000, 0, 50000, [[400000, 700000]], 455509]"
syn_32_6_1_04,synthetic,32,6,1,0.08,equal_risk,True,8840339,0.064,,420900,,962962012944606250,"[""m0@0.0020"", ""m1@0.0020"", ""m2@0.0020"", ""m3@0.0020"", ""m4@0.0020"", ""m5@0.0020"", ""m6@0.0020"", ""m7@0.0020"", ""m8@0.0020"", ""m9@0.0020"", ""m10@0.0020"", ""m11@0.0020"", ""m12@0.0020"", ""m13@0.0020"", ""m14@0.0020"", ""m15@0.0020"", ""m16@0.0020"", ""m17@0.0020"", ""m18@0.0020"", ""m19@0.0020"", ""m20@0.0020"", ""m21@0.0020"", ""m22@0.0020"", ""m23@0.0020"", ""m24@0.0020"", ""m25@0.0020"", ""m26@0.0020"", ""m27@0.0020"", ""m28@0.0020"", ""m29@0.0020"", ""m30@0.0020"", ""m31@0.0020""]","[""C1"", 1000000, 0, 50000, [[400000, 700000]], 455509]"
syn_32_6_1_04,synthetic,32,6,1,0.08,proportional_risk,True,8840339,0.064,,617300,,962962012944606250,"[""m0@0.0020"", ""m1@0.0020"", ""m2@0.0020"", ""m3@0.0020"", ""m4@0.0020"", ""m5@0.0020"", ""m6@0.0020"", ""m7@0.0020"", ""m8@0.0020"", ""m9@0.0020"", ""m10@0.0020"", ""m11@0.0020"", ""m12@0.0020"", ""m13@0.0020"", ""m14@0.0020"", ""m15@0.0020"", ""m16@0.0020"", ""m17@0.0020"", ""m18@0.0020"", ""m19@0.0020"", ""m20@0.0020"", ""m21@0.0020"", ""m22@0.0020"", ""m23@0.0020"", ""m24@0.0020"", ""m25@0.0020"", ""m26@0.0020"", ""m27@0.0020"", ""m28@0.0020"", ""m29@0.0020"", ""m30@0.0020"", ""m31@0.0020""]","[""C1"", 1000000, 0, 50000, [[400000, 700000]], 455509]"
syn_32_6_1_04,synthetic,32,6,1,0.08,greedy_gate_catching,True,7209685,0.08,,24850800,,962962012944606250,"[""m0@0.0020"", ""m1@0.0020"", ""m2@0.0020"", ""m3@0.0020"", ""m4@0.0020"", ""m5@0.0020"", ""m6@0.0020"", ""m7@0.0020"", ""m8@0.0020"", ""m9@0.0020"", ""m10@0.0020"", ""m11@0.0020"", ""m12@0.0020"", ""m13@0.0020"", ""m14@0.0020"", ""m15@0.0030"", ""m16@0.0020"", ""m17@0.0030"", ""m18@0.0045"", ""m19@0.0045"", ""m20@0.0020"", ""m21@0.0020"", ""m22@0.0020"", ""m23@0.0045"", ""m24@0.0020"", ""m25@0.0020"", ""m26@0.0020"", ""m27@0.0045"", ""m28@0.0020"", ""m29@0.0035"", ""m30@0.0030"", ""m31@0.0035""]","[""C1"", 1000000, 0, 50000, [[400000, 700000]], 455509]"
syn_32_6_1_05,synthetic,32,6,1,0.08,pareto_dp,True,7165484,0.08,453.0,27828500,,5257850675582838707,"[""m0@0.0020"", ""m1@0.0020"", ""m2@0.0035"", ""m3@0.0035"", ""m4@0.0020"", ""m5@0.0020"", ""m6@0.0025"", ""m7@0.0035"", ""m8@0.0020"", ""m9@0.0020"", ""m10@0.0020"", ""m11@0.0040"", ""m12@0.0020"", ""m13@0.0020"", ""m14@0.0020"", ""m15@0.0045"", ""m16@0.0020"", ""m17@0.0020"", ""m18@0.0020"", ""m19@0.0020"", ""m20@0.0020"", ""m21@0.0020"", ""m22@0.0020"", ""m23@0.0045"", ""m24@0.0020"", ""m25@0.0020"", ""m26@0.0020"", ""m27@0.0045"", ""m28@0.0020"", ""m29@0.0020"", ""m30@0.0020"", ""m31@0.0035""]","[""C1"", 1000000, 0, 50000, [[400000, 700000]], 455509]"
syn_32_6_1_05,synthetic,32,6,1,0.08,equal_risk,True,9978893,0.064,,406700,,5257850675582838707,"[""m0@0.0020"", ""m1@0.0020"", ""m2@0.0020"", ""m3@0.0020"", ""m4@0.0020"", ""m5@0.0020"", ""m6@0.0020"", ""m7@0.0020"", ""m8@0.0020"", ""m9@0.0020"", ""m10@0.0020"", ""m11@0.0020"", ""m12@0.0020"", ""m13@0.0020"", ""m14@0.0020"", ""m15@0.0020"", ""m16@0.0020"", ""m17@0.0020"", ""m18@0.0020"", ""m19@0.0020"", ""m20@0.0020"", ""m21@0.0020"", ""m22@0.0020"", ""m23@0.0020"", ""m24@0.0020"", ""m25@0.0020"", ""m26@0.0020"", ""m27@0.0020"", ""m28@0.0020"", ""m29@0.0020"", ""m30@0.0020"", ""m31@0.0020""]","[""C1"", 1000000, 0, 50000, [[400000, 700000]], 455509]"
syn_32_6_1_05,synthetic,32,6,1,0.08,proportional_risk,True,9978893,0.064,,598700,,5257850675582838707,"[""m0@0.0020"", ""m1@0.0020"", ""m2@0.0020"", ""m3@0.0020"", ""m4@0.0020"", ""m5@0.0020"", ""m6@0.0020"", ""m7@0.0020"", ""m8@0.0020"", ""m9@0.0020"", ""m10@0.0020"", ""m11@0.0020"", ""m12@0.0020"", ""m13@0.0020"", ""m14@0.0020"", ""m15@0.0020"", ""m16@0.0020"", ""m17@0.0020"", ""m18@0.0020"", ""m19@0.0020"", ""m20@0.0020"", ""m21@0.0020"", ""m22@0.0020"", ""m23@0.0020"", ""m24@0.0020"", ""m25@0.0020"", ""m26@0.0020"", ""m27@0.0020"", ""m28@0.0020"", ""m29@0.0020"", ""m30@0.0020"", ""m31@0.0020""]","[""C1"", 1000000, 0, 50000, [[400000, 700000]], 455509]"
syn_32_6_1_05,synthetic,32,6,1,0.08,greedy_gate_catching,True,7424987,0.08,,24785300,,5257850675582838707,"[""m0@0.0020"", ""m1@0.0020"", ""m2@0.0025"", ""m3@0.0020"", ""m4@0.0020"", ""m5@0.0020"", ""m6@0.0020"", ""m7@0.0035"", ""m8@0.0020"", ""m9@0.0020"", ""m10@0.0020"", ""m11@0.0025"", ""m12@0.0020"", ""m13@0.0020"", ""m14@0.0020"", ""m15@0.0020"", ""m16@0.0020"", ""m17@0.0020"", ""m18@0.0030"", ""m19@0.0045"", ""m20@0.0020"", ""m21@0.0020"", ""m22@0.0045"", ""m23@0.0045"", ""m24@0.0020"", ""m25@0.0020"", ""m26@0.0020"", ""m27@0.0045"", ""m28@0.0020"", ""m29@0.0020"", ""m30@0.0020"", ""m31@0.0045""]","[""C1"", 1000000, 0, 50000, [[400000, 700000]], 455509]"
syn_32_6_1_06,synthetic,32,6,1,0.08,pareto_dp,True,6432590,0.08,383.0,26034600,,17050719190200742031,"[""m0@0.0020"", ""m1@0.0020"", ""m2@0.0020"", ""m3@0.0045"", ""m4@0.0020"", ""m5@0.0020"", ""m6@0.0020"", ""m7@0.0045"", ""m8@0.0020"", ""m9@0.0020"", ""m10@0.0040"", ""m11@0.0040"", ""m12@0.0020"", ""m13@0.0020"", ""m14@0.0020"", ""m15@0.0040"", ""m16@0.0020"", ""m17@0.0020"", ""m18@0.0020"", ""m19@0.0020"", ""m20@0.0020"", ""m21@0.0020"", ""m22@0.0020"", ""m23@0.0020"", ""m24@0.0020"", ""m25@0.0020"", ""m26@0.0020"", ""m27@0.0045"", ""m28@0.0020"", ""m29@0.0020"", ""m30@0.0045"", ""m31@0.0020""]","[""C1"", 1000000, 0, 50000, [[400000, 700000]], 455509]"
syn_32_6_1_06,synthetic,32,6,1,0.08,equal_risk,True,8952488,0.064,,426500,,17050719190200742031,"[""m0@0.0020"", ""m1@0.0020"", ""m2@0.0020"", ""m3@0.0020"", ""m4@0.0020"", ""m5@0.0020"", ""m6@0.0020"", ""m7@0.0020"", ""m8@0.0020"", ""m9@0.0020"", ""m10@0.0020"", ""m11@0.0020"", ""m12@0.0020"", ""m13@0.0020"", ""m14@0.0020"", ""m15@0.0020"", ""m16@0.0020"", ""m17@0.0020"", ""m18@0.0020"", ""m19@0.0020"", ""m20@0.0020"", ""m21@0.0020"", ""m22@0.0020"", ""m23@0.0020"", ""m24@0.0020"", ""m25@0.0020"", ""m26@0.0020"", ""m27@0.0020"", ""m28@0.0020"", ""m29@0.0020"", ""m30@0.0020"", ""m31@0.0020""]","[""C1"", 1000000, 0, 50000, [[400000, 700000]], 455509]"
syn_32_6_1_06,synthetic,32,6,1,0.08,proportional_risk,True,8952488,0.064,,633100,,17050719190200742031,"[""m0@0.0020"", ""m1@0.0020"", ""m2@0.0020"", ""m3@0.0020"", ""m4@0.0020"", ""m5@0.0020"", ""m6@0.0020"", ""m7@0.0020"", ""m8@0.0020"", ""m9@0.0020"", ""m10@0.0020"", ""m11@0.0020"", ""m12@0.0020"", ""m13@0.0020"", ""m14@0.0020"", ""m15@0.0020"", ""m16@0.0020"", ""m17@0.0020"", ""m18@0.0020"", ""m19@0.0020"", ""m20@0.0020"", ""m21@0.0020"", ""m22@0.0020"", ""m23@0.0020"", ""m24@0.0020"", ""m25@0.0020"", ""m26@0.0020"", ""m27@0.0020"", ""m28@0.0020"", ""m29@0.0020"", ""m30@0.0020"", ""m31@0.0020""]","[""C1"", 1000000, 0, 50000, [[400000, 700000]], 455509]"
syn_32_6_1_06,synthetic,32,6,1,0.08,greedy_gate_catching,True,7671826,0.08,,24708300,,17050719190200742031,"[""m0@0.0020"", ""m1@0.0020"", ""m2@0.0020"", ""m3@0.0020"", ""m4@0.0020"", ""m5@0.0020"", ""m6@0.0020"", ""m7@0.0020"", ""m8@0.0020"", ""m9@0.0020"", ""m10@0.0020"", ""m11@0.0020"", ""m12@0.0020"", ""m13@0.0020"", ""m14@0.0020"", ""m15@0.0020"", ""m16@0.0020"", ""m17@0.0020"", ""m18@0.0020"", ""m19@0.0045"", ""m20@0.0020"", ""m21@0.0025"", ""m22@0.0035"", ""m23@0.0045"", ""m24@0.0020"", ""m25@0.0020"", ""m26@0.0045"", ""m27@0.0045"", ""m28@0.0020"", ""m29@0.0020"", ""m30@0.0045"", ""m31@0.0035""]","[""C1"", 1000000, 0, 50000, [[400000, 700000]], 455509]"
syn_32_6_1_07,synthetic,32,6,1,0.08,pareto_dp,True,5898928,0.08,488.0,38656200,,11253873759984137936,"[""m0@0.0020"", ""m1@0.0020"", ""m2@0.0020"", ""m3@0.0020"", ""m4@0.0020"", ""m5@0.0020"", ""m6@0.0040"", ""m7@0.0020"", ""m8@0.0020"", ""m9@0.0020"", ""m10@0.0020"", ""m11@0.0020"", ""m12@0.0020"", ""m13@0.0020"", ""m14@0.0020"", ""m15@0.0045"", ""m16@0.0020"", ""m17@0.0020"", ""m18@0.0045"", ""m19@0.0045"", ""m20@0.0020"", ""m21@0.0020"", ""m22@0.0035"", ""m23@0.0020"", ""m24@0.0020"", ""m25@0.0020"", ""m26@0.0020"", ""m27@0.0045"", ""m28@0.0020"", ""m29@0.0020"", ""m30@0.0020"", ""m31@0.0045""]","[""C1"", 1000000, 0, 50000, [[400000, 700000]], 455509]"
syn_32_6_1_07,synthetic,32,6,1,0.08,equal_risk,True,8264748,0.064,,413800,,11253873759984137936,"[""m0@0.0020"", ""m1@0.0020"", ""m2@0.0020"", ""m3@0.0020"", ""m4@0.0020"", ""m5@0.0020"", ""m6@0.0020"", ""m7@0.0020"", ""m8@0.0020"", ""m9@0.0020"", ""m10@0.0020"", ""m11@0.0020"", ""m12@0.0020"", ""m13@0.0020"", ""m14@0.0020"", ""m15@0.0020"", ""m16@0.0020"", ""m17@0.0020"", ""m18@0.0020"", ""m19@0.0020"", ""m20@0.0020"", ""m21@0.0020"", ""m22@0.0020"", ""m23@0.0020"", ""m24@0.0020"", ""m25@0.0020"", ""m26@0.0020"", ""m27@0.0020"", ""m28@0.0020"", ""m29@0.0020"", ""m30@0.0020"", ""m31@0.0020""]","[""C1"", 1000000, 0, 50000, [[400000, 700000]], 455509]"
syn_32_6_1_07,synthetic,32,6,1,0.08,proportional_risk,True,8264748,0.064,,596700,,11253873759984137936,"[""m0@0.0020"", ""m1@0.0020"", ""m2@0.0020"", ""m3@0.0020"", ""m4@0.0020"", ""m5@0.0020"", ""m6@0.0020"", ""m7@0.0020"", ""m8@0.0020"", ""m9@0.0020"", ""m10@0.0020"", ""m11@0.0020"", ""m12@0.0020"", ""m13@0.0020"", ""m14@0.0020"", ""m15@0.0020"", ""m16@0.0020"", ""m17@0.0020"", ""m18@0.0020"", ""m19@0.0020"", ""m20@0.0020"", ""m21@0.0020"", ""m22@0.0020"", ""m23@0.0020"", ""m24@0.0020"", ""m25@0.0020"", ""m26@0.0020"", ""m27@0.0020"", ""m28@0.0020"", ""m29@0.0020"", ""m30@0.0020"", ""m31@0.0020""]","[""C1"", 1000000, 0, 50000, [[400000, 700000]], 455509]"
syn_32_6_1_07,synthetic,32,6,1,0.08,greedy_gate_catching,True,6708829,0.08,,24168300,,11253873759984137936,"[""m0@0.0020"", ""m1@0.0020"", ""m2@0.0020"", ""m3@0.0020"", ""m4@0.0020"", ""m5@0.0020"", ""m6@0.0020"", ""m7@0.0020"", ""m8@0.0020"", ""m9@0.0020"", ""m10@0.0020"", ""m11@0.0020"", ""m12@0.0020"", ""m13@0.0020"", ""m14@0.0020"", ""m15@0.0020"", ""m16@0.0020"", ""m17@0.0020"", ""m18@0.0045"", ""m19@0.0045"", ""m20@0.0020"", ""m21@0.0020"", ""m22@0.0040"", ""m23@0.0030"", ""m24@0.0020"", ""m25@0.0020"", ""m26@0.0025"", ""m27@0.0045"", ""m28@0.0020"", ""m29@0.0020"", ""m30@0.0045"", ""m31@0.0045""]","[""C1"", 1000000, 0, 50000, [[400000, 700000]], 455509]"
syn_32_6_1_08,synthetic,32,6,1,0.08,pareto_dp,True,6027447,0.08,468.0,31163300,,8422234971044375960,"[""m0@0.0020"", ""m1@0.0020"", ""m2@0.0020"", ""m3@0.0040"", ""m4@0.0020"", ""m5@0.0020"", ""m6@0.0020"", ""m7@0.0040"", ""m8@0.0020"", ""m9@0.0020"", ""m10@0.0020"", ""m11@0.0020"", ""m12@0.0020"", ""m13@0.0020"", ""m14@0.0020"", ""m15@0.0045"", ""m16@0.0020"", ""m17@0.0020"", ""m18@0.0020"", ""m19@0.0045"", ""m20@0.0020"", ""m21@0.0020"", ""m22@0.0025"", ""m23@0.0040"", ""m24@0.0020"", ""m25@0.0020"", ""m26@0.0020"", ""m27@0.0045"", ""m28@0.0020"", ""m29@0.0020"", ""m30@0.0030"", ""m31@0.0030""]","[""C1"", 1000000, 0, 50000, [[400000, 700000]], 455509]"
syn_32_6_1_08,synthetic,32,6,1,0.08,equal_risk,True,7931238,0.064,,412100,,8422234971044375960,"[""m0@0.0020"", ""m1@0.0020"", ""m2@0.0020"", ""m3@0.0020"", ""m4@0.0020"", ""m5@0.0020"", ""m6@0.0020"", ""m7@0.0020"", ""m8@0.0020"", ""m9@0.0020"", ""m10@0.0020"", ""m11@0.0020"", ""m12@0.0020"", ""m13@0.0020"", ""m14@0.0020"", ""m15@0.0020"", ""m16@0.0020"", ""m17@0.0020"", ""m18@0.0020"", ""m19@0.0020"", ""m20@0.0020"", ""m21@0.0020"", ""m22@0.0020"", ""m23@0.0020"", ""m24@0.0020"", ""m25@0.0020"", ""m26@0.0020"", ""m27@0.0020"", ""m28@0.0020"", ""m29@0.0020"", ""m30@0.0020"", ""m31@0.0020""]","[""C1"", 1000000, 0, 50000, [[400000, 700000]], 455509]"
syn_32_6_1_08,synthetic,32,6,1,0.08,proportional_risk,True,7931238,0.064,,611500,,8422234971044375960,"[""m0@0.0020"", ""m1@0.0020"", ""m2@0.0020"", ""m3@0.0020"", ""m4@0.0020"", ""m5@0.0020"", ""m6@0.0020"", ""m7@0.0020"", ""m8@0.0020"", ""m9@0.0020"", ""m10@0.0020"", ""m11@0.0020"", ""m12@0.0020"", ""m13@0.0020"", ""m14@0.0020"", ""m15@0.0020"", ""m16@0.0020"", ""m17@0.0020"", ""m18@0.0020"", ""m19@0.0020"", ""m20@0.0020"", ""m21@0.0020"", ""m22@0.0020"", ""m23@0.0020"", ""m24@0.0020"", ""m25@0.0020"", ""m26@0.0020"", ""m27@0.0020"", ""m28@0.0020"", ""m29@0.0020"", ""m30@0.0020"", ""m31@0.0020""]","[""C1"", 1000000, 0, 50000, [[400000, 700000]], 455509]"
syn_32_6_1_08,synthetic,32,6,1,0.08,greedy_gate_catching,True,6687244,0.08,,24631400,,8422234971044375960,"[""m0@0.0020"", ""m1@0.0020"", ""m2@0.0020"", ""m3@0.0020"", ""m4@0.0020"", ""m5@0.0020"", ""m6@0.0020"", ""m7@0.0020"", ""m8@0.0020"", ""m9@0.0020"", ""m10@0.0020"", ""m11@0.0020"", ""m12@0.0020"", ""m13@0.0020"", ""m14@0.0020"", ""m15@0.0020"", ""m16@0.0020"", ""m17@0.0035"", ""m18@0.0035"", ""m19@0.0045"", ""m20@0.0020"", ""m21@0.0020"", ""m22@0.0045"", ""m23@0.0045"", ""m24@0.0020"", ""m25@0.0020"", ""m26@0.0020"", ""m27@0.0045"", ""m28@0.0020"", ""m29@0.0020"", ""m30@0.0040"", ""m31@0.0030""]","[""C1"", 1000000, 0, 50000, [[400000, 700000]], 455509]"
syn_32_6_1_09,synthetic,32,6,1,0.08,pareto_dp,True,6581893,0.08,586.0,37284500,,16829522628847247942,"[""m0@0.0020"", ""m1@0.0020"", ""m2@0.0020"", ""m3@0.0045"", ""m4@0.0020"", ""m5@0.0020"", ""m6@0.0020"", ""m7@0.0040"", ""m8@0.0020"", ""m9@0.0020"", ""m10@0.0020"", ""m11@0.0020"", ""m12@0.0020"", ""m13@0.0020"", ""m14@0.0020"", ""m15@0.0045"", ""m16@0.0020"", ""m17@0.0020"", ""m18@0.0045"", ""m19@0.0040"", ""m20@0.0020"", ""m21@0.0020"", ""m22@0.0040"", ""m23@0.0020"", ""m24@0.0020"", ""m25@0.0020"", ""m26@0.0020"", ""m27@0.0020"", ""m28@0.0020"", ""m29@0.0020"", ""m30@0.0020"", ""m31@0.0045""]","[""C1"", 1000000, 0, 50000, [[400000, 700000]], 455509]"
syn_32_6_1_09,synthetic,32,6,1,0.08,equal_risk,True,8468898,0.064,,430500,,16829522628847247942,"[""m0@0.0020"", ""m1@0.0020"", ""m2@0.0020"", ""m3@0.0020"", ""m4@0.0020"", ""m5@0.0020"", ""m6@0.0020"", ""m7@0.0020"", ""m8@0.0020"", ""m9@0.0020"", ""m10@0.0020"", ""m11@0.0020"", ""m12@0.0020"", ""m13@0.0020"", ""m14@0.0020"", ""m15@0.0020"", ""m16@0.0020"", ""m17@0.0020"", ""m18@0.0020"", ""m19@0.0020"", ""m20@0.0020"", ""m21@0.0020"", ""m22@0.0020"", ""m23@0.0020"", ""m24@0.0020"", ""m25@0.0020"", ""m26@0.0020"", ""m27@0.0020"", ""m28@0.0020"", ""m29@0.0020"", ""m30@0.0020"", ""m31@0.0020""]","[""C1"", 1000000, 0, 50000, [[400000, 700000]], 455509]"
syn_32_6_1_09,synthetic,32,6,1,0.08,proportional_risk,True,8468898,0.064,,633700,,16829522628847247942,"[""m0@0.0020"", ""m1@0.0020"", ""m2@0.0020"", ""m3@0.0020"", ""m4@0.0020"", ""m5@0.0020"", ""m6@0.0020"", ""m7@0.0020"", ""m8@0.0020"", ""m9@0.0020"", ""m10@0.0020"", ""m11@0.0020"", ""m12@0.0020"", ""m13@0.0020"", ""m14@0.0020"", ""m15@0.0020"", ""m16@0.0020"", ""m17@0.0020"", ""m18@0.0020"", ""m19@0.0020"", ""m20@0.0020"", ""m21@0.0020"", ""m22@0.0020"", ""m23@0.0020"", ""m24@0.0020"", ""m25@0.0020"", ""m26@0.0020"", ""m27@0.0020"", ""m28@0.0020"", ""m29@0.0020"", ""m30@0.0020"", ""m31@0.0020""]","[""C1"", 1000000, 0, 50000, [[400000, 700000]], 455509]"
syn_32_6_1_09,synthetic,32,6,1,0.08,greedy_gate_catching,True,6931468,0.08,,25191300,,16829522628847247942,"[""m0@0.0020"", ""m1@0.0020"", ""m2@0.0020"", ""m3@0.0030"", ""m4@0.0020"", ""m5@0.0020"", ""m6@0.0020"", ""m7@0.0020"", ""m8@0.0020"", ""m9@0.0020"", ""m10@0.0020"", ""m11@0.0020"", ""m12@0.0020"", ""m13@0.0020"", ""m14@0.0020"", ""m15@0.0020"", ""m16@0.0020"", ""m17@0.0020"", ""m18@0.0045"", ""m19@0.0045"", ""m20@0.0020"", ""m21@0.0020"", ""m22@0.0045"", ""m23@0.0045"", ""m24@0.0020"", ""m25@0.0020"", ""m26@0.0030"", ""m27@0.0035"", ""m28@0.0020"", ""m29@0.0020"", ""m30@0.0020"", ""m31@0.0045""]","[""C1"", 1000000, 0, 50000, [[400000, 700000]], 455509]"
syn_32_6_1_10,synthetic,32,6,1,0.08,pareto_dp,True,7162465,0.08,393.0,37997800,,18377791693581698742,"[""m0@0.0020"", ""m1@0.0020"", ""m2@0.0040"", ""m3@0.0030"", ""m4@0.0020"", ""m5@0.0020"", ""m6@0.0020"", ""m7@0.0020"", ""m8@0.0020"", ""m9@0.0020"", ""m10@0.0020"", ""m11@0.0045"", ""m12@0.0020"", ""m13@0.0020"", ""m14@0.0035"", ""m15@0.0020"", ""m16@0.0020"", ""m17@0.0020"", ""m18@0.0025"", ""m19@0.0045"", ""m20@0.0020"", ""m21@0.0020"", ""m22@0.0020"", ""m23@0.0035"", ""m24@0.0020"", ""m25@0.0020"", ""m26@0.0020"", ""m27@0.0040"", ""m28@0.0020"", ""m29@0.0020"", ""m30@0.0020"", ""m31@0.0045""]","[""C1"", 1000000, 0, 50000, [[400000, 700000]], 455509]"
syn_32_6_1_10,synthetic,32,6,1,0.08,equal_risk,True,9122576,0.064,,414200,,18377791693581698742,"[""m0@0.0020"", ""m1@0.0020"", ""m2@0.0020"", ""m3@0.0020"", ""m4@0.0020"", ""m5@0.0020"", ""m6@0.0020"", ""m7@0.0020"", ""m8@0.0020"", ""m9@0.0020"", ""m10@0.0020"", ""m11@0.0020"", ""m12@0.0020"", ""m13@0.0020"", ""m14@0.0020"", ""m15@0.0020"", ""m16@0.0020"", ""m17@0.0020"", ""m18@0.0020"", ""m19@0.0020"", ""m20@0.0020"", ""m21@0.0020"", ""m22@0.0020"", ""m23@0.0020"", ""m24@0.0020"", ""m25@0.0020"", ""m26@0.0020"", ""m27@0.0020"", ""m28@0.0020"", ""m29@0.0020"", ""m30@0.0020"", ""m31@0.0020""]","[""C1"", 1000000, 0, 50000, [[400000, 700000]], 455509]"
syn_32_6_1_10,synthetic,32,6,1,0.08,proportional_risk,True,9122576,0.064,,608600,,18377791693581698742,"[""m0@0.0020"", ""m1@0.0020"", ""m2@0.0020"", ""m3@0.0020"", ""m4@0.0020"", ""m5@0.0020"", ""m6@0.0020"", ""m7@0.0020"", ""m8@0.0020"", ""m9@0.0020"", ""m10@0.0020"", ""m11@0.0020"", ""m12@0.0020"", ""m13@0.0020"", ""m14@0.0020"", ""m15@0.0020"", ""m16@0.0020"", ""m17@0.0020"", ""m18@0.0020"", ""m19@0.0020"", ""m20@0.0020"", ""m21@0.0020"", ""m22@0.0020"", ""m23@0.0020"", ""m24@0.0020"", ""m25@0.0020"", ""m26@0.0020"", ""m27@0.0020"", ""m28@0.0020"", ""m29@0.0020"", ""m30@0.0020"", ""m31@0.0020""]","[""C1"", 1000000, 0, 50000, [[400000, 700000]], 455509]"
syn_32_6_1_10,synthetic,32,6,1,0.08,greedy_gate_catching,True,7416613,0.08,,25082800,,18377791693581698742,"[""m0@0.0020"", ""m1@0.0020"", ""m2@0.0020"", ""m3@0.0020"", ""m4@0.0020"", ""m5@0.0020"", ""m6@0.0020"", ""m7@0.0020"", ""m8@0.0020"", ""m9@0.0020"", ""m10@0.0020"", ""m11@0.0020"", ""m12@0.0020"", ""m13@0.0020"", ""m14@0.0020"", ""m15@0.0020"", ""m16@0.0020"", ""m17@0.0020"", ""m18@0.0045"", ""m19@0.0045"", ""m20@0.0020"", ""m21@0.0020"", ""m22@0.0045"", ""m23@0.0045"", ""m24@0.0020"", ""m25@0.0020"", ""m26@0.0020"", ""m27@0.0040"", ""m28@0.0020"", ""m29@0.0020"", ""m30@0.0035"", ""m31@0.0045""]","[""C1"", 1000000, 0, 50000, [[400000, 700000]], 455509]"
syn_32_6_1_11,synthetic,32,6,1,0.08,pareto_dp,True,6152368,0.08,335.0,22359200,,1997280804578919819,"[""m0@0.0020"", ""m1@0.0020"", ""m2@0.0020"", ""m3@0.0045"", ""m4@0.0020"", ""m5@0.0020"", ""m6@0.0020"", ""m7@0.0020"", ""m8@0.0020"", ""m9@0.0020"", ""m10@0.0020"", ""m11@0.0020"", ""m12@0.0020"", ""m13@0.0020"", ""m14@0.0020"", ""m15@0.0020"", ""m16@0.0020"", ""m17@0.0020"", ""m18@0.0040"", ""m19@0.0045"", ""m20@0.0020"", ""m21@0.0020"", ""m22@0.0020"", ""m23@0.0045"", ""m24@0.0020"", ""m25@0.0020"", ""m26@0.0035"", ""m27@0.0045"", ""m28@0.0020"", ""m29@0.0020"", ""m30@0.0020"", ""m31@0.0045""]","[""C1"", 1000000, 0, 50000, [[400000, 700000]], 455509]"
syn_32_6_1_11,synthetic,32,6,1,0.08,equal_risk,True,8620006,0.064,,415800,,1997280804578919819,"[""m0@0.0020"", ""m1@0.0020"", ""m2@0.0020"", ""m3@0.0020"", ""m4@0.0020"", ""m5@0.0020"", ""m6@0.0020"", ""m7@0.0020"", ""m8@0.0020"", ""m9@0.0020"", ""m10@0.0020"", ""m11@0.0020"", ""m12@0.0020"", ""m13@0.0020"", ""m14@0.0020"", ""m15@0.0020"", ""m16@0.0020"", ""m17@0.0020"", ""m18@0.0020"", ""m19@0.0020"", ""m20@0.0020"", ""m21@0.0020"", ""m22@0.0020"", ""m23@0.0020"", ""m24@0.0020"", ""m25@0.0020"", ""m26@0.0020"", ""m27@0.0020"", ""m28@0.0020"", ""m29@0.0020"", ""m30@0.0020"", ""m31@0.0020""]","[""C1"", 1000000, 0, 50000, [[400000, 700000]], 455509]"
syn_32_6_1_11,synthetic,32,6,1,0.08,proportional_risk,True,8620006,0.064,,607300,,1997280804578919819,"[""m0@0.0020"", ""m1@0.0020"", ""m2@0.0020"", ""m3@0.0020"", ""m4@0.0020"", ""m5@0.0020"", ""m6@0.0020"", ""m7@0.0020"", ""m8@0.0020"", ""m9@0.0020"", ""m10@0.0020"", ""m11@0.0020"", ""m12@0.0020"", ""m13@0.0020"", ""m14@0.0020"", ""m15@0.0020"", ""m16@0.0020"", ""m17@0.0020"", ""m18@0.0020"", ""m19@0.0020"", ""m20@0.0020"", ""m21@0.0020"", ""m22@0.0020"", ""m23@0.0020"", ""m24@0.0020"", ""m25@0.0020"", ""m26@0.0020"", ""m27@0.0020"", ""m28@0.0020"", ""m29@0.0020"", ""m30@0.0020"", ""m31@0.0020""]","[""C1"", 1000000, 0, 50000, [[400000, 700000]], 455509]"
syn_32_6_1_11,synthetic,32,6,1,0.08,greedy_gate_catching,True,7010776,0.08,,25044800,,1997280804578919819,"[""m0@0.0020"", ""m1@0.0020"", ""m2@0.0020"", ""m3@0.0020"", ""m4@0.0020"", ""m5@0.0020"", ""m6@0.0020"", ""m7@0.0020"", ""m8@0.0020"", ""m9@0.0020"", ""m10@0.0020"", ""m11@0.0020"", ""m12@0.0020"", ""m13@0.0020"", ""m14@0.0020"", ""m15@0.0020"", ""m16@0.0020"", ""m17@0.0020"", ""m18@0.0040"", ""m19@0.0045"", ""m20@0.0020"", ""m21@0.0020"", ""m22@0.0035"", ""m23@0.0045"", ""m24@0.0020"", ""m25@0.0020"", ""m26@0.0035"", ""m27@0.0045"", ""m28@0.0020"", ""m29@0.0030"", ""m30@0.0020"", ""m31@0.0045""]","[""C1"", 1000000, 0, 50000, [[400000, 700000]], 455509]"
syn_32_6_1_12,synthetic,32,6,1,0.08,pareto_dp,True,7382517,0.08,383.0,23363500,,3256777675552734368,"[""m0@0.0020"", ""m1@0.0020"", ""m2@0.0045"", ""m3@0.0030"", ""m4@0.0020"", ""m5@0.0020"", ""m6@0.0020"", ""m7@0.0035"", ""m8@0.0020"", ""m9@0.0020"", ""m10@0.0020"", ""m11@0.0045"", ""m12@0.0020"", ""m13@0.0020"", ""m14@0.0020"", ""m15@0.0045"", ""m16@0.0020"", ""m17@0.0020"", ""m18@0.0020"", ""m19@0.0045"", ""m20@0.0020"", ""m21@0.0020"", ""m22@0.0020"", ""m23@0.0045"", ""m24@0.0020"", ""m25@0.0020"", ""m26@0.0020"", ""m27@0.0030"", ""m28@0.0020"", ""m29@0.0020"", ""m30@0.0020"", ""m31@0.0020""]","[""C1"", 1000000, 0, 50000, [[400000, 700000]], 455509]"
syn_32_6_1_12,synthetic,32,6,1,0.08,equal_risk,True,10050346,0.064,,405700,,3256777675552734368,"[""m0@0.0020"", ""m1@0.0020"", ""m2@0.0020"", ""m3@0.0020"", ""m4@0.0020"", ""m5@0.0020"", ""m6@0.0020"", ""m7@0.0020"", ""m8@0.0020"", ""m9@0.0020"", ""m10@0.0020"", ""m11@0.0020"", ""m12@0.0020"", ""m13@0.0020"", ""m14@0.0020"", ""m15@0.0020"", ""m16@0.0020"", ""m17@0.0020"", ""m18@0.0020"", ""m19@0.0020"", ""m20@0.0020"", ""m21@0.0020"", ""m22@0.0020"", ""m23@0.0020"", ""m24@0.0020"", ""m25@0.0020"", ""m26@0.0020"", ""m27@0.0020"", ""m28@0.0020"", ""m29@0.0020"", ""m30@0.0020"", ""m31@0.0020""]","[""C1"", 1000000, 0, 50000, [[400000, 700000]], 455509]"
syn_32_6_1_12,synthetic,32,6,1,0.08,proportional_risk,True,10050346,0.064,,612900,,3256777675552734368,"[""m0@0.0020"", ""m1@0.0020"", ""m2@0.0020"", ""m3@0.0020"", ""m4@0.0020"", ""m5@0.0020"", ""m6@0.0020"", ""m7@0.0020"", ""m8@0.0020"", ""m9@0.0020"", ""m10@0.0020"", ""m11@0.0020"", ""m12@0.0020"", ""m13@0.0020"", ""m14@0.0020"", ""m15@0.0020"", ""m16@0.0020"", ""m17@0.0020"", ""m18@0.0020"", ""m19@0.0020"", ""m20@0.0020"", ""m21@0.0020"", ""m22@0.0020"", ""m23@0.0020"", ""m24@0.0020"", ""m25@0.0020"", ""m26@0.0020"", ""m27@0.0020"", ""m28@0.0020"", ""m29@0.0020"", ""m30@0.0020"", ""m31@0.0020""]","[""C1"", 1000000, 0, 50000, [[400000, 700000]], 455509]"
syn_32_6_1_12,synthetic,32,6,1,0.08,greedy_gate_catching,True,8458152,0.08,,25118200,,3256777675552734368,"[""m0@0.0020"", ""m1@0.0020"", ""m2@0.0020"", ""m3@0.0020"", ""m4@0.0020"", ""m5@0.0020"", ""m6@0.0020"", ""m7@0.0020"", ""m8@0.0020"", ""m9@0.0020"", ""m10@0.0020"", ""m11@0.0020"", ""m12@0.0020"", ""m13@0.0020"", ""m14@0.0020"", ""m15@0.0020"", ""m16@0.0020"", ""m17@0.0020"", ""m18@0.0030"", ""m19@0.0045"", ""m20@0.0020"", ""m21@0.0020"", ""m22@0.0045"", ""m23@0.0045"", ""m24@0.0020"", ""m25@0.0020"", ""m26@0.0045"", ""m27@0.0045"", ""m28@0.0020"", ""m29@0.0020"", ""m30@0.0035"", ""m31@0.0030""]","[""C1"", 1000000, 0, 50000, [[400000, 700000]], 455509]"
syn_32_6_1_13,synthetic,32,6,1,0.08,pareto_dp,True,7084062,0.08,345.0,21448800,,6565070658301350751,"[""m0@0.0020"", ""m1@0.0020"", ""m2@0.0020"", ""m3@0.0045"", ""m4@0.0020"", ""m5@0.0020"", ""m6@0.0030"", ""m7@0.0045"", ""m8@0.0020"", ""m9@0.0020"", ""m10@0.0020"", ""m11@0.0020"", ""m12@0.0020"", ""m13@0.0020"", ""m14@0.0020"", ""m15@0.0040"", ""m16@0.0020"", ""m17@0.0020"", ""m18@0.0020"", ""m19@0.0030"", ""m20@0.0020"", ""m21@0.0020"", ""m22@0.0020"", ""m23@0.0040"", ""m24@0.0020"", ""m25@0.0020"", ""m26@0.0020"", ""m27@0.0045"", ""m28@0.0020"", ""m29@0.0020"", ""m30@0.0020"", ""m31@0.0045""]","[""C1"", 1000000, 0, 50000, [[400000, 700000]], 455509]"
syn_32_6_1_13,synthetic,32,6,1,0.08,equal_risk,True,9852998,0.064,,397900,,6565070658301350751,"[""m0@0.0020"", ""m1@0.0020"", ""m2@0.0020"", ""m3@0.0020"", ""m4@0.0020"", ""m5@0.0020"", ""m6@0.0020"", ""m7@0.0020"", ""m8@0.0020"", ""m9@0.0020"", ""m10@0.0020"", ""m11@0.0020"", ""m12@0.0020"", ""m13@0.0020"", ""m14@0.0020"", ""m15@0.0020"", ""m16@0.0020"", ""m17@0.0020"", ""m18@0.0020"", ""m19@0.0020"", ""m20@0.0020"", ""m21@0.0020"", ""m22@0.0020"", ""m23@0.0020"", ""m24@0.0020"", ""m25@0.0020"", ""m26@0.0020"", ""m27@0.0020"", ""m28@0.0020"", ""m29@0.0020"", ""m30@0.0020"", ""m31@0.0020""]","[""C1"", 1000000, 0, 50000, [[400000, 700000]], 455509]"
syn_32_6_1_13,synthetic,32,6,1,0.08,proportional_risk,True,9852998,0.064,,579400,,6565070658301350751,"[""m0@0.0020"", ""m1@0.0020"", ""m2@0.0020"", ""m3@0.0020"", ""m4@0.0020"", ""m5@0.0020"", ""m6@0.0020"", ""m7@0.0020"", ""m8@0.0020"", ""m9@0.0020"", ""m10@0.0020"", ""m11@0.0020"", ""m12@0.0020"", ""m13@0.0020"", ""m14@0.0020"", ""m15@0.0020"", ""m16@0.0020"", ""m17@0.0020"", ""m18@0.0020"", ""m19@0.0020"", ""m20@0.0020"", ""m21@0.0020"", ""m22@0.0020"", ""m23@0.0020"", ""m24@0.0020"", ""m25@0.0020"", ""m26@0.0020"", ""m27@0.0020"", ""m28@0.0020"", ""m29@0.0020"", ""m30@0.0020"", ""m31@0.0020""]","[""C1"", 1000000, 0, 50000, [[400000, 700000]], 455509]"
syn_32_6_1_13,synthetic,32,6,1,0.08,greedy_gate_catching,True,8387925,0.08,,24494200,,6565070658301350751,"[""m0@0.0020"", ""m1@0.0020"", ""m2@0.0020"", ""m3@0.0020"", ""m4@0.0020"", ""m5@0.0020"", ""m6@0.0020"", ""m7@0.0020"", ""m8@0.0020"", ""m9@0.0020"", ""m10@0.0020"", ""m11@0.0020"", ""m12@0.0020"", ""m13@0.0020"", ""m14@0.0020"", ""m15@0.0020"", ""m16@0.0020"", ""m17@0.0020"", ""m18@0.0035"", ""m19@0.0045"", ""m20@0.0020"", ""m21@0.0020"", ""m22@0.0025"", ""m23@0.0045"", ""m24@0.0020"", ""m25@0.0020"", ""m26@0.0045"", ""m27@0.0045"", ""m28@0.0020"", ""m29@0.0020"", ""m30@0.0035"", ""m31@0.0045""]","[""C1"", 1000000, 0, 50000, [[400000, 700000]], 455509]"
syn_32_6_1_14,synthetic,32,6,1,0.08,pareto_dp,True,7356615,0.08,384.0,34061400,,10866597398908531005,"[""m0@0.0020"", ""m1@0.0020"", ""m2@0.0020"", ""m3@0.0045"", ""m4@0.0020"", ""m5@0.0020"", ""m6@0.0020"", ""m7@0.0040"", ""m8@0.0020"", ""m9@0.0020"", ""m10@0.0020"", ""m11@0.0020"", ""m12@0.0020"", ""m13@0.0020"", ""m14@0.0020"", ""m15@0.0045"", ""m16@0.0020"", ""m17@0.0020"", ""m18@0.0020"", ""m19@0.0045"", ""m20@0.0020"", ""m21@0.0020"", ""m22@0.0020"", ""m23@0.0020"", ""m24@0.0020"", ""m25@0.0020"", ""m26@0.0020"", ""m27@0.0040"", ""m28@0.0020"", ""m29@0.0020"", ""m30@0.0040"", ""m31@0.0045""]","[""C1"", 1000000, 0, 50000, [[400000, 700000]], 455509]"
syn_32_6_1_14,synthetic,32,6,1,0.08,equal_risk,True,9934368,0.064,,409700,,10866597398908531005,"[""m0@0.0020"", ""m1@0.0020"", ""m2@0.0020"", ""m3@0.0020"", ""m4@0.0020"", ""m5@0.0020"", ""m6@0.0020"", ""m7@0.0020"", ""m8@0.0020"", ""m9@0.0020"", ""m10@0.0020"", ""m11@0.0020"", ""m12@0.0020"", ""m13@0.0020"", ""m14@0.0020"", ""m15@0.0020"", ""m16@0.0020"", ""m17@0.0020"", ""m18@0.0020"", ""m19@0.0020"", ""m20@0.0020"", ""m21@0.0020"", ""m22@0.0020"", ""m23@0.0020"", ""m24@0.0020"", ""m25@0.0020"", ""m26@0.0020"", ""m27@0.0020"", ""m28@0.0020"", ""m29@0.0020"", ""m30@0.0020"", ""m31@0.0020""]","[""C1"", 1000000, 0, 50000, [[400000, 700000]], 455509]"
syn_32_6_1_14,synthetic,32,6,1,0.08,proportional_risk,True,9934368,0.064,,614400,,10866597398908531005,"[""m0@0.0020"", ""m1@0.0020"", ""m2@0.0020"", ""m3@0.0020"", ""m4@0.0020"", ""m5@0.0020"", ""m6@0.0020"", ""m7@0.0020"", ""m8@0.0020"", ""m9@0.0020"", ""m10@0.0020"", ""m11@0.0020"", ""m12@0.0020"", ""m13@0.0020"", ""m14@0.0020"", ""m15@0.0020"", ""m16@0.0020"", ""m17@0.0020"", ""m18@0.0020"", ""m19@0.0020"", ""m20@0.0020"", ""m21@0.0020"", ""m22@0.0020"", ""m23@0.0020"", ""m24@0.0020"", ""m25@0.0020"", ""m26@0.0020"", ""m27@0.0020"", ""m28@0.0020"", ""m29@0.0020"", ""m30@0.0020"", ""m31@0.0020""]","[""C1"", 1000000, 0, 50000, [[400000, 700000]], 455509]"
syn_32_6_1_14,synthetic,32,6,1,0.08,greedy_gate_catching,True,7857522,0.08,,26804800,,10866597398908531005,"[""m0@0.0020"", ""m1@0.0020"", ""m2@0.0020"", ""m3@0.0020"", ""m4@0.0020"", ""m5@0.0020"", ""m6@0.0020"", ""m7@0.0020"", ""m8@0.0020"", ""m9@0.0020"", ""m10@0.0020"", ""m11@0.0020"", ""m12@0.0020"", ""m13@0.0020"", ""m14@0.0020"", ""m15@0.0020"", ""m16@0.0020"", ""m17@0.0020"", ""m18@0.0045"", ""m19@0.0045"", ""m20@0.0020"", ""m21@0.0020"", ""m22@0.0020"", ""m23@0.0045"", ""m24@0.0020"", ""m25@0.0020"", ""m26@0.0035"", ""m27@0.0040"", ""m28@0.0020"", ""m29@0.0020"", ""m30@0.0045"", ""m31@0.0045""]","[""C1"", 1000000, 0, 50000, [[400000, 700000]], 455509]"
syn_32_6_1_15,synthetic,32,6,1,0.08,pareto_dp,True,6774778,0.08,413.0,27586100,,11715501765363071158,"[""m0@0.0020"", ""m1@0.0020"", ""m2@0.0045"", ""m3@0.0020"", ""m4@0.0020"", ""m5@0.0020"", ""m6@0.0020"", ""m7@0.0045"", ""m8@0.0020"", ""m9@0.0020"", ""m10@0.0020"", ""m11@0.0020"", ""m12@0.0020"", ""m13@0.0020"", ""m14@0.0020"", ""m15@0.0045"", ""m16@0.0020"", ""m17@0.0020"", ""m18@0.0045"", ""m19@0.0045"", ""m20@0.0020"", ""m21@0.0020"", ""m22@0.0020"", ""m23@0.0030"", ""m24@0.0020"", ""m25@0.0020"", ""m26@0.0020"", ""m27@0.0020"", ""m28@0.0020"", ""m29@0.0020"", ""m30@0.0020"", ""m31@0.0045""]","[""C1"", 1000000, 0, 50000, [[400000, 700000]], 455509]"
syn_32_6_1_15,synthetic,32,6,1,0.08,equal_risk,True,8861423,0.064,,428000,,11715501765363071158,"[""m0@0.0020"", ""m1@0.0020"", ""m2@0.0020"", ""m3@0.0020"", ""m4@0.0020"", ""m5@0.0020"", ""m6@0.0020"", ""m7@0.0020"", ""m8@0.0020"", ""m9@0.0020"", ""m10@0.0020"", ""m11@0.0020"", ""m12@0.0020"", ""m13@0.0020"", ""m14@0.0020"", ""m15@0.0020"", ""m16@0.0020"", ""m17@0.0020"", ""m18@0.0020"", ""m19@0.0020"", ""m20@0.0020"", ""m21@0.0020"", ""m22@0.0020"", ""m23@0.0020"", ""m24@0.0020"", ""m25@0.0020"", ""m26@0.0020"", ""m27@0.0020"", ""m28@0.0020"", ""m29@0.0020"", ""m30@0.0020"", ""m31@0.0020""]","[""C1"", 1000000, 0, 50000, [[400000, 700000]], 455509]"
syn_32_6_1_15,synthetic,32,6,1,0.08,proportional_risk,True,8861423,0.064,,620400,,11715501765363071158,"[""m0@0.0020"", ""m1@0.0020"", ""m2@0.0020"", ""m3@0.0020"", ""m4@0.0020"", ""m5@0.0020"", ""m6@0.0020"", ""m7@0.0020"", ""m8@0.0020"", ""m9@0.0020"", ""m10@0.0020"", ""m11@0.0020"", ""m12@0.0020"", ""m13@0.0020"", ""m14@0.0020"", ""m15@0.0020"", ""m16@0.0020"", ""m17@0.0020"", ""m18@0.0020"", ""m19@0.0020"", ""m20@0.0020"", ""m21@0.0020"", ""m22@0.0020"", ""m23@0.0020"", ""m24@0.0020"", ""m25@0.0020"", ""m26@0.0020"", ""m27@0.0020"", ""m28@0.0020"", ""m29@0.0020"", ""m30@0.0020"", ""m31@0.0020""]","[""C1"", 1000000, 0, 50000, [[400000, 700000]], 455509]"
syn_32_6_1_15,synthetic,32,6,1,0.08,greedy_gate_catching,True,7209589,0.08,,24462700,,11715501765363071158,"[""m0@0.0020"", ""m1@0.0020"", ""m2@0.0020"", ""m3@0.0020"", ""m4@0.0020"", ""m5@0.0020"", ""m6@0.0020"", ""m7@0.0020"", ""m8@0.0020"", ""m9@0.0020"", ""m10@0.0020"", ""m11@0.0020"", ""m12@0.0020"", ""m13@0.0020"", ""m14@0.0020"", ""m15@0.0020"", ""m16@0.0020"", ""m17@0.0020"", ""m18@0.0045"", ""m19@0.0045"", ""m20@0.0020"", ""m21@0.0020"", ""m22@0.0045"", ""m23@0.0045"", ""m24@0.0020"", ""m25@0.0020"", ""m26@0.0020"", ""m27@0.0045"", ""m28@0.0020"", ""m29@0.0020"", ""m30@0.0030"", ""m31@0.0045""]","[""C1"", 1000000, 0, 50000, [[400000, 700000]], 455509]"
syn_32_6_1_16,synthetic,32,6,1,0.08,pareto_dp,True,7100628,0.08,369.0,25100400,,8390881706650809168,"[""m0@0.0020"", ""m1@0.0020"", ""m2@0.0020"", ""m3@0.0035"", ""m4@0.0020"", ""m5@0.0020"", ""m6@0.0030"", ""m7@0.0045"", ""m8@0.0020"", ""m9@0.0020"", ""m10@0.0020"", ""m11@0.0020"", ""m12@0.0020"", ""m13@0.0020"", ""m14@0.0020"", ""m15@0.0040"", ""m16@0.0020"", ""m17@0.0020"", ""m18@0.0040"", ""m19@0.0045"", ""m20@0.0020"", ""m21@0.0020"", ""m22@0.0020"", ""m23@0.0045"", ""m24@0.0020"", ""m25@0.0020"", ""m26@0.0020"", ""m27@0.0020"", ""m28@0.0020"", ""m29@0.0020"", ""m30@0.0020"", ""m31@0.0040""]","[""C1"", 1000000, 0, 50000, [[400000, 700000]], 455509]"
syn_32_6_1_16,synthetic,32,6,1,0.08,equal_risk,True,9166870,0.064,,435200,,8390881706650809168,"[""m0@0.0020"", ""m1@0.0020"", ""m2@0.0020"", ""m3@0.0020"", ""m4@0.0020"", ""m5@0.0020"", ""m6@0.0020"", ""m7@0.0020"", ""m8@0.0020"", ""m9@0.0020"", ""m10@0.0020"", ""m11@0.0020"", ""m12@0.0020"", ""m13@0.0020"", ""m14@0.0020"", ""m15@0.0020"", ""m16@0.0020"", ""m17@0.0020"", ""m18@0.0020"", ""m19@0.0020"", ""m20@0.0020"", ""m21@0.0020"", ""m22@0.0020"", ""m23@0.0020"", ""m24@0.0020"", ""m25@0.0020"", ""m26@0.0020"", ""m27@0.0020"", ""m28@0.0020"", ""m29@0.0020"", ""m30@0.0020"", ""m31@0.0020""]","[""C1"", 1000000, 0, 50000, [[400000, 700000]], 455509]"
syn_32_6_1_16,synthetic,32,6,1,0.08,proportional_risk,True,9166870,0.064,,618000,,8390881706650809168,"[""m0@0.0020"", ""m1@0.0020"", ""m2@0.0020"", ""m3@0.0020"", ""m4@0.0020"", ""m5@0.0020"", ""m6@0.0020"", ""m7@0.0020"", ""m8@0.0020"", ""m9@0.0020"", ""m10@0.0020"", ""m11@0.0020"", ""m12@0.0020"", ""m13@0.0020"", ""m14@0.0020"", ""m15@0.0020"", ""m16@0.0020"", ""m17@0.0020"", ""m18@0.0020"", ""m19@0.0020"", ""m20@0.0020"", ""m21@0.0020"", ""m22@0.0020"", ""m23@0.0020"", ""m24@0.0020"", ""m25@0.0020"", ""m26@0.0020"", ""m27@0.0020"", ""m28@0.0020"", ""m29@0.0020"", ""m30@0.0020"", ""m31@0.0020""]","[""C1"", 1000000, 0, 50000, [[400000, 700000]], 455509]"
syn_32_6_1_16,synthetic,32,6,1,0.08,greedy_gate_catching,True,7480955,0.08,,25565900,,8390881706650809168,"[""m0@0.0020"", ""m1@0.0020"", ""m2@0.0020"", ""m3@0.0020"", ""m4@0.0020"", ""m5@0.0020"", ""m6@0.0020"", ""m7@0.0025"", ""m8@0.0020"", ""m9@0.0020"", ""m10@0.0020"", ""m11@0.0020"", ""m12@0.0020"", ""m13@0.0020"", ""m14@0.0020"", ""m15@0.0020"", ""m16@0.0020"", ""m17@0.0030"", ""m18@0.0045"", ""m19@0.0045"", ""m20@0.0020"", ""m21@0.0020"", ""m22@0.0040"", ""m23@0.0045"", ""m24@0.0020"", ""m25@0.0020"", ""m26@0.0030"", ""m27@0.0025"", ""m28@0.0020"", ""m29@0.0020"", ""m30@0.0030"", ""m31@0.0045""]","[""C1"", 1000000, 0, 50000, [[400000, 700000]], 455509]"
syn_32_6_1_17,synthetic,32,6,1,0.08,pareto_dp,True,7766184,0.08,399.0,25660200,,15982529229280559499,"[""m0@0.0020"", ""m1@0.0020"", ""m2@0.0020"", ""m3@0.0045"", ""m4@0.0020"", ""m5@0.0020"", ""m6@0.0020"", ""m7@0.0035"", ""m8@0.0020"", ""m9@0.0020"", ""m10@0.0020"", ""m11@0.0020"", ""m12@0.0020"", ""m13@0.0020"", ""m14@0.0020"", ""m15@0.0040"", ""m16@0.0020"", ""m17@0.0020"", ""m18@0.0020"", ""m19@0.0035"", ""m20@0.0020"", ""m21@0.0020"", ""m22@0.0045"", ""m23@0.0020"", ""m24@0.0020"", ""m25@0.0020"", ""m26@0.0030"", ""m27@0.0045"", ""m28@0.0020"", ""m29@0.0020"", ""m30@0.0020"", ""m31@0.0045""]","[""C1"", 1000000, 0, 50000, [[400000, 700000]], 455509]"
syn_32_6_1_17,synthetic,32,6,1,0.08,equal_risk,True,10251602,0.064,,417100,,15982529229280559499,"[""m0@0.0020"", ""m1@0.0020"", ""m2@0.0020"", ""m3@0.0020"", ""m4@0.0020"", ""m5@0.0020"", ""m6@0.0020"", ""m7@0.0020"", ""m8@0.0020"", ""m9@0.0020"", ""m10@0.0020"", ""m11@0.0020"", ""m12@0.0020"", ""m13@0.0020"", ""m14@0.0020"", ""m15@0.0020"", ""m16@0.0020"", ""m17@0.0020"", ""m18@0.0020"", ""m19@0.0020"", ""m20@0.0020"", ""m21@0.0020"", ""m22@0.0020"", ""m23@0.0020"", ""m24@0.0020"", ""m25@0.0020"", ""m26@0.0020"", ""m27@0.0020"", ""m28@0.0020"", ""m29@0.0020"", ""m30@0.0020"", ""m31@0.0020""]","[""C1"", 1000000, 0, 50000, [[400000, 700000]], 455509]"
syn_32_6_1_17,synthetic,32,6,1,0.08,proportional_risk,True,10251602,0.064,,600900,,15982529229280559499,"[""m0@0.0020"", ""m1@0.0020"", ""m2@0.0020"", ""m3@0.0020"", ""m4@0.0020"", ""m5@0.0020"", ""m6@0.0020"", ""m7@0.0020"", ""m8@0.0020"", ""m9@0.0020"", ""m10@0.0020"", ""m11@0.0020"", ""m12@0.0020"", ""m13@0.0020"", ""m14@0.0020"", ""m15@0.0020"", ""m16@0.0020"", ""m17@0.0020"", ""m18@0.0020"", ""m19@0.0020"", ""m20@0.0020"", ""m21@0.0020"", ""m22@0.0020"", ""m23@0.0020"", ""m24@0.0020"", ""m25@0.0020"", ""m26@0.0020"", ""m27@0.0020"", ""m28@0.0020"", ""m29@0.0020"", ""m30@0.0020"", ""m31@0.0020""]","[""C1"", 1000000, 0, 50000, [[400000, 700000]], 455509]"
syn_32_6_1_17,synthetic,32,6,1,0.08,greedy_gate_catching,True,8314996,0.08,,24716400,,15982529229280559499,"[""m0@0.0020"", ""m1@0.0020"", ""m2@0.0020"", ""m3@0.0030"", ""m4@0.0020"", ""m5@0.0020"", ""m6@0.0020"", ""m7@0.0020"", ""m8@0.0020"", ""m9@0.0020"", ""m10@0.0020"", ""m11@0.0020"", ""m12@0.0020"", ""m13@0.0020"", ""m14@0.0020"", ""m15@0.0020"", ""m16@0.0020"", ""m17@0.0020"", ""m18@0.0020"", ""m19@0.0045"", ""m20@0.0020"", ""m21@0.0020"", ""m22@0.0045"", ""m23@0.0045"", ""m24@0.0020"", ""m25@0.0020"", ""m26@0.0045"", ""m27@0.0045"", ""m28@0.0020"", ""m29@0.0020"", ""m30@0.0020"", ""m31@0.0045""]","[""C1"", 1000000, 0, 50000, [[400000, 700000]], 455509]"
syn_32_6_1_18,synthetic,32,6,1,0.08,pareto_dp,True,7992892,0.08,420.0,37807000,,6958255579305713050,"[""m0@0.0020"", ""m1@0.0020"", ""m2@0.0020"", ""m3@0.0045"", ""m4@0.0020"", ""m5@0.0020"", ""m6@0.0020"", ""m7@0.0035"", ""m8@0.0020"", ""m9@0.0020"", ""m10@0.0020"", ""m11@0.0020"", ""m12@0.0020"", ""m13@0.0020"", ""m14@0.0020"", ""m15@0.0040"", ""m16@0.0020"", ""m17@0.0020"", ""m18@0.0025"", ""m19@0.0045"", ""m20@0.0020"", ""m21@0.0020"", ""m22@0.0020"", ""m23@0.0045"", ""m24@0.0020"", ""m25@0.0020"", ""m26@0.0040"", ""m27@0.0020"", ""m28@0.0020"", ""m29@0.0020"", ""m30@0.0020"", ""m31@0.0045""]","[""C1"", 1000000, 0, 50000, [[400000, 700000]], 455509]"
syn_32_6_1_18,synthetic,32,6,1,0.08,equal_risk,True,10426828,0.064,,417300,,6958255579305713050,"[""m0@0.0020"", ""m1@0.0020"", ""m2@0.0020"", ""m3@0.0020"", ""m4@0.0020"", ""m5@0.0020"", ""m6@0.0020"", ""m7@0.0020"", ""m8@0.0020"", ""m9@0.0020"", ""m10@0.0020"", ""m11@0.0020"", ""m12@0.0020"", ""m13@0.0020"", ""m14@0.0020"", ""m15@0.0020"", ""m16@0.0020"", ""m17@0.0020"", ""m18@0.0020"", ""m19@0.0020"", ""m20@0.0020"", ""m21@0.0020"", ""m22@0.0020"", ""m23@0.0020"", ""m24@0.0020"", ""m25@0.0020"", ""m26@0.0020"", ""m27@0.0020"", ""m28@0.0020"", ""m29@0.0020"", ""m30@0.0020"", ""m31@0.0020""]","[""C1"", 1000000, 0, 50000, [[400000, 700000]], 455509]"
syn_32_6_1_18,synthetic,32,6,1,0.08,proportional_risk,True,10426828,0.064,,606500,,6958255579305713050,"[""m0@0.0020"", ""m1@0.0020"", ""m2@0.0020"", ""m3@0.0020"", ""m4@0.0020"", ""m5@0.0020"", ""m6@0.0020"", ""m7@0.0020"", ""m8@0.0020"", ""m9@0.0020"", ""m10@0.0020"", ""m11@0.0020"", ""m12@0.0020"", ""m13@0.0020"", ""m14@0.0020"", ""m15@0.0020"", ""m16@0.0020"", ""m17@0.0020"", ""m18@0.0020"", ""m19@0.0020"", ""m20@0.0020"", ""m21@0.0020"", ""m22@0.0020"", ""m23@0.0020"", ""m24@0.0020"", ""m25@0.0020"", ""m26@0.0020"", ""m27@0.0020"", ""m28@0.0020"", ""m29@0.0020"", ""m30@0.0020"", ""m31@0.0020""]","[""C1"", 1000000, 0, 50000, [[400000, 700000]], 455509]"
syn_32_6_1_18,synthetic,32,6,1,0.08,greedy_gate_catching,True,8563814,0.08,,24203800,,6958255579305713050,"[""m0@0.0020"", ""m1@0.0020"", ""m2@0.0020"", ""m3@0.0020"", ""m4@0.0020"", ""m5@0.0020"", ""m6@0.0020"", ""m7@0.0020"", ""m8@0.0020"", ""m9@0.0020"", ""m10@0.0020"", ""m11@0.0020"", ""m12@0.0020"", ""m13@0.0020"", ""m14@0.0020"", ""m15@0.0020"", ""m16@0.0020"", ""m17@0.0020"", ""m18@0.0040"", ""m19@0.0045"", ""m20@0.0020"", ""m21@0.0020"", ""m22@0.0030"", ""m23@0.0045"", ""m24@0.0020"", ""m25@0.0020"", ""m26@0.0040"", ""m27@0.0045"", ""m28@0.0020"", ""m29@0.0020"", ""m30@0.0030"", ""m31@0.0045""]","[""C1"", 1000000, 0, 50000, [[400000, 700000]], 455509]"
syn_32_6_1_19,synthetic,32,6,1,0.08,pareto_dp,True,7258283,0.08,353.0,22826800,,10350860511820559090,"[""m0@0.0020"", ""m1@0.0020"", ""m2@0.0020"", ""m3@0.0045"", ""m4@0.0020"", ""m5@0.0020"", ""m6@0.0020"", ""m7@0.0045"", ""m8@0.0020"", ""m9@0.0020"", ""m10@0.0020"", ""m11@0.0045"", ""m12@0.0020"", ""m13@0.0020"", ""m14@0.0020"", ""m15@0.0045"", ""m16@0.0020"", ""m17@0.0020"", ""m18@0.0020"", ""m19@0.0045"", ""m20@0.0020"", ""m21@0.0020"", ""m22@0.0020"", ""m23@0.0035"", ""m24@0.0020"", ""m25@0.0020"", ""m26@0.0020"", ""m27@0.0020"", ""m28@0.0020"", ""m29@0.0020"", ""m30@0.0020"", ""m31@0.0040""]","[""C1"", 1000000, 0, 50000, [[400000, 700000]], 455509]"
syn_32_6_1_19,synthetic,32,6,1,0.08,equal_risk,True,9857441,0.064,,410200,,10350860511820559090,"[""m0@0.0020"", ""m1@0.0020"", ""m2@0.0020"", ""m3@0.0020"", ""m4@0.0020"", ""m5@0.0020"", ""m6@0.0020"", ""m7@0.0020"", ""m8@0.0020"", ""m9@0.0020"", ""m10@0.0020"", ""m11@0.0020"", ""m12@0.0020"", ""m13@0.0020"", ""m14@0.0020"", ""m15@0.0020"", ""m16@0.0020"", ""m17@0.0020"", ""m18@0.0020"", ""m19@0.0020"", ""m20@0.0020"", ""m21@0.0020"", ""m22@0.0020"", ""m23@0.0020"", ""m24@0.0020"", ""m25@0.0020"", ""m26@0.0020"", ""m27@0.0020"", ""m28@0.0020"", ""m29@0.0020"", ""m30@0.0020"", ""m31@0.0020""]","[""C1"", 1000000, 0, 50000, [[400000, 700000]], 455509]"
syn_32_6_1_19,synthetic,32,6,1,0.08,proportional_risk,True,9857441,0.064,,599600,,10350860511820559090,"[""m0@0.0020"", ""m1@0.0020"", ""m2@0.0020"", ""m3@0.0020"", ""m4@0.0020"", ""m5@0.0020"", ""m6@0.0020"", ""m7@0.0020"", ""m8@0.0020"", ""m9@0.0020"", ""m10@0.0020"", ""m11@0.0020"", ""m12@0.0020"", ""m13@0.0020"", ""m14@0.0020"", ""m15@0.0020"", ""m16@0.0020"", ""m17@0.0020"", ""m18@0.0020"", ""m19@0.0020"", ""m20@0.0020"", ""m21@0.0020"", ""m22@0.0020"", ""m23@0.0020"", ""m24@0.0020"", ""m25@0.0020"", ""m26@0.0020"", ""m27@0.0020"", ""m28@0.0020"", ""m29@0.0020"", ""m30@0.0020"", ""m31@0.0020""]","[""C1"", 1000000, 0, 50000, [[400000, 700000]], 455509]"
syn_32_6_1_19,synthetic,32,6,1,0.08,greedy_gate_catching,True,8302108,0.08,,24566600,,10350860511820559090,"[""m0@0.0020"", ""m1@0.0020"", ""m2@0.0020"", ""m3@0.0020"", ""m4@0.0020"", ""m5@0.0020"", ""m6@0.0020"", ""m7@0.0020"", ""m8@0.0020"", ""m9@0.0020"", ""m10@0.0020"", ""m11@0.0020"", ""m12@0.0020"", ""m13@0.0020"", ""m14@0.0020"", ""m15@0.0020"", ""m16@0.0020"", ""m17@0.0020"", ""m18@0.0040"", ""m19@0.0045"", ""m20@0.0020"", ""m21@0.0020"", ""m22@0.0035"", ""m23@0.0045"", ""m24@0.0020"", ""m25@0.0020"", ""m26@0.0040"", ""m27@0.0045"", ""m28@0.0020"", ""m29@0.0030"", ""m30@0.0020"", ""m31@0.0040""]","[""C1"", 1000000, 0, 50000, [[400000, 700000]], 455509]"
syn_32_6_4_00,synthetic,32,6,4,0.08,pareto_dp,True,7177111,0.08,452.0,22473200,,13585041448260024221,"[""m0@0.0020"", ""m1@0.0020"", ""m2@0.0035"", ""m3@0.0040"", ""m4@0.0020"", ""m5@0.0020"", ""m6@0.0045"", ""m7@0.0030"", ""m8@0.0020"", ""m9@0.0020"", ""m10@0.0025"", ""m11@0.0045"", ""m12@0.0020"", ""m13@0.0020"", ""m14@0.0020"", ""m15@0.0025"", ""m16@0.0020"", ""m17@0.0020"", ""m18@0.0020"", ""m19@0.0020"", ""m20@0.0020"", ""m21@0.0020"", ""m22@0.0045"", ""m23@0.0020"", ""m24@0.0020"", ""m25@0.0020"", ""m26@0.0020"", ""m27@0.0045"", ""m28@0.0020"", ""m29@0.0020"", ""m30@0.0020"", ""m31@0.0025""]","[""C1"", 1000000, 0, 50000, [[400000, 700000]], 455509]"
syn_32_6_4_00,synthetic,32,6,4,0.08,equal_risk,True,10482214,0.064,,404200,,13585041448260024221,"[""m0@0.0020"", ""m1@0.0020"", ""m2@0.0020"", ""m3@0.0020"", ""m4@0.0020"", ""m5@0.0020"", ""m6@0.0020"", ""m7@0.0020"", ""m8@0.0020"", ""m9@0.0020"", ""m10@0.0020"", ""m11@0.0020"", ""m12@0.0020"", ""m13@0.0020"", ""m14@0.0020"", ""m15@0.0020"", ""m16@0.0020"", ""m17@0.0020"", ""m18@0.0020"", ""m19@0.0020"", ""m20@0.0020"", ""m21@0.0020"", ""m22@0.0020"", ""m23@0.0020"", ""m24@0.0020"", ""m25@0.0020"", ""m26@0.0020"", ""m27@0.0020"", ""m28@0.0020"", ""m29@0.0020"", ""m30@0.0020"", ""m31@0.0020""]","[""C1"", 1000000, 0, 50000, [[400000, 700000]], 455509]"
syn_32_6_4_00,synthetic,32,6,4,0.08,proportional_risk,True,10482214,0.064,,591100,,13585041448260024221,"[""m0@0.0020"", ""m1@0.0020"", ""m2@0.0020"", ""m3@0.0020"", ""m4@0.0020"", ""m5@0.0020"", ""m6@0.0020"", ""m7@0.0020"", ""m8@0.0020"", ""m9@0.0020"", ""m10@0.0020"", ""m11@0.0020"", ""m12@0.0020"", ""m13@0.0020"", ""m14@0.0020"", ""m15@0.0020"", ""m16@0.0020"", ""m17@0.0020"", ""m18@0.0020"", ""m19@0.0020"", ""m20@0.0020"", ""m21@0.0020"", ""m22@0.0020"", ""m23@0.0020"", ""m24@0.0020"", ""m25@0.0020"", ""m26@0.0020"", ""m27@0.0020"", ""m28@0.0020"", ""m29@0.0020"", ""m30@0.0020"", ""m31@0.0020""]","[""C1"", 1000000, 0, 50000, [[400000, 700000]], 455509]"
syn_32_6_4_00,synthetic,32,6,4,0.08,greedy_gate_catching,True,9330956,0.08,,26607100,,13585041448260024221,"[""m0@0.0020"", ""m1@0.0020"", ""m2@0.0020"", ""m3@0.0020"", ""m4@0.0020"", ""m5@0.0020"", ""m6@0.0020"", ""m7@0.0020"", ""m8@0.0020"", ""m9@0.0020"", ""m10@0.0020"", ""m11@0.0020"", ""m12@0.0020"", ""m13@0.0020"", ""m14@0.0020"", ""m15@0.0020"", ""m16@0.0020"", ""m17@0.0020"", ""m18@0.0020"", ""m19@0.0020"", ""m20@0.0020"", ""m21@0.0020"", ""m22@0.0020"", ""m23@0.0020"", ""m24@0.0020"", ""m25@0.0045"", ""m26@0.0045"", ""m27@0.0045"", ""m28@0.0030"", ""m29@0.0045"", ""m30@0.0045"", ""m31@0.0045""]","[""C1"", 1000000, 0, 50000, [[400000, 700000]], 455509]"
syn_32_6_4_01,synthetic,32,6,4,0.08,pareto_dp,True,6361577,0.08,211.0,9293800,,16960303900746031591,"[""m0@0.0020"", ""m1@0.0020"", ""m2@0.0020"", ""m3@0.0030"", ""m4@0.0020"", ""m5@0.0020"", ""m6@0.0020"", ""m7@0.0020"", ""m8@0.0020"", ""m9@0.0020"", ""m10@0.0020"", ""m11@0.0025"", ""m12@0.0020"", ""m13@0.0020"", ""m14@0.0020"", ""m15@0.0035"", ""m16@0.0020"", ""m17@0.0020"", ""m18@0.0045"", ""m19@0.0045"", ""m20@0.0020"", ""m21@0.0020"", ""m22@0.0020"", ""m23@0.0035"", ""m24@0.0020"", ""m25@0.0020"", ""m26@0.0020"", ""m27@0.0045"", ""m28@0.0020"", ""m29@0.0020"", ""m30@0.0035"", ""m31@0.0045""]","[""C1"", 1000000, 0, 50000, [[400000, 700000]], 455509]"
syn_32_6_4_01,synthetic,32,6,4,0.08,equal_risk,True,8393981,0.064,,414900,,16960303900746031591,"[""m0@0.0020"", ""m1@0.0020"", ""m2@0.0020"", ""m3@0.0020"", ""m4@0.0020"", ""m5@0.0020"", ""m6@0.0020"", ""m7@0.0020"", ""m8@0.0020"", ""m9@0.0020"", ""m10@0.0020"", ""m11@0.0020"", ""m12@0.0020"", ""m13@0.0020"", ""m14@0.0020"", ""m15@0.0020"", ""m16@0.0020"", ""m17@0.0020"", ""m18@0.0020"", ""m19@0.0020"", ""m20@0.0020"", ""m21@0.0020"", ""m22@0.0020"", ""m23@0.0020"", ""m24@0.0020"", ""m25@0.0020"", ""m26@0.0020"", ""m27@0.0020"", ""m28@0.0020"", ""m29@0.0020"", ""m30@0.0020"", ""m31@0.0020""]","[""C1"", 1000000, 0, 50000, [[400000, 700000]], 455509]"
syn_32_6_4_01,synthetic,32,6,4,0.08,proportional_risk,True,8393981,0.064,,586000,,16960303900746031591,"[""m0@0.0020"", ""m1@0.0020"", ""m2@0.0020"", ""m3@0.0020"", ""m4@0.0020"", ""m5@0.0020"", ""m6@0.0020"", ""m7@0.0020"", ""m8@0.0020"", ""m9@0.0020"", ""m10@0.0020"", ""m11@0.0020"", ""m12@0.0020"", ""m13@0.0020"", ""m14@0.0020"", ""m15@0.0020"", ""m16@0.0020"", ""m17@0.0020"", ""m18@0.0020"", ""m19@0.0020"", ""m20@0.0020"", ""m21@0.0020"", ""m22@0.0020"", ""m23@0.0020"", ""m24@0.0020"", ""m25@0.0020"", ""m26@0.0020"", ""m27@0.0020"", ""m28@0.0020"", ""m29@0.0020"", ""m30@0.0020"", ""m31@0.0020""]","[""C1"", 1000000, 0, 50000, [[400000, 700000]], 455509]"
syn_32_6_4_01,synthetic,32,6,4,0.08,greedy_gate_catching,True,7006040,0.08,,25741700,,16960303900746031591,"[""m0@0.0020"", ""m1@0.0020"", ""m2@0.0020"", ""m3@0.0020"", ""m4@0.0020"", ""m5@0.0020"", ""m6@0.0020"", ""m7@0.0020"", ""m8@0.0020"", ""m9@0.0020"", ""m10@0.0020"", ""m11@0.0020"", ""m12@0.0020"", ""m13@0.0020"", ""m14@0.0020"", ""m15@0.0020"", ""m16@0.0020"", ""m17@0.0020"", ""m18@0.0020"", ""m19@0.0030"", ""m20@0.0020"", ""m21@0.0020"", ""m22@0.0030"", ""m23@0.0035"", ""m24@0.0020"", ""m25@0.0035"", ""m26@0.0045"", ""m27@0.0035"", ""m28@0.0020"", ""m29@0.0040"", ""m30@0.0045"", ""m31@0.0045""]","[""C1"", 1000000, 0, 50000, [[400000, 700000]], 455509]"
syn_32_6_4_02,synthetic,32,6,4,0.08,pareto_dp,True,7360054,0.08,404.0,19786900,,17336539206398106509,"[""m0@0.0020"", ""m1@0.0020"", ""m2@0.0045"", ""m3@0.0045"", ""m4@0.0020"", ""m5@0.0020"", ""m6@0.0030"", ""m7@0.0035"", ""m8@0.0020"", ""m9@0.0020"", ""m10@0.0020"", ""m11@0.0020"", ""m12@0.0020"", ""m13@0.0020"", ""m14@0.0020"", ""m15@0.0045"", ""m16@0.0020"", ""m17@0.0020"", ""m18@0.0035"", ""m19@0.0020"", ""m20@0.0020"", ""m21@0.0020"", ""m22@0.0040"", ""m23@0.0045"", ""m24@0.0020"", ""m25@0.0020"", ""m26@0.0020"", ""m27@0.0020"", ""m28@0.0020"", ""m29@0.0020"", ""m30@0.0020"", ""m31@0.0020""]","[""C1"", 1000000, 0, 50000, [[400000, 700000]], 455509]"
syn_32_6_4_02,synthetic,32,6,4,0.08,equal_risk,True,10130376,0.064,,425400,,17336539206398106509,"[""m0@0.0020"", ""m1@0.0020"", ""m2@0.0020"", ""m3@0.0020"", ""m4@0.0020"", ""m5@0.0020"", ""m6@0.0020"", ""m7@0.0020"", ""m8@0.0020"", ""m9@0.0020"", ""m10@0.0020"", ""m11@0.0020"", ""m12@0.0020"", ""m13@0.0020"", ""m14@0.0020"", ""m15@0.0020"", ""m16@0.0020"", ""m17@0.0020"", ""m18@0.0020"", ""m19@0.0020"", ""m20@0.0020"", ""m21@0.0020"", ""m22@0.0020"", ""m23@0.0020"", ""m24@0.0020"", ""m25@0.0020"", ""m26@0.0020"", ""m27@0.0020"", ""m28@0.0020"", ""m29@0.0020"", ""m30@0.0020"", ""m31@0.0020""]","[""C1"", 1000000, 0, 50000, [[400000, 700000]], 455509]"
syn_32_6_4_02,synthetic,32,6,4,0.08,proportional_risk,True,10130376,0.064,,625800,,17336539206398106509,"[""m0@0.0020"", ""m1@0.0020"", ""m2@0.0020"", ""m3@0.0020"", ""m4@0.0020"", ""m5@0.0020"", ""m6@0.0020"", ""m7@0.0020"", ""m8@0.0020"", ""m9@0.0020"", ""m10@0.0020"", ""m11@0.0020"", ""m12@0.0020"", ""m13@0.0020"", ""m14@0.0020"", ""m15@0.0020"", ""m16@0.0020"", ""m17@0.0020"", ""m18@0.0020"", ""m19@0.0020"", ""m20@0.0020"", ""m21@0.0020"", ""m22@0.0020"", ""m23@0.0020"", ""m24@0.0020"", ""m25@0.0020"", ""m26@0.0020"", ""m27@0.0020"", ""m28@0.0020"", ""m29@0.0020"", ""m30@0.0020"", ""m31@0.0020""]","[""C1"", 1000000, 0, 50000, [[400000, 700000]], 455509]"
syn_32_6_4_02,synthetic,32,6,4,0.08,greedy_gate_catching,True,9271195,0.08,,25565000,,17336539206398106509,"[""m0@0.0020"", ""m1@0.0020"", ""m2@0.0020"", ""m3@0.0020"", ""m4@0.0020"", ""m5@0.0020"", ""m6@0.0020"", ""m7@0.0020"", ""m8@0.0020"", ""m9@0.0020"", ""m10@0.0020"", ""m11@0.0020"", ""m12@0.0020"", ""m13@0.0020"", ""m14@0.0020"", ""m15@0.0020"", ""m16@0.0020"", ""m17@0.0020"", ""m18@0.0020"", ""m19@0.0020"", ""m20@0.0020"", ""m21@0.0020"", ""m22@0.0020"", ""m23@0.0020"", ""m24@0.0020"", ""m25@0.0045"", ""m26@0.0045"", ""m27@0.0045"", ""m28@0.0035"", ""m29@0.0040"", ""m30@0.0045"", ""m31@0.0045""]","[""C1"", 1000000, 0, 50000, [[400000, 700000]], 455509]"
syn_32_6_4_03,synthetic,32,6,4,0.08,pareto_dp,True,6660323,0.08,368.0,15883200,,1094507652280684106,"[""m0@0.0020"", ""m1@0.0020"", ""m2@0.0020"", ""m3@0.0020"", ""m4@0.0020"", ""m5@0.0020"", ""m6@0.0020"", ""m7@0.0045"", ""m8@0.0020"", ""m9@0.0020"", ""m10@0.0035"", ""m11@0.0045"", ""m12@0.0020"", ""m13@0.0020"", ""m14@0.0035"", ""m15@0.0020"", ""m16@0.0020"", ""m17@0.0020"", ""m18@0.0030"", ""m19@0.0045"", ""m20@0.0020"", ""m21@0.0020"", ""m22@0.0040"", ""m23@0.0045"", ""m24@0.0020"", ""m25@0.0020"", ""m26@0.0020"", ""m27@0.0020"", ""m28@0.0020"", ""m29@0.0020"", ""m30@0.0020"", ""m31@0.0020""]","[""C1"", 1000000, 0, 50000, [[400000, 700000]], 455509]"
syn_32_6_4_03,synthetic,32,6,4,0.08,equal_risk,True,8455677,0.064,,405200,,1094507652280684106,"[""m0@0.0020"", ""m1@0.0020"", ""m2@0.0020"", ""m3@0.0020"", ""m4@0.0020"", ""m5@0.0020"", ""m6@0.0020"", ""m7@0.0020"", ""m8@0.0020"", ""m9@0.0020"", ""m10@0.0020"", ""m11@0.0020"", ""m12@0.0020"", ""m13@0.0020"", ""m14@0.0020"", ""m15@0.0020"", ""m16@0.0020"", ""m17@0.0020"", ""m18@0.0020"", ""m19@0.0020"", ""m20@0.0020"", ""m21@0.0020"", ""m22@0.0020"", ""m23@0.0020"", ""m24@0.0020"", ""m25@0.0020"", ""m26@0.0020"", ""m27@0.0020"", ""m28@0.0020"", ""m29@0.0020"", ""m30@0.0020"", ""m31@0.0020""]","[""C1"", 1000000, 0, 50000, [[400000, 700000]], 455509]"
syn_32_6_4_03,synthetic,32,6,4,0.08,proportional_risk,True,8455677,0.064,,602700,,1094507652280684106,"[""m0@0.0020"", ""m1@0.0020"", ""m2@0.0020"", ""m3@0.0020"", ""m4@0.0020"", ""m5@0.0020"", ""m6@0.0020"", ""m7@0.0020"", ""m8@0.0020"", ""m9@0.0020"", ""m10@0.0020"", ""m11@0.0020"", ""m12@0.0020"", ""m13@0.0020"", ""m14@0.0020"", ""m15@0.0020"", ""m16@0.0020"", ""m17@0.0020"", ""m18@0.0020"", ""m19@0.0020"", ""m20@0.0020"", ""m21@0.0020"", ""m22@0.0020"", ""m23@0.0020"", ""m24@0.0020"", ""m25@0.0020"", ""m26@0.0020"", ""m27@0.0020"", ""m28@0.0020"", ""m29@0.0020"", ""m30@0.0020"", ""m31@0.0020""]","[""C1"", 1000000, 0, 50000, [[400000, 700000]], 455509]"
syn_32_6_4_03,synthetic,32,6,4,0.08,greedy_gate_catching,True,7388710,0.08,,25499200,,1094507652280684106,"[""m0@0.0020"", ""m1@0.0020"", ""m2@0.0020"", ""m3@0.0020"", ""m4@0.0020"", ""m5@0.0020"", ""m6@0.0020"", ""m7@0.0020"", ""m8@0.0020"", ""m9@0.0020"", ""m10@0.0020"", ""m11@0.0020"", ""m12@0.0020"", ""m13@0.0020"", ""m14@0.0020"", ""m15@0.0020"", ""m16@0.0020"", ""m17@0.0020"", ""m18@0.0020"", ""m19@0.0025"", ""m20@0.0020"", ""m21@0.0020"", ""m22@0.0020"", ""m23@0.0020"", ""m24@0.0020"", ""m25@0.0045"", ""m26@0.0045"", ""m27@0.0045"", ""m28@0.0030"", ""m29@0.0040"", ""m30@0.0045"", ""m31@0.0045""]","[""C1"", 1000000, 0, 50000, [[400000, 700000]], 455509]"
syn_32_6_4_04,synthetic,32,6,4,0.08,pareto_dp,True,6877783,0.08,268.0,19290500,,831499904132008334,"[""m0@0.0020"", ""m1@0.0020"", ""m2@0.0020"", ""m3@0.0020"", ""m4@0.0020"", ""m5@0.0020"", ""m6@0.0020"", ""m7@0.0040"", ""m8@0.0020"", ""m9@0.0020"", ""m10@0.0025"", ""m11@0.0045"", ""m12@0.0020"", ""m13@0.0020"", ""m14@0.0020"", ""m15@0.0020"", ""m16@0.0020"", ""m17@0.0020"", ""m18@0.0020"", ""m19@0.0045"", ""m20@0.0020"", ""m21@0.0020"", ""m22@0.0025"", ""m23@0.0045"", ""m24@0.0020"", ""m25@0.0020"", ""m26@0.0035"", ""m27@0.0035"", ""m28@0.0020"", ""m29@0.0020"", ""m30@0.0020"", ""m31@0.0045""]","[""C1"", 1000000, 0, 50000, [[400000, 700000]], 455509]"
syn_32_6_4_04,synthetic,32,6,4,0.08,equal_risk,True,9356639,0.064,,406000,,831499904132008334,"[""m0@0.0020"", ""m1@0.0020"", ""m2@0.0020"", ""m3@0.0020"", ""m4@0.0020"", ""m5@0.0020"", ""m6@0.0020"", ""m7@0.0020"", ""m8@0.0020"", ""m9@0.0020"", ""m10@0.0020"", ""m11@0.0020"", ""m12@0.0020"", ""m13@0.0020"", ""m14@0.0020"", ""m15@0.0020"", ""m16@0.0020"", ""m17@0.0020"", ""m18@0.0020"", ""m19@0.0020"", ""m20@0.0020"", ""m21@0.0020"", ""m22@0.0020"", ""m23@0.0020"", ""m24@0.0020"", ""m25@0.0020"", ""m26@0.0020"", ""m27@0.0020"", ""m28@0.0020"", ""m29@0.0020"", ""m30@0.0020"", ""m31@0.0020""]","[""C1"", 1000000, 0, 50000, [[400000, 700000]], 455509]"
syn_32_6_4_04,synthetic,32,6,4,0.08,proportional_risk,True,9356639,0.064,,613900,,831499904132008334,"[""m0@0.0020"", ""m1@0.0020"", ""m2@0.0020"", ""m3@0.0020"", ""m4@0.0020"", ""m5@0.0020"", ""m6@0.0020"", ""m7@0.0020"", ""m8@0.0020"", ""m9@0.0020"", ""m10@0.0020"", ""m11@0.0020"", ""m12@0.0020"", ""m13@0.0020"", ""m14@0.0020"", ""m15@0.0020"", ""m16@0.0020"", ""m17@0.0020"", ""m18@0.0020"", ""m19@0.0020"", ""m20@0.0020"", ""m21@0.0020"", ""m22@0.0020"", ""m23@0.0020"", ""m24@0.0020"", ""m25@0.0020"", ""m26@0.0020"", ""m27@0.0020"", ""m28@0.0020"", ""m29@0.0020"", ""m30@0.0020"", ""m31@0.0020""]","[""C1"", 1000000, 0, 50000, [[400000, 700000]], 455509]"
syn_32_6_4_04,synthetic,32,6,4,0.08,greedy_gate_catching,True,8360191,0.08,,34040600,,831499904132008334,"[""m0@0.0020"", ""m1@0.0020"", ""m2@0.0020"", ""m3@0.0020"", ""m4@0.0020"", ""m5@0.0020"", ""m6@0.0020"", ""m7@0.0020"", ""m8@0.0020"", ""m9@0.0020"", ""m10@0.0020"", ""m11@0.0020"", ""m12@0.0020"", ""m13@0.0020"", ""m14@0.0020"", ""m15@0.0020"", ""m16@0.0020"", ""m17@0.0020"", ""m18@0.0020"", ""m19@0.0020"", ""m20@0.0020"", ""m21@0.0020"", ""m22@0.0020"", ""m23@0.0020"", ""m24@0.0020"", ""m25@0.0045"", ""m26@0.0045"", ""m27@0.0045"", ""m28@0.0030"", ""m29@0.0045"", ""m30@0.0045"", ""m31@0.0045""]","[""C1"", 1000000, 0, 50000, [[400000, 700000]], 455509]"
syn_32_6_4_05,synthetic,32,6,4,0.08,pareto_dp,True,7444662,0.08,211.0,19158700,,14329104736375288604,"[""m0@0.0020"", ""m1@0.0020"", ""m2@0.0020"", ""m3@0.0020"", ""m4@0.0020"", ""m5@0.0020"", ""m6@0.0035"", ""m7@0.0045"", ""m8@0.0020"", ""m9@0.0020"", ""m10@0.0025"", ""m11@0.0045"", ""m12@0.0020"", ""m13@0.0020"", ""m14@0.0020"", ""m15@0.0035"", ""m16@0.0020"", ""m17@0.0020"", ""m18@0.0020"", ""m19@0.0030"", ""m20@0.0020"", ""m21@0.0020"", ""m22@0.0020"", ""m23@0.0045"", ""m24@0.0020"", ""m25@0.0020"", ""m26@0.0020"", ""m27@0.0045"", ""m28@0.0020"", ""m29@0.0020"", ""m30@0.0020"", ""m31@0.0035""]","[""C1"", 1000000, 0, 50000, [[400000, 700000]], 455509]"
syn_32_6_4_05,synthetic,32,6,4,0.08,equal_risk,True,9731724,0.064,,980400,,14329104736375288604,"[""m0@0.0020"", ""m1@0.0020"", ""m2@0.0020"", ""m3@0.0020"", ""m4@0.0020"", ""m5@0.0020"", ""m6@0.0020"", ""m7@0.0020"", ""m8@0.0020"", ""m9@0.0020"", ""m10@0.0020"", ""m11@0.0020"", ""m12@0.0020"", ""m13@0.0020"", ""m14@0.0020"", ""m15@0.0020"", ""m16@0.0020"", ""m17@0.0020"", ""m18@0.0020"", ""m19@0.0020"", ""m20@0.0020"", ""m21@0.0020"", ""m22@0.0020"", ""m23@0.0020"", ""m24@0.0020"", ""m25@0.0020"", ""m26@0.0020"", ""m27@0.0020"", ""m28@0.0020"", ""m29@0.0020"", ""m30@0.0020"", ""m31@0.0020""]","[""C1"", 1000000, 0, 50000, [[400000, 700000]], 455509]"
syn_32_6_4_05,synthetic,32,6,4,0.08,proportional_risk,True,9731724,0.064,,1475500,,14329104736375288604,"[""m0@0.0020"", ""m1@0.0020"", ""m2@0.0020"", ""m3@0.0020"", ""m4@0.0020"", ""m5@0.0020"", ""m6@0.0020"", ""m7@0.0020"", ""m8@0.0020"", ""m9@0.0020"", ""m10@0.0020"", ""m11@0.0020"", ""m12@0.0020"", ""m13@0.0020"", ""m14@0.0020"", ""m15@0.0020"", ""m16@0.0020"", ""m17@0.0020"", ""m18@0.0020"", ""m19@0.0020"", ""m20@0.0020"", ""m21@0.0020"", ""m22@0.0020"", ""m23@0.0020"", ""m24@0.0020"", ""m25@0.0020"", ""m26@0.0020"", ""m27@0.0020"", ""m28@0.0020"", ""m29@0.0020"", ""m30@0.0020"", ""m31@0.0020""]","[""C1"", 1000000, 0, 50000, [[400000, 700000]], 455509]"
syn_32_6_4_05,synthetic,32,6,4,0.08,greedy_gate_catching,True,8563059,0.08,,60930500,,14329104736375288604,"[""m0@0.0020"", ""m1@0.0020"", ""m2@0.0020"", ""m3@0.0020"", ""m4@0.0020"", ""m5@0.0020"", ""m6@0.0020"", ""m7@0.0020"", ""m8@0.0020"", ""m9@0.0020"", ""m10@0.0020"", ""m11@0.0020"", ""m12@0.0020"", ""m13@0.0020"", ""m14@0.0020"", ""m15@0.0020"", ""m16@0.0020"", ""m17@0.0020"", ""m18@0.0020"", ""m19@0.0020"", ""m20@0.0020"", ""m21@0.0020"", ""m22@0.0020"", ""m23@0.0020"", ""m24@0.0020"", ""m25@0.0040"", ""m26@0.0045"", ""m27@0.0045"", ""m28@0.0035"", ""m29@0.0045"", ""m30@0.0045"", ""m31@0.0045""]","[""C1"", 1000000, 0, 50000, [[400000, 700000]], 455509]"
syn_32_6_4_06,synthetic,32,6,4,0.08,pareto_dp,True,7188968,0.08,253.0,24871700,,16325735806515522443,"[""m0@0.0020"", ""m1@0.0020"", ""m2@0.0020"", ""m3@0.0020"", ""m4@0.0020"", ""m5@0.0020"", ""m6@0.0020"", ""m7@0.0020"", ""m8@0.0020"", ""m9@0.0020"", ""m10@0.0030"", ""m11@0.0045"", ""m12@0.0020"", ""m13@0.0020"", ""m14@0.0020"", ""m15@0.0020"", ""m16@0.0020"", ""m17@0.0020"", ""m18@0.0020"", ""m19@0.0045"", ""m20@0.0020"", ""m21@0.0020"", ""m22@0.0020"", ""m23@0.0045"", ""m24@0.0020"", ""m25@0.0025"", ""m26@0.0020"", ""m27@0.0040"", ""m28@0.0020"", ""m29@0.0025"", ""m30@0.0040"", ""m31@0.0045""]","[""C1"", 1000000, 0, 50000, [[400000, 700000]], 455509]"
syn_32_6_4_06,synthetic,32,6,4,0.08,equal_risk,True,10101381,0.064,,920600,,16325735806515522443,"[""m0@0.0020"", ""m1@0.0020"", ""m2@0.0020"", ""m3@0.0020"", ""m4@0.0020"", ""m5@0.0020"", ""m6@0.0020"", ""m7@0.0020"", ""m8@0.0020"", ""m9@0.0020"", ""m10@0.0020"", ""m11@0.0020"", ""m12@0.0020"", ""m13@0.0020"", ""m14@0.0020"", ""m15@0.0020"", ""m16@0.0020"", ""m17@0.0020"", ""m18@0.0020"", ""m19@0.0020"", ""m20@0.0020"", ""m21@0.0020"", ""m22@0.0020"", ""m23@0.0020"", ""m24@0.0020"", ""m25@0.0020"", ""m26@0.0020"", ""m27@0.0020"", ""m28@0.0020"", ""m29@0.0020"", ""m30@0.0020"", ""m31@0.0020""]","[""C1"", 1000000, 0, 50000, [[400000, 700000]], 455509]"
syn_32_6_4_06,synthetic,32,6,4,0.08,proportional_risk,True,10101381,0.064,,1377100,,16325735806515522443,"[""m0@0.0020"", ""m1@0.0020"", ""m2@0.0020"", ""m3@0.0020"", ""m4@0.0020"", ""m5@0.0020"", ""m6@0.0020"", ""m7@0.0020"", ""m8@0.0020"", ""m9@0.0020"", ""m10@0.0020"", ""m11@0.0020"", ""m12@0.0020"", ""m13@0.0020"", ""m14@0.0020"", ""m15@0.0020"", ""m16@0.0020"", ""m17@0.0020"", ""m18@0.0020"", ""m19@0.0020"", ""m20@0.0020"", ""m21@0.0020"", ""m22@0.0020"", ""m23@0.0020"", ""m24@0.0020"", ""m25@0.0020"", ""m26@0.0020"", ""m27@0.0020"", ""m28@0.0020"", ""m29@0.0020"", ""m30@0.0020"", ""m31@0.0020""]","[""C1"", 1000000, 0, 50000, [[400000, 700000]], 455509]"
syn_32_6_4_06,synthetic,32,6,4,0.08,greedy_gate_catching,True,8835865,0.08,,58884800,,16325735806515522443,"[""m0@0.0020"", ""m1@0.0020"", ""m2@0.0020"", ""m3@0.0020"", ""m4@0.0020"", ""m5@0.0020"", ""m6@0.0020"", ""m7@0.0020"", ""m8@0.0020"", ""m9@0.0020"", ""m10@0.0020"", ""m11@0.0020"", ""m12@0.0020"", ""m13@0.0020"", ""m14@0.0020"", ""m15@0.0020"", ""m16@0.0020"", ""m17@0.0020"", ""m18@0.0020"", ""m19@0.0020"", ""m20@0.0020"", ""m21@0.0020"", ""m22@0.0020"", ""m23@0.0020"", ""m24@0.0020"", ""m25@0.0045"", ""m26@0.0045"", ""m27@0.0045"", ""m28@0.0035"", ""m29@0.0045"", ""m30@0.0040"", ""m31@0.0045""]","[""C1"", 1000000, 0, 50000, [[400000, 700000]], 455509]"
syn_32_6_4_07,synthetic,32,6,4,0.08,pareto_dp,True,6920776,0.08,264.0,20510800,,9809004843274741209,"[""m0@0.0020"", ""m1@0.0020"", ""m2@0.0020"", ""m3@0.0030"", ""m4@0.0020"", ""m5@0.0020"", ""m6@0.0020"", ""m7@0.0045"", ""m8@0.0020"", ""m9@0.0020"", ""m10@0.0020"", ""m11@0.0020"", ""m12@0.0020"", ""m13@0.0020"", ""m14@0.0020"", ""m15@0.0020"", ""m16@0.0020"", ""m17@0.0020"", ""m18@0.0020"", ""m19@0.0045"", ""m20@0.0020"", ""m21@0.0020"", ""m22@0.0025"", ""m23@0.0040"", ""m24@0.0020"", ""m25@0.0020"", ""m26@0.0020"", ""m27@0.0045"", ""m28@0.0020"", ""m29@0.0020"", ""m30@0.0045"", ""m31@0.0045""]","[""C1"", 1000000, 0, 50000, [[400000, 700000]], 455509]"
syn_32_6_4_07,synthetic,32,6,4,0.08,equal_risk,True,9643190,0.064,,1039700,,9809004843274741209,"[""m0@0.0020"", ""m1@0.0020"", ""m2@0.0020"", ""m3@0.0020"", ""m4@0.0020"", ""m5@0.0020"", ""m6@0.0020"", ""m7@0.0020"", ""m8@0.0020"", ""m9@0.0020"", ""m10@0.0020"", ""m11@0.0020"", ""m12@0.0020"", ""m13@0.0020"", ""m14@0.0020"", ""m15@0.0020"", ""m16@0.0020"", ""m17@0.0020"", ""m18@0.0020"", ""m19@0.0020"", ""m20@0.0020"", ""m21@0.0020"", ""m22@0.0020"", ""m23@0.0020"", ""m24@0.0020"", ""m25@0.0020"", ""m26@0.0020"", ""m27@0.0020"", ""m28@0.0020"", ""m29@0.0020"", ""m30@0.0020"", ""m31@0.0020""]","[""C1"", 1000000, 0, 50000, [[400000, 700000]], 455509]"
syn_32_6_4_07,synthetic,32,6,4,0.08,proportional_risk,True,9643190,0.064,,1478900,,9809004843274741209,"[""m0@0.0020"", ""m1@0.0020"", ""m2@0.0020"", ""m3@0.0020"", ""m4@0.0020"", ""m5@0.0020"", ""m6@0.0020"", ""m7@0.0020"", ""m8@0.0020"", ""m9@0.0020"", ""m10@0.0020"", ""m11@0.0020"", ""m12@0.0020"", ""m13@0.0020"", ""m14@0.0020"", ""m15@0.0020"", ""m16@0.0020"", ""m17@0.0020"", ""m18@0.0020"", ""m19@0.0020"", ""m20@0.0020"", ""m21@0.0020"", ""m22@0.0020"", ""m23@0.0020"", ""m24@0.0020"", ""m25@0.0020"", ""m26@0.0020"", ""m27@0.0020"", ""m28@0.0020"", ""m29@0.0020"", ""m30@0.0020"", ""m31@0.0020""]","[""C1"", 1000000, 0, 50000, [[400000, 700000]], 455509]"
syn_32_6_4_07,synthetic,32,6,4,0.08,greedy_gate_catching,True,8491055,0.08,,61899500,,9809004843274741209,"[""m0@0.0020"", ""m1@0.0020"", ""m2@0.0020"", ""m3@0.0020"", ""m4@0.0020"", ""m5@0.0020"", ""m6@0.0020"", ""m7@0.0020"", ""m8@0.0020"", ""m9@0.0020"", ""m10@0.0020"", ""m11@0.0020"", ""m12@0.0020"", ""m13@0.0020"", ""m14@0.0020"", ""m15@0.0020"", ""m16@0.0020"", ""m17@0.0020"", ""m18@0.0020"", ""m19@0.0020"", ""m20@0.0020"", ""m21@0.0020"", ""m22@0.0020"", ""m23@0.0020"", ""m24@0.0020"", ""m25@0.0035"", ""m26@0.0045"", ""m27@0.0045"", ""m28@0.0040"", ""m29@0.0045"", ""m30@0.0045"", ""m31@0.0045""]","[""C1"", 1000000, 0, 50000, [[400000, 700000]], 455509]"
syn_32_6_4_08,synthetic,32,6,4,0.08,pareto_dp,True,6597367,0.08,172.0,16385500,,344674840442930534,"[""m0@0.0020"", ""m1@0.0020"", ""m2@0.0020"", ""m3@0.0030"", ""m4@0.0020"", ""m5@0.0020"", ""m6@0.0020"", ""m7@0.0020"", ""m8@0.0020"", ""m9@0.0020"", ""m10@0.0035"", ""m11@0.0040"", ""m12@0.0020"", ""m13@0.0020"", ""m14@0.0020"", ""m15@0.0020"", ""m16@0.0020"", ""m17@0.0020"", ""m18@0.0020"", ""m19@0.0030"", ""m20@0.0020"", ""m21@0.0020"", ""m22@0.0020"", ""m23@0.0040"", ""m24@0.0020"", ""m25@0.0020"", ""m26@0.0040"", ""m27@0.0045"", ""m28@0.0020"", ""m29@0.0020"", ""m30@0.0045"", ""m31@0.0035""]","[""C1"", 1000000, 0, 50000, [[400000, 700000]], 455509]"
syn_32_6_4_08,synthetic,32,6,4,0.08,equal_risk,True,9194743,0.064,,988000,,344674840442930534,"[""m0@0.0020"", ""m1@0.0020"", ""m2@0.0020"", ""m3@0.0020"", ""m4@0.0020"", ""m5@0.0020"", ""m6@0.0020"", ""m7@0.0020"", ""m8@0.0020"", ""m9@0.0020"", ""m10@0.0020"", ""m11@0.0020"", ""m12@0.0020"", ""m13@0.0020"", ""m14@0.0020"", ""m15@0.0020"", ""m16@0.0020"", ""m17@0.0020"", ""m18@0.0020"", ""m19@0.0020"", ""m20@0.0020"", ""m21@0.0020"", ""m22@0.0020"", ""m23@0.0020"", ""m24@0.0020"", ""m25@0.0020"", ""m26@0.0020"", ""m27@0.0020"", ""m28@0.0020"", ""m29@0.0020"", ""m30@0.0020"", ""m31@0.0020""]","[""C1"", 1000000, 0, 50000, [[400000, 700000]], 455509]"
syn_32_6_4_08,synthetic,32,6,4,0.08,proportional_risk,True,9194743,0.064,,1576100,,344674840442930534,"[""m0@0.0020"", ""m1@0.0020"", ""m2@0.0020"", ""m3@0.0020"", ""m4@0.0020"", ""m5@0.0020"", ""m6@0.0020"", ""m7@0.0020"", ""m8@0.0020"", ""m9@0.0020"", ""m10@0.0020"", ""m11@0.0020"", ""m12@0.0020"", ""m13@0.0020"", ""m14@0.0020"", ""m15@0.0020"", ""m16@0.0020"", ""m17@0.0020"", ""m18@0.0020"", ""m19@0.0020"", ""m20@0.0020"", ""m21@0.0020"", ""m22@0.0020"", ""m23@0.0020"", ""m24@0.0020"", ""m25@0.0020"", ""m26@0.0020"", ""m27@0.0020"", ""m28@0.0020"", ""m29@0.0020"", ""m30@0.0020"", ""m31@0.0020""]","[""C1"", 1000000, 0, 50000, [[400000, 700000]], 455509]"
syn_32_6_4_08,synthetic,32,6,4,0.08,greedy_gate_catching,True,7430812,0.08,,62291700,,344674840442930534,"[""m0@0.0020"", ""m1@0.0020"", ""m2@0.0020"", ""m3@0.0020"", ""m4@0.0020"", ""m5@0.0020"", ""m6@0.0020"", ""m7@0.0020"", ""m8@0.0020"", ""m9@0.0020"", ""m10@0.0020"", ""m11@0.0020"", ""m12@0.0020"", ""m13@0.0020"", ""m14@0.0020"", ""m15@0.0020"", ""m16@0.0020"", ""m17@0.0020"", ""m18@0.0020"", ""m19@0.0030"", ""m20@0.0020"", ""m21@0.0020"", ""m22@0.0020"", ""m23@0.0030"", ""m24@0.0020"", ""m25@0.0040"", ""m26@0.0045"", ""m27@0.0045"", ""m28@0.0030"", ""m29@0.0035"", ""m30@0.0045"", ""m31@0.0040""]","[""C1"", 1000000, 0, 50000, [[400000, 700000]], 455509]"
syn_32_6_4_09,synthetic,32,6,4,0.08,pareto_dp,True,7932651,0.08,231.0,27814100,,10278469630338048163,"[""m0@0.0020"", ""m1@0.0020"", ""m2@0.0025"", ""m3@0.0045"", ""m4@0.0020"", ""m5@0.0020"", ""m6@0.0030"", ""m7@0.0045"", ""m8@0.0020"", ""m9@0.0020"", ""m10@0.0020"", ""m11@0.0030"", ""m12@0.0020"", ""m13@0.0020"", ""m14@0.0020"", ""m15@0.0035"", ""m16@0.0020"", ""m17@0.0020"", ""m18@0.0020"", ""m19@0.0020"", ""m20@0.0020"", ""m21@0.0020"", ""m22@0.0020"", ""m23@0.0030"", ""m24@0.0020"", ""m25@0.0020"", ""m26@0.0045"", ""m27@0.0040"", ""m28@0.0020"", ""m29@0.0020"", ""m30@0.0020"", ""m31@0.0035""]","[""C1"", 1000000, 0, 50000, [[400000, 700000]], 455509]"
syn_32_6_4_09,synthetic,32,6,4,0.08,equal_risk,True,11508242,0.064,,949400,,10278469630338048163,"[""m0@0.0020"", ""m1@0.0020"", ""m2@0.0020"", ""m3@0.0020"", ""m4@0.0020"", ""m5@0.0020"", ""m6@0.0020"", ""m7@0.0020"", ""m8@0.0020"", ""m9@0.0020"", ""m10@0.0020"", ""m11@0.0020"", ""m12@0.0020"", ""m13@0.0020"", ""m14@0.0020"", ""m15@0.0020"", ""m16@0.0020"", ""m17@0.0020"", ""m18@0.0020"", ""m19@0.0020"", ""m20@0.0020"", ""m21@0.0020"", ""m22@0.0020"", ""m23@0.0020"", ""m24@0.0020"", ""m25@0.0020"", ""m26@0.0020"", ""m27@0.0020"", ""m28@0.0020"", ""m29@0.0020"", ""m30@0.0020"", ""m31@0.0020""]","[""C1"", 1000000, 0, 50000, [[400000, 700000]], 455509]"
syn_32_6_4_09,synthetic,32,6,4,0.08,proportional_risk,True,11508242,0.064,,1467600,,10278469630338048163,"[""m0@0.0020"", ""m1@0.0020"", ""m2@0.0020"", ""m3@0.0020"", ""m4@0.0020"", ""m5@0.0020"", ""m6@0.0020"", ""m7@0.0020"", ""m8@0.0020"", ""m9@0.0020"", ""m10@0.0020"", ""m11@0.0020"", ""m12@0.0020"", ""m13@0.0020"", ""m14@0.0020"", ""m15@0.0020"", ""m16@0.0020"", ""m17@0.0020"", ""m18@0.0020"", ""m19@0.0020"", ""m20@0.0020"", ""m21@0.0020"", ""m22@0.0020"", ""m23@0.0020"", ""m24@0.0020"", ""m25@0.0020"", ""m26@0.0020"", ""m27@0.0020"", ""m28@0.0020"", ""m29@0.0020"", ""m30@0.0020"", ""m31@0.0020""]","[""C1"", 1000000, 0, 50000, [[400000, 700000]], 455509]"
syn_32_6_4_09,synthetic,32,6,4,0.08,greedy_gate_catching,True,10465369,0.08,,61341100,,10278469630338048163,"[""m0@0.0020"", ""m1@0.0020"", ""m2@0.0020"", ""m3@0.0020"", ""m4@0.0020"", ""m5@0.0020"", ""m6@0.0020"", ""m7@0.0020"", ""m8@0.0020"", ""m9@0.0020"", ""m10@0.0020"", ""m11@0.0020"", ""m12@0.0020"", ""m13@0.0020"", ""m14@0.0020"", ""m15@0.0020"", ""m16@0.0020"", ""m17@0.0020"", ""m18@0.0020"", ""m19@0.0020"", ""m20@0.0020"", ""m21@0.0020"", ""m22@0.0020"", ""m23@0.0020"", ""m24@0.0020"", ""m25@0.0045"", ""m26@0.0045"", ""m27@0.0045"", ""m28@0.0030"", ""m29@0.0045"", ""m30@0.0045"", ""m31@0.0045""]","[""C1"", 1000000, 0, 50000, [[400000, 700000]], 455509]"
syn_32_6_4_10,synthetic,32,6,4,0.08,pareto_dp,True,6827958,0.08,197.0,20396000,,15284088492351597548,"[""m0@0.0020"", ""m1@0.0020"", ""m2@0.0020"", ""m3@0.0025"", ""m4@0.0020"", ""m5@0.0020"", ""m6@0.0020"", ""m7@0.0020"", ""m8@0.0020"", ""m9@0.0020"", ""m10@0.0025"", ""m11@0.0045"", ""m12@0.0020"", ""m13@0.0020"", ""m14@0.0020"", ""m15@0.0020"", ""m16@0.0020"", ""m17@0.0020"", ""m18@0.0020"", ""m19@0.0045"", ""m20@0.0020"", ""m21@0.0020"", ""m22@0.0020"", ""m23@0.0045"", ""m24@0.0020"", ""m25@0.0020"", ""m26@0.0020"", ""m27@0.0045"", ""m28@0.0020"", ""m29@0.0020"", ""m30@0.0045"", ""m31@0.0045""]","[""C1"", 1000000, 0, 50000, [[400000, 700000]], 455509]"
syn_32_6_4_10,synthetic,32,6,4,0.08,equal_risk,True,9824179,0.064,,972100,,15284088492351597548,"[""m0@0.0020"", ""m1@0.0020"", ""m2@0.0020"", ""m3@0.0020"", ""m4@0.0020"", ""m5@0.0020"", ""m6@0.0020"", ""m7@0.0020"", ""m8@0.0020"", ""m9@0.0020"", ""m10@0.0020"", ""m11@0.0020"", ""m12@0.0020"", ""m13@0.0020"", ""m14@0.0020"", ""m15@0.0020"", ""m16@0.0020"", ""m17@0.0020"", ""m18@0.0020"", ""m19@0.0020"", ""m20@0.0020"", ""m21@0.0020"", ""m22@0.0020"", ""m23@0.0020"", ""m24@0.0020"", ""m25@0.0020"", ""m26@0.0020"", ""m27@0.0020"", ""m28@0.0020"", ""m29@0.0020"", ""m30@0.0020"", ""m31@0.0020""]","[""C1"", 1000000, 0, 50000, [[400000, 700000]], 455509]"
syn_32_6_4_10,synthetic,32,6,4,0.08,proportional_risk,True,9824179,0.064,,1443700,,15284088492351597548,"[""m0@0.0020"", ""m1@0.0020"", ""m2@0.0020"", ""m3@0.0020"", ""m4@0.0020"", ""m5@0.0020"", ""m6@0.0020"", ""m7@0.0020"", ""m8@0.0020"", ""m9@0.0020"", ""m10@0.0020"", ""m11@0.0020"", ""m12@0.0020"", ""m13@0.0020"", ""m14@0.0020"", ""m15@0.0020"", ""m16@0.0020"", ""m17@0.0020"", ""m18@0.0020"", ""m19@0.0020"", ""m20@0.0020"", ""m21@0.0020"", ""m22@0.0020"", ""m23@0.0020"", ""m24@0.0020"", ""m25@0.0020"", ""m26@0.0020"", ""m27@0.0020"", ""m28@0.0020"", ""m29@0.0020"", ""m30@0.0020"", ""m31@0.0020""]","[""C1"", 1000000, 0, 50000, [[400000, 700000]], 455509]"
syn_32_6_4_10,synthetic,32,6,4,0.08,greedy_gate_catching,True,8558445,0.08,,60361200,,15284088492351597548,"[""m0@0.0020"", ""m1@0.0020"", ""m2@0.0020"", ""m3@0.0020"", ""m4@0.0020"", ""m5@0.0020"", ""m6@0.0020"", ""m7@0.0020"", ""m8@0.0020"", ""m9@0.0020"", ""m10@0.0020"", ""m11@0.0020"", ""m12@0.0020"", ""m13@0.0020"", ""m14@0.0020"", ""m15@0.0020"", ""m16@0.0020"", ""m17@0.0020"", ""m18@0.0020"", ""m19@0.0020"", ""m20@0.0020"", ""m21@0.0020"", ""m22@0.0020"", ""m23@0.0020"", ""m24@0.0020"", ""m25@0.0030"", ""m26@0.0045"", ""m27@0.0045"", ""m28@0.0045"", ""m29@0.0045"", ""m30@0.0045"", ""m31@0.0045""]","[""C1"", 1000000, 0, 50000, [[400000, 700000]], 455509]"
syn_32_6_4_11,synthetic,32,6,4,0.08,pareto_dp,True,7228870,0.08,329.0,32819600,,15792723620905706364,"[""m0@0.0020"", ""m1@0.0020"", ""m2@0.0020"", ""m3@0.0045"", ""m4@0.0020"", ""m5@0.0020"", ""m6@0.0020"", ""m7@0.0040"", ""m8@0.0020"", ""m9@0.0020"", ""m10@0.0020"", ""m11@0.0025"", ""m12@0.0020"", ""m13@0.0020"", ""m14@0.0045"", ""m15@0.0045"", ""m16@0.0020"", ""m17@0.0020"", ""m18@0.0030"", ""m19@0.0045"", ""m20@0.0020"", ""m21@0.0020"", ""m22@0.0020"", ""m23@0.0045"", ""m24@0.0020"", ""m25@0.0020"", ""m26@0.0020"", ""m27@0.0020"", ""m28@0.0020"", ""m29@0.0020"", ""m30@0.0020"", ""m31@0.0020""]","[""C1"", 1000000, 0, 50000, [[400000, 700000]], 455509]"
syn_32_6_4_11,synthetic,32,6,4,0.08,equal_risk,True,10996287,0.064,,1015300,,15792723620905706364,"[""m0@0.0020"", ""m1@0.0020"", ""m2@0.0020"", ""m3@0.0020"", ""m4@0.0020"", ""m5@0.0020"", ""m6@0.0020"", ""m7@0.0020"", ""m8@0.0020"", ""m9@0.0020"", ""m10@0.0020"", ""m11@0.0020"", ""m12@0.0020"", ""m13@0.0020"", ""m14@0.0020"", ""m15@0.0020"", ""m16@0.0020"", ""m17@0.0020"", ""m18@0.0020"", ""m19@0.0020"", ""m20@0.0020"", ""m21@0.0020"", ""m22@0.0020"", ""m23@0.0020"", ""m24@0.0020"", ""m25@0.0020"", ""m26@0.0020"", ""m27@0.0020"", ""m28@0.0020"", ""m29@0.0020"", ""m30@0.0020"", ""m31@0.0020""]","[""C1"", 1000000, 0, 50000, [[400000, 700000]], 455509]"
syn_32_6_4_11,synthetic,32,6,4,0.08,proportional_risk,True,10996287,0.064,,1471500,,15792723620905706364,"[""m0@0.0020"", ""m1@0.0020"", ""m2@0.0020"", ""m3@0.0020"", ""m4@0.0020"", ""m5@0.0020"", ""m6@0.0020"", ""m7@0.0020"", ""m8@0.0020"", ""m9@0.0020"", ""m10@0.0020"", ""m11@0.0020"", ""m12@0.0020"", ""m13@0.0020"", ""m14@0.0020"", ""m15@0.0020"", ""m16@0.0020"", ""m17@0.0020"", ""m18@0.0020"", ""m19@0.0020"", ""m20@0.0020"", ""m21@0.0020"", ""m22@0.0020"", ""m23@0.0020"", ""m24@0.0020"", ""m25@0.0020"", ""m26@0.0020"", ""m27@0.0020"", ""m28@0.0020"", ""m29@0.0020"", ""m30@0.0020"", ""m31@0.0020""]","[""C1"", 1000000, 0, 50000, [[400000, 700000]], 455509]"
syn_32_6_4_11,synthetic,32,6,4,0.08,greedy_gate_catching,True,9192394,0.08,,60306000,,15792723620905706364,"[""m0@0.0020"", ""m1@0.0020"", ""m2@0.0020"", ""m3@0.0020"", ""m4@0.0020"", ""m5@0.0020"", ""m6@0.0020"", ""m7@0.0025"", ""m8@0.0020"", ""m9@0.0020"", ""m10@0.0020"", ""m11@0.0020"", ""m12@0.0020"", ""m13@0.0020"", ""m14@0.0020"", ""m15@0.0020"", ""m16@0.0020"", ""m17@0.0020"", ""m18@0.0020"", ""m19@0.0020"", ""m20@0.0020"", ""m21@0.0020"", ""m22@0.0020"", ""m23@0.0020"", ""m24@0.0020"", ""m25@0.0045"", ""m26@0.0045"", ""m27@0.0045"", ""m28@0.0045"", ""m29@0.0030"", ""m30@0.0040"", ""m31@0.0045""]","[""C1"", 1000000, 0, 50000, [[400000, 700000]], 455509]"
syn_32_6_4_12,synthetic,32,6,4,0.08,pareto_dp,True,6992662,0.08,306.0,26012500,,14706084170184645306,"[""m0@0.0020"", ""m1@0.0020"", ""m2@0.0020"", ""m3@0.0040"", ""m4@0.0020"", ""m5@0.0020"", ""m6@0.0020"", ""m7@0.0045"", ""m8@0.0020"", ""m9@0.0020"", ""m10@0.0020"", ""m11@0.0045"", ""m12@0.0020"", ""m13@0.0020"", ""m14@0.0020"", ""m15@0.0020"", ""m16@0.0020"", ""m17@0.0020"", ""m18@0.0020"", ""m19@0.0045"", ""m20@0.0020"", ""m21@0.0020"", ""m22@0.0040"", ""m23@0.0025"", ""m24@0.0020"", ""m25@0.0020"", ""m26@0.0045"", ""m27@0.0035"", ""m28@0.0020"", ""m29@0.0020"", ""m30@0.0020"", ""m31@0.0020""]","[""C1"", 1000000, 0, 50000, [[400000, 700000]], 455509]"
syn_32_6_4_12,synthetic,32,6,4,0.08,equal_risk,True,10092464,0.064,,978800,,14706084170184645306,"[""m0@0.0020"", ""m1@0.0020"", ""m2@0.0020"", ""m3@0.0020"", ""m4@0.0020"", ""m5@0.0020"", ""m6@0.0020"", ""m7@0.0020"", ""m8@0.0020"", ""m9@0.0020"", ""m10@0.0020"", ""m11@0.0020"", ""m12@0.0020"", ""m13@0.0020"", ""m14@0.0020"", ""m15@0.0020"", ""m16@0.0020"", ""m17@0.0020"", ""m18@0.0020"", ""m19@0.0020"", ""m20@0.0020"", ""m21@0.0020"", ""m22@0.0020"", ""m23@0.0020"", ""m24@0.0020"", ""m25@0.0020"", ""m26@0.0020"", ""m27@0.0020"", ""m28@0.0020"", ""m29@0.0020"", ""m30@0.0020"", ""m31@0.0020""]","[""C1"", 1000000, 0, 50000, [[400000, 700000]], 455509]"
syn_32_6_4_12,synthetic,32,6,4,0.08,proportional_risk,True,10092464,0.064,,1478200,,14706084170184645306,"[""m0@0.0020"", ""m1@0.0020"", ""m2@0.0020"", ""m3@0.0020"", ""m4@0.0020"", ""m5@0.0020"", ""m6@0.0020"", ""m7@0.0020"", ""m8@0.0020"", ""m9@0.0020"", ""m10@0.0020"", ""m11@0.0020"", ""m12@0.0020"", ""m13@0.0020"", ""m14@0.0020"", ""m15@0.0020"", ""m16@0.0020"", ""m17@0.0020"", ""m18@0.0020"", ""m19@0.0020"", ""m20@0.0020"", ""m21@0.0020"", ""m22@0.0020"", ""m23@0.0020"", ""m24@0.0020"", ""m25@0.0020"", ""m26@0.0020"", ""m27@0.0020"", ""m28@0.0020"", ""m29@0.0020"", ""m30@0.0020"", ""m31@0.0020""]","[""C1"", 1000000, 0, 50000, [[400000, 700000]], 455509]"
syn_32_6_4_12,synthetic,32,6,4,0.08,greedy_gate_catching,True,9282863,0.08,,59808200,,14706084170184645306,"[""m0@0.0020"", ""m1@0.0020"", ""m2@0.0020"", ""m3@0.0020"", ""m4@0.0020"", ""m5@0.0020"", ""m6@0.0020"", ""m7@0.0020"", ""m8@0.0020"", ""m9@0.0020"", ""m10@0.0020"", ""m11@0.0020"", ""m12@0.0020"", ""m13@0.0020"", ""m14@0.0020"", ""m15@0.0020"", ""m16@0.0020"", ""m17@0.0020"", ""m18@0.0020"", ""m19@0.0020"", ""m20@0.0020"", ""m21@0.0020"", ""m22@0.0020"", ""m23@0.0020"", ""m24@0.0020"", ""m25@0.0045"", ""m26@0.0045"", ""m27@0.0045"", ""m28@0.0035"", ""m29@0.0040"", ""m30@0.0045"", ""m31@0.0045""]","[""C1"", 1000000, 0, 50000, [[400000, 700000]], 455509]"
syn_32_6_4_13,synthetic,32,6,4,0.08,pareto_dp,True,6775101,0.08,304.0,29211300,,13005802278740737188,"[""m0@0.0020"", ""m1@0.0020"", ""m2@0.0020"", ""m3@0.0020"", ""m4@0.0020"", ""m5@0.0020"", ""m6@0.0030"", ""m7@0.0020"", ""m8@0.0020"", ""m9@0.0020"", ""m10@0.0045"", ""m11@0.0045"", ""m12@0.0020"", ""m13@0.0020"", ""m14@0.0020"", ""m15@0.0045"", ""m16@0.0020"", ""m17@0.0020"", ""m18@0.0040"", ""m19@0.0035"", ""m20@0.0020"", ""m21@0.0020"", ""m22@0.0020"", ""m23@0.0020"", ""m24@0.0020"", ""m25@0.0020"", ""m26@0.0020"", ""m27@0.0035"", ""m28@0.0020"", ""m29@0.0020"", ""m30@0.0020"", ""m31@0.0045""]","[""C1"", 1000000, 0, 50000, [[400000, 700000]], 455509]"
syn_32_6_4_13,synthetic,32,6,4,0.08,equal_risk,True,9272204,0.064,,1007500,,13005802278740737188,"[""m0@0.0020"", ""m1@0.0020"", ""m2@0.0020"", ""m3@0.0020"", ""m4@0.0020"", ""m5@0.0020"", ""m6@0.0020"", ""m7@0.0020"", ""m8@0.0020"", ""m9@0.0020"", ""m10@0.0020"", ""m11@0.0020"", ""m12@0.0020"", ""m13@0.0020"", ""m14@0.0020"", ""m15@0.0020"", ""m16@0.0020"", ""m17@0.0020"", ""m18@0.0020"", ""m19@0.0020"", ""m20@0.0020"", ""m21@0.0020"", ""m22@0.0020"", ""m23@0.0020"", ""m24@0.0020"", ""m25@0.0020"", ""m26@0.0020"", ""m27@0.0020"", ""m28@0.0020"", ""m29@0.0020"", ""m30@0.0020"", ""m31@0.0020""]","[""C1"", 1000000, 0, 50000, [[400000, 700000]], 455509]"
syn_32_6_4_13,synthetic,32,6,4,0.08,proportional_risk,True,9272204,0.064,,1519000,,13005802278740737188,"[""m0@0.0020"", ""m1@0.0020"", ""m2@0.0020"", ""m3@0.0020"", ""m4@0.0020"", ""m5@0.0020"", ""m6@0.0020"", ""m7@0.0020"", ""m8@0.0020"", ""m9@0.0020"", ""m10@0.0020"", ""m11@0.0020"", ""m12@0.0020"", ""m13@0.0020"", ""m14@0.0020"", ""m15@0.0020"", ""m16@0.0020"", ""m17@0.0020"", ""m18@0.0020"", ""m19@0.0020"", ""m20@0.0020"", ""m21@0.0020"", ""m22@0.0020"", ""m23@0.0020"", ""m24@0.0020"", ""m25@0.0020"", ""m26@0.0020"", ""m27@0.0020"", ""m28@0.0020"", ""m29@0.0020"", ""m30@0.0020"", ""m31@0.0020""]","[""C1"", 1000000, 0, 50000, [[400000, 700000]], 455509]"
syn_32_6_4_13,synthetic,32,6,4,0.08,greedy_gate_catching,True,8330055,0.08,,60726300,,13005802278740737188,"[""m0@0.0020"", ""m1@0.0020"", ""m2@0.0020"", ""m3@0.0020"", ""m4@0.0020"", ""m5@0.0020"", ""m6@0.0020"", ""m7@0.0020"", ""m8@0.0020"", ""m9@0.0020"", ""m10@0.0020"", ""m11@0.0020"", ""m12@0.0020"", ""m13@0.0020"", ""m14@0.0020"", ""m15@0.0020"", ""m16@0.0020"", ""m17@0.0020"", ""m18@0.0020"", ""m19@0.0020"", ""m20@0.0020"", ""m21@0.0020"", ""m22@0.0020"", ""m23@0.0020"", ""m24@0.0020"", ""m25@0.0045"", ""m26@0.0045"", ""m27@0.0045"", ""m28@0.0030"", ""m29@0.0045"", ""m30@0.0045"", ""m31@0.0045""]","[""C1"", 1000000, 0, 50000, [[400000, 700000]], 455509]"
syn_32_6_4_14,synthetic,32,6,4,0.08,pareto_dp,True,8005198,0.08,171.0,16986000,,8073554440858224232,"[""m0@0.0020"", ""m1@0.0020"", ""m2@0.0020"", ""m3@0.0045"", ""m4@0.0020"", ""m5@0.0020"", ""m6@0.0030"", ""m7@0.0035"", ""m8@0.0020"", ""m9@0.0020"", ""m10@0.0020"", ""m11@0.0040"", ""m12@0.0020"", ""m13@0.0020"", ""m14@0.0045"", ""m15@0.0045"", ""m16@0.0020"", ""m17@0.0020"", ""m18@0.0020"", ""m19@0.0040"", ""m20@0.0020"", ""m21@0.0020"", ""m22@0.0020"", ""m23@0.0025"", ""m24@0.0020"", ""m25@0.0020"", ""m26@0.0020"", ""m27@0.0035"", ""m28@0.0020"", ""m29@0.0020"", ""m30@0.0020"", ""m31@0.0020""]","[""C1"", 1000000, 0, 50000, [[400000, 700000]], 455509]"
syn_32_6_4_14,synthetic,32,6,4,0.08,equal_risk,True,12171786,0.064,,992500,,8073554440858224232,"[""m0@0.0020"", ""m1@0.0020"", ""m2@0.0020"", ""m3@0.0020"", ""m4@0.0020"", ""m5@0.0020"", ""m6@0.0020"", ""m7@0.0020"", ""m8@0.0020"", ""m9@0.0020"", ""m10@0.0020"", ""m11@0.0020"", ""m12@0.0020"", ""m13@0.0020"", ""m14@0.0020"", ""m15@0.0020"", ""m16@0.0020"", ""m17@0.0020"", ""m18@0.0020"", ""m19@0.0020"", ""m20@0.0020"", ""m21@0.0020"", ""m22@0.0020"", ""m23@0.0020"", ""m24@0.0020"", ""m25@0.0020"", ""m26@0.0020"", ""m27@0.0020"", ""m28@0.0020"", ""m29@0.0020"", ""m30@0.0020"", ""m31@0.0020""]","[""C1"", 1000000, 0, 50000, [[400000, 700000]], 455509]"
syn_32_6_4_14,synthetic,32,6,4,0.08,proportional_risk,True,12171786,0.064,,1500800,,8073554440858224232,"[""m0@0.0020"", ""m1@0.0020"", ""m2@0.0020"", ""m3@0.0020"", ""m4@0.0020"", ""m5@0.0020"", ""m6@0.0020"", ""m7@0.0020"", ""m8@0.0020"", ""m9@0.0020"", ""m10@0.0020"", ""m11@0.0020"", ""m12@0.0020"", ""m13@0.0020"", ""m14@0.0020"", ""m15@0.0020"", ""m16@0.0020"", ""m17@0.0020"", ""m18@0.0020"", ""m19@0.0020"", ""m20@0.0020"", ""m21@0.0020"", ""m22@0.0020"", ""m23@0.0020"", ""m24@0.0020"", ""m25@0.0020"", ""m26@0.0020"", ""m27@0.0020"", ""m28@0.0020"", ""m29@0.0020"", ""m30@0.0020"", ""m31@0.0020""]","[""C1"", 1000000, 0, 50000, [[400000, 700000]], 455509]"
syn_32_6_4_14,synthetic,32,6,4,0.08,greedy_gate_catching,True,10244909,0.08,,64207400,,8073554440858224232,"[""m0@0.0020"", ""m1@0.0020"", ""m2@0.0020"", ""m3@0.0020"", ""m4@0.0020"", ""m5@0.0020"", ""m6@0.0020"", ""m7@0.0020"", ""m8@0.0020"", ""m9@0.0020"", ""m10@0.0020"", ""m11@0.0020"", ""m12@0.0020"", ""m13@0.0020"", ""m14@0.0020"", ""m15@0.0020"", ""m16@0.0020"", ""m17@0.0020"", ""m18@0.0020"", ""m19@0.0025"", ""m20@0.0020"", ""m21@0.0020"", ""m22@0.0020"", ""m23@0.0030"", ""m24@0.0020"", ""m25@0.0040"", ""m26@0.0045"", ""m27@0.0045"", ""m28@0.0020"", ""m29@0.0045"", ""m30@0.0045"", ""m31@0.0045""]","[""C1"", 1000000, 0, 50000, [[400000, 700000]], 455509]"
syn_32_6_4_15,synthetic,32,6,4,0.08,pareto_dp,True,6712196,0.08,356.0,30321100,,18349430021351795419,"[""m0@0.0020"", ""m1@0.0020"", ""m2@0.0020"", ""m3@0.0045"", ""m4@0.0020"", ""m5@0.0020"", ""m6@0.0025"", ""m7@0.0040"", ""m8@0.0020"", ""m9@0.0020"", ""m10@0.0020"", ""m11@0.0035"", ""m12@0.0020"", ""m13@0.0020"", ""m14@0.0020"", ""m15@0.0025"", ""m16@0.0020"", ""m17@0.0020"", ""m18@0.0020"", ""m19@0.0040"", ""m20@0.0020"", ""m21@0.0020"", ""m22@0.0020"", ""m23@0.0045"", ""m24@0.0020"", ""m25@0.0020"", ""m26@0.0020"", ""m27@0.0040"", ""m28@0.0020"", ""m29@0.0020"", ""m30@0.0020"", ""m31@0.0045""]","[""C1"", 1000000, 0, 50000, [[400000, 700000]], 455509]"
syn_32_6_4_15,synthetic,32,6,4,0.08,equal_risk,True,10104823,0.064,,1029500,,18349430021351795419,"[""m0@0.0020"", ""m1@0.0020"", ""m2@0.0020"", ""m3@0.0020"", ""m4@0.0020"", ""m5@0.0020"", ""m6@0.0020"", ""m7@0.0020"", ""m8@0.0020"", ""m9@0.0020"", ""m10@0.0020"", ""m11@0.0020"", ""m12@0.0020"", ""m13@0.0020"", ""m14@0.0020"", ""m15@0.0020"", ""m16@0.0020"", ""m17@0.0020"", ""m18@0.0020"", ""m19@0.0020"", ""m20@0.0020"", ""m21@0.0020"", ""m22@0.0020"", ""m23@0.0020"", ""m24@0.0020"", ""m25@0.0020"", ""m26@0.0020"", ""m27@0.0020"", ""m28@0.0020"", ""m29@0.0020"", ""m30@0.0020"", ""m31@0.0020""]","[""C1"", 1000000, 0, 50000, [[400000, 700000]], 455509]"
syn_32_6_4_15,synthetic,32,6,4,0.08,proportional_risk,True,10104823,0.064,,1562200,,18349430021351795419,"[""m0@0.0020"", ""m1@0.0020"", ""m2@0.0020"", ""m3@0.0020"", ""m4@0.0020"", ""m5@0.0020"", ""m6@0.0020"", ""m7@0.0020"", ""m8@0.0020"", ""m9@0.0020"", ""m10@0.0020"", ""m11@0.0020"", ""m12@0.0020"", ""m13@0.0020"", ""m14@0.0020"", ""m15@0.0020"", ""m16@0.0020"", ""m17@0.0020"", ""m18@0.0020"", ""m19@0.0020"", ""m20@0.0020"", ""m21@0.0020"", ""m22@0.0020"", ""m23@0.0020"", ""m24@0.0020"", ""m25@0.0020"", ""m26@0.0020"", ""m27@0.0020"", ""m28@0.0020"", ""m29@0.0020"", ""m30@0.0020"", ""m31@0.0020""]","[""C1"", 1000000, 0, 50000, [[400000, 700000]], 455509]"
syn_32_6_4_15,synthetic,32,6,4,0.08,greedy_gate_catching,True,9316111,0.08,,62004400,,18349430021351795419,"[""m0@0.0020"", ""m1@0.0020"", ""m2@0.0020"", ""m3@0.0020"", ""m4@0.0020"", ""m5@0.0020"", ""m6@0.0020"", ""m7@0.0020"", ""m8@0.0020"", ""m9@0.0020"", ""m10@0.0020"", ""m11@0.0020"", ""m12@0.0020"", ""m13@0.0020"", ""m14@0.0020"", ""m15@0.0020"", ""m16@0.0020"", ""m17@0.0020"", ""m18@0.0020"", ""m19@0.0020"", ""m20@0.0020"", ""m21@0.0020"", ""m22@0.0020"", ""m23@0.0020"", ""m24@0.0020"", ""m25@0.0045"", ""m26@0.0045"", ""m27@0.0045"", ""m28@0.0030"", ""m29@0.0045"", ""m30@0.0045"", ""m31@0.0045""]","[""C1"", 1000000, 0, 50000, [[400000, 700000]], 455509]"
syn_32_6_4_16,synthetic,32,6,4,0.08,pareto_dp,True,6965834,0.08,457.0,48830300,,17094071149770896916,"[""m0@0.0020"", ""m1@0.0020"", ""m2@0.0020"", ""m3@0.0020"", ""m4@0.0020"", ""m5@0.0020"", ""m6@0.0020"", ""m7@0.0020"", ""m8@0.0020"", ""m9@0.0020"", ""m10@0.0020"", ""m11@0.0035"", ""m12@0.0020"", ""m13@0.0020"", ""m14@0.0020"", ""m15@0.0045"", ""m16@0.0020"", ""m17@0.0020"", ""m18@0.0020"", ""m19@0.0045"", ""m20@0.0020"", ""m21@0.0020"", ""m22@0.0045"", ""m23@0.0040"", ""m24@0.0020"", ""m25@0.0020"", ""m26@0.0020"", ""m27@0.0045"", ""m28@0.0020"", ""m29@0.0020"", ""m30@0.0020"", ""m31@0.0045""]","[""C1"", 1000000, 0, 50000, [[400000, 700000]], 455509]"
syn_32_6_4_16,synthetic,32,6,4,0.08,equal_risk,True,9703153,0.064,,1003900,,17094071149770896916,"[""m0@0.0020"", ""m1@0.0020"", ""m2@0.0020"", ""m3@0.0020"", ""m4@0.0020"", ""m5@0.0020"", ""m6@0.0020"", ""m7@0.0020"", ""m8@0.0020"", ""m9@0.0020"", ""m10@0.0020"", ""m11@0.0020"", ""m12@0.0020"", ""m13@0.0020"", ""m14@0.0020"", ""m15@0.0020"", ""m16@0.0020"", ""m17@0.0020"", ""m18@0.0020"", ""m19@0.0020"", ""m20@0.0020"", ""m21@0.0020"", ""m22@0.0020"", ""m23@0.0020"", ""m24@0.0020"", ""m25@0.0020"", ""m26@0.0020"", ""m27@0.0020"", ""m28@0.0020"", ""m29@0.0020"", ""m30@0.0020"", ""m31@0.0020""]","[""C1"", 1000000, 0, 50000, [[400000, 700000]], 455509]"
syn_32_6_4_16,synthetic,32,6,4,0.08,proportional_risk,True,9703153,0.064,,1523700,,17094071149770896916,"[""m0@0.0020"", ""m1@0.0020"", ""m2@0.0020"", ""m3@0.0020"", ""m4@0.0020"", ""m5@0.0020"", ""m6@0.0020"", ""m7@0.0020"", ""m8@0.0020"", ""m9@0.0020"", ""m10@0.0020"", ""m11@0.0020"", ""m12@0.0020"", ""m13@0.0020"", ""m14@0.0020"", ""m15@0.0020"", ""m16@0.0020"", ""m17@0.0020"", ""m18@0.0020"", ""m19@0.0020"", ""m20@0.0020"", ""m21@0.0020"", ""m22@0.0020"", ""m23@0.0020"", ""m24@0.0020"", ""m25@0.0020"", ""m26@0.0020"", ""m27@0.0020"", ""m28@0.0020"", ""m29@0.0020"", ""m30@0.0020"", ""m31@0.0020""]","[""C1"", 1000000, 0, 50000, [[400000, 700000]], 455509]"
syn_32_6_4_16,synthetic,32,6,4,0.08,greedy_gate_catching,True,8467111,0.08,,59714800,,17094071149770896916,"[""m0@0.0020"", ""m1@0.0020"", ""m2@0.0020"", ""m3@0.0020"", ""m4@0.0020"", ""m5@0.0020"", ""m6@0.0020"", ""m7@0.0020"", ""m8@0.0020"", ""m9@0.0020"", ""m10@0.0020"", ""m11@0.0020"", ""m12@0.0020"", ""m13@0.0020"", ""m14@0.0020"", ""m15@0.0020"", ""m16@0.0020"", ""m17@0.0020"", ""m18@0.0020"", ""m19@0.0020"", ""m20@0.0020"", ""m21@0.0020"", ""m22@0.0020"", ""m23@0.0020"", ""m24@0.0020"", ""m25@0.0045"", ""m26@0.0045"", ""m27@0.0045"", ""m28@0.0030"", ""m29@0.0045"", ""m30@0.0045"", ""m31@0.0045""]","[""C1"", 1000000, 0, 50000, [[400000, 700000]], 455509]"
syn_32_6_4_17,synthetic,32,6,4,0.08,pareto_dp,True,7805691,0.08,228.0,24649700,,7805538830834271263,"[""m0@0.0020"", ""m1@0.0020"", ""m2@0.0035"", ""m3@0.0045"", ""m4@0.0020"", ""m5@0.0020"", ""m6@0.0020"", ""m7@0.0045"", ""m8@0.0020"", ""m9@0.0020"", ""m10@0.0035"", ""m11@0.0045"", ""m12@0.0020"", ""m13@0.0020"", ""m14@0.0020"", ""m15@0.0025"", ""m16@0.0020"", ""m17@0.0020"", ""m18@0.0020"", ""m19@0.0020"", ""m20@0.0020"", ""m21@0.0020"", ""m22@0.0045"", ""m23@0.0045"", ""m24@0.0020"", ""m25@0.0020"", ""m26@0.0020"", ""m27@0.0020"", ""m28@0.0020"", ""m29@0.0020"", ""m30@0.0020"", ""m31@0.0020""]","[""C1"", 1000000, 0, 50000, [[400000, 700000]], 455509]"
syn_32_6_4_17,synthetic,32,6,4,0.08,equal_risk,True,10559391,0.064,,938600,,7805538830834271263,"[""m0@0.0020"", ""m1@0.0020"", ""m2@0.0020"", ""m3@0.0020"", ""m4@0.0020"", ""m5@0.0020"", ""m6@0.0020"", ""m7@0.0020"", ""m8@0.0020"", ""m9@0.0020"", ""m10@0.0020"", ""m11@0.0020"", ""m12@0.0020"", ""m13@0.0020"", ""m14@0.0020"", ""m15@0.0020"", ""m16@0.0020"", ""m17@0.0020"", ""m18@0.0020"", ""m19@0.0020"", ""m20@0.0020"", ""m21@0.0020"", ""m22@0.0020"", ""m23@0.0020"", ""m24@0.0020"", ""m25@0.0020"", ""m26@0.0020"", ""m27@0.0020"", ""m28@0.0020"", ""m29@0.0020"", ""m30@0.0020"", ""m31@0.0020""]","[""C1"", 1000000, 0, 50000, [[400000, 700000]], 455509]"
syn_32_6_4_17,synthetic,32,6,4,0.08,proportional_risk,True,10559391,0.064,,1439200,,7805538830834271263,"[""m0@0.0020"", ""m1@0.0020"", ""m2@0.0020"", ""m3@0.0020"", ""m4@0.0020"", ""m5@0.0020"", ""m6@0.0020"", ""m7@0.0020"", ""m8@0.0020"", ""m9@0.0020"", ""m10@0.0020"", ""m11@0.0020"", ""m12@0.0020"", ""m13@0.0020"", ""m14@0.0020"", ""m15@0.0020"", ""m16@0.0020"", ""m17@0.0020"", ""m18@0.0020"", ""m19@0.0020"", ""m20@0.0020"", ""m21@0.0020"", ""m22@0.0020"", ""m23@0.0020"", ""m24@0.0020"", ""m25@0.0020"", ""m26@0.0020"", ""m27@0.0020"", ""m28@0.0020"", ""m29@0.0020"", ""m30@0.0020"", ""m31@0.0020""]","[""C1"", 1000000, 0, 50000, [[400000, 700000]], 455509]"
syn_32_6_4_17,synthetic,32,6,4,0.08,greedy_gate_catching,True,9451097,0.08,,60301200,,7805538830834271263,"[""m0@0.0020"", ""m1@0.0020"", ""m2@0.0020"", ""m3@0.0020"", ""m4@0.0020"", ""m5@0.0020"", ""m6@0.0020"", ""m7@0.0020"", ""m8@0.0020"", ""m9@0.0020"", ""m10@0.0020"", ""m11@0.0020"", ""m12@0.0020"", ""m13@0.0020"", ""m14@0.0020"", ""m15@0.0020"", ""m16@0.0020"", ""m17@0.0020"", ""m18@0.0020"", ""m19@0.0020"", ""m20@0.0020"", ""m21@0.0020"", ""m22@0.0020"", ""m23@0.0020"", ""m24@0.0020"", ""m25@0.0045"", ""m26@0.0045"", ""m27@0.0045"", ""m28@0.0030"", ""m29@0.0045"", ""m30@0.0045"", ""m31@0.0045""]","[""C1"", 1000000, 0, 50000, [[400000, 700000]], 455509]"
syn_32_6_4_18,synthetic,32,6,4,0.08,pareto_dp,True,8226457,0.08,234.0,21532600,,15158629291609825323,"[""m0@0.0020"", ""m1@0.0020"", ""m2@0.0020"", ""m3@0.0035"", ""m4@0.0020"", ""m5@0.0020"", ""m6@0.0020"", ""m7@0.0030"", ""m8@0.0020"", ""m9@0.0020"", ""m10@0.0020"", ""m11@0.0035"", ""m12@0.0020"", ""m13@0.0020"", ""m14@0.0045"", ""m15@0.0045"", ""m16@0.0020"", ""m17@0.0020"", ""m18@0.0035"", ""m19@0.0025"", ""m20@0.0020"", ""m21@0.0020"", ""m22@0.0020"", ""m23@0.0020"", ""m24@0.0020"", ""m25@0.0020"", ""m26@0.0020"", ""m27@0.0040"", ""m28@0.0020"", ""m29@0.0020"", ""m30@0.0025"", ""m31@0.0045""]","[""C1"", 1000000, 0, 50000, [[400000, 700000]], 455509]"
syn_32_6_4_18,synthetic,32,6,4,0.08,equal_risk,True,12058343,0.064,,973800,,15158629291609825323,"[""m0@0.0020"", ""m1@0.0020"", ""m2@0.0020"", ""m3@0.0020"", ""m4@0.0020"", ""m5@0.0020"", ""m6@0.0020"", ""m7@0.0020"", ""m8@0.0020"", ""m9@0.0020"", ""m10@0.0020"", ""m11@0.0020"", ""m12@0.0020"", ""m13@0.0020"", ""m14@0.0020"", ""m15@0.0020"", ""m16@0.0020"", ""m17@0.0020"", ""m18@0.0020"", ""m19@0.0020"", ""m20@0.0020"", ""m21@0.0020"", ""m22@0.0020"", ""m23@0.0020"", ""m24@0.0020"", ""m25@0.0020"", ""m26@0.0020"", ""m27@0.0020"", ""m28@0.0020"", ""m29@0.0020"", ""m30@0.0020"", ""m31@0.0020""]","[""C1"", 1000000, 0, 50000, [[400000, 700000]], 455509]"
syn_32_6_4_18,synthetic,32,6,4,0.08,proportional_risk,True,12058343,0.064,,1488900,,15158629291609825323,"[""m0@0.0020"", ""m1@0.0020"", ""m2@0.0020"", ""m3@0.0020"", ""m4@0.0020"", ""m5@0.0020"", ""m6@0.0020"", ""m7@0.0020"", ""m8@0.0020"", ""m9@0.0020"", ""m10@0.0020"", ""m11@0.0020"", ""m12@0.0020"", ""m13@0.0020"", ""m14@0.0020"", ""m15@0.0020"", ""m16@0.0020"", ""m17@0.0020"", ""m18@0.0020"", ""m19@0.0020"", ""m20@0.0020"", ""m21@0.0020"", ""m22@0.0020"", ""m23@0.0020"", ""m24@0.0020"", ""m25@0.0020"", ""m26@0.0020"", ""m27@0.0020"", ""m28@0.0020"", ""m29@0.0020"", ""m30@0.0020"", ""m31@0.0020""]","[""C1"", 1000000, 0, 50000, [[400000, 700000]], 455509]"
syn_32_6_4_18,synthetic,32,6,4,0.08,greedy_gate_catching,True,9880511,0.08,,61162600,,15158629291609825323,"[""m0@0.0020"", ""m1@0.0020"", ""m2@0.0020"", ""m3@0.0020"", ""m4@0.0020"", ""m5@0.0020"", ""m6@0.0020"", ""m7@0.0025"", ""m8@0.0020"", ""m9@0.0020"", ""m10@0.0020"", ""m11@0.0020"", ""m12@0.0020"", ""m13@0.0020"", ""m14@0.0020"", ""m15@0.0020"", ""m16@0.0020"", ""m17@0.0020"", ""m18@0.0020"", ""m19@0.0020"", ""m20@0.0020"", ""m21@0.0020"", ""m22@0.0020"", ""m23@0.0020"", ""m24@0.0020"", ""m25@0.0045"", ""m26@0.0045"", ""m27@0.0045"", ""m28@0.0030"", ""m29@0.0040"", ""m30@0.0045"", ""m31@0.0045""]","[""C1"", 1000000, 0, 50000, [[400000, 700000]], 455509]"
syn_32_6_4_19,synthetic,32,6,4,0.08,pareto_dp,True,7181403,0.08,415.0,30061400,,1277432350888818896,"[""m0@0.0020"", ""m1@0.0020"", ""m2@0.0020"", ""m3@0.0045"", ""m4@0.0020"", ""m5@0.0020"", ""m6@0.0020"", ""m7@0.0040"", ""m8@0.0020"", ""m9@0.0020"", ""m10@0.0045"", ""m11@0.0045"", ""m12@0.0020"", ""m13@0.0020"", ""m14@0.0020"", ""m15@0.0020"", ""m16@0.0020"", ""m17@0.0020"", ""m18@0.0020"", ""m19@0.0040"", ""m20@0.0020"", ""m21@0.0020"", ""m22@0.0020"", ""m23@0.0045"", ""m24@0.0020"", ""m25@0.0020"", ""m26@0.0020"", ""m27@0.0020"", ""m28@0.0020"", ""m29@0.0020"", ""m30@0.0020"", ""m31@0.0040""]","[""C1"", 1000000, 0, 50000, [[400000, 700000]], 455509]"
syn_32_6_4_19,synthetic,32,6,4,0.08,equal_risk,True,10141537,0.064,,999000,,1277432350888818896,"[""m0@0.0020"", ""m1@0.0020"", ""m2@0.0020"", ""m3@0.0020"", ""m4@0.0020"", ""m5@0.0020"", ""m6@0.0020"", ""m7@0.0020"", ""m8@0.0020"", ""m9@0.0020"", ""m10@0.0020"", ""m11@0.0020"", ""m12@0.0020"", ""m13@0.0020"", ""m14@0.0020"", ""m15@0.0020"", ""m16@0.0020"", ""m17@0.0020"", ""m18@0.0020"", ""m19@0.0020"", ""m20@0.0020"", ""m21@0.0020"", ""m22@0.0020"", ""m23@0.0020"", ""m24@0.0020"", ""m25@0.0020"", ""m26@0.0020"", ""m27@0.0020"", ""m28@0.0020"", ""m29@0.0020"", ""m30@0.0020"", ""m31@0.0020""]","[""C1"", 1000000, 0, 50000, [[400000, 700000]], 455509]"
syn_32_6_4_19,synthetic,32,6,4,0.08,proportional_risk,True,10141537,0.064,,1423700,,1277432350888818896,"[""m0@0.0020"", ""m1@0.0020"", ""m2@0.0020"", ""m3@0.0020"", ""m4@0.0020"", ""m5@0.0020"", ""m6@0.0020"", ""m7@0.0020"", ""m8@0.0020"", ""m9@0.0020"", ""m10@0.0020"", ""m11@0.0020"", ""m12@0.0020"", ""m13@0.0020"", ""m14@0.0020"", ""m15@0.0020"", ""m16@0.0020"", ""m17@0.0020"", ""m18@0.0020"", ""m19@0.0020"", ""m20@0.0020"", ""m21@0.0020"", ""m22@0.0020"", ""m23@0.0020"", ""m24@0.0020"", ""m25@0.0020"", ""m26@0.0020"", ""m27@0.0020"", ""m28@0.0020"", ""m29@0.0020"", ""m30@0.0020"", ""m31@0.0020""]","[""C1"", 1000000, 0, 50000, [[400000, 700000]], 455509]"
syn_32_6_4_19,synthetic,32,6,4,0.08,greedy_gate_catching,True,9264073,0.08,,59994000,,1277432350888818896,"[""m0@0.0020"", ""m1@0.0020"", ""m2@0.0020"", ""m3@0.0020"", ""m4@0.0020"", ""m5@0.0020"", ""m6@0.0020"", ""m7@0.0020"", ""m8@0.0020"", ""m9@0.0020"", ""m10@0.0020"", ""m11@0.0020"", ""m12@0.0020"", ""m13@0.0020"", ""m14@0.0020"", ""m15@0.0020"", ""m16@0.0020"", ""m17@0.0020"", ""m18@0.0020"", ""m19@0.0020"", ""m20@0.0020"", ""m21@0.0020"", ""m22@0.0020"", ""m23@0.0020"", ""m24@0.0020"", ""m25@0.0040"", ""m26@0.0045"", ""m27@0.0045"", ""m28@0.0035"", ""m29@0.0045"", ""m30@0.0045"", ""m31@0.0045""]","[""C1"", 1000000, 0, 50000, [[400000, 700000]], 455509]"
syn_64_3_1_00,synthetic,64,3,1,0.16,pareto_dp,True,13891860,0.15925,713.0,93784100,,2557602152439619486,"[""m0@0.0020"", ""m1@0.0020"", ""m2@0.0032"", ""m3@0.0020"", ""m4@0.0020"", ""m5@0.0020"", ""m6@0.0020"", ""m7@0.0045"", ""m8@0.0020"", ""m9@0.0020"", ""m10@0.0020"", ""m11@0.0045"", ""m12@0.0020"", ""m13@0.0020"", ""m14@0.0020"", ""m15@0.0020"", ""m16@0.0020"", ""m17@0.0020"", ""m18@0.0020"", ""m19@0.0045"", ""m20@0.0020"", ""m21@0.0020"", ""m22@0.0020"", ""m23@0.0020"", ""m24@0.0020"", ""m25@0.0020"", ""m26@0.0020"", ""m27@0.0045"", ""m28@0.0020"", ""m29@0.0020"", ""m30@0.0020"", ""m31@0.0020"", ""m32@0.0020"", ""m33@0.0020"", ""m34@0.0020"", ""m35@0.0045"", ""m36@0.0020"", ""m37@0.0020"", ""m38@0.0032"", ""m39@0.0032"", ""m40@0.0020"", ""m41@0.0020"", ""m42@0.0020"", ""m43@0.0020"", ""m44@0.0020"", ""m45@0.0020"", ""m46@0.0032"", ""m47@0.0045"", ""m48@0.0020"", ""m49@0.0020"", ""m50@0.0020"", ""m51@0.0045"", ""m52@0.0020"", ""m53@0.0020"", ""m54@0.0020"", ""m55@0.0045"", ""m56@0.0020"", ""m57@0.0020"", ""m58@0.0020"", ""m59@0.0045"", ""m60@0.0020"", ""m61@0.0020"", ""m62@0.0032"", ""m63@0.0045""]","[""C1"", 1000000, 0, 50000, [[400000, 700000]], 455509]"
syn_64_3_1_00,synthetic,64,3,1,0.16,equal_risk,True,18642801,0.128,,1137200,,2557602152439619486,"[""m0@0.0020"", ""m1@0.0020"", ""m2@0.0020"", ""m3@0.0020"", ""m4@0.0020"", ""m5@0.0020"", ""m6@0.0020"", ""m7@0.0020"", ""m8@0.0020"", ""m9@0.0020"", ""m10@0.0020"", ""m11@0.0020"", ""m12@0.0020"", ""m13@0.0020"", ""m14@0.0020"", ""m15@0.0020"", ""m16@0.0020"", ""m17@0.0020"", ""m18@0.0020"", ""m19@0.0020"", ""m20@0.0020"", ""m21@0.0020"", ""m22@0.0020"", ""m23@0.0020"", ""m24@0.0020"", ""m25@0.0020"", ""m26@0.0020"", ""m27@0.0020"", ""m28@0.0020"", ""m29@0.0020"", ""m30@0.0020"", ""m31@0.0020"", ""m32@0.0020"", ""m33@0.0020"", ""m34@0.0020"", ""m35@0.0020"", ""m36@0.0020"", ""m37@0.0020"", ""m38@0.0020"", ""m39@0.0020"", ""m40@0.0020"", ""m41@0.0020"", ""m42@0.0020"", ""m43@0.0020"", ""m44@0.0020"", ""m45@0.0020"", ""m46@0.0020"", ""m47@0.0020"", ""m48@0.0020"", ""m49@0.0020"", ""m50@0.0020"", ""m51@0.0020"", ""m52@0.0020"", ""m53@0.0020"", ""m54@0.0020"", ""m55@0.0020"", ""m56@0.0020"", ""m57@0.0020"", ""m58@0.0020"", ""m59@0.0020"", ""m60@0.0020"", ""m61@0.0020"", ""m62@0.0020"", ""m63@0.0020""]","[""C1"", 1000000, 0, 50000, [[400000, 700000]], 455509]"
syn_64_3_1_00,synthetic,64,3,1,0.16,proportional_risk,True,18642801,0.128,,1847400,,2557602152439619486,"[""m0@0.0020"", ""m1@0.0020"", ""m2@0.0020"", ""m3@0.0020"", ""m4@0.0020"", ""m5@0.0020"", ""m6@0.0020"", ""m7@0.0020"", ""m8@0.0020"", ""m9@0.0020"", ""m10@0.0020"", ""m11@0.0020"", ""m12@0.0020"", ""m13@0.0020"", ""m14@0.0020"", ""m15@0.0020"", ""m16@0.0020"", ""m17@0.0020"", ""m18@0.0020"", ""m19@0.0020"", ""m20@0.0020"", ""m21@0.0020"", ""m22@0.0020"", ""m23@0.0020"", ""m24@0.0020"", ""m25@0.0020"", ""m26@0.0020"", ""m27@0.0020"", ""m28@0.0020"", ""m29@0.0020"", ""m30@0.0020"", ""m31@0.0020"", ""m32@0.0020"", ""m33@0.0020"", ""m34@0.0020"", ""m35@0.0020"", ""m36@0.0020"", ""m37@0.0020"", ""m38@0.0020"", ""m39@0.0020"", ""m40@0.0020"", ""m41@0.0020"", ""m42@0.0020"", ""m43@0.0020"", ""m44@0.0020"", ""m45@0.0020"", ""m46@0.0020"", ""m47@0.0020"", ""m48@0.0020"", ""m49@0.0020"", ""m50@0.0020"", ""m51@0.0020"", ""m52@0.0020"", ""m53@0.0020"", ""m54@0.0020"", ""m55@0.0020"", ""m56@0.0020"", ""m57@0.0020"", ""m58@0.0020"", ""m59@0.0020"", ""m60@0.0020"", ""m61@0.0020"", ""m62@0.0020"", ""m63@0.0020""]","[""C1"", 1000000, 0, 50000, [[400000, 700000]], 455509]"
syn_64_3_1_00,synthetic,64,3,1,0.16,greedy_gate_catching,True,15218052,0.15925,,66280600,,2557602152439619486,"[""m0@0.0020"", ""m1@0.0020"", ""m2@0.0020"", ""m3@0.0020"", ""m4@0.0020"", ""m5@0.0020"", ""m6@0.0020"", ""m7@0.0020"", ""m8@0.0020"", ""m9@0.0020"", ""m10@0.0020"", ""m11@0.0020"", ""m12@0.0020"", ""m13@0.0020"", ""m14@0.0020"", ""m15@0.0020"", ""m16@0.0020"", ""m17@0.0020"", ""m18@0.0020"", ""m19@0.0020"", ""m20@0.0020"", ""m21@0.0020"", ""m22@0.0020"", ""m23@0.0020"", ""m24@0.0020"", ""m25@0.0020"", ""m26@0.0020"", ""m27@0.0020"", ""m28@0.0020"", ""m29@0.0020"", ""m30@0.0020"", ""m31@0.0020"", ""m32@0.0020"", ""m33@0.0020"", ""m34@0.0032"", ""m35@0.0045"", ""m36@0.0020"", ""m37@0.0020"", ""m38@0.0045"", ""m39@0.0045"", ""m40@0.0020"", ""m41@0.0020"", ""m42@0.0020"", ""m43@0.0045"", ""m44@0.0020"", ""m45@0.0020"", ""m46@0.0045"", ""m47@0.0045"", ""m48@0.0020"", ""m49@0.0020"", ""m50@0.0020"", ""m51@0.0045"", ""m52@0.0020"", ""m53@0.0020"", ""m54@0.0045"", ""m55@0.0045"", ""m56@0.0020"", ""m57@0.0020"", ""m58@0.0020"", ""m59@0.0045"", ""m60@0.0020"", ""m61@0.0020"", ""m62@0.0045"", ""m63@0.0045""]","[""C1"", 1000000, 0, 50000, [[400000, 700000]], 455509]"
syn_64_3_1_01,synthetic,64,3,1,0.16,pareto_dp,True,12889245,0.15925,617.0,107661600,,8599311778809909969,"[""m0@0.0020"", ""m1@0.0020"", ""m2@0.0020"", ""m3@0.0020"", ""m4@0.0020"", ""m5@0.0020"", ""m6@0.0020"", ""m7@0.0045"", ""m8@0.0020"", ""m9@0.0020"", ""m10@0.0020"", ""m11@0.0020"", ""m12@0.0020"", ""m13@0.0020"", ""m14@0.0045"", ""m15@0.0020"", ""m16@0.0020"", ""m17@0.0020"", ""m18@0.0020"", ""m19@0.0045"", ""m20@0.0020"", ""m21@0.0020"", ""m22@0.0020"", ""m23@0.0045"", ""m24@0.0020"", ""m25@0.0020"", ""m26@0.0020"", ""m27@0.0045"", ""m28@0.0020"", ""m29@0.0020"", ""m30@0.0020"", ""m31@0.0045"", ""m32@0.0020"", ""m33@0.0020"", ""m34@0.0020"", ""m35@0.0045"", ""m36@0.0020"", ""m37@0.0020"", ""m38@0.0020"", ""m39@0.0045"", ""m40@0.0020"", ""m41@0.0020"", ""m42@0.0020"", ""m43@0.0045"", ""m44@0.0020"", ""m45@0.0020"", ""m46@0.0020"", ""m47@0.0032"", ""m48@0.0020"", ""m49@0.0020"", ""m50@0.0020"", ""m51@0.0032"", ""m52@0.0020"", ""m53@0.0020"", ""m54@0.0020"", ""m55@0.0032"", ""m56@0.0020"", ""m57@0.0020"", ""m58@0.0032"", ""m59@0.0032"", ""m60@0.0020"", ""m61@0.0020"", ""m62@0.0020"", ""m63@0.0045""]","[""C1"", 1000000, 0, 50000, [[400000, 700000]], 455509]"
syn_64_3_1_01,synthetic,64,3,1,0.16,equal_risk,True,16960697,0.128,,1093400,,8599311778809909969,"[""m0@0.0020"", ""m1@0.0020"", ""m2@0.0020"", ""m3@0.0020"", ""m4@0.0020"", ""m5@0.0020"", ""m6@0.0020"", ""m7@0.0020"", ""m8@0.0020"", ""m9@0.0020"", ""m10@0.0020"", ""m11@0.0020"", ""m12@0.0020"", ""m13@0.0020"", ""m14@0.0020"", ""m15@0.0020"", ""m16@0.0020"", ""m17@0.0020"", ""m18@0.0020"", ""m19@0.0020"", ""m20@0.0020"", ""m21@0.0020"", ""m22@0.0020"", ""m23@0.0020"", ""m24@0.0020"", ""m25@0.0020"", ""m26@0.0020"", ""m27@0.0020"", ""m28@0.0020"", ""m29@0.0020"", ""m30@0.0020"", ""m31@0.0020"", ""m32@0.0020"", ""m33@0.0020"", ""m34@0.0020"", ""m35@0.0020"", ""m36@0.0020"", ""m37@0.0020"", ""m38@0.0020"", ""m39@0.0020"", ""m40@0.0020"", ""m41@0.0020"", ""m42@0.0020"", ""m43@0.0020"", ""m44@0.0020"", ""m45@0.0020"", ""m46@0.0020"", ""m47@0.0020"", ""m48@0.0020"", ""m49@0.0020"", ""m50@0.0020"", ""m51@0.0020"", ""m52@0.0020"", ""m53@0.0020"", ""m54@0.0020"", ""m55@0.0020"", ""m56@0.0020"", ""m57@0.0020"", ""m58@0.0020"", ""m59@0.0020"", ""m60@0.0020"", ""m61@0.0020"", ""m62@0.0020"", ""m63@0.0020""]","[""C1"", 1000000, 0, 50000, [[400000, 700000]], 455509]"
syn_64_3_1_01,synthetic,64,3,1,0.16,proportional_risk,True,16960697,0.128,,1757900,,8599311778809909969,"[""m0@0.0020"", ""m1@0.0020"", ""m2@0.0020"", ""m3@0.0020"", ""m4@0.0020"", ""m5@0.0020"", ""m6@0.0020"", ""m7@0.0020"", ""m8@0.0020"", ""m9@0.0020"", ""m10@0.0020"", ""m11@0.0020"", ""m12@0.0020"", ""m13@0.0020"", ""m14@0.0020"", ""m15@0.0020"", ""m16@0.0020"", ""m17@0.0020"", ""m18@0.0020"", ""m19@0.0020"", ""m20@0.0020"", ""m21@0.0020"", ""m22@0.0020"", ""m23@0.0020"", ""m24@0.0020"", ""m25@0.0020"", ""m26@0.0020"", ""m27@0.0020"", ""m28@0.0020"", ""m29@0.0020"", ""m30@0.0020"", ""m31@0.0020"", ""m32@0.0020"", ""m33@0.0020"", ""m34@0.0020"", ""m35@0.0020"", ""m36@0.0020"", ""m37@0.0020"", ""m38@0.0020"", ""m39@0.0020"", ""m40@0.0020"", ""m41@0.0020"", ""m42@0.0020"", ""m43@0.0020"", ""m44@0.0020"", ""m45@0.0020"", ""m46@0.0020"", ""m47@0.0020"", ""m48@0.0020"", ""m49@0.0020"", ""m50@0.0020"", ""m51@0.0020"", ""m52@0.0020"", ""m53@0.0020"", ""m54@0.0020"", ""m55@0.0020"", ""m56@0.0020"", ""m57@0.0020"", ""m58@0.0020"", ""m59@0.0020"", ""m60@0.0020"", ""m61@0.0020"", ""m62@0.0020"", ""m63@0.0020""]","[""C1"", 1000000, 0, 50000, [[400000, 700000]], 455509]"
syn_64_3_1_01,synthetic,64,3,1,0.16,greedy_gate_catching,True,13985986,0.15925,,66846200,,8599311778809909969,"[""m0@0.0020"", ""m1@0.0020"", ""m2@0.0020"", ""m3@0.0020"", ""m4@0.0020"", ""m5@0.0020"", ""m6@0.0020"", ""m7@0.0020"", ""m8@0.0020"", ""m9@0.0020"", ""m10@0.0020"", ""m11@0.0020"", ""m12@0.0020"", ""m13@0.0020"", ""m14@0.0020"", ""m15@0.0020"", ""m16@0.0020"", ""m17@0.0020"", ""m18@0.0020"", ""m19@0.0020"", ""m20@0.0020"", ""m21@0.0020"", ""m22@0.0020"", ""m23@0.0020"", ""m24@0.0020"", ""m25@0.0020"", ""m26@0.0020"", ""m27@0.0020"", ""m28@0.0020"", ""m29@0.0020"", ""m30@0.0020"", ""m31@0.0020"", ""m32@0.0020"", ""m33@0.0020"", ""m34@0.0020"", ""m35@0.0045"", ""m36@0.0020"", ""m37@0.0032"", ""m38@0.0045"", ""m39@0.0045"", ""m40@0.0020"", ""m41@0.0020"", ""m42@0.0020"", ""m43@0.0045"", ""m44@0.0020"", ""m45@0.0020"", ""m46@0.0045"", ""m47@0.0045"", ""m48@0.0020"", ""m49@0.0032"", ""m50@0.0020"", ""m51@0.0045"", ""m52@0.0020"", ""m53@0.0020"", ""m54@0.0032"", ""m55@0.0045"", ""m56@0.0020"", ""m57@0.0020"", ""m58@0.0045"", ""m59@0.0045"", ""m60@0.0020"", ""m61@0.0020"", ""m62@0.0020"", ""m63@0.0045""]","[""C1"", 1000000, 0, 50000, [[400000, 700000]], 455509]"
syn_64_3_1_02,synthetic,64,3,1,0.16,pareto_dp,True,14344181,0.15925,650.0,95309300,,5931695274761160160,"[""m0@0.0020"", ""m1@0.0020"", ""m2@0.0020"", ""m3@0.0020"", ""m4@0.0020"", ""m5@0.0020"", ""m6@0.0020"", ""m7@0.0045"", ""m8@0.0020"", ""m9@0.0020"", ""m10@0.0032"", ""m11@0.0020"", ""m12@0.0020"", ""m13@0.0020"", ""m14@0.0020"", ""m15@0.0045"", ""m16@0.0020"", ""m17@0.0020"", ""m18@0.0020"", ""m19@0.0020"", ""m20@0.0020"", ""m21@0.0020"", ""m22@0.0020"", ""m23@0.0020"", ""m24@0.0020"", ""m25@0.0020"", ""m26@0.0020"", ""m27@0.0045"", ""m28@0.0020"", ""m29@0.0020"", ""m30@0.0020"", ""m31@0.0032"", ""m32@0.0020"", ""m33@0.0020"", ""m34@0.0020"", ""m35@0.0020"", ""m36@0.0020"", ""m37@0.0020"", ""m38@0.0045"", ""m39@0.0045"", ""m40@0.0020"", ""m41@0.0020"", ""m42@0.0020"", ""m43@0.0045"", ""m44@0.0020"", ""m45@0.0020"", ""m46@0.0020"", ""m47@0.0032"", ""m48@0.0020"", ""m49@0.0020"", ""m50@0.0020"", ""m51@0.0045"", ""m52@0.0020"", ""m53@0.0020"", ""m54@0.0032"", ""m55@0.0045"", ""m56@0.0020"", ""m57@0.0020"", ""m58@0.0020"", ""m59@0.0032"", ""m60@0.0020"", ""m61@0.0020"", ""m62@0.0045"", ""m63@0.0045""]","[""C1"", 1000000, 0, 50000, [[400000, 700000]], 455509]"
syn_64_3_1_02,synthetic,64,3,1,0.16,equal_risk,True,18909034,0.128,,1139100,,5931695274761160160,"[""m0@0.0020"", ""m1@0.0020"", ""m2@0.0020"", ""m3@0.0020"", ""m4@0.0020"", ""m5@0.0020"", ""m6@0.0020"", ""m7@0.0020"", ""m8@0.0020"", ""m9@0.0020"", ""m10@0.0020"", ""m11@0.0020"", ""m12@0.0020"", ""m13@0.0020"", ""m14@0.0020"", ""m15@0.0020"", ""m16@0.0020"", ""m17@0.0020"", ""m18@0.0020"", ""m19@0.0020"", ""m20@0.0020"", ""m21@0.0020"", ""m22@0.0020"", ""m23@0.0020"", ""m24@0.0020"", ""m25@0.0020"", ""m26@0.0020"", ""m27@0.0020"", ""m28@0.0020"", ""m29@0.0020"", ""m30@0.0020"", ""m31@0.0020"", ""m32@0.0020"", ""m33@0.0020"", ""m34@0.0020"", ""m35@0.0020"", ""m36@0.0020"", ""m37@0.0020"", ""m38@0.0020"", ""m39@0.0020"", ""m40@0.0020"", ""m41@0.0020"", ""m42@0.0020"", ""m43@0.0020"", ""m44@0.0020"", ""m45@0.0020"", ""m46@0.0020"", ""m47@0.0020"", ""m48@0.0020"", ""m49@0.0020"", ""m50@0.0020"", ""m51@0.0020"", ""m52@0.0020"", ""m53@0.0020"", ""m54@0.0020"", ""m55@0.0020"", ""m56@0.0020"", ""m57@0.0020"", ""m58@0.0020"", ""m59@0.0020"", ""m60@0.0020"", ""m61@0.0020"", ""m62@0.0020"", ""m63@0.0020""]","[""C1"", 1000000, 0, 50000, [[400000, 700000]], 455509]"
syn_64_3_1_02,synthetic,64,3,1,0.16,proportional_risk,True,18909034,0.128,,1758900,,5931695274761160160,"[""m0@0.0020"", ""m1@0.0020"", ""m2@0.0020"", ""m3@0.0020"", ""m4@0.0020"", ""m5@0.0020"", ""m6@0.0020"", ""m7@0.0020"", ""m8@0.0020"", ""m9@0.0020"", ""m10@0.0020"", ""m11@0.0020"", ""m12@0.0020"", ""m13@0.0020"", ""m14@0.0020"", ""m15@0.0020"", ""m16@0.0020"", ""m17@0.0020"", ""m18@0.0020"", ""m19@0.0020"", ""m20@0.0020"", ""m21@0.0020"", ""m22@0.0020"", ""m23@0.0020"", ""m24@0.0020"", ""m25@0.0020"", ""m26@0.0020"", ""m27@0.0020"", ""m28@0.0020"", ""m29@0.0020"", ""m30@0.0020"", ""m31@0.0020"", ""m32@0.0020"", ""m33@0.0020"", ""m34@0.0020"", ""m35@0.0020"", ""m36@0.0020"", ""m37@0.0020"", ""m38@0.0020"", ""m39@0.0020"", ""m40@0.0020"", ""m41@0.0020"", ""m42@0.0020"", ""m43@0.0020"", ""m44@0.0020"", ""m45@0.0020"", ""m46@0.0020"", ""m47@0.0020"", ""m48@0.0020"", ""m49@0.0020"", ""m50@0.0020"", ""m51@0.0020"", ""m52@0.0020"", ""m53@0.0020"", ""m54@0.0020"", ""m55@0.0020"", ""m56@0.0020"", ""m57@0.0020"", ""m58@0.0020"", ""m59@0.0020"", ""m60@0.0020"", ""m61@0.0020"", ""m62@0.0020"", ""m63@0.0020""]","[""C1"", 1000000, 0, 50000, [[400000, 700000]], 455509]"
syn_64_3_1_02,synthetic,64,3,1,0.16,greedy_gate_catching,True,14783514,0.15925,,69631900,,5931695274761160160,"[""m0@0.0020"", ""m1@0.0020"", ""m2@0.0020"", ""m3@0.0020"", ""m4@0.0020"", ""m5@0.0020"", ""m6@0.0020"", ""m7@0.0032"", ""m8@0.0020"", ""m9@0.0020"", ""m10@0.0020"", ""m11@0.0020"", ""m12@0.0020"", ""m13@0.0020"", ""m14@0.0020"", ""m15@0.0032"", ""m16@0.0020"", ""m17@0.0020"", ""m18@0.0020"", ""m19@0.0020"", ""m20@0.0020"", ""m21@0.0020"", ""m22@0.0020"", ""m23@0.0020"", ""m24@0.0020"", ""m25@0.0020"", ""m26@0.0020"", ""m27@0.0020"", ""m28@0.0020"", ""m29@0.0020"", ""m30@0.0020"", ""m31@0.0020"", ""m32@0.0020"", ""m33@0.0020"", ""m34@0.0020"", ""m35@0.0045"", ""m36@0.0020"", ""m37@0.0020"", ""m38@0.0045"", ""m39@0.0045"", ""m40@0.0020"", ""m41@0.0020"", ""m42@0.0020"", ""m43@0.0045"", ""m44@0.0020"", ""m45@0.0020"", ""m46@0.0020"", ""m47@0.0045"", ""m48@0.0020"", ""m49@0.0020"", ""m50@0.0032"", ""m51@0.0045"", ""m52@0.0020"", ""m53@0.0020"", ""m54@0.0045"", ""m55@0.0045"", ""m56@0.0020"", ""m57@0.0020"", ""m58@0.0020"", ""m59@0.0045"", ""m60@0.0020"", ""m61@0.0020"", ""m62@0.0045"", ""m63@0.0045""]","[""C1"", 1000000, 0, 50000, [[400000, 700000]], 455509]"
syn_64_3_1_03,synthetic,64,3,1,0.16,pareto_dp,True,13168952,0.15925,842.0,115181100,,383429015433942453,"[""m0@0.0020"", ""m1@0.0020"", ""m2@0.0020"", ""m3@0.0032"", ""m4@0.0020"", ""m5@0.0020"", ""m6@0.0020"", ""m7@0.0045"", ""m8@0.0020"", ""m9@0.0020"", ""m10@0.0020"", ""m11@0.0045"", ""m12@0.0020"", ""m13@0.0020"", ""m14@0.0032"", ""m15@0.0045"", ""m16@0.0020"", ""m17@0.0020"", ""m18@0.0020"", ""m19@0.0045"", ""m20@0.0020"", ""m21@0.0020"", ""m22@0.0020"", ""m23@0.0045"", ""m24@0.0020"", ""m25@0.0020"", ""m26@0.0020"", ""m27@0.0020"", ""m28@0.0020"", ""m29@0.0020"", ""m30@0.0045"", ""m31@0.0032"", ""m32@0.0020"", ""m33@0.0020"", ""m34@0.0020"", ""m35@0.0032"", ""m36@0.0020"", ""m37@0.0020"", ""m38@0.0032"", ""m39@0.0020"", ""m40@0.0020"", ""m41@0.0020"", ""m42@0.0020"", ""m43@0.0045"", ""m44@0.0020"", ""m45@0.0020"", ""m46@0.0020"", ""m47@0.0020"", ""m48@0.0020"", ""m49@0.0020"", ""m50@0.0020"", ""m51@0.0045"", ""m52@0.0020"", ""m53@0.0020"", ""m54@0.0020"", ""m55@0.0020"", ""m56@0.0020"", ""m57@0.0020"", ""m58@0.0045"", ""m59@0.0045"", ""m60@0.0020"", ""m61@0.0020"", ""m62@0.0020"", ""m63@0.0020""]","[""C1"", 1000000, 0, 50000, [[400000, 700000]], 455509]"
syn_64_3_1_03,synthetic,64,3,1,0.16,equal_risk,True,17505757,0.128,,1153500,,383429015433942453,"[""m0@0.0020"", ""m1@0.0020"", ""m2@0.0020"", ""m3@0.0020"", ""m4@0.0020"", ""m5@0.0020"", ""m6@0.0020"", ""m7@0.0020"", ""m8@0.0020"", ""m9@0.0020"", ""m10@0.0020"", ""m11@0.0020"", ""m12@0.0020"", ""m13@0.0020"", ""m14@0.0020"", ""m15@0.0020"", ""m16@0.0020"", ""m17@0.0020"", ""m18@0.0020"", ""m19@0.0020"", ""m20@0.0020"", ""m21@0.0020"", ""m22@0.0020"", ""m23@0.0020"", ""m24@0.0020"", ""m25@0.0020"", ""m26@0.0020"", ""m27@0.0020"", ""m28@0.0020"", ""m29@0.0020"", ""m30@0.0020"", ""m31@0.0020"", ""m32@0.0020"", ""m33@0.0020"", ""m34@0.0020"", ""m35@0.0020"", ""m36@0.0020"", ""m37@0.0020"", ""m38@0.0020"", ""m39@0.0020"", ""m40@0.0020"", ""m41@0.0020"", ""m42@0.0020"", ""m43@0.0020"", ""m44@0.0020"", ""m45@0.0020"", ""m46@0.0020"", ""m47@0.0020"", ""m48@0.0020"", ""m49@0.0020"", ""m50@0.0020"", ""m51@0.0020"", ""m52@0.0020"", ""m53@0.0020"", ""m54@0.0020"", ""m55@0.0020"", ""m56@0.0020"", ""m57@0.0020"", ""m58@0.0020"", ""m59@0.0020"", ""m60@0.0020"", ""m61@0.0020"", ""m62@0.0020"", ""m63@0.0020""]","[""C1"", 1000000, 0, 50000, [[400000, 700000]], 455509]"
syn_64_3_1_03,synthetic,64,3,1,0.16,proportional_risk,True,17505757,0.128,,1825000,,383429015433942453,"[""m0@0.0020"", ""m1@0.0020"", ""m2@0.0020"", ""m3@0.0020"", ""m4@0.0020"", ""m5@0.0020"", ""m6@0.0020"", ""m7@0.0020"", ""m8@0.0020"", ""m9@0.0020"", ""m10@0.0020"", ""m11@0.0020"", ""m12@0.0020"", ""m13@0.0020"", ""m14@0.0020"", ""m15@0.0020"", ""m16@0.0020"", ""m17@0.0020"", ""m18@0.0020"", ""m19@0.0020"", ""m20@0.0020"", ""m21@0.0020"", ""m22@0.0020"", ""m23@0.0020"", ""m24@0.0020"", ""m25@0.0020"", ""m26@0.0020"", ""m27@0.0020"", ""m28@0.0020"", ""m29@0.0020"", ""m30@0.0020"", ""m31@0.0020"", ""m32@0.0020"", ""m33@0.0020"", ""m34@0.0020"", ""m35@0.0020"", ""m36@0.0020"", ""m37@0.0020"", ""m38@0.0020"", ""m39@0.0020"", ""m40@0.0020"", ""m41@0.0020"", ""m42@0.0020"", ""m43@0.0020"", ""m44@0.0020"", ""m45@0.0020"", ""m46@0.0020"", ""m47@0.0020"", ""m48@0.0020"", ""m49@0.0020"", ""m50@0.0020"", ""m51@0.0020"", ""m52@0.0020"", ""m53@0.0020"", ""m54@0.0020"", ""m55@0.0020"", ""m56@0.0020"", ""m57@0.0020"", ""m58@0.0020"", ""m59@0.0020"", ""m60@0.0020"", ""m61@0.0020"", ""m62@0.0020"", ""m63@0.0020""]","[""C1"", 1000000, 0, 50000, [[400000, 700000]], 455509]"
syn_64_3_1_03,synthetic,64,3,1,0.16,greedy_gate_catching,True,13974469,0.15925,,66707200,,383429015433942453,"[""m0@0.0020"", ""m1@0.0020"", ""m2@0.0020"", ""m3@0.0020"", ""m4@0.0020"", ""m5@0.0020"", ""m6@0.0020"", ""m7@0.0020"", ""m8@0.0020"", ""m9@0.0020"", ""m10@0.0020"", ""m11@0.0032"", ""m12@0.0020"", ""m13@0.0020"", ""m14@0.0020"", ""m15@0.0032"", ""m16@0.0020"", ""m17@0.0020"", ""m18@0.0020"", ""m19@0.0020"", ""m20@0.0020"", ""m21@0.0020"", ""m22@0.0020"", ""m23@0.0020"", ""m24@0.0020"", ""m25@0.0020"", ""m26@0.0020"", ""m27@0.0020"", ""m28@0.0020"", ""m29@0.0020"", ""m30@0.0020"", ""m31@0.0020"", ""m32@0.0020"", ""m33@0.0020"", ""m34@0.0020"", ""m35@0.0045"", ""m36@0.0020"", ""m37@0.0020"", ""m38@0.0045"", ""m39@0.0045"", ""m40@0.0020"", ""m41@0.0020"", ""m42@0.0045"", ""m43@0.0045"", ""m44@0.0020"", ""m45@0.0020"", ""m46@0.0020"", ""m47@0.0020"", ""m48@0.0020"", ""m49@0.0020"", ""m50@0.0045"", ""m51@0.0045"", ""m52@0.0020"", ""m53@0.0020"", ""m54@0.0032"", ""m55@0.0045"", ""m56@0.0020"", ""m57@0.0020"", ""m58@0.0045"", ""m59@0.0045"", ""m60@0.0020"", ""m61@0.0020"", ""m62@0.0020"", ""m63@0.0045""]","[""C1"", 1000000, 0, 50000, [[400000, 700000]], 455509]"
syn_64_3_1_04,synthetic,64,3,1,0.16,pareto_dp,True,13162277,0.15925,792.0,119411400,,14223977614474275477,"[""m0@0.0020"", ""m1@0.0020"", ""m2@0.0020"", ""m3@0.0020"", ""m4@0.0020"", ""m5@0.0020"", ""m6@0.0032"", ""m7@0.0032"", ""m8@0.0020"", ""m9@0.0020"", ""m10@0.0020"", ""m11@0.0045"", ""m12@0.0020"", ""m13@0.0020"", ""m14@0.0020"", ""m15@0.0045"", ""m16@0.0020"", ""m17@0.0020"", ""m18@0.0020"", ""m19@0.0020"", ""m20@0.0020"", ""m21@0.0020"", ""m22@0.0020"", ""m23@0.0020"", ""m24@0.0020"", ""m25@0.0020"", ""m26@0.0020"", ""m27@0.0045"", ""m28@0.0020"", ""m29@0.0020"", ""m30@0.0045"", ""m31@0.0020"", ""m32@0.0020"", ""m33@0.0020"", ""m34@0.0020"", ""m35@0.0020"", ""m36@0.0020"", ""m37@0.0020"", ""m38@0.0020"", ""m39@0.0020"", ""m40@0.0020"", ""m41@0.0020"", ""m42@0.0020"", ""m43@0.0020"", ""m44@0.0020"", ""m45@0.0020"", ""m46@0.0045"", ""m47@0.0045"", ""m48@0.0020"", ""m49@0.0020"", ""m50@0.0045"", ""m51@0.0045"", ""m52@0.0020"", ""m53@0.0020"", ""m54@0.0020"", ""m55@0.0045"", ""m56@0.0020"", ""m57@0.0020"", ""m58@0.0020"", ""m59@0.0045"", ""m60@0.0020"", ""m61@0.0020"", ""m62@0.0045"", ""m63@0.0032""]","[""C1"", 1000000, 0, 50000, [[400000, 700000]], 455509]"
syn_64_3_1_04,synthetic,64,3,1,0.16,equal_risk,True,17210543,0.128,,1119000,,14223977614474275477,"[""m0@0.0020"", ""m1@0.0020"", ""m2@0.0020"", ""m3@0.0020"", ""m4@0.0020"", ""m5@0.0020"", ""m6@0.0020"", ""m7@0.0020"", ""m8@0.0020"", ""m9@0.0020"", ""m10@0.0020"", ""m11@0.0020"", ""m12@0.0020"", ""m13@0.0020"", ""m14@0.0020"", ""m15@0.0020"", ""m16@0.0020"", ""m17@0.0020"", ""m18@0.0020"", ""m19@0.0020"", ""m20@0.0020"", ""m21@0.0020"", ""m22@0.0020"", ""m23@0.0020"", ""m24@0.0020"", ""m25@0.0020"", ""m26@0.0020"", ""m27@0.0020"", ""m28@0.0020"", ""m29@0.0020"", ""m30@0.0020"", ""m31@0.0020"", ""m32@0.0020"", ""m33@0.0020"", ""m34@0.0020"", ""m35@0.0020"", ""m36@0.0020"", ""m37@0.0020"", ""m38@0.0020"", ""m39@0.0020"", ""m40@0.0020"", ""m41@0.0020"", ""m42@0.0020"", ""m43@0.0020"", ""m44@0.0020"", ""m45@0.0020"", ""m46@0.0020"", ""m47@0.0020"", ""m48@0.0020"", ""m49@0.0020"", ""m50@0.0020"", ""m51@0.0020"", ""m52@0.0020"", ""m53@0.0020"", ""m54@0.0020"", ""m55@0.0020"", ""m56@0.0020"", ""m57@0.0020"", ""m58@0.0020"", ""m59@0.0020"", ""m60@0.0020"", ""m61@0.0020"", ""m62@0.0020"", ""m63@0.0020""]","[""C1"", 1000000, 0, 50000, [[400000, 700000]], 455509]"
syn_64_3_1_04,synthetic,64,3,1,0.16,proportional_risk,True,17210543,0.128,,1826800,,14223977614474275477,"[""m0@0.0020"", ""m1@0.0020"", ""m2@0.0020"", ""m3@0.0020"", ""m4@0.0020"", ""m5@0.0020"", ""m6@0.0020"", ""m7@0.0020"", ""m8@0.0020"", ""m9@0.0020"", ""m10@0.0020"", ""m11@0.0020"", ""m12@0.0020"", ""m13@0.0020"", ""m14@0.0020"", ""m15@0.0020"", ""m16@0.0020"", ""m17@0.0020"", ""m18@0.0020"", ""m19@0.0020"", ""m20@0.0020"", ""m21@0.0020"", ""m22@0.0020"", ""m23@0.0020"", ""m24@0.0020"", ""m25@0.0020"", ""m26@0.0020"", ""m27@0.0020"", ""m28@0.0020"", ""m29@0.0020"", ""m30@0.0020"", ""m31@0.0020"", ""m32@0.0020"", ""m33@0.0020"", ""m34@0.0020"", ""m35@0.0020"", ""m36@0.0020"", ""m37@0.0020"", ""m38@0.0020"", ""m39@0.0020"", ""m40@0.0020"", ""m41@0.0020"", ""m42@0.0020"", ""m43@0.0020"", ""m44@0.0020"", ""m45@0.0020"", ""m46@0.0020"", ""m47@0.0020"", ""m48@0.0020"", ""m49@0.0020"", ""m50@0.0020"", ""m51@0.0020"", ""m52@0.0020"", ""m53@0.0020"", ""m54@0.0020"", ""m55@0.0020"", ""m56@0.0020"", ""m57@0.0020"", ""m58@0.0020"", ""m59@0.0020"", ""m60@0.0020"", ""m61@0.0020"", ""m62@0.0020"", ""m63@0.0020""]","[""C1"", 1000000, 0, 50000, [[400000, 700000]], 455509]"
syn_64_3_1_04,synthetic,64,3,1,0.16,greedy_gate_catching,True,14298997,0.15925,,66958800,,14223977614474275477,"[""m0@0.0020"", ""m1@0.0020"", ""m2@0.0020"", ""m3@0.0020"", ""m4@0.0020"", ""m5@0.0020"", ""m6@0.0020"", ""m7@0.0020"", ""m8@0.0020"", ""m9@0.0020"", ""m10@0.0020"", ""m11@0.0020"", ""m12@0.0020"", ""m13@0.0020"", ""m14@0.0020"", ""m15@0.0020"", ""m16@0.0020"", ""m17@0.0020"", ""m18@0.0020"", ""m19@0.0020"", ""m20@0.0020"", ""m21@0.0020"", ""m22@0.0020"", ""m23@0.0020"", ""m24@0.0020"", ""m25@0.0020"", ""m26@0.0020"", ""m27@0.0020"", ""m28@0.0020"", ""m29@0.0020"", ""m30@0.0020"", ""m31@0.0020"", ""m32@0.0020"", ""m33@0.0020"", ""m34@0.0020"", ""m35@0.0045"", ""m36@0.0020"", ""m37@0.0020"", ""m38@0.0045"", ""m39@0.0045"", ""m40@0.0020"", ""m41@0.0020"", ""m42@0.0020"", ""m43@0.0045"", ""m44@0.0020"", ""m45@0.0020"", ""m46@0.0045"", ""m47@0.0045"", ""m48@0.0020"", ""m49@0.0020"", ""m50@0.0045"", ""m51@0.0045"", ""m52@0.0020"", ""m53@0.0020"", ""m54@0.0020"", ""m55@0.0045"", ""m56@0.0020"", ""m57@0.0020"", ""m58@0.0032"", ""m59@0.0045"", ""m60@0.0020"", ""m61@0.0020"", ""m62@0.0045"", ""m63@0.0045""]","[""C1"", 1000000, 0, 50000, [[400000, 700000]], 455509]"
syn_64_3_1_05,synthetic,64,3,1,0.16,pareto_dp,True,14470606,0.15925,735.0,97867100,,9821542078949178529,"[""m0@0.0020"", ""m1@0.0020"", ""m2@0.0020"", ""m3@0.0045"", ""m4@0.0020"", ""m5@0.0020"", ""m6@0.0020"", ""m7@0.0032"", ""m8@0.0020"", ""m9@0.0020"", ""m10@0.0020"", ""m11@0.0045"", ""m12@0.0020"", ""m13@0.0020"", ""m14@0.0020"", ""m15@0.0045"", ""m16@0.0020"", ""m17@0.0020"", ""m18@0.0020"", ""m19@0.0020"", ""m20@0.0020"", ""m21@0.0020"", ""m22@0.0020"", ""m23@0.0045"", ""m24@0.0020"", ""m25@0.0020"", ""m26@0.0020"", ""m27@0.0045"", ""m28@0.0020"", ""m29@0.0020"", ""m30@0.0020"", ""m31@0.0045"", ""m32@0.0020"", ""m33@0.0020"", ""m34@0.0020"", ""m35@0.0045"", ""m36@0.0020"", ""m37@0.0020"", ""m38@0.0020"", ""m39@0.0045"", ""m40@0.0020"", ""m41@0.0020"", ""m42@0.0020"", ""m43@0.0045"", ""m44@0.0020"", ""m45@0.0020"", ""m46@0.0020"", ""m47@0.0020"", ""m48@0.0020"", ""m49@0.0020"", ""m50@0.0020"", ""m51@0.0045"", ""m52@0.0020"", ""m53@0.0020"", ""m54@0.0020"", ""m55@0.0045"", ""m56@0.0020"", ""m57@0.0020"", ""m58@0.0020"", ""m59@0.0045"", ""m60@0.0020"", ""m61@0.0020"", ""m62@0.0020"", ""m63@0.0020""]","[""C1"", 1000000, 0, 50000, [[400000, 700000]], 455509]"
syn_64_3_1_05,synthetic,64,3,1,0.16,equal_risk,True,19470036,0.128,,1200200,,9821542078949178529,"[""m0@0.0020"", ""m1@0.0020"", ""m2@0.0020"", ""m3@0.0020"", ""m4@0.0020"", ""m5@0.0020"", ""m6@0.0020"", ""m7@0.0020"", ""m8@0.0020"", ""m9@0.0020"", ""m10@0.0020"", ""m11@0.0020"", ""m12@0.0020"", ""m13@0.0020"", ""m14@0.0020"", ""m15@0.0020"", ""m16@0.0020"", ""m17@0.0020"", ""m18@0.0020"", ""m19@0.0020"", ""m20@0.0020"", ""m21@0.0020"", ""m22@0.0020"", ""m23@0.0020"", ""m24@0.0020"", ""m25@0.0020"", ""m26@0.0020"", ""m27@0.0020"", ""m28@0.0020"", ""m29@0.0020"", ""m30@0.0020"", ""m31@0.0020"", ""m32@0.0020"", ""m33@0.0020"", ""m34@0.0020"", ""m35@0.0020"", ""m36@0.0020"", ""m37@0.0020"", ""m38@0.0020"", ""m39@0.0020"", ""m40@0.0020"", ""m41@0.0020"", ""m42@0.0020"", ""m43@0.0020"", ""m44@0.0020"", ""m45@0.0020"", ""m46@0.0020"", ""m47@0.0020"", ""m48@0.0020"", ""m49@0.0020"", ""m50@0.0020"", ""m51@0.0020"", ""m52@0.0020"", ""m53@0.0020"", ""m54@0.0020"", ""m55@0.0020"", ""m56@0.0020"", ""m57@0.0020"", ""m58@0.0020"", ""m59@0.0020"", ""m60@0.0020"", ""m61@0.0020"", ""m62@0.0020"", ""m63@0.0020""]","[""C1"", 1000000, 0, 50000, [[400000, 700000]], 455509]"
syn_64_3_1_05,synthetic,64,3,1,0.16,proportional_risk,True,19470036,0.128,,1897300,,9821542078949178529,"[""m0@0.0020"", ""m1@0.0020"", ""m2@0.0020"", ""m3@0.0020"", ""m4@0.0020"", ""m5@0.0020"", ""m6@0.0020"", ""m7@0.0020"", ""m8@0.0020"", ""m9@0.0020"", ""m10@0.0020"", ""m11@0.0020"", ""m12@0.0020"", ""m13@0.0020"", ""m14@0.0020"", ""m15@0.0020"", ""m16@0.0020"", ""m17@0.0020"", ""m18@0.0020"", ""m19@0.0020"", ""m20@0.0020"", ""m21@0.0020"", ""m22@0.0020"", ""m23@0.0020"", ""m24@0.0020"", ""m25@0.0020"", ""m26@0.0020"", ""m27@0.0020"", ""m28@0.0020"", ""m29@0.0020"", ""m30@0.0020"", ""m31@0.0020"", ""m32@0.0020"", ""m33@0.0020"", ""m34@0.0020"", ""m35@0.0020"", ""m36@0.0020"", ""m37@0.0020"", ""m38@0.0020"", ""m39@0.0020"", ""m40@0.0020"", ""m41@0.0020"", ""m42@0.0020"", ""m43@0.0020"", ""m44@0.0020"", ""m45@0.0020"", ""m46@0.0020"", ""m47@0.0020"", ""m48@0.0020"", ""m49@0.0020"", ""m50@0.0020"", ""m51@0.0020"", ""m52@0.0020"", ""m53@0.0020"", ""m54@0.0020"", ""m55@0.0020"", ""m56@0.0020"", ""m57@0.0020"", ""m58@0.0020"", ""m59@0.0020"", ""m60@0.0020"", ""m61@0.0020"", ""m62@0.0020"", ""m63@0.0020""]","[""C1"", 1000000, 0, 50000, [[400000, 700000]], 455509]"
syn_64_3_1_05,synthetic,64,3,1,0.16,greedy_gate_catching,True,16183331,0.15925,,66287700,,9821542078949178529,"[""m0@0.0020"", ""m1@0.0020"", ""m2@0.0020"", ""m3@0.0020"", ""m4@0.0020"", ""m5@0.0020"", ""m6@0.0020"", ""m7@0.0020"", ""m8@0.0020"", ""m9@0.0020"", ""m10@0.0020"", ""m11@0.0020"", ""m12@0.0020"", ""m13@0.0020"", ""m14@0.0020"", ""m15@0.0020"", ""m16@0.0020"", ""m17@0.0020"", ""m18@0.0020"", ""m19@0.0020"", ""m20@0.0020"", ""m21@0.0020"", ""m22@0.0020"", ""m23@0.0020"", ""m24@0.0020"", ""m25@0.0020"", ""m26@0.0020"", ""m27@0.0020"", ""m28@0.0020"", ""m29@0.0020"", ""m30@0.0020"", ""m31@0.0020"", ""m32@0.0020"", ""m33@0.0020"", ""m34@0.0020"", ""m35@0.0045"", ""m36@0.0020"", ""m37@0.0020"", ""m38@0.0032"", ""m39@0.0045"", ""m40@0.0020"", ""m41@0.0020"", ""m42@0.0020"", ""m43@0.0045"", ""m44@0.0020"", ""m45@0.0020"", ""m46@0.0032"", ""m47@0.0045"", ""m48@0.0020"", ""m49@0.0020"", ""m50@0.0032"", ""m51@0.0045"", ""m52@0.0020"", ""m53@0.0020"", ""m54@0.0045"", ""m55@0.0045"", ""m56@0.0020"", ""m57@0.0020"", ""m58@0.0045"", ""m59@0.0045"", ""m60@0.0020"", ""m61@0.0020"", ""m62@0.0045"", ""m63@0.0045""]","[""C1"", 1000000, 0, 50000, [[400000, 700000]], 455509]"
syn_64_3_1_06,synthetic,64,3,1,0.16,pareto_dp,True,14183214,0.15925,755.0,113219800,,12133782681350242924,"[""m0@0.0020"", ""m1@0.0020"", ""m2@0.0020"", ""m3@0.0045"", ""m4@0.0020"", ""m5@0.0020"", ""m6@0.0032"", ""m7@0.0020"", ""m8@0.0020"", ""m9@0.0020"", ""m10@0.0020"", ""m11@0.0045"", ""m12@0.0020"", ""m13@0.0020"", ""m14@0.0045"", ""m15@0.0045"", ""m16@0.0020"", ""m17@0.0020"", ""m18@0.0020"", ""m19@0.0045"", ""m20@0.0020"", ""m21@0.0020"", ""m22@0.0020"", ""m23@0.0045"", ""m24@0.0020"", ""m25@0.0020"", ""m26@0.0020"", ""m27@0.0032"", ""m28@0.0020"", ""m29@0.0020"", ""m30@0.0020"", ""m31@0.0045"", ""m32@0.0020"", ""m33@0.0020"", ""m34@0.0020"", ""m35@0.0045"", ""m36@0.0020"", ""m37@0.0020"", ""m38@0.0020"", ""m39@0.0045"", ""m40@0.0020"", ""m41@0.0020"", ""m42@0.0020"", ""m43@0.0020"", ""m44@0.0020"", ""m45@0.0020"", ""m46@0.0020"", ""m47@0.0045"", ""m48@0.0020"", ""m49@0.0020"", ""m50@0.0020"", ""m51@0.0032"", ""m52@0.0020"", ""m53@0.0020"", ""m54@0.0020"", ""m55@0.0020"", ""m56@0.0020"", ""m57@0.0020"", ""m58@0.0020"", ""m59@0.0020"", ""m60@0.0020"", ""m61@0.0020"", ""m62@0.0020"", ""m63@0.0045""]","[""C1"", 1000000, 0, 50000, [[400000, 700000]], 455509]"
syn_64_3_1_06,synthetic,64,3,1,0.16,equal_risk,True,18708112,0.128,,1153400,,12133782681350242924,"[""m0@0.0020"", ""m1@0.0020"", ""m2@0.0020"", ""m3@0.0020"", ""m4@0.0020"", ""m5@0.0020"", ""m6@0.0020"", ""m7@0.0020"", ""m8@0.0020"", ""m9@0.0020"", ""m10@0.0020"", ""m11@0.0020"", ""m12@0.0020"", ""m13@0.0020"", ""m14@0.0020"", ""m15@0.0020"", ""m16@0.0020"", ""m17@0.0020"", ""m18@0.0020"", ""m19@0.0020"", ""m20@0.0020"", ""m21@0.0020"", ""m22@0.0020"", ""m23@0.0020"", ""m24@0.0020"", ""m25@0.0020"", ""m26@0.0020"", ""m27@0.0020"", ""m28@0.0020"", ""m29@0.0020"", ""m30@0.0020"", ""m31@0.0020"", ""m32@0.0020"", ""m33@0.0020"", ""m34@0.0020"", ""m35@0.0020"", ""m36@0.0020"", ""m37@0.0020"", ""m38@0.0020"", ""m39@0.0020"", ""m40@0.0020"", ""m41@0.0020"", ""m42@0.0020"", ""m43@0.0020"", ""m44@0.0020"", ""m45@0.0020"", ""m46@0.0020"", ""m47@0.0020"", ""m48@0.0020"", ""m49@0.0020"", ""m50@0.0020"", ""m51@0.0020"", ""m52@0.0020"", ""m53@0.0020"", ""m54@0.0020"", ""m55@0.0020"", ""m56@0.0020"", ""m57@0.0020"", ""m58@0.0020"", ""m59@0.0020"", ""m60@0.0020"", ""m61@0.0020"", ""m62@0.0020"", ""m63@0.0020""]","[""C1"", 1000000, 0, 50000, [[400000, 700000]], 455509]"
syn_64_3_1_06,synthetic,64,3,1,0.16,proportional_risk,True,18708112,0.128,,1888500,,12133782681350242924,"[""m0@0.0020"", ""m1@0.0020"", ""m2@0.0020"", ""m3@0.0020"", ""m4@0.0020"", ""m5@0.0020"", ""m6@0.0020"", ""m7@0.0020"", ""m8@0.0020"", ""m9@0.0020"", ""m10@0.0020"", ""m11@0.0020"", ""m12@0.0020"", ""m13@0.0020"", ""m14@0.0020"", ""m15@0.0020"", ""m16@0.0020"", ""m17@0.0020"", ""m18@0.0020"", ""m19@0.0020"", ""m20@0.0020"", ""m21@0.0020"", ""m22@0.0020"", ""m23@0.0020"", ""m24@0.0020"", ""m25@0.0020"", ""m26@0.0020"", ""m27@0.0020"", ""m28@0.0020"", ""m29@0.0020"", ""m30@0.0020"", ""m31@0.0020"", ""m32@0.0020"", ""m33@0.0020"", ""m34@0.0020"", ""m35@0.0020"", ""m36@0.0020"", ""m37@0.0020"", ""m38@0.0020"", ""m39@0.0020"", ""m40@0.0020"", ""m41@0.0020"", ""m42@0.0020"", ""m43@0.0020"", ""m44@0.0020"", ""m45@0.0020"", ""m46@0.0020"", ""m47@0.0020"", ""m48@0.0020"", ""m49@0.0020"", ""m50@0.0020"", ""m51@0.0020"", ""m52@0.0020"", ""m53@0.0020"", ""m54@0.0020"", ""m55@0.0020"", ""m56@0.0020"", ""m57@0.0020"", ""m58@0.0020"", ""m59@0.0020"", ""m60@0.0020"", ""m61@0.0020"", ""m62@0.0020"", ""m63@0.0020""]","[""C1"", 1000000, 0, 50000, [[400000, 700000]], 455509]"
syn_64_3_1_06,synthetic,64,3,1,0.16,greedy_gate_catching,True,15580135,0.15925,,68102300,,12133782681350242924,"[""m0@0.0020"", ""m1@0.0020"", ""m2@0.0020"", ""m3@0.0020"", ""m4@0.0020"", ""m5@0.0020"", ""m6@0.0020"", ""m7@0.0020"", ""m8@0.0020"", ""m9@0.0020"", ""m10@0.0020"", ""m11@0.0020"", ""m12@0.0020"", ""m13@0.0020"", ""m14@0.0020"", ""m15@0.0020"", ""m16@0.0020"", ""m17@0.0020"", ""m18@0.0020"", ""m19@0.0020"", ""m20@0.0020"", ""m21@0.0020"", ""m22@0.0020"", ""m23@0.0020"", ""m24@0.0020"", ""m25@0.0020"", ""m26@0.0020"", ""m27@0.0020"", ""m28@0.0020"", ""m29@0.0020"", ""m30@0.0020"", ""m31@0.0020"", ""m32@0.0020"", ""m33@0.0020"", ""m34@0.0020"", ""m35@0.0045"", ""m36@0.0020"", ""m37@0.0020"", ""m38@0.0045"", ""m39@0.0045"", ""m40@0.0020"", ""m41@0.0020"", ""m42@0.0020"", ""m43@0.0045"", ""m44@0.0020"", ""m45@0.0020"", ""m46@0.0045"", ""m47@0.0045"", ""m48@0.0020"", ""m49@0.0045"", ""m50@0.0045"", ""m51@0.0045"", ""m52@0.0020"", ""m53@0.0020"", ""m54@0.0020"", ""m55@0.0032"", ""m56@0.0020"", ""m57@0.0020"", ""m58@0.0020"", ""m59@0.0045"", ""m60@0.0020"", ""m61@0.0020"", ""m62@0.0045"", ""m63@0.0045""]","[""C1"", 1000000, 0, 50000, [[400000, 700000]], 455509]"
syn_64_3_1_07,synthetic,64,3,1,0.16,pareto_dp,True,14131302,0.15925,647.0,98969000,,10140614238737694594,"[""m0@0.0020"", ""m1@0.0020"", ""m2@0.0020"", ""m3@0.0045"", ""m4@0.0020"", ""m5@0.0020"", ""m6@0.0020"", ""m7@0.0045"", ""m8@0.0020"", ""m9@0.0020"", ""m10@0.0032"", ""m11@0.0045"", ""m12@0.0020"", ""m13@0.0020"", ""m14@0.0020"", ""m15@0.0020"", ""m16@0.0020"", ""m17@0.0020"", ""m18@0.0020"", ""m19@0.0045"", ""m20@0.0020"", ""m21@0.0020"", ""m22@0.0020"", ""m23@0.0045"", ""m24@0.0020"", ""m25@0.0020"", ""m26@0.0020"", ""m27@0.0045"", ""m28@0.0020"", ""m29@0.0020"", ""m30@0.0020"", ""m31@0.0045"", ""m32@0.0020"", ""m33@0.0020"", ""m34@0.0020"", ""m35@0.0020"", ""m36@0.0020"", ""m37@0.0020"", ""m38@0.0020"", ""m39@0.0020"", ""m40@0.0020"", ""m41@0.0020"", ""m42@0.0020"", ""m43@0.0045"", ""m44@0.0020"", ""m45@0.0020"", ""m46@0.0020"", ""m47@0.0045"", ""m48@0.0020"", ""m49@0.0020"", ""m50@0.0020"", ""m51@0.0020"", ""m52@0.0020"", ""m53@0.0020"", ""m54@0.0020"", ""m55@0.0045"", ""m56@0.0020"", ""m57@0.0020"", ""m58@0.0020"", ""m59@0.0045"", ""m60@0.0020"", ""m61@0.0020"", ""m62@0.0020"", ""m63@0.0045""]","[""C1"", 1000000, 0, 50000, [[400000, 700000]], 455509]"
syn_64_3_1_07,synthetic,64,3,1,0.16,equal_risk,True,18654997,0.128,,1163900,,10140614238737694594,"[""m0@0.0020"", ""m1@0.0020"", ""m2@0.0020"", ""m3@0.0020"", ""m4@0.0020"", ""m5@0.0020"", ""m6@0.0020"", ""m7@0.0020"", ""m8@0.0020"", ""m9@0.0020"", ""m10@0.0020"", ""m11@0.0020"", ""m12@0.0020"", ""m13@0.0020"", ""m14@0.0020"", ""m15@0.0020"", ""m16@0.0020"", ""m17@0.0020"", ""m18@0.0020"", ""m19@0.0020"", ""m20@0.0020"", ""m21@0.0020"", ""m22@0.0020"", ""m23@0.0020"", ""m24@0.0020"", ""m25@0.0020"", ""m26@0.0020"", ""m27@0.0020"", ""m28@0.0020"", ""m29@0.0020"", ""m30@0.0020"", ""m31@0.0020"", ""m32@0.0020"", ""m33@0.0020"", ""m34@0.0020"", ""m35@0.0020"", ""m36@0.0020"", ""m37@0.0020"", ""m38@0.0020"", ""m39@0.0020"", ""m40@0.0020"", ""m41@0.0020"", ""m42@0.0020"", ""m43@0.0020"", ""m44@0.0020"", ""m45@0.0020"", ""m46@0.0020"", ""m47@0.0020"", ""m48@0.0020"", ""m49@0.0020"", ""m50@0.0020"", ""m51@0.0020"", ""m52@0.0020"", ""m53@0.0020"", ""m54@0.0020"", ""m55@0.0020"", ""m56@0.0020"", ""m57@0.0020"", ""m58@0.0020"", ""m59@0.0020"", ""m60@0.0020"", ""m61@0.0020"", ""m62@0.0020"", ""m63@0.0020""]","[""C1"", 1000000, 0, 50000, [[400000, 700000]], 455509]"
syn_64_3_1_07,synthetic,64,3,1,0.16,proportional_risk,True,18654997,0.128,,1906300,,10140614238737694594,"[""m0@0.0020"", ""m1@0.0020"", ""m2@0.0020"", ""m3@0.0020"", ""m4@0.0020"", ""m5@0.0020"", ""m6@0.0020"", ""m7@0.0020"", ""m8@0.0020"", ""m9@0.0020"", ""m10@0.0020"", ""m11@0.0020"", ""m12@0.0020"", ""m13@0.0020"", ""m14@0.0020"", ""m15@0.0020"", ""m16@0.0020"", ""m17@0.0020"", ""m18@0.0020"", ""m19@0.0020"", ""m20@0.0020"", ""m21@0.0020"", ""m22@0.0020"", ""m23@0.0020"", ""m24@0.0020"", ""m25@0.0020"", ""m26@0.0020"", ""m27@0.0020"", ""m28@0.0020"", ""m29@0.0020"", ""m30@0.0020"", ""m31@0.0020"", ""m32@0.0020"", ""m33@0.0020"", ""m34@0.0020"", ""m35@0.0020"", ""m36@0.0020"", ""m37@0.0020"", ""m38@0.0020"", ""m39@0.0020"", ""m40@0.0020"", ""m41@0.0020"", ""m42@0.0020"", ""m43@0.0020"", ""m44@0.0020"", ""m45@0.0020"", ""m46@0.0020"", ""m47@0.0020"", ""m48@0.0020"", ""m49@0.0020"", ""m50@0.0020"", ""m51@0.0020"", ""m52@0.0020"", ""m53@0.0020"", ""m54@0.0020"", ""m55@0.0020"", ""m56@0.0020"", ""m57@0.0020"", ""m58@0.0020"", ""m59@0.0020"", ""m60@0.0020"", ""m61@0.0020"", ""m62@0.0020"", ""m63@0.0020""]","[""C1"", 1000000, 0, 50000, [[400000, 700000]], 455509]"
syn_64_3_1_07,synthetic,64,3,1,0.16,greedy_gate_catching,True,15508182,0.15925,,67805900,,10140614238737694594,"[""m0@0.0020"", ""m1@0.0020"", ""m2@0.0020"", ""m3@0.0020"", ""m4@0.0020"", ""m5@0.0020"", ""m6@0.0020"", ""m7@0.0020"", ""m8@0.0020"", ""m9@0.0020"", ""m10@0.0020"", ""m11@0.0020"", ""m12@0.0020"", ""m13@0.0020"", ""m14@0.0020"", ""m15@0.0020"", ""m16@0.0020"", ""m17@0.0020"", ""m18@0.0020"", ""m19@0.0020"", ""m20@0.0020"", ""m21@0.0020"", ""m22@0.0020"", ""m23@0.0020"", ""m24@0.0020"", ""m25@0.0020"", ""m26@0.0020"", ""m27@0.0020"", ""m28@0.0020"", ""m29@0.0020"", ""m30@0.0020"", ""m31@0.0020"", ""m32@0.0020"", ""m33@0.0020"", ""m34@0.0032"", ""m35@0.0020"", ""m36@0.0020"", ""m37@0.0020"", ""m38@0.0045"", ""m39@0.0045"", ""m40@0.0020"", ""m41@0.0020"", ""m42@0.0045"", ""m43@0.0045"", ""m44@0.0020"", ""m45@0.0020"", ""m46@0.0045"", ""m47@0.0045"", ""m48@0.0020"", ""m49@0.0020"", ""m50@0.0020"", ""m51@0.0045"", ""m52@0.0020"", ""m53@0.0020"", ""m54@0.0045"", ""m55@0.0045"", ""m56@0.0020"", ""m57@0.0020"", ""m58@0.0045"", ""m59@0.0045"", ""m60@0.0020"", ""m61@0.0020"", ""m62@0.0020"", ""m63@0.0045""]","[""C1"", 1000000, 0, 50000, [[400000, 700000]], 455509]"
syn_64_3_1_08,synthetic,64,3,1,0.16,pareto_dp,True,14210132,0.15925,903.0,132689800,,1558730383971433001,"[""m0@0.0020"", ""m1@0.0020"", ""m2@0.0020"", ""m3@0.0045"", ""m4@0.0020"", ""m5@0.0020"", ""m6@0.0020"", ""m7@0.0045"", ""m8@0.0020"", ""m9@0.0020"", ""m10@0.0032"", ""m11@0.0020"", ""m12@0.0020"", ""m13@0.0020"", ""m14@0.0045"", ""m15@0.0045"", ""m16@0.0020"", ""m17@0.0020"", ""m18@0.0020"", ""m19@0.0020"", ""m20@0.0020"", ""m21@0.0020"", ""m22@0.0020"", ""m23@0.0045"", ""m24@0.0020"", ""m25@0.0020"", ""m26@0.0020"", ""m27@0.0032"", ""m28@0.0020"", ""m29@0.0020"", ""m30@0.0020"", ""m31@0.0045"", ""m32@0.0020"", ""m33@0.0020"", ""m34@0.0032"", ""m35@0.0045"", ""m36@0.0020"", ""m37@0.0020"", ""m38@0.0020"", ""m39@0.0045"", ""m40@0.0020"", ""m41@0.0020"", ""m42@0.0020"", ""m43@0.0020"", ""m44@0.0020"", ""m45@0.0020"", ""m46@0.0020"", ""m47@0.0045"", ""m48@0.0020"", ""m49@0.0020"", ""m50@0.0020"", ""m51@0.0032"", ""m52@0.0020"", ""m53@0.0020"", ""m54@0.0020"", ""m55@0.0045"", ""m56@0.0020"", ""m57@0.0020"", ""m58@0.0020"", ""m59@0.0032"", ""m60@0.0020"", ""m61@0.0020"", ""m62@0.0020"", ""m63@0.0020""]","[""C1"", 1000000, 0, 50000, [[400000, 700000]], 455509]"
syn_64_3_1_08,synthetic,64,3,1,0.16,equal_risk,True,18937818,0.128,,1136500,,1558730383971433001,"[""m0@0.0020"", ""m1@0.0020"", ""m2@0.0020"", ""m3@0.0020"", ""m4@0.0020"", ""m5@0.0020"", ""m6@0.0020"", ""m7@0.0020"", ""m8@0.0020"", ""m9@0.0020"", ""m10@0.0020"", ""m11@0.0020"", ""m12@0.0020"", ""m13@0.0020"", ""m14@0.0020"", ""m15@0.0020"", ""m16@0.0020"", ""m17@0.0020"", ""m18@0.0020"", ""m19@0.0020"", ""m20@0.0020"", ""m21@0.0020"", ""m22@0.0020"", ""m23@0.0020"", ""m24@0.0020"", ""m25@0.0020"", ""m26@0.0020"", ""m27@0.0020"", ""m28@0.0020"", ""m29@0.0020"", ""m30@0.0020"", ""m31@0.0020"", ""m32@0.0020"", ""m33@0.0020"", ""m34@0.0020"", ""m35@0.0020"", ""m36@0.0020"", ""m37@0.0020"", ""m38@0.0020"", ""m39@0.0020"", ""m40@0.0020"", ""m41@0.0020"", ""m42@0.0020"", ""m43@0.0020"", ""m44@0.0020"", ""m45@0.0020"", ""m46@0.0020"", ""m47@0.0020"", ""m48@0.0020"", ""m49@0.0020"", ""m50@0.0020"", ""m51@0.0020"", ""m52@0.0020"", ""m53@0.0020"", ""m54@0.0020"", ""m55@0.0020"", ""m56@0.0020"", ""m57@0.0020"", ""m58@0.0020"", ""m59@0.0020"", ""m60@0.0020"", ""m61@0.0020"", ""m62@0.0020"", ""m63@0.0020""]","[""C1"", 1000000, 0, 50000, [[400000, 700000]], 455509]"
syn_64_3_1_08,synthetic,64,3,1,0.16,proportional_risk,True,18937818,0.128,,1887900,,1558730383971433001,"[""m0@0.0020"", ""m1@0.0020"", ""m2@0.0020"", ""m3@0.0020"", ""m4@0.0020"", ""m5@0.0020"", ""m6@0.0020"", ""m7@0.0020"", ""m8@0.0020"", ""m9@0.0020"", ""m10@0.0020"", ""m11@0.0020"", ""m12@0.0020"", ""m13@0.0020"", ""m14@0.0020"", ""m15@0.0020"", ""m16@0.0020"", ""m17@0.0020"", ""m18@0.0020"", ""m19@0.0020"", ""m20@0.0020"", ""m21@0.0020"", ""m22@0.0020"", ""m23@0.0020"", ""m24@0.0020"", ""m25@0.0020"", ""m26@0.0020"", ""m27@0.0020"", ""m28@0.0020"", ""m29@0.0020"", ""m30@0.0020"", ""m31@0.0020"", ""m32@0.0020"", ""m33@0.0020"", ""m34@0.0020"", ""m35@0.0020"", ""m36@0.0020"", ""m37@0.0020"", ""m38@0.0020"", ""m39@0.0020"", ""m40@0.0020"", ""m41@0.0020"", ""m42@0.0020"", ""m43@0.0020"", ""m44@0.0020"", ""m45@0.0020"", ""m46@0.0020"", ""m47@0.0020"", ""m48@0.0020"", ""m49@0.0020"", ""m50@0.0020"", ""m51@0.0020"", ""m52@0.0020"", ""m53@0.0020"", ""m54@0.0020"", ""m55@0.0020"", ""m56@0.0020"", ""m57@0.0020"", ""m58@0.0020"", ""m59@0.0020"", ""m60@0.0020"", ""m61@0.0020"", ""m62@0.0020"", ""m63@0.0020""]","[""C1"", 1000000, 0, 50000, [[400000, 700000]], 455509]"
syn_64_3_1_08,synthetic,64,3,1,0.16,greedy_gate_catching,True,14774108,0.15925,,70623400,,1558730383971433001,"[""m0@0.0020"", ""m1@0.0020"", ""m2@0.0020"", ""m3@0.0032"", ""m4@0.0020"", ""m5@0.0020"", ""m6@0.0020"", ""m7@0.0020"", ""m8@0.0020"", ""m9@0.0020"", ""m10@0.0020"", ""m11@0.0020"", ""m12@0.0020"", ""m13@0.0020"", ""m14@0.0020"", ""m15@0.0020"", ""m16@0.0020"", ""m17@0.0020"", ""m18@0.0020"", ""m19@0.0020"", ""m20@0.0020"", ""m21@0.0020"", ""m22@0.0020"", ""m23@0.0020"", ""m24@0.0020"", ""m25@0.0020"", ""m26@0.0020"", ""m27@0.0020"", ""m28@0.0020"", ""m29@0.0020"", ""m30@0.0020"", ""m31@0.0020"", ""m32@0.0020"", ""m33@0.0020"", ""m34@0.0045"", ""m35@0.0045"", ""m36@0.0020"", ""m37@0.0020"", ""m38@0.0045"", ""m39@0.0045"", ""m40@0.0020"", ""m41@0.0020"", ""m42@0.0020"", ""m43@0.0045"", ""m44@0.0020"", ""m45@0.0020"", ""m46@0.0045"", ""m47@0.0045"", ""m48@0.0020"", ""m49@0.0020"", ""m50@0.0020"", ""m51@0.0045"", ""m52@0.0020"", ""m53@0.0020"", ""m54@0.0045"", ""m55@0.0045"", ""m56@0.0020"", ""m57@0.0020"", ""m58@0.0045"", ""m59@0.0045"", ""m60@0.0020"", ""m61@0.0020"", ""m62@0.0020"", ""m63@0.0020""]","[""C1"", 1000000, 0, 50000, [[400000, 700000]], 455509]"
syn_64_3_1_09,synthetic,64,3,1,0.16,pareto_dp,True,14805991,0.15925,550.0,101999100,,6888725904069099803,"[""m0@0.0020"", ""m1@0.0020"", ""m2@0.0020"", ""m3@0.0045"", ""m4@0.0020"", ""m5@0.0020"", ""m6@0.0020"", ""m7@0.0045"", ""m8@0.0020"", ""m9@0.0020"", ""m10@0.0020"", ""m11@0.0045"", ""m12@0.0020"", ""m13@0.0020"", ""m14@0.0032"", ""m15@0.0045"", ""m16@0.0020"", ""m17@0.0020"", ""m18@0.0020"", ""m19@0.0020"", ""m20@0.0020"", ""m21@0.0020"", ""m22@0.0020"", ""m23@0.0020"", ""m24@0.0020"", ""m25@0.0020"", ""m26@0.0020"", ""m27@0.0045"", ""m28@0.0020"", ""m29@0.0020"", ""m30@0.0020"", ""m31@0.0045"", ""m32@0.0020"", ""m33@0.0020"", ""m34@0.0020"", ""m35@0.0020"", ""m36@0.0020"", ""m37@0.0020"", ""m38@0.0045"", ""m39@0.0020"", ""m40@0.0020"", ""m41@0.0020"", ""m42@0.0020"", ""m43@0.0045"", ""m44@0.0020"", ""m45@0.0020"", ""m46@0.0020"", ""m47@0.0045"", ""m48@0.0020"", ""m49@0.0020"", ""m50@0.0020"", ""m51@0.0045"", ""m52@0.0020"", ""m53@0.0020"", ""m54@0.0020"", ""m55@0.0045"", ""m56@0.0020"", ""m57@0.0020"", ""m58@0.0020"", ""m59@0.0045"", ""m60@0.0020"", ""m61@0.0020"", ""m62@0.0020"", ""m63@0.0020""]","[""C1"", 1000000, 0, 50000, [[400000, 700000]], 455509]"
syn_64_3_1_09,synthetic,64,3,1,0.16,equal_risk,True,19543248,0.128,,482500,,6888725904069099803,"[""m0@0.0020"", ""m1@0.0020"", ""m2@0.0020"", ""m3@0.0020"", ""m4@0.0020"", ""m5@0.0020"", ""m6@0.0020"", ""m7@0.0020"", ""m8@0.0020"", ""m9@0.0020"", ""m10@0.0020"", ""m11@0.0020"", ""m12@0.0020"", ""m13@0.0020"", ""m14@0.0020"", ""m15@0.0020"", ""m16@0.0020"", ""m17@0.0020"", ""m18@0.0020"", ""m19@0.0020"", ""m20@0.0020"", ""m21@0.0020"", ""m22@0.0020"", ""m23@0.0020"", ""m24@0.0020"", ""m25@0.0020"", ""m26@0.0020"", ""m27@0.0020"", ""m28@0.0020"", ""m29@0.0020"", ""m30@0.0020"", ""m31@0.0020"", ""m32@0.0020"", ""m33@0.0020"", ""m34@0.0020"", ""m35@0.0020"", ""m36@0.0020"", ""m37@0.0020"", ""m38@0.0020"", ""m39@0.0020"", ""m40@0.0020"", ""m41@0.0020"", ""m42@0.0020"", ""m43@0.0020"", ""m44@0.0020"", ""m45@0.0020"", ""m46@0.0020"", ""m47@0.0020"", ""m48@0.0020"", ""m49@0.0020"", ""m50@0.0020"", ""m51@0.0020"", ""m52@0.0020"", ""m53@0.0020"", ""m54@0.0020"", ""m55@0.0020"", ""m56@0.0020"", ""m57@0.0020"", ""m58@0.0020"", ""m59@0.0020"", ""m60@0.0020"", ""m61@0.0020"", ""m62@0.0020"", ""m63@0.0020""]","[""C1"", 1000000, 0, 50000, [[400000, 700000]], 455509]"
syn_64_3_1_09,synthetic,64,3,1,0.16,proportional_risk,True,19543248,0.128,,738900,,6888725904069099803,"[""m0@0.0020"", ""m1@0.0020"", ""m2@0.0020"", ""m3@0.0020"", ""m4@0.0020"", ""m5@0.0020"", ""m6@0.0020"", ""m7@0.0020"", ""m8@0.0020"", ""m9@0.0020"", ""m10@0.0020"", ""m11@0.0020"", ""m12@0.0020"", ""m13@0.0020"", ""m14@0.0020"", ""m15@0.0020"", ""m16@0.0020"", ""m17@0.0020"", ""m18@0.0020"", ""m19@0.0020"", ""m20@0.0020"", ""m21@0.0020"", ""m22@0.0020"", ""m23@0.0020"", ""m24@0.0020"", ""m25@0.0020"", ""m26@0.0020"", ""m27@0.0020"", ""m28@0.0020"", ""m29@0.0020"", ""m30@0.0020"", ""m31@0.0020"", ""m32@0.0020"", ""m33@0.0020"", ""m34@0.0020"", ""m35@0.0020"", ""m36@0.0020"", ""m37@0.0020"", ""m38@0.0020"", ""m39@0.0020"", ""m40@0.0020"", ""m41@0.0020"", ""m42@0.0020"", ""m43@0.0020"", ""m44@0.0020"", ""m45@0.0020"", ""m46@0.0020"", ""m47@0.0020"", ""m48@0.0020"", ""m49@0.0020"", ""m50@0.0020"", ""m51@0.0020"", ""m52@0.0020"", ""m53@0.0020"", ""m54@0.0020"", ""m55@0.0020"", ""m56@0.0020"", ""m57@0.0020"", ""m58@0.0020"", ""m59@0.0020"", ""m60@0.0020"", ""m61@0.0020"", ""m62@0.0020"", ""m63@0.0020""]","[""C1"", 1000000, 0, 50000, [[400000, 700000]], 455509]"
syn_64_3_1_09,synthetic,64,3,1,0.16,greedy_gate_catching,True,15713324,0.15925,,68008100,,6888725904069099803,"[""m0@0.0020"", ""m1@0.0020"", ""m2@0.0020"", ""m3@0.0032"", ""m4@0.0020"", ""m5@0.0020"", ""m6@0.0020"", ""m7@0.0020"", ""m8@0.0020"", ""m9@0.0020"", ""m10@0.0020"", ""m11@0.0020"", ""m12@0.0020"", ""m13@0.0020"", ""m14@0.0020"", ""m15@0.0020"", ""m16@0.0020"", ""m17@0.0020"", ""m18@0.0020"", ""m19@0.0020"", ""m20@0.0020"", ""m21@0.0020"", ""m22@0.0020"", ""m23@0.0020"", ""m24@0.0020"", ""m25@0.0020"", ""m26@0.0020"", ""m27@0.0032"", ""m28@0.0020"", ""m29@0.0020"", ""m30@0.0020"", ""m31@0.0020"", ""m32@0.0020"", ""m33@0.0020"", ""m34@0.0045"", ""m35@0.0032"", ""m36@0.0020"", ""m37@0.0020"", ""m38@0.0045"", ""m39@0.0020"", ""m40@0.0020"", ""m41@0.0020"", ""m42@0.0020"", ""m43@0.0045"", ""m44@0.0020"", ""m45@0.0020"", ""m46@0.0020"", ""m47@0.0045"", ""m48@0.0020"", ""m49@0.0020"", ""m50@0.0020"", ""m51@0.0045"", ""m52@0.0020"", ""m53@0.0020"", ""m54@0.0045"", ""m55@0.0045"", ""m56@0.0020"", ""m57@0.0020"", ""m58@0.0045"", ""m59@0.0045"", ""m60@0.0020"", ""m61@0.0020"", ""m62@0.0045"", ""m63@0.0045""]","[""C1"", 1000000, 0, 50000, [[400000, 700000]], 455509]"
syn_64_3_1_10,synthetic,64,3,1,0.16,pareto_dp,True,14246694,0.15925,599.0,88455700,,16025955034918048501,"[""m0@0.0020"", ""m1@0.0020"", ""m2@0.0020"", ""m3@0.0045"", ""m4@0.0020"", ""m5@0.0020"", ""m6@0.0020"", ""m7@0.0045"", ""m8@0.0020"", ""m9@0.0020"", ""m10@0.0020"", ""m11@0.0045"", ""m12@0.0020"", ""m13@0.0020"", ""m14@0.0020"", ""m15@0.0032"", ""m16@0.0020"", ""m17@0.0020"", ""m18@0.0020"", ""m19@0.0020"", ""m20@0.0020"", ""m21@0.0020"", ""m22@0.0020"", ""m23@0.0045"", ""m24@0.0020"", ""m25@0.0020"", ""m26@0.0020"", ""m27@0.0032"", ""m28@0.0020"", ""m29@0.0020"", ""m30@0.0020"", ""m31@0.0045"", ""m32@0.0020"", ""m33@0.0020"", ""m34@0.0020"", ""m35@0.0045"", ""m36@0.0020"", ""m37@0.0020"", ""m38@0.0020"", ""m39@0.0045"", ""m40@0.0020"", ""m41@0.0020"", ""m42@0.0020"", ""m43@0.0045"", ""m44@0.0020"", ""m45@0.0020"", ""m46@0.0020"", ""m47@0.0045"", ""m48@0.0020"", ""m49@0.0020"", ""m50@0.0020"", ""m51@0.0045"", ""m52@0.0020"", ""m53@0.0020"", ""m54@0.0020"", ""m55@0.0032"", ""m56@0.0020"", ""m57@0.0020"", ""m58@0.0020"", ""m59@0.0020"", ""m60@0.0020"", ""m61@0.0020"", ""m62@0.0020"", ""m63@0.0045""]","[""C1"", 1000000, 0, 50000, [[400000, 700000]], 455509]"
syn_64_3_1_10,synthetic,64,3,1,0.16,equal_risk,True,19635916,0.128,,1173500,,16025955034918048501,"[""m0@0.0020"", ""m1@0.0020"", ""m2@0.0020"", ""m3@0.0020"", ""m4@0.0020"", ""m5@0.0020"", ""m6@0.0020"", ""m7@0.0020"", ""m8@0.0020"", ""m9@0.0020"", ""m10@0.0020"", ""m11@0.0020"", ""m12@0.0020"", ""m13@0.0020"", ""m14@0.0020"", ""m15@0.0020"", ""m16@0.0020"", ""m17@0.0020"", ""m18@0.0020"", ""m19@0.0020"", ""m20@0.0020"", ""m21@0.0020"", ""m22@0.0020"", ""m23@0.0020"", ""m24@0.0020"", ""m25@0.0020"", ""m26@0.0020"", ""m27@0.0020"", ""m28@0.0020"", ""m29@0.0020"", ""m30@0.0020"", ""m31@0.0020"", ""m32@0.0020"", ""m33@0.0020"", ""m34@0.0020"", ""m35@0.0020"", ""m36@0.0020"", ""m37@0.0020"", ""m38@0.0020"", ""m39@0.0020"", ""m40@0.0020"", ""m41@0.0020"", ""m42@0.0020"", ""m43@0.0020"", ""m44@0.0020"", ""m45@0.0020"", ""m46@0.0020"", ""m47@0.0020"", ""m48@0.0020"", ""m49@0.0020"", ""m50@0.0020"", ""m51@0.0020"", ""m52@0.0020"", ""m53@0.0020"", ""m54@0.0020"", ""m55@0.0020"", ""m56@0.0020"", ""m57@0.0020"", ""m58@0.0020"", ""m59@0.0020"", ""m60@0.0020"", ""m61@0.0020"", ""m62@0.0020"", ""m63@0.0020""]","[""C1"", 1000000, 0, 50000, [[400000, 700000]], 455509]"
syn_64_3_1_10,synthetic,64,3,1,0.16,proportional_risk,True,19635916,0.128,,1964700,,16025955034918048501,"[""m0@0.0020"", ""m1@0.0020"", ""m2@0.0020"", ""m3@0.0020"", ""m4@0.0020"", ""m5@0.0020"", ""m6@0.0020"", ""m7@0.0020"", ""m8@0.0020"", ""m9@0.0020"", ""m10@0.0020"", ""m11@0.0020"", ""m12@0.0020"", ""m13@0.0020"", ""m14@0.0020"", ""m15@0.0020"", ""m16@0.0020"", ""m17@0.0020"", ""m18@0.0020"", ""m19@0.0020"", ""m20@0.0020"", ""m21@0.0020"", ""m22@0.0020"", ""m23@0.0020"", ""m24@0.0020"", ""m25@0.0020"", ""m26@0.0020"", ""m27@0.0020"", ""m28@0.0020"", ""m29@0.0020"", ""m30@0.0020"", ""m31@0.0020"", ""m32@0.0020"", ""m33@0.0020"", ""m34@0.0020"", ""m35@0.0020"", ""m36@0.0020"", ""m37@0.0020"", ""m38@0.0020"", ""m39@0.0020"", ""m40@0.0020"", ""m41@0.0020"", ""m42@0.0020"", ""m43@0.0020"", ""m44@0.0020"", ""m45@0.0020"", ""m46@0.0020"", ""m47@0.0020"", ""m48@0.0020"", ""m49@0.0020"", ""m50@0.0020"", ""m51@0.0020"", ""m52@0.0020"", ""m53@0.0020"", ""m54@0.0020"", ""m55@0.0020"", ""m56@0.0020"", ""m57@0.0020"", ""m58@0.0020"", ""m59@0.0020"", ""m60@0.0020"", ""m61@0.0020"", ""m62@0.0020"", ""m63@0.0020""]","[""C1"", 1000000, 0, 50000, [[400000, 700000]], 455509]"
syn_64_3_1_10,synthetic,64,3,1,0.16,greedy_gate_catching,True,16065351,0.15925,,69504300,,16025955034918048501,"[""m0@0.0020"", ""m1@0.0020"", ""m2@0.0020"", ""m3@0.0020"", ""m4@0.0020"", ""m5@0.0020"", ""m6@0.0020"", ""m7@0.0020"", ""m8@0.0020"", ""m9@0.0020"", ""m10@0.0020"", ""m11@0.0020"", ""m12@0.0020"", ""m13@0.0020"", ""m14@0.0020"", ""m15@0.0020"", ""m16@0.0020"", ""m17@0.0020"", ""m18@0.0020"", ""m19@0.0020"", ""m20@0.0020"", ""m21@0.0020"", ""m22@0.0020"", ""m23@0.0020"", ""m24@0.0020"", ""m25@0.0020"", ""m26@0.0020"", ""m27@0.0020"", ""m28@0.0020"", ""m29@0.0020"", ""m30@0.0020"", ""m31@0.0020"", ""m32@0.0020"", ""m33@0.0032"", ""m34@0.0045"", ""m35@0.0045"", ""m36@0.0020"", ""m37@0.0020"", ""m38@0.0020"", ""m39@0.0045"", ""m40@0.0020"", ""m41@0.0020"", ""m42@0.0020"", ""m43@0.0045"", ""m44@0.0020"", ""m45@0.0020"", ""m46@0.0045"", ""m47@0.0045"", ""m48@0.0020"", ""m49@0.0020"", ""m50@0.0020"", ""m51@0.0045"", ""m52@0.0020"", ""m53@0.0020"", ""m54@0.0020"", ""m55@0.0045"", ""m56@0.0020"", ""m57@0.0020"", ""m58@0.0045"", ""m59@0.0045"", ""m60@0.0020"", ""m61@0.0020"", ""m62@0.0045"", ""m63@0.0045""]","[""C1"", 1000000, 0, 50000, [[400000, 700000]], 455509]"
syn_64_3_1_11,synthetic,64,3,1,0.16,pareto_dp,True,13320389,0.15925,653.0,89568900,,1727447423106454274,"[""m0@0.0020"", ""m1@0.0020"", ""m2@0.0020"", ""m3@0.0045"", ""m4@0.0020"", ""m5@0.0020"", ""m6@0.0020"", ""m7@0.0045"", ""m8@0.0020"", ""m9@0.0020"", ""m10@0.0020"", ""m11@0.0020"", ""m12@0.0020"", ""m13@0.0020"", ""m14@0.0020"", ""m15@0.0020"", ""m16@0.0020"", ""m17@0.0020"", ""m18@0.0020"", ""m19@0.0020"", ""m20@0.0020"", ""m21@0.0020"", ""m22@0.0020"", ""m23@0.0045"", ""m24@0.0020"", ""m25@0.0020"", ""m26@0.0020"", ""m27@0.0020"", ""m28@0.0020"", ""m29@0.0020"", ""m30@0.0020"", ""m31@0.0020"", ""m32@0.0020"", ""m33@0.0020"", ""m34@0.0020"", ""m35@0.0045"", ""m36@0.0020"", ""m37@0.0020"", ""m38@0.0045"", ""m39@0.0032"", ""m40@0.0020"", ""m41@0.0020"", ""m42@0.0020"", ""m43@0.0045"", ""m44@0.0020"", ""m45@0.0020"", ""m46@0.0045"", ""m47@0.0045"", ""m48@0.0020"", ""m49@0.0020"", ""m50@0.0020"", ""m51@0.0045"", ""m52@0.0020"", ""m53@0.0020"", ""m54@0.0020"", ""m55@0.0045"", ""m56@0.0020"", ""m57@0.0020"", ""m58@0.0020"", ""m59@0.0045"", ""m60@0.0020"", ""m61@0.0020"", ""m62@0.0020"", ""m63@0.0045""]","[""C1"", 1000000, 0, 50000, [[400000, 700000]], 455509]"
syn_64_3_1_11,synthetic,64,3,1,0.16,equal_risk,True,17345718,0.128,,1321600,,1727447423106454274,"[""m0@0.0020"", ""m1@0.0020"", ""m2@0.0020"", ""m3@0.0020"", ""m4@0.0020"", ""m5@0.0020"", ""m6@0.0020"", ""m7@0.0020"", ""m8@0.0020"", ""m9@0.0020"", ""m10@0.0020"", ""m11@0.0020"", ""m12@0.0020"", ""m13@0.0020"", ""m14@0.0020"", ""m15@0.0020"", ""m16@0.0020"", ""m17@0.0020"", ""m18@0.0020"", ""m19@0.0020"", ""m20@0.0020"", ""m21@0.0020"", ""m22@0.0020"", ""m23@0.0020"", ""m24@0.0020"", ""m25@0.0020"", ""m26@0.0020"", ""m27@0.0020"", ""m28@0.0020"", ""m29@0.0020"", ""m30@0.0020"", ""m31@0.0020"", ""m32@0.0020"", ""m33@0.0020"", ""m34@0.0020"", ""m35@0.0020"", ""m36@0.0020"", ""m37@0.0020"", ""m38@0.0020"", ""m39@0.0020"", ""m40@0.0020"", ""m41@0.0020"", ""m42@0.0020"", ""m43@0.0020"", ""m44@0.0020"", ""m45@0.0020"", ""m46@0.0020"", ""m47@0.0020"", ""m48@0.0020"", ""m49@0.0020"", ""m50@0.0020"", ""m51@0.0020"", ""m52@0.0020"", ""m53@0.0020"", ""m54@0.0020"", ""m55@0.0020"", ""m56@0.0020"", ""m57@0.0020"", ""m58@0.0020"", ""m59@0.0020"", ""m60@0.0020"", ""m61@0.0020"", ""m62@0.0020"", ""m63@0.0020""]","[""C1"", 1000000, 0, 50000, [[400000, 700000]], 455509]"
syn_64_3_1_11,synthetic,64,3,1,0.16,proportional_risk,True,17345718,0.128,,1912800,,1727447423106454274,"[""m0@0.0020"", ""m1@0.0020"", ""m2@0.0020"", ""m3@0.0020"", ""m4@0.0020"", ""m5@0.0020"", ""m6@0.0020"", ""m7@0.0020"", ""m8@0.0020"", ""m9@0.0020"", ""m10@0.0020"", ""m11@0.0020"", ""m12@0.0020"", ""m13@0.0020"", ""m14@0.0020"", ""m15@0.0020"", ""m16@0.0020"", ""m17@0.0020"", ""m18@0.0020"", ""m19@0.0020"", ""m20@0.0020"", ""m21@0.0020"", ""m22@0.0020"", ""m23@0.0020"", ""m24@0.0020"", ""m25@0.0020"", ""m26@0.0020"", ""m27@0.0020"", ""m28@0.0020"", ""m29@0.0020"", ""m30@0.0020"", ""m31@0.0020"", ""m32@0.0020"", ""m33@0.0020"", ""m34@0.0020"", ""m35@0.0020"", ""m36@0.0020"", ""m37@0.0020"", ""m38@0.0020"", ""m39@0.0020"", ""m40@0.0020"", ""m41@0.0020"", ""m42@0.0020"", ""m43@0.0020"", ""m44@0.0020"", ""m45@0.0020"", ""m46@0.0020"", ""m47@0.0020"", ""m48@0.0020"", ""m49@0.0020"", ""m50@0.0020"", ""m51@0.0020"", ""m52@0.0020"", ""m53@0.0020"", ""m54@0.0020"", ""m55@0.0020"", ""m56@0.0020"", ""m57@0.0020"", ""m58@0.0020"", ""m59@0.0020"", ""m60@0.0020"", ""m61@0.0020"", ""m62@0.0020"", ""m63@0.0020""]","[""C1"", 1000000, 0, 50000, [[400000, 700000]], 455509]"
syn_64_3_1_11,synthetic,64,3,1,0.16,greedy_gate_catching,True,13976500,0.15925,,69460200,,1727447423106454274,"[""m0@0.0020"", ""m1@0.0020"", ""m2@0.0020"", ""m3@0.0020"", ""m4@0.0020"", ""m5@0.0020"", ""m6@0.0020"", ""m7@0.0032"", ""m8@0.0020"", ""m9@0.0020"", ""m10@0.0020"", ""m11@0.0020"", ""m12@0.0020"", ""m13@0.0020"", ""m14@0.0020"", ""m15@0.0020"", ""m16@0.0020"", ""m17@0.0020"", ""m18@0.0020"", ""m19@0.0020"", ""m20@0.0020"", ""m21@0.0020"", ""m22@0.0020"", ""m23@0.0020"", ""m24@0.0020"", ""m25@0.0020"", ""m26@0.0020"", ""m27@0.0020"", ""m28@0.0020"", ""m29@0.0020"", ""m30@0.0020"", ""m31@0.0020"", ""m32@0.0020"", ""m33@0.0020"", ""m34@0.0045"", ""m35@0.0045"", ""m36@0.0020"", ""m37@0.0032"", ""m38@0.0045"", ""m39@0.0032"", ""m40@0.0020"", ""m41@0.0020"", ""m42@0.0020"", ""m43@0.0045"", ""m44@0.0020"", ""m45@0.0020"", ""m46@0.0045"", ""m47@0.0045"", ""m48@0.0020"", ""m49@0.0020"", ""m50@0.0020"", ""m51@0.0045"", ""m52@0.0020"", ""m53@0.0020"", ""m54@0.0020"", ""m55@0.0045"", ""m56@0.0020"", ""m57@0.0020"", ""m58@0.0020"", ""m59@0.0045"", ""m60@0.0020"", ""m61@0.0032"", ""m62@0.0032"", ""m63@0.0045""]","[""C1"", 1000000, 0, 50000, [[400000, 700000]], 455509]"
syn_64_3_1_12,synthetic,64,3,1,0.16,pareto_dp,True,13672717,0.15925,682.0,110087900,,2453529124015229625,"[""m0@0.0020"", ""m1@0.0020"", ""m2@0.0020"", ""m3@0.0045"", ""m4@0.0020"", ""m5@0.0020"", ""m6@0.0020"", ""m7@0.0045"", ""m8@0.0020"", ""m9@0.0020"", ""m10@0.0020"", ""m11@0.0020"", ""m12@0.0020"", ""m13@0.0020"", ""m14@0.0020"", ""m15@0.0045"", ""m16@0.0020"", ""m17@0.0020"", ""m18@0.0020"", ""m19@0.0045"", ""m20@0.0020"", ""m21@0.0020"", ""m22@0.0020"", ""m23@0.0020"", ""m24@0.0020"", ""m25@0.0020"", ""m26@0.0020"", ""m27@0.0045"", ""m28@0.0020"", ""m29@0.0020"", ""m30@0.0020"", ""m31@0.0032"", ""m32@0.0020"", ""m33@0.0020"", ""m34@0.0020"", ""m35@0.0045"", ""m36@0.0020"", ""m37@0.0020"", ""m38@0.0020"", ""m39@0.0032"", ""m40@0.0020"", ""m41@0.0020"", ""m42@0.0020"", ""m43@0.0045"", ""m44@0.0020"", ""m45@0.0020"", ""m46@0.0020"", ""m47@0.0045"", ""m48@0.0020"", ""m49@0.0020"", ""m50@0.0020"", ""m51@0.0045"", ""m52@0.0020"", ""m53@0.0020"", ""m54@0.0020"", ""m55@0.0045"", ""m56@0.0020"", ""m57@0.0020"", ""m58@0.0032"", ""m59@0.0020"", ""m60@0.0020"", ""m61@0.0020"", ""m62@0.0020"", ""m63@0.0045""]","[""C1"", 1000000, 0, 50000, [[400000, 700000]], 455509]"
syn_64_3_1_12,synthetic,64,3,1,0.16,equal_risk,True,17766952,0.128,,1148000,,2453529124015229625,"[""m0@0.0020"", ""m1@0.0020"", ""m2@0.0020"", ""m3@0.0020"", ""m4@0.0020"", ""m5@0.0020"", ""m6@0.0020"", ""m7@0.0020"", ""m8@0.0020"", ""m9@0.0020"", ""m10@0.0020"", ""m11@0.0020"", ""m12@0.0020"", ""m13@0.0020"", ""m14@0.0020"", ""m15@0.0020"", ""m16@0.0020"", ""m17@0.0020"", ""m18@0.0020"", ""m19@0.0020"", ""m20@0.0020"", ""m21@0.0020"", ""m22@0.0020"", ""m23@0.0020"", ""m24@0.0020"", ""m25@0.0020"", ""m26@0.0020"", ""m27@0.0020"", ""m28@0.0020"", ""m29@0.0020"", ""m30@0.0020"", ""m31@0.0020"", ""m32@0.0020"", ""m33@0.0020"", ""m34@0.0020"", ""m35@0.0020"", ""m36@0.0020"", ""m37@0.0020"", ""m38@0.0020"", ""m39@0.0020"", ""m40@0.0020"", ""m41@0.0020"", ""m42@0.0020"", ""m43@0.0020"", ""m44@0.0020"", ""m45@0.0020"", ""m46@0.0020"", ""m47@0.0020"", ""m48@0.0020"", ""m49@0.0020"", ""m50@0.0020"", ""m51@0.0020"", ""m52@0.0020"", ""m53@0.0020"", ""m54@0.0020"", ""m55@0.0020"", ""m56@0.0020"", ""m57@0.0020"", ""m58@0.0020"", ""m59@0.0020"", ""m60@0.0020"", ""m61@0.0020"", ""m62@0.0020"", ""m63@0.0020""]","[""C1"", 1000000, 0, 50000, [[400000, 700000]], 455509]"
syn_64_3_1_12,synthetic,64,3,1,0.16,proportional_risk,True,17766952,0.128,,1842300,,2453529124015229625,"[""m0@0.0020"", ""m1@0.0020"", ""m2@0.0020"", ""m3@0.0020"", ""m4@0.0020"", ""m5@0.0020"", ""m6@0.0020"", ""m7@0.0020"", ""m8@0.0020"", ""m9@0.0020"", ""m10@0.0020"", ""m11@0.0020"", ""m12@0.0020"", ""m13@0.0020"", ""m14@0.0020"", ""m15@0.0020"", ""m16@0.0020"", ""m17@0.0020"", ""m18@0.0020"", ""m19@0.0020"", ""m20@0.0020"", ""m21@0.0020"", ""m22@0.0020"", ""m23@0.0020"", ""m24@0.0020"", ""m25@0.0020"", ""m26@0.0020"", ""m27@0.0020"", ""m28@0.0020"", ""m29@0.0020"", ""m30@0.0020"", ""m31@0.0020"", ""m32@0.0020"", ""m33@0.0020"", ""m34@0.0020"", ""m35@0.0020"", ""m36@0.0020"", ""m37@0.0020"", ""m38@0.0020"", ""m39@0.0020"", ""m40@0.0020"", ""m41@0.0020"", ""m42@0.0020"", ""m43@0.0020"", ""m44@0.0020"", ""m45@0.0020"", ""m46@0.0020"", ""m47@0.0020"", ""m48@0.0020"", ""m49@0.0020"", ""m50@0.0020"", ""m51@0.0020"", ""m52@0.0020"", ""m53@0.0020"", ""m54@0.0020"", ""m55@0.0020"", ""m56@0.0020"", ""m57@0.0020"", ""m58@0.0020"", ""m59@0.0020"", ""m60@0.0020"", ""m61@0.0020"", ""m62@0.0020"", ""m63@0.0020""]","[""C1"", 1000000, 0, 50000, [[400000, 700000]], 455509]"
syn_64_3_1_12,synthetic,64,3,1,0.16,greedy_gate_catching,True,14814528,0.15925,,68349900,,2453529124015229625,"[""m0@0.0020"", ""m1@0.0020"", ""m2@0.0020"", ""m3@0.0020"", ""m4@0.0020"", ""m5@0.0020"", ""m6@0.0020"", ""m7@0.0020"", ""m8@0.0020"", ""m9@0.0020"", ""m10@0.0020"", ""m11@0.0020"", ""m12@0.0020"", ""m13@0.0020"", ""m14@0.0020"", ""m15@0.0020"", ""m16@0.0020"", ""m17@0.0020"", ""m18@0.0020"", ""m19@0.0020"", ""m20@0.0020"", ""m21@0.0020"", ""m22@0.0020"", ""m23@0.0020"", ""m24@0.0020"", ""m25@0.0020"", ""m26@0.0020"", ""m27@0.0020"", ""m28@0.0020"", ""m29@0.0020"", ""m30@0.0020"", ""m31@0.0020"", ""m32@0.0020"", ""m33@0.0020"", ""m34@0.0020"", ""m35@0.0045"", ""m36@0.0020"", ""m37@0.0045"", ""m38@0.0020"", ""m39@0.0045"", ""m40@0.0020"", ""m41@0.0020"", ""m42@0.0020"", ""m43@0.0045"", ""m44@0.0020"", ""m45@0.0020"", ""m46@0.0045"", ""m47@0.0045"", ""m48@0.0020"", ""m49@0.0020"", ""m50@0.0020"", ""m51@0.0045"", ""m52@0.0020"", ""m53@0.0020"", ""m54@0.0045"", ""m55@0.0045"", ""m56@0.0020"", ""m57@0.0032"", ""m58@0.0045"", ""m59@0.0045"", ""m60@0.0020"", ""m61@0.0020"", ""m62@0.0020"", ""m63@0.0045""]","[""C1"", 1000000, 0, 50000, [[400000, 700000]], 455509]"
syn_64_3_1_13,synthetic,64,3,1,0.16,pareto_dp,True,14458740,0.15925,484.0,63335600,,2996451456220258707,"[""m0@0.0020"", ""m1@0.0020"", ""m2@0.0020"", ""m3@0.0020"", ""m4@0.0020"", ""m5@0.0020"", ""m6@0.0020"", ""m7@0.0045"", ""m8@0.0020"", ""m9@0.0020"", ""m10@0.0020"", ""m11@0.0045"", ""m12@0.0020"", ""m13@0.0020"", ""m14@0.0020"", ""m15@0.0020"", ""m16@0.0020"", ""m17@0.0020"", ""m18@0.0020"", ""m19@0.0045"", ""m20@0.0020"", ""m21@0.0020"", ""m22@0.0020"", ""m23@0.0045"", ""m24@0.0020"", ""m25@0.0020"", ""m26@0.0020"", ""m27@0.0032"", ""m28@0.0020"", ""m29@0.0020"", ""m30@0.0020"", ""m31@0.0032"", ""m32@0.0020"", ""m33@0.0020"", ""m34@0.0020"", ""m35@0.0045"", ""m36@0.0020"", ""m37@0.0020"", ""m38@0.0020"", ""m39@0.0045"", ""m40@0.0020"", ""m41@0.0020"", ""m42@0.0020"", ""m43@0.0045"", ""m44@0.0020"", ""m45@0.0020"", ""m46@0.0020"", ""m47@0.0045"", ""m48@0.0020"", ""m49@0.0020"", ""m50@0.0020"", ""m51@0.0045"", ""m52@0.0020"", ""m53@0.0020"", ""m54@0.0020"", ""m55@0.0045"", ""m56@0.0020"", ""m57@0.0020"", ""m58@0.0020"", ""m59@0.0032"", ""m60@0.0020"", ""m61@0.0020"", ""m62@0.0020"", ""m63@0.0045""]","[""C1"", 1000000, 0, 50000, [[400000, 700000]], 455509]"
syn_64_3_1_13,synthetic,64,3,1,0.16,equal_risk,True,19198607,0.128,,1215100,,2996451456220258707,"[""m0@0.0020"", ""m1@0.0020"", ""m2@0.0020"", ""m3@0.0020"", ""m4@0.0020"", ""m5@0.0020"", ""m6@0.0020"", ""m7@0.0020"", ""m8@0.0020"", ""m9@0.0020"", ""m10@0.0020"", ""m11@0.0020"", ""m12@0.0020"", ""m13@0.0020"", ""m14@0.0020"", ""m15@0.0020"", ""m16@0.0020"", ""m17@0.0020"", ""m18@0.0020"", ""m19@0.0020"", ""m20@0.0020"", ""m21@0.0020"", ""m22@0.0020"", ""m23@0.0020"", ""m24@0.0020"", ""m25@0.0020"", ""m26@0.0020"", ""m27@0.0020"", ""m28@0.0020"", ""m29@0.0020"", ""m30@0.0020"", ""m31@0.0020"", ""m32@0.0020"", ""m33@0.0020"", ""m34@0.0020"", ""m35@0.0020"", ""m36@0.0020"", ""m37@0.0020"", ""m38@0.0020"", ""m39@0.0020"", ""m40@0.0020"", ""m41@0.0020"", ""m42@0.0020"", ""m43@0.0020"", ""m44@0.0020"", ""m45@0.0020"", ""m46@0.0020"", ""m47@0.0020"", ""m48@0.0020"", ""m49@0.0020"", ""m50@0.0020"", ""m51@0.0020"", ""m52@0.0020"", ""m53@0.0020"", ""m54@0.0020"", ""m55@0.0020"", ""m56@0.0020"", ""m57@0.0020"", ""m58@0.0020"", ""m59@0.0020"", ""m60@0.0020"", ""m61@0.0020"", ""m62@0.0020"", ""m63@0.0020""]","[""C1"", 1000000, 0, 50000, [[400000, 700000]], 455509]"
syn_64_3_1_13,synthetic,64,3,1,0.16,proportional_risk,True,19198607,0.128,,1902400,,2996451456220258707,"[""m0@0.0020"", ""m1@0.0020"", ""m2@0.0020"", ""m3@0.0020"", ""m4@0.0020"", ""m5@0.0020"", ""m6@0.0020"", ""m7@0.0020"", ""m8@0.0020"", ""m9@0.0020"", ""m10@0.0020"", ""m11@0.0020"", ""m12@0.0020"", ""m13@0.0020"", ""m14@0.0020"", ""m15@0.0020"", ""m16@0.0020"", ""m17@0.0020"", ""m18@0.0020"", ""m19@0.0020"", ""m20@0.0020"", ""m21@0.0020"", ""m22@0.0020"", ""m23@0.0020"", ""m24@0.0020"", ""m25@0.0020"", ""m26@0.0020"", ""m27@0.0020"", ""m28@0.0020"", ""m29@0.0020"", ""m30@0.0020"", ""m31@0.0020"", ""m32@0.0020"", ""m33@0.0020"", ""m34@0.0020"", ""m35@0.0020"", ""m36@0.0020"", ""m37@0.0020"", ""m38@0.0020"", ""m39@0.0020"", ""m40@0.0020"", ""m41@0.0020"", ""m42@0.0020"", ""m43@0.0020"", ""m44@0.0020"", ""m45@0.0020"", ""m46@0.0020"", ""m47@0.0020"", ""m48@0.0020"", ""m49@0.0020"", ""m50@0.0020"", ""m51@0.0020"", ""m52@0.0020"", ""m53@0.0020"", ""m54@0.0020"", ""m55@0.0020"", ""m56@0.0020"", ""m57@0.0020"", ""m58@0.0020"", ""m59@0.0020"", ""m60@0.0020"", ""m61@0.0020"", ""m62@0.0020"", ""m63@0.0020""]","[""C1"", 1000000, 0, 50000, [[400000, 700000]], 455509]"
syn_64_3_1_13,synthetic,64,3,1,0.16,greedy_gate_catching,True,15653079,0.15925,,67212500,,2996451456220258707,"[""m0@0.0020"", ""m1@0.0020"", ""m2@0.0020"", ""m3@0.0020"", ""m4@0.0020"", ""m5@0.0020"", ""m6@0.0020"", ""m7@0.0020"", ""m8@0.0020"", ""m9@0.0020"", ""m10@0.0020"", ""m11@0.0020"", ""m12@0.0020"", ""m13@0.0020"", ""m14@0.0020"", ""m15@0.0020"", ""m16@0.0020"", ""m17@0.0020"", ""m18@0.0020"", ""m19@0.0020"", ""m20@0.0020"", ""m21@0.0020"", ""m22@0.0020"", ""m23@0.0020"", ""m24@0.0020"", ""m25@0.0020"", ""m26@0.0020"", ""m27@0.0020"", ""m28@0.0020"", ""m29@0.0020"", ""m30@0.0020"", ""m31@0.0020"", ""m32@0.0020"", ""m33@0.0020"", ""m34@0.0045"", ""m35@0.0045"", ""m36@0.0020"", ""m37@0.0020"", ""m38@0.0045"", ""m39@0.0045"", ""m40@0.0020"", ""m41@0.0020"", ""m42@0.0045"", ""m43@0.0045"", ""m44@0.0020"", ""m45@0.0020"", ""m46@0.0020"", ""m47@0.0045"", ""m48@0.0020"", ""m49@0.0020"", ""m50@0.0020"", ""m51@0.0045"", ""m52@0.0020"", ""m53@0.0020"", ""m54@0.0020"", ""m55@0.0045"", ""m56@0.0020"", ""m57@0.0020"", ""m58@0.0045"", ""m59@0.0045"", ""m60@0.0020"", ""m61@0.0020"", ""m62@0.0032"", ""m63@0.0045""]","[""C1"", 1000000, 0, 50000, [[400000, 700000]], 455509]"
syn_64_3_1_14,synthetic,64,3,1,0.16,pareto_dp,True,14466079,0.15925,549.0,84462000,,14923744957292186960,"[""m0@0.0020"", ""m1@0.0020"", ""m2@0.0020"", ""m3@0.0045"", ""m4@0.0020"", ""m5@0.0020"", ""m6@0.0020"", ""m7@0.0020"", ""m8@0.0020"", ""m9@0.0020"", ""m10@0.0020"", ""m11@0.0045"", ""m12@0.0020"", ""m13@0.0020"", ""m14@0.0045"", ""m15@0.0020"", ""m16@0.0020"", ""m17@0.0020"", ""m18@0.0020"", ""m19@0.0020"", ""m20@0.0020"", ""m21@0.0020"", ""m22@0.0020"", ""m23@0.0045"", ""m24@0.0020"", ""m25@0.0020"", ""m26@0.0020"", ""m27@0.0045"", ""m28@0.0020"", ""m29@0.0020"", ""m30@0.0045"", ""m31@0.0045"", ""m32@0.0020"", ""m33@0.0020"", ""m34@0.0020"", ""m35@0.0020"", ""m36@0.0020"", ""m37@0.0020"", ""m38@0.0020"", ""m39@0.0045"", ""m40@0.0020"", ""m41@0.0020"", ""m42@0.0020"", ""m43@0.0032"", ""m44@0.0020"", ""m45@0.0020"", ""m46@0.0020"", ""m47@0.0045"", ""m48@0.0020"", ""m49@0.0020"", ""m50@0.0020"", ""m51@0.0045"", ""m52@0.0020"", ""m53@0.0020"", ""m54@0.0020"", ""m55@0.0045"", ""m56@0.0020"", ""m57@0.0020"", ""m58@0.0020"", ""m59@0.0020"", ""m60@0.0020"", ""m61@0.0020"", ""m62@0.0020"", ""m63@0.0045""]","[""C1"", 1000000, 0, 50000, [[400000, 700000]], 455509]"
syn_64_3_1_14,synthetic,64,3,1,0.16,equal_risk,True,19683524,0.128,,1188000,,14923744957292186960,"[""m0@0.0020"", ""m1@0.0020"", ""m2@0.0020"", ""m3@0.0020"", ""m4@0.0020"", ""m5@0.0020"", ""m6@0.0020"", ""m7@0.0020"", ""m8@0.0020"", ""m9@0.0020"", ""m10@0.0020"", ""m11@0.0020"", ""m12@0.0020"", ""m13@0.0020"", ""m14@0.0020"", ""m15@0.0020"", ""m16@0.0020"", ""m17@0.0020"", ""m18@0.0020"", ""m19@0.0020"", ""m20@0.0020"", ""m21@0.0020"", ""m22@0.0020"", ""m23@0.0020"", ""m24@0.0020"", ""m25@0.0020"", ""m26@0.0020"", ""m27@0.0020"", ""m28@0.0020"", ""m29@0.0020"", ""m30@0.0020"", ""m31@0.0020"", ""m32@0.0020"", ""m33@0.0020"", ""m34@0.0020"", ""m35@0.0020"", ""m36@0.0020"", ""m37@0.0020"", ""m38@0.0020"", ""m39@0.0020"", ""m40@0.0020"", ""m41@0.0020"", ""m42@0.0020"", ""m43@0.0020"", ""m44@0.0020"", ""m45@0.0020"", ""m46@0.0020"", ""m47@0.0020"", ""m48@0.0020"", ""m49@0.0020"", ""m50@0.0020"", ""m51@0.0020"", ""m52@0.0020"", ""m53@0.0020"", ""m54@0.0020"", ""m55@0.0020"", ""m56@0.0020"", ""m57@0.0020"", ""m58@0.0020"", ""m59@0.0020"", ""m60@0.0020"", ""m61@0.0020"", ""m62@0.0020"", ""m63@0.0020""]","[""C1"", 1000000, 0, 50000, [[400000, 700000]], 455509]"
syn_64_3_1_14,synthetic,64,3,1,0.16,proportional_risk,True,19683524,0.128,,1878400,,14923744957292186960,"[""m0@0.0020"", ""m1@0.0020"", ""m2@0.0020"", ""m3@0.0020"", ""m4@0.0020"", ""m5@0.0020"", ""m6@0.0020"", ""m7@0.0020"", ""m8@0.0020"", ""m9@0.0020"", ""m10@0.0020"", ""m11@0.0020"", ""m12@0.0020"", ""m13@0.0020"", ""m14@0.0020"", ""m15@0.0020"", ""m16@0.0020"", ""m17@0.0020"", ""m18@0.0020"", ""m19@0.0020"", ""m20@0.0020"", ""m21@0.0020"", ""m22@0.0020"", ""m23@0.0020"", ""m24@0.0020"", ""m25@0.0020"", ""m26@0.0020"", ""m27@0.0020"", ""m28@0.0020"", ""m29@0.0020"", ""m30@0.0020"", ""m31@0.0020"", ""m32@0.0020"", ""m33@0.0020"", ""m34@0.0020"", ""m35@0.0020"", ""m36@0.0020"", ""m37@0.0020"", ""m38@0.0020"", ""m39@0.0020"", ""m40@0.0020"", ""m41@0.0020"", ""m42@0.0020"", ""m43@0.0020"", ""m44@0.0020"", ""m45@0.0020"", ""m46@0.0020"", ""m47@0.0020"", ""m48@0.0020"", ""m49@0.0020"", ""m50@0.0020"", ""m51@0.0020"", ""m52@0.0020"", ""m53@0.0020"", ""m54@0.0020"", ""m55@0.0020"", ""m56@0.0020"", ""m57@0.0020"", ""m58@0.0020"", ""m59@0.0020"", ""m60@0.0020"", ""m61@0.0020"", ""m62@0.0020"", ""m63@0.0020""]","[""C1"", 1000000, 0, 50000, [[400000, 700000]], 455509]"
syn_64_3_1_14,synthetic,64,3,1,0.16,greedy_gate_catching,True,15066448,0.15925,,69509900,,14923744957292186960,"[""m0@0.0020"", ""m1@0.0020"", ""m2@0.0020"", ""m3@0.0032"", ""m4@0.0020"", ""m5@0.0020"", ""m6@0.0020"", ""m7@0.0020"", ""m8@0.0020"", ""m9@0.0020"", ""m10@0.0020"", ""m11@0.0020"", ""m12@0.0020"", ""m13@0.0020"", ""m14@0.0020"", ""m15@0.0020"", ""m16@0.0020"", ""m17@0.0020"", ""m18@0.0020"", ""m19@0.0020"", ""m20@0.0020"", ""m21@0.0020"", ""m22@0.0020"", ""m23@0.0032"", ""m24@0.0020"", ""m25@0.0020"", ""m26@0.0020"", ""m27@0.0020"", ""m28@0.0020"", ""m29@0.0020"", ""m30@0.0020"", ""m31@0.0020"", ""m32@0.0020"", ""m33@0.0020"", ""m34@0.0020"", ""m35@0.0045"", ""m36@0.0020"", ""m37@0.0020"", ""m38@0.0020"", ""m39@0.0045"", ""m40@0.0020"", ""m41@0.0020"", ""m42@0.0045"", ""m43@0.0045"", ""m44@0.0020"", ""m45@0.0020"", ""m46@0.0032"", ""m47@0.0045"", ""m48@0.0020"", ""m49@0.0020"", ""m50@0.0020"", ""m51@0.0045"", ""m52@0.0020"", ""m53@0.0020"", ""m54@0.0020"", ""m55@0.0045"", ""m56@0.0020"", ""m57@0.0020"", ""m58@0.0045"", ""m59@0.0045"", ""m60@0.0020"", ""m61@0.0020"", ""m62@0.0045"", ""m63@0.0045""]","[""C1"", 1000000, 0, 50000, [[400000, 700000]], 455509]"
syn_64_3_1_15,synthetic,64,3,1,0.16,pareto_dp,True,14522088,0.15925,585.0,78396300,,14206466232477613205,"[""m0@0.0020"", ""m1@0.0020"", ""m2@0.0020"", ""m3@0.0020"", ""m4@0.0020"", ""m5@0.0020"", ""m6@0.0020"", ""m7@0.0045"", ""m8@0.0020"", ""m9@0.0020"", ""m10@0.0020"", ""m11@0.0020"", ""m12@0.0020"", ""m13@0.0020"", ""m14@0.0020"", ""m15@0.0020"", ""m16@0.0020"", ""m17@0.0020"", ""m18@0.0020"", ""m19@0.0020"", ""m20@0.0020"", ""m21@0.0020"", ""m22@0.0020"", ""m23@0.0032"", ""m24@0.0020"", ""m25@0.0020"", ""m26@0.0020"", ""m27@0.0045"", ""m28@0.0020"", ""m29@0.0020"", ""m30@0.0020"", ""m31@0.0020"", ""m32@0.0020"", ""m33@0.0020"", ""m34@0.0020"", ""m35@0.0045"", ""m36@0.0020"", ""m37@0.0020"", ""m38@0.0020"", ""m39@0.0045"", ""m40@0.0020"", ""m41@0.0020"", ""m42@0.0020"", ""m43@0.0045"", ""m44@0.0020"", ""m45@0.0020"", ""m46@0.0020"", ""m47@0.0045"", ""m48@0.0020"", ""m49@0.0020"", ""m50@0.0020"", ""m51@0.0045"", ""m52@0.0020"", ""m53@0.0020"", ""m54@0.0045"", ""m55@0.0045"", ""m56@0.0020"", ""m57@0.0020"", ""m58@0.0045"", ""m59@0.0045"", ""m60@0.0020"", ""m61@0.0020"", ""m62@0.0020"", ""m63@0.0045""]","[""C1"", 1000000, 0, 50000, [[400000, 700000]], 455509]"
syn_64_3_1_15,synthetic,64,3,1,0.16,equal_risk,True,19076373,0.128,,1116600,,14206466232477613205,"[""m0@0.0020"", ""m1@0.0020"", ""m2@0.0020"", ""m3@0.0020"", ""m4@0.0020"", ""m5@0.0020"", ""m6@0.0020"", ""m7@0.0020"", ""m8@0.0020"", ""m9@0.0020"", ""m10@0.0020"", ""m11@0.0020"", ""m12@0.0020"", ""m13@0.0020"", ""m14@0.0020"", ""m15@0.0020"", ""m16@0.0020"", ""m17@0.0020"", ""m18@0.0020"", ""m19@0.0020"", ""m20@0.0020"", ""m21@0.0020"", ""m22@0.0020"", ""m23@0.0020"", ""m24@0.0020"", ""m25@0.0020"", ""m26@0.0020"", ""m27@0.0020"", ""m28@0.0020"", ""m29@0.0020"", ""m30@0.0020"", ""m31@0.0020"", ""m32@0.0020"", ""m33@0.0020"", ""m34@0.0020"", ""m35@0.0020"", ""m36@0.0020"", ""m37@0.0020"", ""m38@0.0020"", ""m39@0.0020"", ""m40@0.0020"", ""m41@0.0020"", ""m42@0.0020"", ""m43@0.0020"", ""m44@0.0020"", ""m45@0.0020"", ""m46@0.0020"", ""m47@0.0020"", ""m48@0.0020"", ""m49@0.0020"", ""m50@0.0020"", ""m51@0.0020"", ""m52@0.0020"", ""m53@0.0020"", ""m54@0.0020"", ""m55@0.0020"", ""m56@0.0020"", ""m57@0.0020"", ""m58@0.0020"", ""m59@0.0020"", ""m60@0.0020"", ""m61@0.0020"", ""m62@0.0020"", ""m63@0.0020""]","[""C1"", 1000000, 0, 50000, [[400000, 700000]], 455509]"
syn_64_3_1_15,synthetic,64,3,1,0.16,proportional_risk,True,19076373,0.128,,1802500,,14206466232477613205,"[""m0@0.0020"", ""m1@0.0020"", ""m2@0.0020"", ""m3@0.0020"", ""m4@0.0020"", ""m5@0.0020"", ""m6@0.0020"", ""m7@0.0020"", ""m8@0.0020"", ""m9@0.0020"", ""m10@0.0020"", ""m11@0.0020"", ""m12@0.0020"", ""m13@0.0020"", ""m14@0.0020"", ""m15@0.0020"", ""m16@0.0020"", ""m17@0.0020"", ""m18@0.0020"", ""m19@0.0020"", ""m20@0.0020"", ""m21@0.0020"", ""m22@0.0020"", ""m23@0.0020"", ""m24@0.0020"", ""m25@0.0020"", ""m26@0.0020"", ""m27@0.0020"", ""m28@0.0020"", ""m29@0.0020"", ""m30@0.0020"", ""m31@0.0020"", ""m32@0.0020"", ""m33@0.0020"", ""m34@0.0020"", ""m35@0.0020"", ""m36@0.0020"", ""m37@0.0020"", ""m38@0.0020"", ""m39@0.0020"", ""m40@0.0020"", ""m41@0.0020"", ""m42@0.0020"", ""m43@0.0020"", ""m44@0.0020"", ""m45@0.0020"", ""m46@0.0020"", ""m47@0.0020"", ""m48@0.0020"", ""m49@0.0020"", ""m50@0.0020"", ""m51@0.0020"", ""m52@0.0020"", ""m53@0.0020"", ""m54@0.0020"", ""m55@0.0020"", ""m56@0.0020"", ""m57@0.0020"", ""m58@0.0020"", ""m59@0.0020"", ""m60@0.0020"", ""m61@0.0020"", ""m62@0.0020"", ""m63@0.0020""]","[""C1"", 1000000, 0, 50000, [[400000, 700000]], 455509]"
syn_64_3_1_15,synthetic,64,3,1,0.16,greedy_gate_catching,True,14992029,0.15925,,65903800,,14206466232477613205,"[""m0@0.0020"", ""m1@0.0020"", ""m2@0.0020"", ""m3@0.0020"", ""m4@0.0020"", ""m5@0.0020"", ""m6@0.0020"", ""m7@0.0020"", ""m8@0.0020"", ""m9@0.0020"", ""m10@0.0020"", ""m11@0.0020"", ""m12@0.0020"", ""m13@0.0020"", ""m14@0.0020"", ""m15@0.0020"", ""m16@0.0020"", ""m17@0.0020"", ""m18@0.0020"", ""m19@0.0020"", ""m20@0.0020"", ""m21@0.0020"", ""m22@0.0020"", ""m23@0.0020"", ""m24@0.0020"", ""m25@0.0020"", ""m26@0.0020"", ""m27@0.0020"", ""m28@0.0020"", ""m29@0.0020"", ""m30@0.0020"", ""m31@0.0020"", ""m32@0.0020"", ""m33@0.0020"", ""m34@0.0032"", ""m35@0.0045"", ""m36@0.0020"", ""m37@0.0020"", ""m38@0.0020"", ""m39@0.0045"", ""m40@0.0020"", ""m41@0.0020"", ""m42@0.0045"", ""m43@0.0045"", ""m44@0.0020"", ""m45@0.0020"", ""m46@0.0020"", ""m47@0.0045"", ""m48@0.0020"", ""m49@0.0020"", ""m50@0.0045"", ""m51@0.0045"", ""m52@0.0020"", ""m53@0.0020"", ""m54@0.0045"", ""m55@0.0045"", ""m56@0.0020"", ""m57@0.0020"", ""m58@0.0045"", ""m59@0.0045"", ""m60@0.0020"", ""m61@0.0020"", ""m62@0.0020"", ""m63@0.0045""]","[""C1"", 1000000, 0, 50000, [[400000, 700000]], 455509]"
syn_64_3_1_16,synthetic,64,3,1,0.16,pareto_dp,True,13788826,0.15925,601.0,89517900,,16816380476316507205,"[""m0@0.0020"", ""m1@0.0020"", ""m2@0.0020"", ""m3@0.0020"", ""m4@0.0020"", ""m5@0.0020"", ""m6@0.0020"", ""m7@0.0045"", ""m8@0.0020"", ""m9@0.0020"", ""m10@0.0020"", ""m11@0.0045"", ""m12@0.0020"", ""m13@0.0020"", ""m14@0.0020"", ""m15@0.0032"", ""m16@0.0020"", ""m17@0.0020"", ""m18@0.0020"", ""m19@0.0045"", ""m20@0.0020"", ""m21@0.0020"", ""m22@0.0020"", ""m23@0.0045"", ""m24@0.0020"", ""m25@0.0020"", ""m26@0.0020"", ""m27@0.0020"", ""m28@0.0020"", ""m29@0.0020"", ""m30@0.0020"", ""m31@0.0032"", ""m32@0.0020"", ""m33@0.0020"", ""m34@0.0020"", ""m35@0.0045"", ""m36@0.0020"", ""m37@0.0020"", ""m38@0.0045"", ""m39@0.0020"", ""m40@0.0020"", ""m41@0.0020"", ""m42@0.0020"", ""m43@0.0032"", ""m44@0.0020"", ""m45@0.0020"", ""m46@0.0020"", ""m47@0.0020"", ""m48@0.0020"", ""m49@0.0020"", ""m50@0.0045"", ""m51@0.0045"", ""m52@0.0020"", ""m53@0.0020"", ""m54@0.0045"", ""m55@0.0045"", ""m56@0.0020"", ""m57@0.0020"", ""m58@0.0020"", ""m59@0.0020"", ""m60@0.0020"", ""m61@0.0020"", ""m62@0.0020"", ""m63@0.0045""]","[""C1"", 1000000, 0, 50000, [[400000, 700000]], 455509]"
syn_64_3_1_16,synthetic,64,3,1,0.16,equal_risk,True,18037047,0.128,,1130000,,16816380476316507205,"[""m0@0.0020"", ""m1@0.0020"", ""m2@0.0020"", ""m3@0.0020"", ""m4@0.0020"", ""m5@0.0020"", ""m6@0.0020"", ""m7@0.0020"", ""m8@0.0020"", ""m9@0.0020"", ""m10@0.0020"", ""m11@0.0020"", ""m12@0.0020"", ""m13@0.0020"", ""m14@0.0020"", ""m15@0.0020"", ""m16@0.0020"", ""m17@0.0020"", ""m18@0.0020"", ""m19@0.0020"", ""m20@0.0020"", ""m21@0.0020"", ""m22@0.0020"", ""m23@0.0020"", ""m24@0.0020"", ""m25@0.0020"", ""m26@0.0020"", ""m27@0.0020"", ""m28@0.0020"", ""m29@0.0020"", ""m30@0.0020"", ""m31@0.0020"", ""m32@0.0020"", ""m33@0.0020"", ""m34@0.0020"", ""m35@0.0020"", ""m36@0.0020"", ""m37@0.0020"", ""m38@0.0020"", ""m39@0.0020"", ""m40@0.0020"", ""m41@0.0020"", ""m42@0.0020"", ""m43@0.0020"", ""m44@0.0020"", ""m45@0.0020"", ""m46@0.0020"", ""m47@0.0020"", ""m48@0.0020"", ""m49@0.0020"", ""m50@0.0020"", ""m51@0.0020"", ""m52@0.0020"", ""m53@0.0020"", ""m54@0.0020"", ""m55@0.0020"", ""m56@0.0020"", ""m57@0.0020"", ""m58@0.0020"", ""m59@0.0020"", ""m60@0.0020"", ""m61@0.0020"", ""m62@0.0020"", ""m63@0.0020""]","[""C1"", 1000000, 0, 50000, [[400000, 700000]], 455509]"
syn_64_3_1_16,synthetic,64,3,1,0.16,proportional_risk,True,18037047,0.128,,1773300,,16816380476316507205,"[""m0@0.0020"", ""m1@0.0020"", ""m2@0.0020"", ""m3@0.0020"", ""m4@0.0020"", ""m5@0.0020"", ""m6@0.0020"", ""m7@0.0020"", ""m8@0.0020"", ""m9@0.0020"", ""m10@0.0020"", ""m11@0.0020"", ""m12@0.0020"", ""m13@0.0020"", ""m14@0.0020"", ""m15@0.0020"", ""m16@0.0020"", ""m17@0.0020"", ""m18@0.0020"", ""m19@0.0020"", ""m20@0.0020"", ""m21@0.0020"", ""m22@0.0020"", ""m23@0.0020"", ""m24@0.0020"", ""m25@0.0020"", ""m26@0.0020"", ""m27@0.0020"", ""m28@0.0020"", ""m29@0.0020"", ""m30@0.0020"", ""m31@0.0020"", ""m32@0.0020"", ""m33@0.0020"", ""m34@0.0020"", ""m35@0.0020"", ""m36@0.0020"", ""m37@0.0020"", ""m38@0.0020"", ""m39@0.0020"", ""m40@0.0020"", ""m41@0.0020"", ""m42@0.0020"", ""m43@0.0020"", ""m44@0.0020"", ""m45@0.0020"", ""m46@0.0020"", ""m47@0.0020"", ""m48@0.0020"", ""m49@0.0020"", ""m50@0.0020"", ""m51@0.0020"", ""m52@0.0020"", ""m53@0.0020"", ""m54@0.0020"", ""m55@0.0020"", ""m56@0.0020"", ""m57@0.0020"", ""m58@0.0020"", ""m59@0.0020"", ""m60@0.0020"", ""m61@0.0020"", ""m62@0.0020"", ""m63@0.0020""]","[""C1"", 1000000, 0, 50000, [[400000, 700000]], 455509]"
syn_64_3_1_16,synthetic,64,3,1,0.16,greedy_gate_catching,True,14949595,0.15925,,69743100,,16816380476316507205,"[""m0@0.0020"", ""m1@0.0020"", ""m2@0.0020"", ""m3@0.0020"", ""m4@0.0020"", ""m5@0.0020"", ""m6@0.0032"", ""m7@0.0020"", ""m8@0.0020"", ""m9@0.0020"", ""m10@0.0020"", ""m11@0.0020"", ""m12@0.0020"", ""m13@0.0020"", ""m14@0.0020"", ""m15@0.0020"", ""m16@0.0020"", ""m17@0.0020"", ""m18@0.0020"", ""m19@0.0020"", ""m20@0.0020"", ""m21@0.0020"", ""m22@0.0020"", ""m23@0.0020"", ""m24@0.0020"", ""m25@0.0020"", ""m26@0.0020"", ""m27@0.0020"", ""m28@0.0020"", ""m29@0.0020"", ""m30@0.0020"", ""m31@0.0020"", ""m32@0.0020"", ""m33@0.0020"", ""m34@0.0032"", ""m35@0.0045"", ""m36@0.0020"", ""m37@0.0020"", ""m38@0.0045"", ""m39@0.0032"", ""m40@0.0020"", ""m41@0.0020"", ""m42@0.0020"", ""m43@0.0045"", ""m44@0.0020"", ""m45@0.0020"", ""m46@0.0045"", ""m47@0.0020"", ""m48@0.0020"", ""m49@0.0020"", ""m50@0.0045"", ""m51@0.0045"", ""m52@0.0020"", ""m53@0.0020"", ""m54@0.0045"", ""m55@0.0045"", ""m56@0.0020"", ""m57@0.0020"", ""m58@0.0020"", ""m59@0.0045"", ""m60@0.0020"", ""m61@0.0020"", ""m62@0.0045"", ""m63@0.0045""]","[""C1"", 1000000, 0, 50000, [[400000, 700000]], 455509]"
syn_64_3_1_17,synthetic,64,3,1,0.16,pareto_dp,True,13176724,0.15925,560.0,84603000,,12041753312507042732,"[""m0@0.0020"", ""m1@0.0020"", ""m2@0.0020"", ""m3@0.0045"", ""m4@0.0020"", ""m5@0.0020"", ""m6@0.0020"", ""m7@0.0045"", ""m8@0.0020"", ""m9@0.0020"", ""m10@0.0020"", ""m11@0.0020"", ""m12@0.0020"", ""m13@0.0020"", ""m14@0.0020"", ""m15@0.0045"", ""m16@0.0020"", ""m17@0.0020"", ""m18@0.0032"", ""m19@0.0020"", ""m20@0.0020"", ""m21@0.0020"", ""m22@0.0020"", ""m23@0.0045"", ""m24@0.0020"", ""m25@0.0020"", ""m26@0.0020"", ""m27@0.0045"", ""m28@0.0020"", ""m29@0.0020"", ""m30@0.0020"", ""m31@0.0045"", ""m32@0.0020"", ""m33@0.0020"", ""m34@0.0020"", ""m35@0.0020"", ""m36@0.0020"", ""m37@0.0020"", ""m38@0.0020"", ""m39@0.0045"", ""m40@0.0020"", ""m41@0.0020"", ""m42@0.0020"", ""m43@0.0045"", ""m44@0.0020"", ""m45@0.0020"", ""m46@0.0020"", ""m47@0.0045"", ""m48@0.0020"", ""m49@0.0020"", ""m50@0.0020"", ""m51@0.0045"", ""m52@0.0020"", ""m53@0.0020"", ""m54@0.0020"", ""m55@0.0045"", ""m56@0.0020"", ""m57@0.0020"", ""m58@0.0020"", ""m59@0.0020"", ""m60@0.0020"", ""m61@0.0020"", ""m62@0.0020"", ""m63@0.0045""]","[""C1"", 1000000, 0, 50000, [[400000, 700000]], 455509]"
syn_64_3_1_17,synthetic,64,3,1,0.16,equal_risk,True,17213394,0.128,,1137000,,12041753312507042732,"[""m0@0.0020"", ""m1@0.0020"", ""m2@0.0020"", ""m3@0.0020"", ""m4@0.0020"", ""m5@0.0020"", ""m6@0.0020"", ""m7@0.0020"", ""m8@0.0020"", ""m9@0.0020"", ""m10@0.0020"", ""m11@0.0020"", ""m12@0.0020"", ""m13@0.0020"", ""m14@0.0020"", ""m15@0.0020"", ""m16@0.0020"", ""m17@0.0020"", ""m18@0.0020"", ""m19@0.0020"", ""m20@0.0020"", ""m21@0.0020"", ""m22@0.0020"", ""m23@0.0020"", ""m24@0.0020"", ""m25@0.0020"", ""m26@0.0020"", ""m27@0.0020"", ""m28@0.0020"", ""m29@0.0020"", ""m30@0.0020"", ""m31@0.0020"", ""m32@0.0020"", ""m33@0.0020"", ""m34@0.0020"", ""m35@0.0020"", ""m36@0.0020"", ""m37@0.0020"", ""m38@0.0020"", ""m39@0.0020"", ""m40@0.0020"", ""m41@0.0020"", ""m42@0.0020"", ""m43@0.0020"", ""m44@0.0020"", ""m45@0.0020"", ""m46@0.0020"", ""m47@0.0020"", ""m48@0.0020"", ""m49@0.0020"", ""m50@0.0020"", ""m51@0.0020"", ""m52@0.0020"", ""m53@0.0020"", ""m54@0.0020"", ""m55@0.0020"", ""m56@0.0020"", ""m57@0.0020"", ""m58@0.0020"", ""m59@0.0020"", ""m60@0.0020"", ""m61@0.0020"", ""m62@0.0020"", ""m63@0.0020""]","[""C1"", 1000000, 0, 50000, [[400000, 700000]], 455509]"
syn_64_3_1_17,synthetic,64,3,1,0.16,proportional_risk,True,17213394,0.128,,1799500,,12041753312507042732,"[""m0@0.0020"", ""m1@0.0020"", ""m2@0.0020"", ""m3@0.0020"", ""m4@0.0020"", ""m5@0.0020"", ""m6@0.0020"", ""m7@0.0020"", ""m8@0.0020"", ""m9@0.0020"", ""m10@0.0020"", ""m11@0.0020"", ""m12@0.0020"", ""m13@0.0020"", ""m14@0.0020"", ""m15@0.0020"", ""m16@0.0020"", ""m17@0.0020"", ""m18@0.0020"", ""m19@0.0020"", ""m20@0.0020"", ""m21@0.0020"", ""m22@0.0020"", ""m23@0.0020"", ""m24@0.0020"", ""m25@0.0020"", ""m26@0.0020"", ""m27@0.0020"", ""m28@0.0020"", ""m29@0.0020"", ""m30@0.0020"", ""m31@0.0020"", ""m32@0.0020"", ""m33@0.0020"", ""m34@0.0020"", ""m35@0.0020"", ""m36@0.0020"", ""m37@0.0020"", ""m38@0.0020"", ""m39@0.0020"", ""m40@0.0020"", ""m41@0.0020"", ""m42@0.0020"", ""m43@0.0020"", ""m44@0.0020"", ""m45@0.0020"", ""m46@0.0020"", ""m47@0.0020"", ""m48@0.0020"", ""m49@0.0020"", ""m50@0.0020"", ""m51@0.0020"", ""m52@0.0020"", ""m53@0.0020"", ""m54@0.0020"", ""m55@0.0020"", ""m56@0.0020"", ""m57@0.0020"", ""m58@0.0020"", ""m59@0.0020"", ""m60@0.0020"", ""m61@0.0020"", ""m62@0.0020"", ""m63@0.0020""]","[""C1"", 1000000, 0, 50000, [[400000, 700000]], 455509]"
syn_64_3_1_17,synthetic,64,3,1,0.16,greedy_gate_catching,True,14057609,0.15925,,69290500,,12041753312507042732,"[""m0@0.0020"", ""m1@0.0020"", ""m2@0.0020"", ""m3@0.0020"", ""m4@0.0020"", ""m5@0.0020"", ""m6@0.0020"", ""m7@0.0020"", ""m8@0.0020"", ""m9@0.0020"", ""m10@0.0020"", ""m11@0.0020"", ""m12@0.0020"", ""m13@0.0020"", ""m14@0.0020"", ""m15@0.0020"", ""m16@0.0020"", ""m17@0.0020"", ""m18@0.0020"", ""m19@0.0020"", ""m20@0.0020"", ""m21@0.0020"", ""m22@0.0020"", ""m23@0.0032"", ""m24@0.0020"", ""m25@0.0020"", ""m26@0.0020"", ""m27@0.0020"", ""m28@0.0020"", ""m29@0.0020"", ""m30@0.0020"", ""m31@0.0020"", ""m32@0.0020"", ""m33@0.0020"", ""m34@0.0045"", ""m35@0.0045"", ""m36@0.0020"", ""m37@0.0020"", ""m38@0.0020"", ""m39@0.0045"", ""m40@0.0020"", ""m41@0.0020"", ""m42@0.0045"", ""m43@0.0045"", ""m44@0.0020"", ""m45@0.0020"", ""m46@0.0032"", ""m47@0.0045"", ""m48@0.0020"", ""m49@0.0020"", ""m50@0.0020"", ""m51@0.0045"", ""m52@0.0020"", ""m53@0.0020"", ""m54@0.0045"", ""m55@0.0045"", ""m56@0.0020"", ""m57@0.0020"", ""m58@0.0020"", ""m59@0.0032"", ""m60@0.0020"", ""m61@0.0020"", ""m62@0.0045"", ""m63@0.0045""]","[""C1"", 1000000, 0, 50000, [[400000, 700000]], 455509]"
syn_64_3_1_18,synthetic,64,3,1,0.16,pareto_dp,True,14058347,0.15925,717.0,115911800,,16433994708463541302,"[""m0@0.0020"", ""m1@0.0020"", ""m2@0.0020"", ""m3@0.0045"", ""m4@0.0020"", ""m5@0.0020"", ""m6@0.0020"", ""m7@0.0032"", ""m8@0.0020"", ""m9@0.0020"", ""m10@0.0020"", ""m11@0.0045"", ""m12@0.0020"", ""m13@0.0020"", ""m14@0.0020"", ""m15@0.0020"", ""m16@0.0020"", ""m17@0.0020"", ""m18@0.0020"", ""m19@0.0045"", ""m20@0.0020"", ""m21@0.0020"", ""m22@0.0020"", ""m23@0.0045"", ""m24@0.0020"", ""m25@0.0020"", ""m26@0.0020"", ""m27@0.0045"", ""m28@0.0020"", ""m29@0.0020"", ""m30@0.0020"", ""m31@0.0032"", ""m32@0.0020"", ""m33@0.0020"", ""m34@0.0020"", ""m35@0.0032"", ""m36@0.0020"", ""m37@0.0020"", ""m38@0.0045"", ""m39@0.0045"", ""m40@0.0020"", ""m41@0.0020"", ""m42@0.0020"", ""m43@0.0020"", ""m44@0.0020"", ""m45@0.0020"", ""m46@0.0020"", ""m47@0.0032"", ""m48@0.0020"", ""m49@0.0020"", ""m50@0.0020"", ""m51@0.0045"", ""m52@0.0020"", ""m53@0.0020"", ""m54@0.0020"", ""m55@0.0045"", ""m56@0.0020"", ""m57@0.0020"", ""m58@0.0020"", ""m59@0.0020"", ""m60@0.0020"", ""m61@0.0020"", ""m62@0.0032"", ""m63@0.0045""]","[""C1"", 1000000, 0, 50000, [[400000, 700000]], 455509]"
syn_64_3_1_18,synthetic,64,3,1,0.16,equal_risk,True,17923256,0.128,,1161000,,16433994708463541302,"[""m0@0.0020"", ""m1@0.0020"", ""m2@0.0020"", ""m3@0.0020"", ""m4@0.0020"", ""m5@0.0020"", ""m6@0.0020"", ""m7@0.0020"", ""m8@0.0020"", ""m9@0.0020"", ""m10@0.0020"", ""m11@0.0020"", ""m12@0.0020"", ""m13@0.0020"", ""m14@0.0020"", ""m15@0.0020"", ""m16@0.0020"", ""m17@0.0020"", ""m18@0.0020"", ""m19@0.0020"", ""m20@0.0020"", ""m21@0.0020"", ""m22@0.0020"", ""m23@0.0020"", ""m24@0.0020"", ""m25@0.0020"", ""m26@0.0020"", ""m27@0.0020"", ""m28@0.0020"", ""m29@0.0020"", ""m30@0.0020"", ""m31@0.0020"", ""m32@0.0020"", ""m33@0.0020"", ""m34@0.0020"", ""m35@0.0020"", ""m36@0.0020"", ""m37@0.0020"", ""m38@0.0020"", ""m39@0.0020"", ""m40@0.0020"", ""m41@0.0020"", ""m42@0.0020"", ""m43@0.0020"", ""m44@0.0020"", ""m45@0.0020"", ""m46@0.0020"", ""m47@0.0020"", ""m48@0.0020"", ""m49@0.0020"", ""m50@0.0020"", ""m51@0.0020"", ""m52@0.0020"", ""m53@0.0020"", ""m54@0.0020"", ""m55@0.0020"", ""m56@0.0020"", ""m57@0.0020"", ""m58@0.0020"", ""m59@0.0020"", ""m60@0.0020"", ""m61@0.0020"", ""m62@0.0020"", ""m63@0.0020""]","[""C1"", 1000000, 0, 50000, [[400000, 700000]], 455509]"
syn_64_3_1_18,synthetic,64,3,1,0.16,proportional_risk,True,17923256,0.128,,1789400,,16433994708463541302,"[""m0@0.0020"", ""m1@0.0020"", ""m2@0.0020"", ""m3@0.0020"", ""m4@0.0020"", ""m5@0.0020"", ""m6@0.0020"", ""m7@0.0020"", ""m8@0.0020"", ""m9@0.0020"", ""m10@0.0020"", ""m11@0.0020"", ""m12@0.0020"", ""m13@0.0020"", ""m14@0.0020"", ""m15@0.0020"", ""m16@0.0020"", ""m17@0.0020"", ""m18@0.0020"", ""m19@0.0020"", ""m20@0.0020"", ""m21@0.0020"", ""m22@0.0020"", ""m23@0.0020"", ""m24@0.0020"", ""m25@0.0020"", ""m26@0.0020"", ""m27@0.0020"", ""m28@0.0020"", ""m29@0.0020"", ""m30@0.0020"", ""m31@0.0020"", ""m32@0.0020"", ""m33@0.0020"", ""m34@0.0020"", ""m35@0.0020"", ""m36@0.0020"", ""m37@0.0020"", ""m38@0.0020"", ""m39@0.0020"", ""m40@0.0020"", ""m41@0.0020"", ""m42@0.0020"", ""m43@0.0020"", ""m44@0.0020"", ""m45@0.0020"", ""m46@0.0020"", ""m47@0.0020"", ""m48@0.0020"", ""m49@0.0020"", ""m50@0.0020"", ""m51@0.0020"", ""m52@0.0020"", ""m53@0.0020"", ""m54@0.0020"", ""m55@0.0020"", ""m56@0.0020"", ""m57@0.0020"", ""m58@0.0020"", ""m59@0.0020"", ""m60@0.0020"", ""m61@0.0020"", ""m62@0.0020"", ""m63@0.0020""]","[""C1"", 1000000, 0, 50000, [[400000, 700000]], 455509]"
syn_64_3_1_18,synthetic,64,3,1,0.16,greedy_gate_catching,True,14847962,0.15925,,67586900,,16433994708463541302,"[""m0@0.0020"", ""m1@0.0020"", ""m2@0.0020"", ""m3@0.0020"", ""m4@0.0020"", ""m5@0.0020"", ""m6@0.0020"", ""m7@0.0020"", ""m8@0.0020"", ""m9@0.0020"", ""m10@0.0020"", ""m11@0.0020"", ""m12@0.0020"", ""m13@0.0020"", ""m14@0.0020"", ""m15@0.0020"", ""m16@0.0020"", ""m17@0.0020"", ""m18@0.0020"", ""m19@0.0020"", ""m20@0.0020"", ""m21@0.0020"", ""m22@0.0020"", ""m23@0.0020"", ""m24@0.0020"", ""m25@0.0020"", ""m26@0.0020"", ""m27@0.0020"", ""m28@0.0020"", ""m29@0.0020"", ""m30@0.0020"", ""m31@0.0020"", ""m32@0.0020"", ""m33@0.0020"", ""m34@0.0020"", ""m35@0.0045"", ""m36@0.0020"", ""m37@0.0020"", ""m38@0.0045"", ""m39@0.0045"", ""m40@0.0020"", ""m41@0.0020"", ""m42@0.0020"", ""m43@0.0045"", ""m44@0.0020"", ""m45@0.0020"", ""m46@0.0045"", ""m47@0.0045"", ""m48@0.0020"", ""m49@0.0020"", ""m50@0.0045"", ""m51@0.0045"", ""m52@0.0020"", ""m53@0.0020"", ""m54@0.0032"", ""m55@0.0045"", ""m56@0.0020"", ""m57@0.0020"", ""m58@0.0020"", ""m59@0.0045"", ""m60@0.0020"", ""m61@0.0020"", ""m62@0.0045"", ""m63@0.0045""]","[""C1"", 1000000, 0, 50000, [[400000, 700000]], 455509]"
syn_64_3_1_19,synthetic,64,3,1,0.16,pareto_dp,True,14245054,0.15925,563.0,79477400,,2930606461209406732,"[""m0@0.0020"", ""m1@0.0020"", ""m2@0.0045"", ""m3@0.0045"", ""m4@0.0020"", ""m5@0.0020"", ""m6@0.0020"", ""m7@0.0045"", ""m8@0.0020"", ""m9@0.0020"", ""m10@0.0020"", ""m11@0.0020"", ""m12@0.0020"", ""m13@0.0020"", ""m14@0.0020"", ""m15@0.0045"", ""m16@0.0020"", ""m17@0.0020"", ""m18@0.0020"", ""m19@0.0020"", ""m20@0.0020"", ""m21@0.0020"", ""m22@0.0020"", ""m23@0.0045"", ""m24@0.0020"", ""m25@0.0020"", ""m26@0.0020"", ""m27@0.0020"", ""m28@0.0020"", ""m29@0.0020"", ""m30@0.0045"", ""m31@0.0045"", ""m32@0.0020"", ""m33@0.0020"", ""m34@0.0020"", ""m35@0.0045"", ""m36@0.0020"", ""m37@0.0020"", ""m38@0.0020"", ""m39@0.0032"", ""m40@0.0020"", ""m41@0.0020"", ""m42@0.0020"", ""m43@0.0045"", ""m44@0.0020"", ""m45@0.0020"", ""m46@0.0020"", ""m47@0.0020"", ""m48@0.0020"", ""m49@0.0020"", ""m50@0.0020"", ""m51@0.0020"", ""m52@0.0020"", ""m53@0.0020"", ""m54@0.0020"", ""m55@0.0045"", ""m56@0.0020"", ""m57@0.0020"", ""m58@0.0045"", ""m59@0.0045"", ""m60@0.0020"", ""m61@0.0020"", ""m62@0.0020"", ""m63@0.0020""]","[""C1"", 1000000, 0, 50000, [[400000, 700000]], 455509]"
syn_64_3_1_19,synthetic,64,3,1,0.16,equal_risk,True,18848464,0.128,,1135200,,2930606461209406732,"[""m0@0.0020"", ""m1@0.0020"", ""m2@0.0020"", ""m3@0.0020"", ""m4@0.0020"", ""m5@0.0020"", ""m6@0.0020"", ""m7@0.0020"", ""m8@0.0020"", ""m9@0.0020"", ""m10@0.0020"", ""m11@0.0020"", ""m12@0.0020"", ""m13@0.0020"", ""m14@0.0020"", ""m15@0.0020"", ""m16@0.0020"", ""m17@0.0020"", ""m18@0.0020"", ""m19@0.0020"", ""m20@0.0020"", ""m21@0.0020"", ""m22@0.0020"", ""m23@0.0020"", ""m24@0.0020"", ""m25@0.0020"", ""m26@0.0020"", ""m27@0.0020"", ""m28@0.0020"", ""m29@0.0020"", ""m30@0.0020"", ""m31@0.0020"", ""m32@0.0020"", ""m33@0.0020"", ""m34@0.0020"", ""m35@0.0020"", ""m36@0.0020"", ""m37@0.0020"", ""m38@0.0020"", ""m39@0.0020"", ""m40@0.0020"", ""m41@0.0020"", ""m42@0.0020"", ""m43@0.0020"", ""m44@0.0020"", ""m45@0.0020"", ""m46@0.0020"", ""m47@0.0020"", ""m48@0.0020"", ""m49@0.0020"", ""m50@0.0020"", ""m51@0.0020"", ""m52@0.0020"", ""m53@0.0020"", ""m54@0.0020"", ""m55@0.0020"", ""m56@0.0020"", ""m57@0.0020"", ""m58@0.0020"", ""m59@0.0020"", ""m60@0.0020"", ""m61@0.0020"", ""m62@0.0020"", ""m63@0.0020""]","[""C1"", 1000000, 0, 50000, [[400000, 700000]], 455509]"
syn_64_3_1_19,synthetic,64,3,1,0.16,proportional_risk,True,18848464,0.128,,1842000,,2930606461209406732,"[""m0@0.0020"", ""m1@0.0020"", ""m2@0.0020"", ""m3@0.0020"", ""m4@0.0020"", ""m5@0.0020"", ""m6@0.0020"", ""m7@0.0020"", ""m8@0.0020"", ""m9@0.0020"", ""m10@0.0020"", ""m11@0.0020"", ""m12@0.0020"", ""m13@0.0020"", ""m14@0.0020"", ""m15@0.0020"", ""m16@0.0020"", ""m17@0.0020"", ""m18@0.0020"", ""m19@0.0020"", ""m20@0.0020"", ""m21@0.0020"", ""m22@0.0020"", ""m23@0.0020"", ""m24@0.0020"", ""m25@0.0020"", ""m26@0.0020"", ""m27@0.0020"", ""m28@0.0020"", ""m29@0.0020"", ""m30@0.0020"", ""m31@0.0020"", ""m32@0.0020"", ""m33@0.0020"", ""m34@0.0020"", ""m35@0.0020"", ""m36@0.0020"", ""m37@0.0020"", ""m38@0.0020"", ""m39@0.0020"", ""m40@0.0020"", ""m41@0.0020"", ""m42@0.0020"", ""m43@0.0020"", ""m44@0.0020"", ""m45@0.0020"", ""m46@0.0020"", ""m47@0.0020"", ""m48@0.0020"", ""m49@0.0020"", ""m50@0.0020"", ""m51@0.0020"", ""m52@0.0020"", ""m53@0.0020"", ""m54@0.0020"", ""m55@0.0020"", ""m56@0.0020"", ""m57@0.0020"", ""m58@0.0020"", ""m59@0.0020"", ""m60@0.0020"", ""m61@0.0020"", ""m62@0.0020"", ""m63@0.0020""]","[""C1"", 1000000, 0, 50000, [[400000, 700000]], 455509]"
syn_64_3_1_19,synthetic,64,3,1,0.16,greedy_gate_catching,True,15874986,0.15925,,69621500,,2930606461209406732,"[""m0@0.0020"", ""m1@0.0020"", ""m2@0.0020"", ""m3@0.0020"", ""m4@0.0020"", ""m5@0.0020"", ""m6@0.0020"", ""m7@0.0020"", ""m8@0.0020"", ""m9@0.0020"", ""m10@0.0020"", ""m11@0.0020"", ""m12@0.0020"", ""m13@0.0020"", ""m14@0.0020"", ""m15@0.0020"", ""m16@0.0020"", ""m17@0.0020"", ""m18@0.0020"", ""m19@0.0020"", ""m20@0.0020"", ""m21@0.0020"", ""m22@0.0020"", ""m23@0.0020"", ""m24@0.0020"", ""m25@0.0020"", ""m26@0.0020"", ""m27@0.0020"", ""m28@0.0020"", ""m29@0.0020"", ""m30@0.0020"", ""m31@0.0020"", ""m32@0.0020"", ""m33@0.0020"", ""m34@0.0045"", ""m35@0.0045"", ""m36@0.0020"", ""m37@0.0020"", ""m38@0.0032"", ""m39@0.0045"", ""m40@0.0020"", ""m41@0.0020"", ""m42@0.0020"", ""m43@0.0045"", ""m44@0.0020"", ""m45@0.0020"", ""m46@0.0045"", ""m47@0.0045"", ""m48@0.0020"", ""m49@0.0020"", ""m50@0.0020"", ""m51@0.0045"", ""m52@0.0020"", ""m53@0.0020"", ""m54@0.0020"", ""m55@0.0045"", ""m56@0.0020"", ""m57@0.0020"", ""m58@0.0045"", ""m59@0.0045"", ""m60@0.0020"", ""m61@0.0020"", ""m62@0.0045"", ""m63@0.0045""]","[""C1"", 1000000, 0, 50000, [[400000, 700000]], 455509]"
syn_64_3_4_00,synthetic,64,3,4,0.16,pareto_dp,True,12808613,0.15925,445.0,44272800,,1740519104354386934,"[""m0@0.0020"", ""m1@0.0020"", ""m2@0.0020"", ""m3@0.0020"", ""m4@0.0020"", ""m5@0.0020"", ""m6@0.0020"", ""m7@0.0045"", ""m8@0.0020"", ""m9@0.0020"", ""m10@0.0032"", ""m11@0.0045"", ""m12@0.0020"", ""m13@0.0020"", ""m14@0.0020"", ""m15@0.0020"", ""m16@0.0020"", ""m17@0.0020"", ""m18@0.0020"", ""m19@0.0045"", ""m20@0.0020"", ""m21@0.0020"", ""m22@0.0020"", ""m23@0.0045"", ""m24@0.0020"", ""m25@0.0020"", ""m26@0.0045"", ""m27@0.0045"", ""m28@0.0020"", ""m29@0.0020"", ""m30@0.0045"", ""m31@0.0045"", ""m32@0.0020"", ""m33@0.0020"", ""m34@0.0020"", ""m35@0.0020"", ""m36@0.0020"", ""m37@0.0020"", ""m38@0.0020"", ""m39@0.0020"", ""m40@0.0020"", ""m41@0.0020"", ""m42@0.0020"", ""m43@0.0045"", ""m44@0.0020"", ""m45@0.0020"", ""m46@0.0045"", ""m47@0.0045"", ""m48@0.0020"", ""m49@0.0020"", ""m50@0.0020"", ""m51@0.0020"", ""m52@0.0020"", ""m53@0.0020"", ""m54@0.0020"", ""m55@0.0032"", ""m56@0.0020"", ""m57@0.0020"", ""m58@0.0020"", ""m59@0.0032"", ""m60@0.0020"", ""m61@0.0020"", ""m62@0.0020"", ""m63@0.0020""]","[""C1"", 1000000, 0, 50000, [[400000, 700000]], 455509]"
syn_64_3_4_00,synthetic,64,3,4,0.16,equal_risk,True,16928856,0.128,,1205600,,1740519104354386934,"[""m0@0.0020"", ""m1@0.0020"", ""m2@0.0020"", ""m3@0.0020"", ""m4@0.0020"", ""m5@0.0020"", ""m6@0.0020"", ""m7@0.0020"", ""m8@0.0020"", ""m9@0.0020"", ""m10@0.0020"", ""m11@0.0020"", ""m12@0.0020"", ""m13@0.0020"", ""m14@0.0020"", ""m15@0.0020"", ""m16@0.0020"", ""m17@0.0020"", ""m18@0.0020"", ""m19@0.0020"", ""m20@0.0020"", ""m21@0.0020"", ""m22@0.0020"", ""m23@0.0020"", ""m24@0.0020"", ""m25@0.0020"", ""m26@0.0020"", ""m27@0.0020"", ""m28@0.0020"", ""m29@0.0020"", ""m30@0.0020"", ""m31@0.0020"", ""m32@0.0020"", ""m33@0.0020"", ""m34@0.0020"", ""m35@0.0020"", ""m36@0.0020"", ""m37@0.0020"", ""m38@0.0020"", ""m39@0.0020"", ""m40@0.0020"", ""m41@0.0020"", ""m42@0.0020"", ""m43@0.0020"", ""m44@0.0020"", ""m45@0.0020"", ""m46@0.0020"", ""m47@0.0020"", ""m48@0.0020"", ""m49@0.0020"", ""m50@0.0020"", ""m51@0.0020"", ""m52@0.0020"", ""m53@0.0020"", ""m54@0.0020"", ""m55@0.0020"", ""m56@0.0020"", ""m57@0.0020"", ""m58@0.0020"", ""m59@0.0020"", ""m60@0.0020"", ""m61@0.0020"", ""m62@0.0020"", ""m63@0.0020""]","[""C1"", 1000000, 0, 50000, [[400000, 700000]], 455509]"
syn_64_3_4_00,synthetic,64,3,4,0.16,proportional_risk,True,16928856,0.128,,1899400,,1740519104354386934,"[""m0@0.0020"", ""m1@0.0020"", ""m2@0.0020"", ""m3@0.0020"", ""m4@0.0020"", ""m5@0.0020"", ""m6@0.0020"", ""m7@0.0020"", ""m8@0.0020"", ""m9@0.0020"", ""m10@0.0020"", ""m11@0.0020"", ""m12@0.0020"", ""m13@0.0020"", ""m14@0.0020"", ""m15@0.0020"", ""m16@0.0020"", ""m17@0.0020"", ""m18@0.0020"", ""m19@0.0020"", ""m20@0.0020"", ""m21@0.0020"", ""m22@0.0020"", ""m23@0.0020"", ""m24@0.0020"", ""m25@0.0020"", ""m26@0.0020"", ""m27@0.0020"", ""m28@0.0020"", ""m29@0.0020"", ""m30@0.0020"", ""m31@0.0020"", ""m32@0.0020"", ""m33@0.0020"", ""m34@0.0020"", ""m35@0.0020"", ""m36@0.0020"", ""m37@0.0020"", ""m38@0.0020"", ""m39@0.0020"", ""m40@0.0020"", ""m41@0.0020"", ""m42@0.0020"", ""m43@0.0020"", ""m44@0.0020"", ""m45@0.0020"", ""m46@0.0020"", ""m47@0.0020"", ""m48@0.0020"", ""m49@0.0020"", ""m50@0.0020"", ""m51@0.0020"", ""m52@0.0020"", ""m53@0.0020"", ""m54@0.0020"", ""m55@0.0020"", ""m56@0.0020"", ""m57@0.0020"", ""m58@0.0020"", ""m59@0.0020"", ""m60@0.0020"", ""m61@0.0020"", ""m62@0.0020"", ""m63@0.0020""]","[""C1"", 1000000, 0, 50000, [[400000, 700000]], 455509]"
syn_64_3_4_00,synthetic,64,3,4,0.16,greedy_gate_catching,True,15280391,0.15925,,68415600,,1740519104354386934,"[""m0@0.0020"", ""m1@0.0020"", ""m2@0.0020"", ""m3@0.0020"", ""m4@0.0020"", ""m5@0.0020"", ""m6@0.0020"", ""m7@0.0020"", ""m8@0.0020"", ""m9@0.0020"", ""m10@0.0020"", ""m11@0.0020"", ""m12@0.0020"", ""m13@0.0020"", ""m14@0.0020"", ""m15@0.0020"", ""m16@0.0020"", ""m17@0.0020"", ""m18@0.0020"", ""m19@0.0020"", ""m20@0.0020"", ""m21@0.0020"", ""m22@0.0020"", ""m23@0.0020"", ""m24@0.0020"", ""m25@0.0020"", ""m26@0.0020"", ""m27@0.0020"", ""m28@0.0020"", ""m29@0.0020"", ""m30@0.0020"", ""m31@0.0020"", ""m32@0.0020"", ""m33@0.0020"", ""m34@0.0020"", ""m35@0.0020"", ""m36@0.0020"", ""m37@0.0020"", ""m38@0.0020"", ""m39@0.0020"", ""m40@0.0020"", ""m41@0.0020"", ""m42@0.0020"", ""m43@0.0020"", ""m44@0.0020"", ""m45@0.0020"", ""m46@0.0020"", ""m47@0.0020"", ""m48@0.0020"", ""m49@0.0020"", ""m50@0.0020"", ""m51@0.0045"", ""m52@0.0045"", ""m53@0.0045"", ""m54@0.0045"", ""m55@0.0045"", ""m56@0.0045"", ""m57@0.0045"", ""m58@0.0045"", ""m59@0.0045"", ""m60@0.0032"", ""m61@0.0045"", ""m62@0.0045"", ""m63@0.0045""]","[""C1"", 1000000, 0, 50000, [[400000, 700000]], 455509]"
syn_64_3_4_01,synthetic,64,3,4,0.16,pareto_dp,True,14721751,0.15925,360.0,38489000,,18004950685442546576,"[""m0@0.0020"", ""m1@0.0020"", ""m2@0.0020"", ""m3@0.0045"", ""m4@0.0020"", ""m5@0.0020"", ""m6@0.0032"", ""m7@0.0045"", ""m8@0.0020"", ""m9@0.0020"", ""m10@0.0045"", ""m11@0.0032"", ""m12@0.0020"", ""m13@0.0020"", ""m14@0.0020"", ""m15@0.0045"", ""m16@0.0020"", ""m17@0.0020"", ""m18@0.0020"", ""m19@0.0032"", ""m20@0.0020"", ""m21@0.0020"", ""m22@0.0020"", ""m23@0.0020"", ""m24@0.0020"", ""m25@0.0020"", ""m26@0.0020"", ""m27@0.0045"", ""m28@0.0020"", ""m29@0.0020"", ""m30@0.0020"", ""m31@0.0045"", ""m32@0.0020"", ""m33@0.0020"", ""m34@0.0020"", ""m35@0.0020"", ""m36@0.0020"", ""m37@0.0020"", ""m38@0.0020"", ""m39@0.0045"", ""m40@0.0020"", ""m41@0.0020"", ""m42@0.0020"", ""m43@0.0032"", ""m44@0.0020"", ""m45@0.0020"", ""m46@0.0020"", ""m47@0.0045"", ""m48@0.0020"", ""m49@0.0020"", ""m50@0.0020"", ""m51@0.0045"", ""m52@0.0020"", ""m53@0.0020"", ""m54@0.0020"", ""m55@0.0020"", ""m56@0.0020"", ""m57@0.0020"", ""m58@0.0020"", ""m59@0.0032"", ""m60@0.0020"", ""m61@0.0020"", ""m62@0.0020"", ""m63@0.0045""]","[""C1"", 1000000, 0, 50000, [[400000, 700000]], 455509]"
syn_64_3_4_01,synthetic,64,3,4,0.16,equal_risk,True,19545001,0.128,,1166200,,18004950685442546576,"[""m0@0.0020"", ""m1@0.0020"", ""m2@0.0020"", ""m3@0.0020"", ""m4@0.0020"", ""m5@0.0020"", ""m6@0.0020"", ""m7@0.0020"", ""m8@0.0020"", ""m9@0.0020"", ""m10@0.0020"", ""m11@0.0020"", ""m12@0.0020"", ""m13@0.0020"", ""m14@0.0020"", ""m15@0.0020"", ""m16@0.0020"", ""m17@0.0020"", ""m18@0.0020"", ""m19@0.0020"", ""m20@0.0020"", ""m21@0.0020"", ""m22@0.0020"", ""m23@0.0020"", ""m24@0.0020"", ""m25@0.0020"", ""m26@0.0020"", ""m27@0.0020"", ""m28@0.0020"", ""m29@0.0020"", ""m30@0.0020"", ""m31@0.0020"", ""m32@0.0020"", ""m33@0.0020"", ""m34@0.0020"", ""m35@0.0020"", ""m36@0.0020"", ""m37@0.0020"", ""m38@0.0020"", ""m39@0.0020"", ""m40@0.0020"", ""m41@0.0020"", ""m42@0.0020"", ""m43@0.0020"", ""m44@0.0020"", ""m45@0.0020"", ""m46@0.0020"", ""m47@0.0020"", ""m48@0.0020"", ""m49@0.0020"", ""m50@0.0020"", ""m51@0.0020"", ""m52@0.0020"", ""m53@0.0020"", ""m54@0.0020"", ""m55@0.0020"", ""m56@0.0020"", ""m57@0.0020"", ""m58@0.0020"", ""m59@0.0020"", ""m60@0.0020"", ""m61@0.0020"", ""m62@0.0020"", ""m63@0.0020""]","[""C1"", 1000000, 0, 50000, [[400000, 700000]], 455509]"
syn_64_3_4_01,synthetic,64,3,4,0.16,proportional_risk,True,19545001,0.128,,1883900,,18004950685442546576,"[""m0@0.0020"", ""m1@0.0020"", ""m2@0.0020"", ""m3@0.0020"", ""m4@0.0020"", ""m5@0.0020"", ""m6@0.0020"", ""m7@0.0020"", ""m8@0.0020"", ""m9@0.0020"", ""m10@0.0020"", ""m11@0.0020"", ""m12@0.0020"", ""m13@0.0020"", ""m14@0.0020"", ""m15@0.0020"", ""m16@0.0020"", ""m17@0.0020"", ""m18@0.0020"", ""m19@0.0020"", ""m20@0.0020"", ""m21@0.0020"", ""m22@0.0020"", ""m23@0.0020"", ""m24@0.0020"", ""m25@0.0020"", ""m26@0.0020"", ""m27@0.0020"", ""m28@0.0020"", ""m29@0.0020"", ""m30@0.0020"", ""m31@0.0020"", ""m32@0.0020"", ""m33@0.0020"", ""m34@0.0020"", ""m35@0.0020"", ""m36@0.0020"", ""m37@0.0020"", ""m38@0.0020"", ""m39@0.0020"", ""m40@0.0020"", ""m41@0.0020"", ""m42@0.0020"", ""m43@0.0020"", ""m44@0.0020"", ""m45@0.0020"", ""m46@0.0020"", ""m47@0.0020"", ""m48@0.0020"", ""m49@0.0020"", ""m50@0.0020"", ""m51@0.0020"", ""m52@0.0020"", ""m53@0.0020"", ""m54@0.0020"", ""m55@0.0020"", ""m56@0.0020"", ""m57@0.0020"", ""m58@0.0020"", ""m59@0.0020"", ""m60@0.0020"", ""m61@0.0020"", ""m62@0.0020"", ""m63@0.0020""]","[""C1"", 1000000, 0, 50000, [[400000, 700000]], 455509]"
syn_64_3_4_01,synthetic,64,3,4,0.16,greedy_gate_catching,True,17541001,0.15925,,69321300,,18004950685442546576,"[""m0@0.0020"", ""m1@0.0020"", ""m2@0.0020"", ""m3@0.0020"", ""m4@0.0020"", ""m5@0.0020"", ""m6@0.0020"", ""m7@0.0020"", ""m8@0.0020"", ""m9@0.0020"", ""m10@0.0020"", ""m11@0.0020"", ""m12@0.0020"", ""m13@0.0020"", ""m14@0.0020"", ""m15@0.0020"", ""m16@0.0020"", ""m17@0.0020"", ""m18@0.0020"", ""m19@0.0020"", ""m20@0.0020"", ""m21@0.0020"", ""m22@0.0020"", ""m23@0.0020"", ""m24@0.0020"", ""m25@0.0020"", ""m26@0.0020"", ""m27@0.0020"", ""m28@0.0020"", ""m29@0.0020"", ""m30@0.0020"", ""m31@0.0020"", ""m32@0.0020"", ""m33@0.0020"", ""m34@0.0020"", ""m35@0.0020"", ""m36@0.0020"", ""m37@0.0020"", ""m38@0.0020"", ""m39@0.0020"", ""m40@0.0020"", ""m41@0.0020"", ""m42@0.0020"", ""m43@0.0020"", ""m44@0.0020"", ""m45@0.0020"", ""m46@0.0020"", ""m47@0.0020"", ""m48@0.0020"", ""m49@0.0020"", ""m50@0.0020"", ""m51@0.0045"", ""m52@0.0032"", ""m53@0.0045"", ""m54@0.0045"", ""m55@0.0045"", ""m56@0.0045"", ""m57@0.0045"", ""m58@0.0045"", ""m59@0.0045"", ""m60@0.0045"", ""m61@0.0045"", ""m62@0.0045"", ""m63@0.0045""]","[""C1"", 1000000, 0, 50000, [[400000, 700000]], 455509]"
syn_64_3_4_02,synthetic,64,3,4,0.16,pareto_dp,True,13964670,0.15925,393.0,40659100,,7236475659281049659,"[""m0@0.0020"", ""m1@0.0020"", ""m2@0.0020"", ""m3@0.0020"", ""m4@0.0020"", ""m5@0.0020"", ""m6@0.0020"", ""m7@0.0045"", ""m8@0.0020"", ""m9@0.0020"", ""m10@0.0020"", ""m11@0.0045"", ""m12@0.0020"", ""m13@0.0020"", ""m14@0.0020"", ""m15@0.0020"", ""m16@0.0020"", ""m17@0.0020"", ""m18@0.0020"", ""m19@0.0045"", ""m20@0.0020"", ""m21@0.0020"", ""m22@0.0020"", ""m23@0.0045"", ""m24@0.0020"", ""m25@0.0020"", ""m26@0.0020"", ""m27@0.0020"", ""m28@0.0020"", ""m29@0.0020"", ""m30@0.0020"", ""m31@0.0032"", ""m32@0.0020"", ""m33@0.0020"", ""m34@0.0020"", ""m35@0.0020"", ""m36@0.0020"", ""m37@0.0020"", ""m38@0.0020"", ""m39@0.0045"", ""m40@0.0020"", ""m41@0.0020"", ""m42@0.0020"", ""m43@0.0045"", ""m44@0.0020"", ""m45@0.0020"", ""m46@0.0045"", ""m47@0.0045"", ""m48@0.0020"", ""m49@0.0020"", ""m50@0.0020"", ""m51@0.0045"", ""m52@0.0020"", ""m53@0.0020"", ""m54@0.0020"", ""m55@0.0045"", ""m56@0.0020"", ""m57@0.0020"", ""m58@0.0020"", ""m59@0.0045"", ""m60@0.0020"", ""m61@0.0020"", ""m62@0.0020"", ""m63@0.0045""]","[""C1"", 1000000, 0, 50000, [[400000, 700000]], 455509]"
syn_64_3_4_02,synthetic,64,3,4,0.16,equal_risk,True,19184594,0.128,,1199300,,7236475659281049659,"[""m0@0.0020"", ""m1@0.0020"", ""m2@0.0020"", ""m3@0.0020"", ""m4@0.0020"", ""m5@0.0020"", ""m6@0.0020"", ""m7@0.0020"", ""m8@0.0020"", ""m9@0.0020"", ""m10@0.0020"", ""m11@0.0020"", ""m12@0.0020"", ""m13@0.0020"", ""m14@0.0020"", ""m15@0.0020"", ""m16@0.0020"", ""m17@0.0020"", ""m18@0.0020"", ""m19@0.0020"", ""m20@0.0020"", ""m21@0.0020"", ""m22@0.0020"", ""m23@0.0020"", ""m24@0.0020"", ""m25@0.0020"", ""m26@0.0020"", ""m27@0.0020"", ""m28@0.0020"", ""m29@0.0020"", ""m30@0.0020"", ""m31@0.0020"", ""m32@0.0020"", ""m33@0.0020"", ""m34@0.0020"", ""m35@0.0020"", ""m36@0.0020"", ""m37@0.0020"", ""m38@0.0020"", ""m39@0.0020"", ""m40@0.0020"", ""m41@0.0020"", ""m42@0.0020"", ""m43@0.0020"", ""m44@0.0020"", ""m45@0.0020"", ""m46@0.0020"", ""m47@0.0020"", ""m48@0.0020"", ""m49@0.0020"", ""m50@0.0020"", ""m51@0.0020"", ""m52@0.0020"", ""m53@0.0020"", ""m54@0.0020"", ""m55@0.0020"", ""m56@0.0020"", ""m57@0.0020"", ""m58@0.0020"", ""m59@0.0020"", ""m60@0.0020"", ""m61@0.0020"", ""m62@0.0020"", ""m63@0.0020""]","[""C1"", 1000000, 0, 50000, [[400000, 700000]], 455509]"
syn_64_3_4_02,synthetic,64,3,4,0.16,proportional_risk,True,19184594,0.128,,1911300,,7236475659281049659,"[""m0@0.0020"", ""m1@0.0020"", ""m2@0.0020"", ""m3@0.0020"", ""m4@0.0020"", ""m5@0.0020"", ""m6@0.0020"", ""m7@0.0020"", ""m8@0.0020"", ""m9@0.0020"", ""m10@0.0020"", ""m11@0.0020"", ""m12@0.0020"", ""m13@0.0020"", ""m14@0.0020"", ""m15@0.0020"", ""m16@0.0020"", ""m17@0.0020"", ""m18@0.0020"", ""m19@0.0020"", ""m20@0.0020"", ""m21@0.0020"", ""m22@0.0020"", ""m23@0.0020"", ""m24@0.0020"", ""m25@0.0020"", ""m26@0.0020"", ""m27@0.0020"", ""m28@0.0020"", ""m29@0.0020"", ""m30@0.0020"", ""m31@0.0020"", ""m32@0.0020"", ""m33@0.0020"", ""m34@0.0020"", ""m35@0.0020"", ""m36@0.0020"", ""m37@0.0020"", ""m38@0.0020"", ""m39@0.0020"", ""m40@0.0020"", ""m41@0.0020"", ""m42@0.0020"", ""m43@0.0020"", ""m44@0.0020"", ""m45@0.0020"", ""m46@0.0020"", ""m47@0.0020"", ""m48@0.0020"", ""m49@0.0020"", ""m50@0.0020"", ""m51@0.0020"", ""m52@0.0020"", ""m53@0.0020"", ""m54@0.0020"", ""m55@0.0020"", ""m56@0.0020"", ""m57@0.0020"", ""m58@0.0020"", ""m59@0.0020"", ""m60@0.0020"", ""m61@0.0020"", ""m62@0.0020"", ""m63@0.0020""]","[""C1"", 1000000, 0, 50000, [[400000, 700000]], 455509]"
syn_64_3_4_02,synthetic,64,3,4,0.16,greedy_gate_catching,True,17256243,0.15925,,70426600,,7236475659281049659,"[""m0@0.0020"", ""m1@0.0020"", ""m2@0.0020"", ""m3@0.0020"", ""m4@0.0020"", ""m5@0.0020"", ""m6@0.0020"", ""m7@0.0020"", ""m8@0.0020"", ""m9@0.0020"", ""m10@0.0020"", ""m11@0.0020"", ""m12@0.0020"", ""m13@0.0020"", ""m14@0.0020"", ""m15@0.0020"", ""m16@0.0020"", ""m17@0.0020"", ""m18@0.0020"", ""m19@0.0020"", ""m20@0.0020"", ""m21@0.0020"", ""m22@0.0020"", ""m23@0.0020"", ""m24@0.0020"", ""m25@0.0020"", ""m26@0.0020"", ""m27@0.0020"", ""m28@0.0020"", ""m29@0.0020"", ""m30@0.0020"", ""m31@0.0020"", ""m32@0.0020"", ""m33@0.0020"", ""m34@0.0020"", ""m35@0.0020"", ""m36@0.0020"", ""m37@0.0020"", ""m38@0.0020"", ""m39@0.0020"", ""m40@0.0020"", ""m41@0.0020"", ""m42@0.0020"", ""m43@0.0020"", ""m44@0.0020"", ""m45@0.0020"", ""m46@0.0020"", ""m47@0.0020"", ""m48@0.0020"", ""m49@0.0020"", ""m50@0.0020"", ""m51@0.0045"", ""m52@0.0032"", ""m53@0.0045"", ""m54@0.0045"", ""m55@0.0045"", ""m56@0.0045"", ""m57@0.0045"", ""m58@0.0045"", ""m59@0.0045"", ""m60@0.0045"", ""m61@0.0045"", ""m62@0.0045"", ""m63@0.0045""]","[""C1"", 1000000, 0, 50000, [[400000, 700000]], 455509]"
syn_64_3_4_03,synthetic,64,3,4,0.16,pareto_dp,True,14432524,0.15925,458.0,57884300,,14064595957059341431,"[""m0@0.0020"", ""m1@0.0020"", ""m2@0.0045"", ""m3@0.0045"", ""m4@0.0020"", ""m5@0.0020"", ""m6@0.0032"", ""m7@0.0032"", ""m8@0.0020"", ""m9@0.0020"", ""m10@0.0020"", ""m11@0.0045"", ""m12@0.0020"", ""m13@0.0020"", ""m14@0.0020"", ""m15@0.0045"", ""m16@0.0020"", ""m17@0.0020"", ""m18@0.0032"", ""m19@0.0032"", ""m20@0.0020"", ""m21@0.0020"", ""m22@0.0020"", ""m23@0.0020"", ""m24@0.0020"", ""m25@0.0020"", ""m26@0.0020"", ""m27@0.0045"", ""m28@0.0020"", ""m29@0.0020"", ""m30@0.0020"", ""m31@0.0045"", ""m32@0.0020"", ""m33@0.0020"", ""m34@0.0020"", ""m35@0.0032"", ""m36@0.0020"", ""m37@0.0020"", ""m38@0.0020"", ""m39@0.0045"", ""m40@0.0020"", ""m41@0.0020"", ""m42@0.0020"", ""m43@0.0045"", ""m44@0.0020"", ""m45@0.0020"", ""m46@0.0020"", ""m47@0.0045"", ""m48@0.0020"", ""m49@0.0020"", ""m50@0.0020"", ""m51@0.0020"", ""m52@0.0020"", ""m53@0.0020"", ""m54@0.0020"", ""m55@0.0020"", ""m56@0.0020"", ""m57@0.0020"", ""m58@0.0045"", ""m59@0.0020"", ""m60@0.0020"", ""m61@0.0020"", ""m62@0.0020"", ""m63@0.0020""]","[""C1"", 1000000, 0, 50000, [[400000, 700000]], 455509]"
syn_64_3_4_03,synthetic,64,3,4,0.16,equal_risk,True,19683104,0.128,,1197100,,14064595957059341431,"[""m0@0.0020"", ""m1@0.0020"", ""m2@0.0020"", ""m3@0.0020"", ""m4@0.0020"", ""m5@0.0020"", ""m6@0.0020"", ""m7@0.0020"", ""m8@0.0020"", ""m9@0.0020"", ""m10@0.0020"", ""m11@0.0020"", ""m12@0.0020"", ""m13@0.0020"", ""m14@0.0020"", ""m15@0.0020"", ""m16@0.0020"", ""m17@0.0020"", ""m18@0.0020"", ""m19@0.0020"", ""m20@0.0020"", ""m21@0.0020"", ""m22@0.0020"", ""m23@0.0020"", ""m24@0.0020"", ""m25@0.0020"", ""m26@0.0020"", ""m27@0.0020"", ""m28@0.0020"", ""m29@0.0020"", ""m30@0.0020"", ""m31@0.0020"", ""m32@0.0020"", ""m33@0.0020"", ""m34@0.0020"", ""m35@0.0020"", ""m36@0.0020"", ""m37@0.0020"", ""m38@0.0020"", ""m39@0.0020"", ""m40@0.0020"", ""m41@0.0020"", ""m42@0.0020"", ""m43@0.0020"", ""m44@0.0020"", ""m45@0.0020"", ""m46@0.0020"", ""m47@0.0020"", ""m48@0.0020"", ""m49@0.0020"", ""m50@0.0020"", ""m51@0.0020"", ""m52@0.0020"", ""m53@0.0020"", ""m54@0.0020"", ""m55@0.0020"", ""m56@0.0020"", ""m57@0.0020"", ""m58@0.0020"", ""m59@0.0020"", ""m60@0.0020"", ""m61@0.0020"", ""m62@0.0020"", ""m63@0.0020""]","[""C1"", 1000000, 0, 50000, [[400000, 700000]], 455509]"
syn_64_3_4_03,synthetic,64,3,4,0.16,proportional_risk,True,19683104,0.128,,1802200,,14064595957059341431,"[""m0@0.0020"", ""m1@0.0020"", ""m2@0.0020"", ""m3@0.0020"", ""m4@0.0020"", ""m5@0.0020"", ""m6@0.0020"", ""m7@0.0020"", ""m8@0.0020"", ""m9@0.0020"", ""m10@0.0020"", ""m11@0.0020"", ""m12@0.0020"", ""m13@0.0020"", ""m14@0.0020"", ""m15@0.0020"", ""m16@0.0020"", ""m17@0.0020"", ""m18@0.0020"", ""m19@0.0020"", ""m20@0.0020"", ""m21@0.0020"", ""m22@0.0020"", ""m23@0.0020"", ""m24@0.0020"", ""m25@0.0020"", ""m26@0.0020"", ""m27@0.0020"", ""m28@0.0020"", ""m29@0.0020"", ""m30@0.0020"", ""m31@0.0020"", ""m32@0.0020"", ""m33@0.0020"", ""m34@0.0020"", ""m35@0.0020"", ""m36@0.0020"", ""m37@0.0020"", ""m38@0.0020"", ""m39@0.0020"", ""m40@0.0020"", ""m41@0.0020"", ""m42@0.0020"", ""m43@0.0020"", ""m44@0.0020"", ""m45@0.0020"", ""m46@0.0020"", ""m47@0.0020"", ""m48@0.0020"", ""m49@0.0020"", ""m50@0.0020"", ""m51@0.0020"", ""m52@0.0020"", ""m53@0.0020"", ""m54@0.0020"", ""m55@0.0020"", ""m56@0.0020"", ""m57@0.0020"", ""m58@0.0020"", ""m59@0.0020"", ""m60@0.0020"", ""m61@0.0020"", ""m62@0.0020"", ""m63@0.0020""]","[""C1"", 1000000, 0, 50000, [[400000, 700000]], 455509]"
syn_64_3_4_03,synthetic,64,3,4,0.16,greedy_gate_catching,True,16900284,0.15925,,68682600,,14064595957059341431,"[""m0@0.0020"", ""m1@0.0020"", ""m2@0.0032"", ""m3@0.0020"", ""m4@0.0020"", ""m5@0.0020"", ""m6@0.0020"", ""m7@0.0020"", ""m8@0.0020"", ""m9@0.0020"", ""m10@0.0020"", ""m11@0.0020"", ""m12@0.0020"", ""m13@0.0020"", ""m14@0.0020"", ""m15@0.0020"", ""m16@0.0020"", ""m17@0.0020"", ""m18@0.0020"", ""m19@0.0020"", ""m20@0.0020"", ""m21@0.0020"", ""m22@0.0020"", ""m23@0.0020"", ""m24@0.0020"", ""m25@0.0020"", ""m26@0.0020"", ""m27@0.0020"", ""m28@0.0020"", ""m29@0.0020"", ""m30@0.0020"", ""m31@0.0020"", ""m32@0.0020"", ""m33@0.0020"", ""m34@0.0020"", ""m35@0.0020"", ""m36@0.0020"", ""m37@0.0020"", ""m38@0.0020"", ""m39@0.0020"", ""m40@0.0020"", ""m41@0.0020"", ""m42@0.0020"", ""m43@0.0020"", ""m44@0.0020"", ""m45@0.0020"", ""m46@0.0020"", ""m47@0.0032"", ""m48@0.0020"", ""m49@0.0020"", ""m50@0.0020"", ""m51@0.0045"", ""m52@0.0045"", ""m53@0.0045"", ""m54@0.0045"", ""m55@0.0045"", ""m56@0.0020"", ""m57@0.0045"", ""m58@0.0045"", ""m59@0.0045"", ""m60@0.0032"", ""m61@0.0045"", ""m62@0.0045"", ""m63@0.0045""]","[""C1"", 1000000, 0, 50000, [[400000, 700000]], 455509]"
syn_64_3_4_04,synthetic,64,3,4,0.16,pareto_dp,True,14095670,0.15925,400.0,39270000,,419306335916150129,"[""m0@0.0020"", ""m1@0.0020"", ""m2@0.0020"", ""m3@0.0020"", ""m4@0.0020"", ""m5@0.0020"", ""m6@0.0045"", ""m7@0.0045"", ""m8@0.0020"", ""m9@0.0020"", ""m10@0.0020"", ""m11@0.0045"", ""m12@0.0020"", ""m13@0.0020"", ""m14@0.0020"", ""m15@0.0032"", ""m16@0.0020"", ""m17@0.0020"", ""m18@0.0020"", ""m19@0.0045"", ""m20@0.0020"", ""m21@0.0020"", ""m22@0.0032"", ""m23@0.0045"", ""m24@0.0020"", ""m25@0.0020"", ""m26@0.0020"", ""m27@0.0045"", ""m28@0.0020"", ""m29@0.0020"", ""m30@0.0020"", ""m31@0.0032"", ""m32@0.0020"", ""m33@0.0020"", ""m34@0.0020"", ""m35@0.0020"", ""m36@0.0020"", ""m37@0.0020"", ""m38@0.0020"", ""m39@0.0045"", ""m40@0.0020"", ""m41@0.0020"", ""m42@0.0020"", ""m43@0.0045"", ""m44@0.0020"", ""m45@0.0020"", ""m46@0.0020"", ""m47@0.0045"", ""m48@0.0020"", ""m49@0.0020"", ""m50@0.0020"", ""m51@0.0020"", ""m52@0.0020"", ""m53@0.0020"", ""m54@0.0020"", ""m55@0.0045"", ""m56@0.0020"", ""m57@0.0020"", ""m58@0.0020"", ""m59@0.0020"", ""m60@0.0020"", ""m61@0.0020"", ""m62@0.0020"", ""m63@0.0045""]","[""C1"", 1000000, 0, 50000, [[400000, 700000]], 455509]"
syn_64_3_4_04,synthetic,64,3,4,0.16,equal_risk,True,19861370,0.128,,1198600,,419306335916150129,"[""m0@0.0020"", ""m1@0.0020"", ""m2@0.0020"", ""m3@0.0020"", ""m4@0.0020"", ""m5@0.0020"", ""m6@0.0020"", ""m7@0.0020"", ""m8@0.0020"", ""m9@0.0020"", ""m10@0.0020"", ""m11@0.0020"", ""m12@0.0020"", ""m13@0.0020"", ""m14@0.0020"", ""m15@0.0020"", ""m16@0.0020"", ""m17@0.0020"", ""m18@0.0020"", ""m19@0.0020"", ""m20@0.0020"", ""m21@0.0020"", ""m22@0.0020"", ""m23@0.0020"", ""m24@0.0020"", ""m25@0.0020"", ""m26@0.0020"", ""m27@0.0020"", ""m28@0.0020"", ""m29@0.0020"", ""m30@0.0020"", ""m31@0.0020"", ""m32@0.0020"", ""m33@0.0020"", ""m34@0.0020"", ""m35@0.0020"", ""m36@0.0020"", ""m37@0.0020"", ""m38@0.0020"", ""m39@0.0020"", ""m40@0.0020"", ""m41@0.0020"", ""m42@0.0020"", ""m43@0.0020"", ""m44@0.0020"", ""m45@0.0020"", ""m46@0.0020"", ""m47@0.0020"", ""m48@0.0020"", ""m49@0.0020"", ""m50@0.0020"", ""m51@0.0020"", ""m52@0.0020"", ""m53@0.0020"", ""m54@0.0020"", ""m55@0.0020"", ""m56@0.0020"", ""m57@0.0020"", ""m58@0.0020"", ""m59@0.0020"", ""m60@0.0020"", ""m61@0.0020"", ""m62@0.0020"", ""m63@0.0020""]","[""C1"", 1000000, 0, 50000, [[400000, 700000]], 455509]"
syn_64_3_4_04,synthetic,64,3,4,0.16,proportional_risk,True,19861370,0.128,,1949400,,419306335916150129,"[""m0@0.0020"", ""m1@0.0020"", ""m2@0.0020"", ""m3@0.0020"", ""m4@0.0020"", ""m5@0.0020"", ""m6@0.0020"", ""m7@0.0020"", ""m8@0.0020"", ""m9@0.0020"", ""m10@0.0020"", ""m11@0.0020"", ""m12@0.0020"", ""m13@0.0020"", ""m14@0.0020"", ""m15@0.0020"", ""m16@0.0020"", ""m17@0.0020"", ""m18@0.0020"", ""m19@0.0020"", ""m20@0.0020"", ""m21@0.0020"", ""m22@0.0020"", ""m23@0.0020"", ""m24@0.0020"", ""m25@0.0020"", ""m26@0.0020"", ""m27@0.0020"", ""m28@0.0020"", ""m29@0.0020"", ""m30@0.0020"", ""m31@0.0020"", ""m32@0.0020"", ""m33@0.0020"", ""m34@0.0020"", ""m35@0.0020"", ""m36@0.0020"", ""m37@0.0020"", ""m38@0.0020"", ""m39@0.0020"", ""m40@0.0020"", ""m41@0.0020"", ""m42@0.0020"", ""m43@0.0020"", ""m44@0.0020"", ""m45@0.0020"", ""m46@0.0020"", ""m47@0.0020"", ""m48@0.0020"", ""m49@0.0020"", ""m50@0.0020"", ""m51@0.0020"", ""m52@0.0020"", ""m53@0.0020"", ""m54@0.0020"", ""m55@0.0020"", ""m56@0.0020"", ""m57@0.0020"", ""m58@0.0020"", ""m59@0.0020"", ""m60@0.0020"", ""m61@0.0020"", ""m62@0.0020"", ""m63@0.0020""]","[""C1"", 1000000, 0, 50000, [[400000, 700000]], 455509]"
syn_64_3_4_04,synthetic,64,3,4,0.16,greedy_gate_catching,True,16817544,0.15925,,69779700,,419306335916150129,"[""m0@0.0020"", ""m1@0.0020"", ""m2@0.0020"", ""m3@0.0020"", ""m4@0.0020"", ""m5@0.0020"", ""m6@0.0020"", ""m7@0.0020"", ""m8@0.0020"", ""m9@0.0020"", ""m10@0.0020"", ""m11@0.0020"", ""m12@0.0020"", ""m13@0.0020"", ""m14@0.0020"", ""m15@0.0020"", ""m16@0.0020"", ""m17@0.0020"", ""m18@0.0020"", ""m19@0.0020"", ""m20@0.0020"", ""m21@0.0020"", ""m22@0.0020"", ""m23@0.0020"", ""m24@0.0020"", ""m25@0.0020"", ""m26@0.0032"", ""m27@0.0020"", ""m28@0.0020"", ""m29@0.0020"", ""m30@0.0020"", ""m31@0.0020"", ""m32@0.0020"", ""m33@0.0020"", ""m34@0.0020"", ""m35@0.0020"", ""m36@0.0020"", ""m37@0.0020"", ""m38@0.0020"", ""m39@0.0020"", ""m40@0.0020"", ""m41@0.0020"", ""m42@0.0020"", ""m43@0.0020"", ""m44@0.0020"", ""m45@0.0020"", ""m46@0.0020"", ""m47@0.0020"", ""m48@0.0020"", ""m49@0.0020"", ""m50@0.0020"", ""m51@0.0045"", ""m52@0.0045"", ""m53@0.0045"", ""m54@0.0045"", ""m55@0.0045"", ""m56@0.0032"", ""m57@0.0045"", ""m58@0.0045"", ""m59@0.0045"", ""m60@0.0032"", ""m61@0.0045"", ""m62@0.0045"", ""m63@0.0045""]","[""C1"", 1000000, 0, 50000, [[400000, 700000]], 455509]"
syn_64_3_4_05,synthetic,64,3,4,0.16,pareto_dp,True,14308889,0.15925,382.0,59338300,,3071461361106606282,"[""m0@0.0020"", ""m1@0.0020"", ""m2@0.0020"", ""m3@0.0045"", ""m4@0.0020"", ""m5@0.0020"", ""m6@0.0020"", ""m7@0.0020"", ""m8@0.0020"", ""m9@0.0020"", ""m10@0.0020"", ""m11@0.0020"", ""m12@0.0020"", ""m13@0.0020"", ""m14@0.0020"", ""m15@0.0045"", ""m16@0.0020"", ""m17@0.0020"", ""m18@0.0020"", ""m19@0.0045"", ""m20@0.0020"", ""m21@0.0020"", ""m22@0.0032"", ""m23@0.0045"", ""m24@0.0020"", ""m25@0.0020"", ""m26@0.0020"", ""m27@0.0020"", ""m28@0.0020"", ""m29@0.0020"", ""m30@0.0020"", ""m31@0.0045"", ""m32@0.0020"", ""m33@0.0020"", ""m34@0.0020"", ""m35@0.0045"", ""m36@0.0020"", ""m37@0.0020"", ""m38@0.0020"", ""m39@0.0020"", ""m40@0.0020"", ""m41@0.0020"", ""m42@0.0020"", ""m43@0.0045"", ""m44@0.0020"", ""m45@0.0020"", ""m46@0.0045"", ""m47@0.0045"", ""m48@0.0020"", ""m49@0.0020"", ""m50@0.0020"", ""m51@0.0045"", ""m52@0.0020"", ""m53@0.0020"", ""m54@0.0020"", ""m55@0.0045"", ""m56@0.0020"", ""m57@0.0020"", ""m58@0.0020"", ""m59@0.0020"", ""m60@0.0020"", ""m61@0.0020"", ""m62@0.0020"", ""m63@0.0045""]","[""C1"", 1000000, 0, 50000, [[400000, 700000]], 455509]"
syn_64_3_4_05,synthetic,64,3,4,0.16,equal_risk,True,19531534,0.128,,1154700,,3071461361106606282,"[""m0@0.0020"", ""m1@0.0020"", ""m2@0.0020"", ""m3@0.0020"", ""m4@0.0020"", ""m5@0.0020"", ""m6@0.0020"", ""m7@0.0020"", ""m8@0.0020"", ""m9@0.0020"", ""m10@0.0020"", ""m11@0.0020"", ""m12@0.0020"", ""m13@0.0020"", ""m14@0.0020"", ""m15@0.0020"", ""m16@0.0020"", ""m17@0.0020"", ""m18@0.0020"", ""m19@0.0020"", ""m20@0.0020"", ""m21@0.0020"", ""m22@0.0020"", ""m23@0.0020"", ""m24@0.0020"", ""m25@0.0020"", ""m26@0.0020"", ""m27@0.0020"", ""m28@0.0020"", ""m29@0.0020"", ""m30@0.0020"", ""m31@0.0020"", ""m32@0.0020"", ""m33@0.0020"", ""m34@0.0020"", ""m35@0.0020"", ""m36@0.0020"", ""m37@0.0020"", ""m38@0.0020"", ""m39@0.0020"", ""m40@0.0020"", ""m41@0.0020"", ""m42@0.0020"", ""m43@0.0020"", ""m44@0.0020"", ""m45@0.0020"", ""m46@0.0020"", ""m47@0.0020"", ""m48@0.0020"", ""m49@0.0020"", ""m50@0.0020"", ""m51@0.0020"", ""m52@0.0020"", ""m53@0.0020"", ""m54@0.0020"", ""m55@0.0020"", ""m56@0.0020"", ""m57@0.0020"", ""m58@0.0020"", ""m59@0.0020"", ""m60@0.0020"", ""m61@0.0020"", ""m62@0.0020"", ""m63@0.0020""]","[""C1"", 1000000, 0, 50000, [[400000, 700000]], 455509]"
syn_64_3_4_05,synthetic,64,3,4,0.16,proportional_risk,True,19531534,0.128,,1807000,,3071461361106606282,"[""m0@0.0020"", ""m1@0.0020"", ""m2@0.0020"", ""m3@0.0020"", ""m4@0.0020"", ""m5@0.0020"", ""m6@0.0020"", ""m7@0.0020"", ""m8@0.0020"", ""m9@0.0020"", ""m10@0.0020"", ""m11@0.0020"", ""m12@0.0020"", ""m13@0.0020"", ""m14@0.0020"", ""m15@0.0020"", ""m16@0.0020"", ""m17@0.0020"", ""m18@0.0020"", ""m19@0.0020"", ""m20@0.0020"", ""m21@0.0020"", ""m22@0.0020"", ""m23@0.0020"", ""m24@0.0020"", ""m25@0.0020"", ""m26@0.0020"", ""m27@0.0020"", ""m28@0.0020"", ""m29@0.0020"", ""m30@0.0020"", ""m31@0.0020"", ""m32@0.0020"", ""m33@0.0020"", ""m34@0.0020"", ""m35@0.0020"", ""m36@0.0020"", ""m37@0.0020"", ""m38@0.0020"", ""m39@0.0020"", ""m40@0.0020"", ""m41@0.0020"", ""m42@0.0020"", ""m43@0.0020"", ""m44@0.0020"", ""m45@0.0020"", ""m46@0.0020"", ""m47@0.0020"", ""m48@0.0020"", ""m49@0.0020"", ""m50@0.0020"", ""m51@0.0020"", ""m52@0.0020"", ""m53@0.0020"", ""m54@0.0020"", ""m55@0.0020"", ""m56@0.0020"", ""m57@0.0020"", ""m58@0.0020"", ""m59@0.0020"", ""m60@0.0020"", ""m61@0.0020"", ""m62@0.0020"", ""m63@0.0020""]","[""C1"", 1000000, 0, 50000, [[400000, 700000]], 455509]"
syn_64_3_4_05,synthetic,64,3,4,0.16,greedy_gate_catching,True,17335433,0.15925,,68990100,,3071461361106606282,"[""m0@0.0020"", ""m1@0.0020"", ""m2@0.0020"", ""m3@0.0020"", ""m4@0.0020"", ""m5@0.0020"", ""m6@0.0020"", ""m7@0.0020"", ""m8@0.0020"", ""m9@0.0020"", ""m10@0.0020"", ""m11@0.0020"", ""m12@0.0020"", ""m13@0.0020"", ""m14@0.0020"", ""m15@0.0020"", ""m16@0.0020"", ""m17@0.0020"", ""m18@0.0020"", ""m19@0.0020"", ""m20@0.0020"", ""m21@0.0020"", ""m22@0.0020"", ""m23@0.0020"", ""m24@0.0020"", ""m25@0.0020"", ""m26@0.0020"", ""m27@0.0020"", ""m28@0.0020"", ""m29@0.0020"", ""m30@0.0020"", ""m31@0.0020"", ""m32@0.0020"", ""m33@0.0020"", ""m34@0.0020"", ""m35@0.0020"", ""m36@0.0020"", ""m37@0.0020"", ""m38@0.0032"", ""m39@0.0020"", ""m40@0.0020"", ""m41@0.0020"", ""m42@0.0020"", ""m43@0.0032"", ""m44@0.0020"", ""m45@0.0020"", ""m46@0.0020"", ""m47@0.0020"", ""m48@0.0020"", ""m49@0.0020"", ""m50@0.0020"", ""m51@0.0045"", ""m52@0.0045"", ""m53@0.0045"", ""m54@0.0045"", ""m55@0.0045"", ""m56@0.0032"", ""m57@0.0045"", ""m58@0.0045"", ""m59@0.0045"", ""m60@0.0020"", ""m61@0.0045"", ""m62@0.0045"", ""m63@0.0045""]","[""C1"", 1000000, 0, 50000, [[400000, 700000]], 455509]"
syn_64_3_4_06,synthetic,64,3,4,0.16,pareto_dp,True,13981206,0.15925,416.0,45570700,,588163724583604050,"[""m0@0.0020"", ""m1@0.0020"", ""m2@0.0032"", ""m3@0.0045"", ""m4@0.0020"", ""m5@0.0020"", ""m6@0.0020"", ""m7@0.0045"", ""m8@0.0020"", ""m9@0.0020"", ""m10@0.0020"", ""m11@0.0045"", ""m12@0.0020"", ""m13@0.0020"", ""m14@0.0032"", ""m15@0.0020"", ""m16@0.0020"", ""m17@0.0020"", ""m18@0.0020"", ""m19@0.0045"", ""m20@0.0020"", ""m21@0.0020"", ""m22@0.0020"", ""m23@0.0045"", ""m24@0.0020"", ""m25@0.0020"", ""m26@0.0020"", ""m27@0.0020"", ""m28@0.0020"", ""m29@0.0020"", ""m30@0.0020"", ""m31@0.0045"", ""m32@0.0020"", ""m33@0.0020"", ""m34@0.0020"", ""m35@0.0020"", ""m36@0.0020"", ""m37@0.0020"", ""m38@0.0020"", ""m39@0.0020"", ""m40@0.0020"", ""m41@0.0020"", ""m42@0.0020"", ""m43@0.0020"", ""m44@0.0020"", ""m45@0.0020"", ""m46@0.0020"", ""m47@0.0045"", ""m48@0.0020"", ""m49@0.0020"", ""m50@0.0020"", ""m51@0.0032"", ""m52@0.0020"", ""m53@0.0020"", ""m54@0.0020"", ""m55@0.0045"", ""m56@0.0020"", ""m57@0.0020"", ""m58@0.0045"", ""m59@0.0045"", ""m60@0.0020"", ""m61@0.0020"", ""m62@0.0045"", ""m63@0.0020""]","[""C1"", 1000000, 0, 50000, [[400000, 700000]], 455509]"
syn_64_3_4_06,synthetic,64,3,4,0.16,equal_risk,True,19058521,0.128,,1129700,,588163724583604050,"[""m0@0.0020"", ""m1@0.0020"", ""m2@0.0020"", ""m3@0.0020"", ""m4@0.0020"", ""m5@0.0020"", ""m6@0.0020"", ""m7@0.0020"", ""m8@0.0020"", ""m9@0.0020"", ""m10@0.0020"", ""m11@0.0020"", ""m12@0.0020"", ""m13@0.0020"", ""m14@0.0020"", ""m15@0.0020"", ""m16@0.0020"", ""m17@0.0020"", ""m18@0.0020"", ""m19@0.0020"", ""m20@0.0020"", ""m21@0.0020"", ""m22@0.0020"", ""m23@0.0020"", ""m24@0.0020"", ""m25@0.0020"", ""m26@0.0020"", ""m27@0.0020"", ""m28@0.0020"", ""m29@0.0020"", ""m30@0.0020"", ""m31@0.0020"", ""m32@0.0020"", ""m33@0.0020"", ""m34@0.0020"", ""m35@0.0020"", ""m36@0.0020"", ""m37@0.0020"", ""m38@0.0020"", ""m39@0.0020"", ""m40@0.0020"", ""m41@0.0020"", ""m42@0.0020"", ""m43@0.0020"", ""m44@0.0020"", ""m45@0.0020"", ""m46@0.0020"", ""m47@0.0020"", ""m48@0.0020"", ""m49@0.0020"", ""m50@0.0020"", ""m51@0.0020"", ""m52@0.0020"", ""m53@0.0020"", ""m54@0.0020"", ""m55@0.0020"", ""m56@0.0020"", ""m57@0.0020"", ""m58@0.0020"", ""m59@0.0020"", ""m60@0.0020"", ""m61@0.0020"", ""m62@0.0020"", ""m63@0.0020""]","[""C1"", 1000000, 0, 50000, [[400000, 700000]], 455509]"
syn_64_3_4_06,synthetic,64,3,4,0.16,proportional_risk,True,19058521,0.128,,1837800,,588163724583604050,"[""m0@0.0020"", ""m1@0.0020"", ""m2@0.0020"", ""m3@0.0020"", ""m4@0.0020"", ""m5@0.0020"", ""m6@0.0020"", ""m7@0.0020"", ""m8@0.0020"", ""m9@0.0020"", ""m10@0.0020"", ""m11@0.0020"", ""m12@0.0020"", ""m13@0.0020"", ""m14@0.0020"", ""m15@0.0020"", ""m16@0.0020"", ""m17@0.0020"", ""m18@0.0020"", ""m19@0.0020"", ""m20@0.0020"", ""m21@0.0020"", ""m22@0.0020"", ""m23@0.0020"", ""m24@0.0020"", ""m25@0.0020"", ""m26@0.0020"", ""m27@0.0020"", ""m28@0.0020"", ""m29@0.0020"", ""m30@0.0020"", ""m31@0.0020"", ""m32@0.0020"", ""m33@0.0020"", ""m34@0.0020"", ""m35@0.0020"", ""m36@0.0020"", ""m37@0.0020"", ""m38@0.0020"", ""m39@0.0020"", ""m40@0.0020"", ""m41@0.0020"", ""m42@0.0020"", ""m43@0.0020"", ""m44@0.0020"", ""m45@0.0020"", ""m46@0.0020"", ""m47@0.0020"", ""m48@0.0020"", ""m49@0.0020"", ""m50@0.0020"", ""m51@0.0020"", ""m52@0.0020"", ""m53@0.0020"", ""m54@0.0020"", ""m55@0.0020"", ""m56@0.0020"", ""m57@0.0020"", ""m58@0.0020"", ""m59@0.0020"", ""m60@0.0020"", ""m61@0.0020"", ""m62@0.0020"", ""m63@0.0020""]","[""C1"", 1000000, 0, 50000, [[400000, 700000]], 455509]"
syn_64_3_4_06,synthetic,64,3,4,0.16,greedy_gate_catching,True,16319094,0.15925,,69934400,,588163724583604050,"[""m0@0.0020"", ""m1@0.0020"", ""m2@0.0020"", ""m3@0.0020"", ""m4@0.0020"", ""m5@0.0020"", ""m6@0.0020"", ""m7@0.0020"", ""m8@0.0020"", ""m9@0.0020"", ""m10@0.0020"", ""m11@0.0020"", ""m12@0.0020"", ""m13@0.0020"", ""m14@0.0020"", ""m15@0.0020"", ""m16@0.0020"", ""m17@0.0020"", ""m18@0.0020"", ""m19@0.0020"", ""m20@0.0020"", ""m21@0.0020"", ""m22@0.0020"", ""m23@0.0020"", ""m24@0.0020"", ""m25@0.0020"", ""m26@0.0032"", ""m27@0.0020"", ""m28@0.0020"", ""m29@0.0020"", ""m30@0.0020"", ""m31@0.0020"", ""m32@0.0020"", ""m33@0.0020"", ""m34@0.0020"", ""m35@0.0020"", ""m36@0.0020"", ""m37@0.0020"", ""m38@0.0020"", ""m39@0.0020"", ""m40@0.0020"", ""m41@0.0020"", ""m42@0.0020"", ""m43@0.0020"", ""m44@0.0020"", ""m45@0.0020"", ""m46@0.0020"", ""m47@0.0045"", ""m48@0.0020"", ""m49@0.0020"", ""m50@0.0020"", ""m51@0.0045"", ""m52@0.0045"", ""m53@0.0045"", ""m54@0.0045"", ""m55@0.0045"", ""m56@0.0020"", ""m57@0.0045"", ""m58@0.0045"", ""m59@0.0045"", ""m60@0.0020"", ""m61@0.0045"", ""m62@0.0045"", ""m63@0.0045""]","[""C1"", 1000000, 0, 50000, [[400000, 700000]], 455509]"
syn_64_3_4_07,synthetic,64,3,4,0.16,pareto_dp,True,14140039,0.15925,474.0,49824300,,11968829228528539527,"[""m0@0.0020"", ""m1@0.0020"", ""m2@0.0045"", ""m3@0.0045"", ""m4@0.0020"", ""m5@0.0020"", ""m6@0.0045"", ""m7@0.0045"", ""m8@0.0020"", ""m9@0.0020"", ""m10@0.0032"", ""m11@0.0045"", ""m12@0.0020"", ""m13@0.0020"", ""m14@0.0020"", ""m15@0.0032"", ""m16@0.0020"", ""m17@0.0020"", ""m18@0.0020"", ""m19@0.0020"", ""m20@0.0020"", ""m21@0.0020"", ""m22@0.0020"", ""m23@0.0045"", ""m24@0.0020"", ""m25@0.0020"", ""m26@0.0020"", ""m27@0.0045"", ""m28@0.0020"", ""m29@0.0020"", ""m30@0.0020"", ""m31@0.0020"", ""m32@0.0020"", ""m33@0.0020"", ""m34@0.0020"", ""m35@0.0020"", ""m36@0.0020"", ""m37@0.0020"", ""m38@0.0020"", ""m39@0.0045"", ""m40@0.0020"", ""m41@0.0020"", ""m42@0.0020"", ""m43@0.0020"", ""m44@0.0020"", ""m45@0.0020"", ""m46@0.0020"", ""m47@0.0045"", ""m48@0.0020"", ""m49@0.0020"", ""m50@0.0020"", ""m51@0.0032"", ""m52@0.0020"", ""m53@0.0020"", ""m54@0.0020"", ""m55@0.0045"", ""m56@0.0020"", ""m57@0.0020"", ""m58@0.0020"", ""m59@0.0020"", ""m60@0.0020"", ""m61@0.0020"", ""m62@0.0020"", ""m63@0.0045""]","[""C1"", 1000000, 0, 50000, [[400000, 700000]], 455509]"
syn_64_3_4_07,synthetic,64,3,4,0.16,equal_risk,True,19971918,0.128,,1158400,,11968829228528539527,"[""m0@0.0020"", ""m1@0.0020"", ""m2@0.0020"", ""m3@0.0020"", ""m4@0.0020"", ""m5@0.0020"", ""m6@0.0020"", ""m7@0.0020"", ""m8@0.0020"", ""m9@0.0020"", ""m10@0.0020"", ""m11@0.0020"", ""m12@0.0020"", ""m13@0.0020"", ""m14@0.0020"", ""m15@0.0020"", ""m16@0.0020"", ""m17@0.0020"", ""m18@0.0020"", ""m19@0.0020"", ""m20@0.0020"", ""m21@0.0020"", ""m22@0.0020"", ""m23@0.0020"", ""m24@0.0020"", ""m25@0.0020"", ""m26@0.0020"", ""m27@0.0020"", ""m28@0.0020"", ""m29@0.0020"", ""m30@0.0020"", ""m31@0.0020"", ""m32@0.0020"", ""m33@0.0020"", ""m34@0.0020"", ""m35@0.0020"", ""m36@0.0020"", ""m37@0.0020"", ""m38@0.0020"", ""m39@0.0020"", ""m40@0.0020"", ""m41@0.0020"", ""m42@0.0020"", ""m43@0.0020"", ""m44@0.0020"", ""m45@0.0020"", ""m46@0.0020"", ""m47@0.0020"", ""m48@0.0020"", ""m49@0.0020"", ""m50@0.0020"", ""m51@0.0020"", ""m52@0.0020"", ""m53@0.0020"", ""m54@0.0020"", ""m55@0.0020"", ""m56@0.0020"", ""m57@0.0020"", ""m58@0.0020"", ""m59@0.0020"", ""m60@0.0020"", ""m61@0.0020"", ""m62@0.0020"", ""m63@0.0020""]","[""C1"", 1000000, 0, 50000, [[400000, 700000]], 455509]"
syn_64_3_4_07,synthetic,64,3,4,0.16,proportional_risk,True,19971918,0.128,,1826900,,11968829228528539527,"[""m0@0.0020"", ""m1@0.0020"", ""m2@0.0020"", ""m3@0.0020"", ""m4@0.0020"", ""m5@0.0020"", ""m6@0.0020"", ""m7@0.0020"", ""m8@0.0020"", ""m9@0.0020"", ""m10@0.0020"", ""m11@0.0020"", ""m12@0.0020"", ""m13@0.0020"", ""m14@0.0020"", ""m15@0.0020"", ""m16@0.0020"", ""m17@0.0020"", ""m18@0.0020"", ""m19@0.0020"", ""m20@0.0020"", ""m21@0.0020"", ""m22@0.0020"", ""m23@0.0020"", ""m24@0.0020"", ""m25@0.0020"", ""m26@0.0020"", ""m27@0.0020"", ""m28@0.0020"", ""m29@0.0020"", ""m30@0.0020"", ""m31@0.0020"", ""m32@0.0020"", ""m33@0.0020"", ""m34@0.0020"", ""m35@0.0020"", ""m36@0.0020"", ""m37@0.0020"", ""m38@0.0020"", ""m39@0.0020"", ""m40@0.0020"", ""m41@0.0020"", ""m42@0.0020"", ""m43@0.0020"", ""m44@0.0020"", ""m45@0.0020"", ""m46@0.0020"", ""m47@0.0020"", ""m48@0.0020"", ""m49@0.0020"", ""m50@0.0020"", ""m51@0.0020"", ""m52@0.0020"", ""m53@0.0020"", ""m54@0.0020"", ""m55@0.0020"", ""m56@0.0020"", ""m57@0.0020"", ""m58@0.0020"", ""m59@0.0020"", ""m60@0.0020"", ""m61@0.0020"", ""m62@0.0020"", ""m63@0.0020""]","[""C1"", 1000000, 0, 50000, [[400000, 700000]], 455509]"
syn_64_3_4_07,synthetic,64,3,4,0.16,greedy_gate_catching,True,17172824,0.15925,,66181000,,11968829228528539527,"[""m0@0.0020"", ""m1@0.0020"", ""m2@0.0020"", ""m3@0.0020"", ""m4@0.0020"", ""m5@0.0020"", ""m6@0.0020"", ""m7@0.0020"", ""m8@0.0020"", ""m9@0.0020"", ""m10@0.0020"", ""m11@0.0020"", ""m12@0.0020"", ""m13@0.0020"", ""m14@0.0020"", ""m15@0.0020"", ""m16@0.0020"", ""m17@0.0020"", ""m18@0.0020"", ""m19@0.0020"", ""m20@0.0020"", ""m21@0.0020"", ""m22@0.0020"", ""m23@0.0032"", ""m24@0.0020"", ""m25@0.0020"", ""m26@0.0020"", ""m27@0.0020"", ""m28@0.0020"", ""m29@0.0020"", ""m30@0.0020"", ""m31@0.0020"", ""m32@0.0020"", ""m33@0.0020"", ""m34@0.0020"", ""m35@0.0020"", ""m36@0.0020"", ""m37@0.0020"", ""m38@0.0020"", ""m39@0.0020"", ""m40@0.0020"", ""m41@0.0020"", ""m42@0.0020"", ""m43@0.0020"", ""m44@0.0020"", ""m45@0.0020"", ""m46@0.0020"", ""m47@0.0020"", ""m48@0.0020"", ""m49@0.0020"", ""m50@0.0020"", ""m51@0.0045"", ""m52@0.0032"", ""m53@0.0045"", ""m54@0.0045"", ""m55@0.0045"", ""m56@0.0045"", ""m57@0.0045"", ""m58@0.0045"", ""m59@0.0045"", ""m60@0.0032"", ""m61@0.0045"", ""m62@0.0045"", ""m63@0.0045""]","[""C1"", 1000000, 0, 50000, [[400000, 700000]], 455509]"
syn_64_3_4_08,synthetic,64,3,4,0.16,pareto_dp,True,14040400,0.15925,524.0,56011200,,13546478258258751620,"[""m0@0.0020"", ""m1@0.0020"", ""m2@0.0020"", ""m3@0.0045"", ""m4@0.0020"", ""m5@0.0020"", ""m6@0.0020"", ""m7@0.0020"", ""m8@0.0020"", ""m9@0.0020"", ""m10@0.0020"", ""m11@0.0032"", ""m12@0.0020"", ""m13@0.0020"", ""m14@0.0020"", ""m15@0.0020"", ""m16@0.0020"", ""m17@0.0020"", ""m18@0.0020"", ""m19@0.0020"", ""m20@0.0020"", ""m21@0.0020"", ""m22@0.0020"", ""m23@0.0045"", ""m24@0.0020"", ""m25@0.0020"", ""m26@0.0020"", ""m27@0.0020"", ""m28@0.0020"", ""m29@0.0020"", ""m30@0.0020"", ""m31@0.0045"", ""m32@0.0020"", ""m33@0.0020"", ""m34@0.0020"", ""m35@0.0045"", ""m36@0.0020"", ""m37@0.0020"", ""m38@0.0045"", ""m39@0.0045"", ""m40@0.0020"", ""m41@0.0020"", ""m42@0.0020"", ""m43@0.0045"", ""m44@0.0020"", ""m45@0.0020"", ""m46@0.0020"", ""m47@0.0045"", ""m48@0.0020"", ""m49@0.0020"", ""m50@0.0032"", ""m51@0.0045"", ""m52@0.0020"", ""m53@0.0020"", ""m54@0.0020"", ""m55@0.0045"", ""m56@0.0020"", ""m57@0.0020"", ""m58@0.0032"", ""m59@0.0020"", ""m60@0.0020"", ""m61@0.0020"", ""m62@0.0020"", ""m63@0.0045""]","[""C1"", 1000000, 0, 50000, [[400000, 700000]], 455509]"
syn_64_3_4_08,synthetic,64,3,4,0.16,equal_risk,True,20306324,0.128,,1144100,,13546478258258751620,"[""m0@0.0020"", ""m1@0.0020"", ""m2@0.0020"", ""m3@0.0020"", ""m4@0.0020"", ""m5@0.0020"", ""m6@0.0020"", ""m7@0.0020"", ""m8@0.0020"", ""m9@0.0020"", ""m10@0.0020"", ""m11@0.0020"", ""m12@0.0020"", ""m13@0.0020"", ""m14@0.0020"", ""m15@0.0020"", ""m16@0.0020"", ""m17@0.0020"", ""m18@0.0020"", ""m19@0.0020"", ""m20@0.0020"", ""m21@0.0020"", ""m22@0.0020"", ""m23@0.0020"", ""m24@0.0020"", ""m25@0.0020"", ""m26@0.0020"", ""m27@0.0020"", ""m28@0.0020"", ""m29@0.0020"", ""m30@0.0020"", ""m31@0.0020"", ""m32@0.0020"", ""m33@0.0020"", ""m34@0.0020"", ""m35@0.0020"", ""m36@0.0020"", ""m37@0.0020"", ""m38@0.0020"", ""m39@0.0020"", ""m40@0.0020"", ""m41@0.0020"", ""m42@0.0020"", ""m43@0.0020"", ""m44@0.0020"", ""m45@0.0020"", ""m46@0.0020"", ""m47@0.0020"", ""m48@0.0020"", ""m49@0.0020"", ""m50@0.0020"", ""m51@0.0020"", ""m52@0.0020"", ""m53@0.0020"", ""m54@0.0020"", ""m55@0.0020"", ""m56@0.0020"", ""m57@0.0020"", ""m58@0.0020"", ""m59@0.0020"", ""m60@0.0020"", ""m61@0.0020"", ""m62@0.0020"", ""m63@0.0020""]","[""C1"", 1000000, 0, 50000, [[400000, 700000]], 455509]"
syn_64_3_4_08,synthetic,64,3,4,0.16,proportional_risk,True,20306324,0.128,,1847000,,13546478258258751620,"[""m0@0.0020"", ""m1@0.0020"", ""m2@0.0020"", ""m3@0.0020"", ""m4@0.0020"", ""m5@0.0020"", ""m6@0.0020"", ""m7@0.0020"", ""m8@0.0020"", ""m9@0.0020"", ""m10@0.0020"", ""m11@0.0020"", ""m12@0.0020"", ""m13@0.0020"", ""m14@0.0020"", ""m15@0.0020"", ""m16@0.0020"", ""m17@0.0020"", ""m18@0.0020"", ""m19@0.0020"", ""m20@0.0020"", ""m21@0.0020"", ""m22@0.0020"", ""m23@0.0020"", ""m24@0.0020"", ""m25@0.0020"", ""m26@0.0020"", ""m27@0.0020"", ""m28@0.0020"", ""m29@0.0020"", ""m30@0.0020"", ""m31@0.0020"", ""m32@0.0020"", ""m33@0.0020"", ""m34@0.0020"", ""m35@0.0020"", ""m36@0.0020"", ""m37@0.0020"", ""m38@0.0020"", ""m39@0.0020"", ""m40@0.0020"", ""m41@0.0020"", ""m42@0.0020"", ""m43@0.0020"", ""m44@0.0020"", ""m45@0.0020"", ""m46@0.0020"", ""m47@0.0020"", ""m48@0.0020"", ""m49@0.0020"", ""m50@0.0020"", ""m51@0.0020"", ""m52@0.0020"", ""m53@0.0020"", ""m54@0.0020"", ""m55@0.0020"", ""m56@0.0020"", ""m57@0.0020"", ""m58@0.0020"", ""m59@0.0020"", ""m60@0.0020"", ""m61@0.0020"", ""m62@0.0020"", ""m63@0.0020""]","[""C1"", 1000000, 0, 50000, [[400000, 700000]], 455509]"
syn_64_3_4_08,synthetic,64,3,4,0.16,greedy_gate_catching,True,16392645,0.15925,,69031200,,13546478258258751620,"[""m0@0.0020"", ""m1@0.0020"", ""m2@0.0020"", ""m3@0.0020"", ""m4@0.0020"", ""m5@0.0020"", ""m6@0.0020"", ""m7@0.0020"", ""m8@0.0020"", ""m9@0.0020"", ""m10@0.0020"", ""m11@0.0020"", ""m12@0.0020"", ""m13@0.0020"", ""m14@0.0032"", ""m15@0.0020"", ""m16@0.0020"", ""m17@0.0020"", ""m18@0.0020"", ""m19@0.0020"", ""m20@0.0020"", ""m21@0.0020"", ""m22@0.0020"", ""m23@0.0020"", ""m24@0.0020"", ""m25@0.0020"", ""m26@0.0020"", ""m27@0.0020"", ""m28@0.0020"", ""m29@0.0020"", ""m30@0.0020"", ""m31@0.0020"", ""m32@0.0020"", ""m33@0.0020"", ""m34@0.0020"", ""m35@0.0020"", ""m36@0.0020"", ""m37@0.0020"", ""m38@0.0020"", ""m39@0.0032"", ""m40@0.0020"", ""m41@0.0020"", ""m42@0.0020"", ""m43@0.0032"", ""m44@0.0020"", ""m45@0.0020"", ""m46@0.0020"", ""m47@0.0020"", ""m48@0.0020"", ""m49@0.0020"", ""m50@0.0020"", ""m51@0.0045"", ""m52@0.0020"", ""m53@0.0045"", ""m54@0.0045"", ""m55@0.0045"", ""m56@0.0032"", ""m57@0.0045"", ""m58@0.0045"", ""m59@0.0045"", ""m60@0.0032"", ""m61@0.0045"", ""m62@0.0045"", ""m63@0.0045""]","[""C1"", 1000000, 0, 50000, [[400000, 700000]], 455509]"
syn_64_3_4_09,synthetic,64,3,4,0.16,pareto_dp,True,14982944,0.15925,346.0,44206500,,793680000680436221,"[""m0@0.0020"", ""m1@0.0020"", ""m2@0.0020"", ""m3@0.0045"", ""m4@0.0020"", ""m5@0.0020"", ""m6@0.0020"", ""m7@0.0045"", ""m8@0.0020"", ""m9@0.0020"", ""m10@0.0020"", ""m11@0.0045"", ""m12@0.0020"", ""m13@0.0020"", ""m14@0.0020"", ""m15@0.0045"", ""m16@0.0020"", ""m17@0.0020"", ""m18@0.0020"", ""m19@0.0045"", ""m20@0.0020"", ""m21@0.0020"", ""m22@0.0020"", ""m23@0.0045"", ""m24@0.0020"", ""m25@0.0020"", ""m26@0.0032"", ""m27@0.0045"", ""m28@0.0020"", ""m29@0.0020"", ""m30@0.0020"", ""m31@0.0020"", ""m32@0.0020"", ""m33@0.0020"", ""m34@0.0020"", ""m35@0.0045"", ""m36@0.0020"", ""m37@0.0020"", ""m38@0.0020"", ""m39@0.0045"", ""m40@0.0020"", ""m41@0.0020"", ""m42@0.0020"", ""m43@0.0045"", ""m44@0.0020"", ""m45@0.0020"", ""m46@0.0020"", ""m47@0.0032"", ""m48@0.0020"", ""m49@0.0020"", ""m50@0.0020"", ""m51@0.0045"", ""m52@0.0020"", ""m53@0.0020"", ""m54@0.0020"", ""m55@0.0020"", ""m56@0.0020"", ""m57@0.0020"", ""m58@0.0020"", ""m59@0.0020"", ""m60@0.0020"", ""m61@0.0020"", ""m62@0.0020"", ""m63@0.0032""]","[""C1"", 1000000, 0, 50000, [[400000, 700000]], 455509]"
syn_64_3_4_09,synthetic,64,3,4,0.16,equal_risk,True,19323095,0.128,,1105000,,793680000680436221,"[""m0@0.0020"", ""m1@0.0020"", ""m2@0.0020"", ""m3@0.0020"", ""m4@0.0020"", ""m5@0.0020"", ""m6@0.0020"", ""m7@0.0020"", ""m8@0.0020"", ""m9@0.0020"", ""m10@0.0020"", ""m11@0.0020"", ""m12@0.0020"", ""m13@0.0020"", ""m14@0.0020"", ""m15@0.0020"", ""m16@0.0020"", ""m17@0.0020"", ""m18@0.0020"", ""m19@0.0020"", ""m20@0.0020"", ""m21@0.0020"", ""m22@0.0020"", ""m23@0.0020"", ""m24@0.0020"", ""m25@0.0020"", ""m26@0.0020"", ""m27@0.0020"", ""m28@0.0020"", ""m29@0.0020"", ""m30@0.0020"", ""m31@0.0020"", ""m32@0.0020"", ""m33@0.0020"", ""m34@0.0020"", ""m35@0.0020"", ""m36@0.0020"", ""m37@0.0020"", ""m38@0.0020"", ""m39@0.0020"", ""m40@0.0020"", ""m41@0.0020"", ""m42@0.0020"", ""m43@0.0020"", ""m44@0.0020"", ""m45@0.0020"", ""m46@0.0020"", ""m47@0.0020"", ""m48@0.0020"", ""m49@0.0020"", ""m50@0.0020"", ""m51@0.0020"", ""m52@0.0020"", ""m53@0.0020"", ""m54@0.0020"", ""m55@0.0020"", ""m56@0.0020"", ""m57@0.0020"", ""m58@0.0020"", ""m59@0.0020"", ""m60@0.0020"", ""m61@0.0020"", ""m62@0.0020"", ""m63@0.0020""]","[""C1"", 1000000, 0, 50000, [[400000, 700000]], 455509]"
syn_64_3_4_09,synthetic,64,3,4,0.16,proportional_risk,True,19323095,0.128,,1769100,,793680000680436221,"[""m0@0.0020"", ""m1@0.0020"", ""m2@0.0020"", ""m3@0.0020"", ""m4@0.0020"", ""m5@0.0020"", ""m6@0.0020"", ""m7@0.0020"", ""m8@0.0020"", ""m9@0.0020"", ""m10@0.0020"", ""m11@0.0020"", ""m12@0.0020"", ""m13@0.0020"", ""m14@0.0020"", ""m15@0.0020"", ""m16@0.0020"", ""m17@0.0020"", ""m18@0.0020"", ""m19@0.0020"", ""m20@0.0020"", ""m21@0.0020"", ""m22@0.0020"", ""m23@0.0020"", ""m24@0.0020"", ""m25@0.0020"", ""m26@0.0020"", ""m27@0.0020"", ""m28@0.0020"", ""m29@0.0020"", ""m30@0.0020"", ""m31@0.0020"", ""m32@0.0020"", ""m33@0.0020"", ""m34@0.0020"", ""m35@0.0020"", ""m36@0.0020"", ""m37@0.0020"", ""m38@0.0020"", ""m39@0.0020"", ""m40@0.0020"", ""m41@0.0020"", ""m42@0.0020"", ""m43@0.0020"", ""m44@0.0020"", ""m45@0.0020"", ""m46@0.0020"", ""m47@0.0020"", ""m48@0.0020"", ""m49@0.0020"", ""m50@0.0020"", ""m51@0.0020"", ""m52@0.0020"", ""m53@0.0020"", ""m54@0.0020"", ""m55@0.0020"", ""m56@0.0020"", ""m57@0.0020"", ""m58@0.0020"", ""m59@0.0020"", ""m60@0.0020"", ""m61@0.0020"", ""m62@0.0020"", ""m63@0.0020""]","[""C1"", 1000000, 0, 50000, [[400000, 700000]], 455509]"
syn_64_3_4_09,synthetic,64,3,4,0.16,greedy_gate_catching,True,17508948,0.15925,,68811800,,793680000680436221,"[""m0@0.0020"", ""m1@0.0020"", ""m2@0.0020"", ""m3@0.0020"", ""m4@0.0020"", ""m5@0.0020"", ""m6@0.0020"", ""m7@0.0020"", ""m8@0.0020"", ""m9@0.0020"", ""m10@0.0020"", ""m11@0.0020"", ""m12@0.0020"", ""m13@0.0020"", ""m14@0.0020"", ""m15@0.0020"", ""m16@0.0020"", ""m17@0.0020"", ""m18@0.0020"", ""m19@0.0020"", ""m20@0.0020"", ""m21@0.0020"", ""m22@0.0020"", ""m23@0.0020"", ""m24@0.0020"", ""m25@0.0020"", ""m26@0.0020"", ""m27@0.0020"", ""m28@0.0020"", ""m29@0.0020"", ""m30@0.0020"", ""m31@0.0020"", ""m32@0.0020"", ""m33@0.0020"", ""m34@0.0020"", ""m35@0.0020"", ""m36@0.0020"", ""m37@0.0020"", ""m38@0.0032"", ""m39@0.0020"", ""m40@0.0020"", ""m41@0.0020"", ""m42@0.0020"", ""m43@0.0020"", ""m44@0.0020"", ""m45@0.0020"", ""m46@0.0020"", ""m47@0.0020"", ""m48@0.0020"", ""m49@0.0020"", ""m50@0.0020"", ""m51@0.0045"", ""m52@0.0032"", ""m53@0.0045"", ""m54@0.0045"", ""m55@0.0045"", ""m56@0.0045"", ""m57@0.0045"", ""m58@0.0045"", ""m59@0.0045"", ""m60@0.0032"", ""m61@0.0045"", ""m62@0.0045"", ""m63@0.0045""]","[""C1"", 1000000, 0, 50000, [[400000, 700000]], 455509]"
syn_64_3_4_10,synthetic,64,3,4,0.16,pareto_dp,True,13320772,0.15925,558.0,56066500,,12571357394474679771,"[""m0@0.0020"", ""m1@0.0020"", ""m2@0.0020"", ""m3@0.0045"", ""m4@0.0020"", ""m5@0.0020"", ""m6@0.0032"", ""m7@0.0045"", ""m8@0.0020"", ""m9@0.0020"", ""m10@0.0020"", ""m11@0.0045"", ""m12@0.0020"", ""m13@0.0020"", ""m14@0.0020"", ""m15@0.0045"", ""m16@0.0020"", ""m17@0.0020"", ""m18@0.0032"", ""m19@0.0045"", ""m20@0.0020"", ""m21@0.0020"", ""m22@0.0020"", ""m23@0.0045"", ""m24@0.0020"", ""m25@0.0020"", ""m26@0.0020"", ""m27@0.0045"", ""m28@0.0020"", ""m29@0.0020"", ""m30@0.0020"", ""m31@0.0045"", ""m32@0.0020"", ""m33@0.0020"", ""m34@0.0020"", ""m35@0.0045"", ""m36@0.0020"", ""m37@0.0020"", ""m38@0.0032"", ""m39@0.0020"", ""m40@0.0020"", ""m41@0.0020"", ""m42@0.0020"", ""m43@0.0020"", ""m44@0.0020"", ""m45@0.0020"", ""m46@0.0020"", ""m47@0.0045"", ""m48@0.0020"", ""m49@0.0020"", ""m50@0.0020"", ""m51@0.0020"", ""m52@0.0020"", ""m53@0.0020"", ""m54@0.0020"", ""m55@0.0020"", ""m56@0.0020"", ""m57@0.0020"", ""m58@0.0020"", ""m59@0.0045"", ""m60@0.0020"", ""m61@0.0020"", ""m62@0.0020"", ""m63@0.0020""]","[""C1"", 1000000, 0, 50000, [[400000, 700000]], 455509]"
syn_64_3_4_10,synthetic,64,3,4,0.16,equal_risk,True,18482107,0.128,,1134100,,12571357394474679771,"[""m0@0.0020"", ""m1@0.0020"", ""m2@0.0020"", ""m3@0.0020"", ""m4@0.0020"", ""m5@0.0020"", ""m6@0.0020"", ""m7@0.0020"", ""m8@0.0020"", ""m9@0.0020"", ""m10@0.0020"", ""m11@0.0020"", ""m12@0.0020"", ""m13@0.0020"", ""m14@0.0020"", ""m15@0.0020"", ""m16@0.0020"", ""m17@0.0020"", ""m18@0.0020"", ""m19@0.0020"", ""m20@0.0020"", ""m21@0.0020"", ""m22@0.0020"", ""m23@0.0020"", ""m24@0.0020"", ""m25@0.0020"", ""m26@0.0020"", ""m27@0.0020"", ""m28@0.0020"", ""m29@0.0020"", ""m30@0.0020"", ""m31@0.0020"", ""m32@0.0020"", ""m33@0.0020"", ""m34@0.0020"", ""m35@0.0020"", ""m36@0.0020"", ""m37@0.0020"", ""m38@0.0020"", ""m39@0.0020"", ""m40@0.0020"", ""m41@0.0020"", ""m42@0.0020"", ""m43@0.0020"", ""m44@0.0020"", ""m45@0.0020"", ""m46@0.0020"", ""m47@0.0020"", ""m48@0.0020"", ""m49@0.0020"", ""m50@0.0020"", ""m51@0.0020"", ""m52@0.0020"", ""m53@0.0020"", ""m54@0.0020"", ""m55@0.0020"", ""m56@0.0020"", ""m57@0.0020"", ""m58@0.0020"", ""m59@0.0020"", ""m60@0.0020"", ""m61@0.0020"", ""m62@0.0020"", ""m63@0.0020""]","[""C1"", 1000000, 0, 50000, [[400000, 700000]], 455509]"
syn_64_3_4_10,synthetic,64,3,4,0.16,proportional_risk,True,18482107,0.128,,1809200,,12571357394474679771,"[""m0@0.0020"", ""m1@0.0020"", ""m2@0.0020"", ""m3@0.0020"", ""m4@0.0020"", ""m5@0.0020"", ""m6@0.0020"", ""m7@0.0020"", ""m8@0.0020"", ""m9@0.0020"", ""m10@0.0020"", ""m11@0.0020"", ""m12@0.0020"", ""m13@0.0020"", ""m14@0.0020"", ""m15@0.0020"", ""m16@0.0020"", ""m17@0.0020"", ""m18@0.0020"", ""m19@0.0020"", ""m20@0.0020"", ""m21@0.0020"", ""m22@0.0020"", ""m23@0.0020"", ""m24@0.0020"", ""m25@0.0020"", ""m26@0.0020"", ""m27@0.0020"", ""m28@0.0020"", ""m29@0.0020"", ""m30@0.0020"", ""m31@0.0020"", ""m32@0.0020"", ""m33@0.0020"", ""m34@0.0020"", ""m35@0.0020"", ""m36@0.0020"", ""m37@0.0020"", ""m38@0.0020"", ""m39@0.0020"", ""m40@0.0020"", ""m41@0.0020"", ""m42@0.0020"", ""m43@0.0020"", ""m44@0.0020"", ""m45@0.0020"", ""m46@0.0020"", ""m47@0.0020"", ""m48@0.0020"", ""m49@0.0020"", ""m50@0.0020"", ""m51@0.0020"", ""m52@0.0020"", ""m53@0.0020"", ""m54@0.0020"", ""m55@0.0020"", ""m56@0.0020"", ""m57@0.0020"", ""m58@0.0020"", ""m59@0.0020"", ""m60@0.0020"", ""m61@0.0020"", ""m62@0.0020"", ""m63@0.0020""]","[""C1"", 1000000, 0, 50000, [[400000, 700000]], 455509]"
syn_64_3_4_10,synthetic,64,3,4,0.16,greedy_gate_catching,True,15021715,0.15925,,71009500,,12571357394474679771,"[""m0@0.0020"", ""m1@0.0020"", ""m2@0.0020"", ""m3@0.0032"", ""m4@0.0020"", ""m5@0.0020"", ""m6@0.0020"", ""m7@0.0020"", ""m8@0.0020"", ""m9@0.0020"", ""m10@0.0020"", ""m11@0.0020"", ""m12@0.0020"", ""m13@0.0020"", ""m14@0.0020"", ""m15@0.0020"", ""m16@0.0020"", ""m17@0.0020"", ""m18@0.0020"", ""m19@0.0020"", ""m20@0.0020"", ""m21@0.0020"", ""m22@0.0020"", ""m23@0.0020"", ""m24@0.0020"", ""m25@0.0020"", ""m26@0.0020"", ""m27@0.0020"", ""m28@0.0020"", ""m29@0.0020"", ""m30@0.0020"", ""m31@0.0020"", ""m32@0.0020"", ""m33@0.0020"", ""m34@0.0020"", ""m35@0.0020"", ""m36@0.0020"", ""m37@0.0020"", ""m38@0.0032"", ""m39@0.0020"", ""m40@0.0020"", ""m41@0.0020"", ""m42@0.0020"", ""m43@0.0020"", ""m44@0.0020"", ""m45@0.0020"", ""m46@0.0020"", ""m47@0.0045"", ""m48@0.0020"", ""m49@0.0020"", ""m50@0.0020"", ""m51@0.0045"", ""m52@0.0032"", ""m53@0.0045"", ""m54@0.0045"", ""m55@0.0045"", ""m56@0.0020"", ""m57@0.0045"", ""m58@0.0045"", ""m59@0.0045"", ""m60@0.0020"", ""m61@0.0045"", ""m62@0.0045"", ""m63@0.0045""]","[""C1"", 1000000, 0, 50000, [[400000, 700000]], 455509]"
syn_64_3_4_11,synthetic,64,3,4,0.16,pareto_dp,True,14265270,0.15925,355.0,43475000,,18441561552955516745,"[""m0@0.0020"", ""m1@0.0020"", ""m2@0.0020"", ""m3@0.0020"", ""m4@0.0020"", ""m5@0.0020"", ""m6@0.0020"", ""m7@0.0045"", ""m8@0.0020"", ""m9@0.0020"", ""m10@0.0020"", ""m11@0.0020"", ""m12@0.0020"", ""m13@0.0020"", ""m14@0.0045"", ""m15@0.0045"", ""m16@0.0020"", ""m17@0.0020"", ""m18@0.0045"", ""m19@0.0045"", ""m20@0.0020"", ""m21@0.0020"", ""m22@0.0020"", ""m23@0.0045"", ""m24@0.0020"", ""m25@0.0020"", ""m26@0.0020"", ""m27@0.0032"", ""m28@0.0020"", ""m29@0.0020"", ""m30@0.0020"", ""m31@0.0045"", ""m32@0.0020"", ""m33@0.0020"", ""m34@0.0020"", ""m35@0.0045"", ""m36@0.0020"", ""m37@0.0020"", ""m38@0.0020"", ""m39@0.0020"", ""m40@0.0020"", ""m41@0.0020"", ""m42@0.0020"", ""m43@0.0045"", ""m44@0.0020"", ""m45@0.0020"", ""m46@0.0020"", ""m47@0.0032"", ""m48@0.0020"", ""m49@0.0020"", ""m50@0.0020"", ""m51@0.0032"", ""m52@0.0020"", ""m53@0.0020"", ""m54@0.0020"", ""m55@0.0045"", ""m56@0.0020"", ""m57@0.0020"", ""m58@0.0032"", ""m59@0.0020"", ""m60@0.0020"", ""m61@0.0020"", ""m62@0.0020"", ""m63@0.0032""]","[""C1"", 1000000, 0, 50000, [[400000, 700000]], 455509]"
syn_64_3_4_11,synthetic,64,3,4,0.16,equal_risk,True,19974795,0.128,,1142500,,18441561552955516745,"[""m0@0.0020"", ""m1@0.0020"", ""m2@0.0020"", ""m3@0.0020"", ""m4@0.0020"", ""m5@0.0020"", ""m6@0.0020"", ""m7@0.0020"", ""m8@0.0020"", ""m9@0.0020"", ""m10@0.0020"", ""m11@0.0020"", ""m12@0.0020"", ""m13@0.0020"", ""m14@0.0020"", ""m15@0.0020"", ""m16@0.0020"", ""m17@0.0020"", ""m18@0.0020"", ""m19@0.0020"", ""m20@0.0020"", ""m21@0.0020"", ""m22@0.0020"", ""m23@0.0020"", ""m24@0.0020"", ""m25@0.0020"", ""m26@0.0020"", ""m27@0.0020"", ""m28@0.0020"", ""m29@0.0020"", ""m30@0.0020"", ""m31@0.0020"", ""m32@0.0020"", ""m33@0.0020"", ""m34@0.0020"", ""m35@0.0020"", ""m36@0.0020"", ""m37@0.0020"", ""m38@0.0020"", ""m39@0.0020"", ""m40@0.0020"", ""m41@0.0020"", ""m42@0.0020"", ""m43@0.0020"", ""m44@0.0020"", ""m45@0.0020"", ""m46@0.0020"", ""m47@0.0020"", ""m48@0.0020"", ""m49@0.0020"", ""m50@0.0020"", ""m51@0.0020"", ""m52@0.0020"", ""m53@0.0020"", ""m54@0.0020"", ""m55@0.0020"", ""m56@0.0020"", ""m57@0.0020"", ""m58@0.0020"", ""m59@0.0020"", ""m60@0.0020"", ""m61@0.0020"", ""m62@0.0020"", ""m63@0.0020""]","[""C1"", 1000000, 0, 50000, [[400000, 700000]], 455509]"
syn_64_3_4_11,synthetic,64,3,4,0.16,proportional_risk,True,19974795,0.128,,1823300,,18441561552955516745,"[""m0@0.0020"", ""m1@0.0020"", ""m2@0.0020"", ""m3@0.0020"", ""m4@0.0020"", ""m5@0.0020"", ""m6@0.0020"", ""m7@0.0020"", ""m8@0.0020"", ""m9@0.0020"", ""m10@0.0020"", ""m11@0.0020"", ""m12@0.0020"", ""m13@0.0020"", ""m14@0.0020"", ""m15@0.0020"", ""m16@0.0020"", ""m17@0.0020"", ""m18@0.0020"", ""m19@0.0020"", ""m20@0.0020"", ""m21@0.0020"", ""m22@0.0020"", ""m23@0.0020"", ""m24@0.0020"", ""m25@0.0020"", ""m26@0.0020"", ""m27@0.0020"", ""m28@0.0020"", ""m29@0.0020"", ""m30@0.0020"", ""m31@0.0020"", ""m32@0.0020"", ""m33@0.0020"", ""m34@0.0020"", ""m35@0.0020"", ""m36@0.0020"", ""m37@0.0020"", ""m38@0.0020"", ""m39@0.0020"", ""m40@0.0020"", ""m41@0.0020"", ""m42@0.0020"", ""m43@0.0020"", ""m44@0.0020"", ""m45@0.0020"", ""m46@0.0020"", ""m47@0.0020"", ""m48@0.0020"", ""m49@0.0020"", ""m50@0.0020"", ""m51@0.0020"", ""m52@0.0020"", ""m53@0.0020"", ""m54@0.0020"", ""m55@0.0020"", ""m56@0.0020"", ""m57@0.0020"", ""m58@0.0020"", ""m59@0.0020"", ""m60@0.0020"", ""m61@0.0020"", ""m62@0.0020"", ""m63@0.0020""]","[""C1"", 1000000, 0, 50000, [[400000, 700000]], 455509]"
syn_64_3_4_11,synthetic,64,3,4,0.16,greedy_gate_catching,True,18212501,0.15925,,70979800,,18441561552955516745,"[""m0@0.0020"", ""m1@0.0020"", ""m2@0.0020"", ""m3@0.0020"", ""m4@0.0020"", ""m5@0.0020"", ""m6@0.0020"", ""m7@0.0020"", ""m8@0.0020"", ""m9@0.0020"", ""m10@0.0020"", ""m11@0.0020"", ""m12@0.0020"", ""m13@0.0020"", ""m14@0.0020"", ""m15@0.0020"", ""m16@0.0020"", ""m17@0.0020"", ""m18@0.0020"", ""m19@0.0020"", ""m20@0.0020"", ""m21@0.0020"", ""m22@0.0020"", ""m23@0.0020"", ""m24@0.0020"", ""m25@0.0020"", ""m26@0.0020"", ""m27@0.0020"", ""m28@0.0020"", ""m29@0.0020"", ""m30@0.0020"", ""m31@0.0020"", ""m32@0.0020"", ""m33@0.0020"", ""m34@0.0020"", ""m35@0.0020"", ""m36@0.0020"", ""m37@0.0020"", ""m38@0.0020"", ""m39@0.0020"", ""m40@0.0020"", ""m41@0.0020"", ""m42@0.0020"", ""m43@0.0020"", ""m44@0.0020"", ""m45@0.0020"", ""m46@0.0020"", ""m47@0.0020"", ""m48@0.0020"", ""m49@0.0020"", ""m50@0.0020"", ""m51@0.0045"", ""m52@0.0045"", ""m53@0.0045"", ""m54@0.0045"", ""m55@0.0045"", ""m56@0.0045"", ""m57@0.0045"", ""m58@0.0045"", ""m59@0.0045"", ""m60@0.0032"", ""m61@0.0045"", ""m62@0.0045"", ""m63@0.0045""]","[""C1"", 1000000, 0, 50000, [[400000, 700000]], 455509]"
syn_64_3_4_12,synthetic,64,3,4,0.16,pareto_dp,True,13639370,0.15925,397.0,57032900,,7464240170896700436,"[""m0@0.0020"", ""m1@0.0020"", ""m2@0.0045"", ""m3@0.0045"", ""m4@0.0020"", ""m5@0.0020"", ""m6@0.0032"", ""m7@0.0045"", ""m8@0.0020"", ""m9@0.0020"", ""m10@0.0032"", ""m11@0.0045"", ""m12@0.0020"", ""m13@0.0020"", ""m14@0.0020"", ""m15@0.0020"", ""m16@0.0020"", ""m17@0.0020"", ""m18@0.0020"", ""m19@0.0032"", ""m20@0.0020"", ""m21@0.0020"", ""m22@0.0020"", ""m23@0.0045"", ""m24@0.0020"", ""m25@0.0020"", ""m26@0.0020"", ""m27@0.0045"", ""m28@0.0020"", ""m29@0.0020"", ""m30@0.0020"", ""m31@0.0045"", ""m32@0.0020"", ""m33@0.0020"", ""m34@0.0045"", ""m35@0.0045"", ""m36@0.0020"", ""m37@0.0020"", ""m38@0.0020"", ""m39@0.0020"", ""m40@0.0020"", ""m41@0.0020"", ""m42@0.0020"", ""m43@0.0045"", ""m44@0.0020"", ""m45@0.0020"", ""m46@0.0020"", ""m47@0.0020"", ""m48@0.0020"", ""m49@0.0020"", ""m50@0.0020"", ""m51@0.0020"", ""m52@0.0020"", ""m53@0.0020"", ""m54@0.0020"", ""m55@0.0020"", ""m56@0.0020"", ""m57@0.0020"", ""m58@0.0020"", ""m59@0.0045"", ""m60@0.0020"", ""m61@0.0020"", ""m62@0.0020"", ""m63@0.0020""]","[""C1"", 1000000, 0, 50000, [[400000, 700000]], 455509]"
syn_64_3_4_12,synthetic,64,3,4,0.16,equal_risk,True,19931806,0.128,,1189500,,7464240170896700436,"[""m0@0.0020"", ""m1@0.0020"", ""m2@0.0020"", ""m3@0.0020"", ""m4@0.0020"", ""m5@0.0020"", ""m6@0.0020"", ""m7@0.0020"", ""m8@0.0020"", ""m9@0.0020"", ""m10@0.0020"", ""m11@0.0020"", ""m12@0.0020"", ""m13@0.0020"", ""m14@0.0020"", ""m15@0.0020"", ""m16@0.0020"", ""m17@0.0020"", ""m18@0.0020"", ""m19@0.0020"", ""m20@0.0020"", ""m21@0.0020"", ""m22@0.0020"", ""m23@0.0020"", ""m24@0.0020"", ""m25@0.0020"", ""m26@0.0020"", ""m27@0.0020"", ""m28@0.0020"", ""m29@0.0020"", ""m30@0.0020"", ""m31@0.0020"", ""m32@0.0020"", ""m33@0.0020"", ""m34@0.0020"", ""m35@0.0020"", ""m36@0.0020"", ""m37@0.0020"", ""m38@0.0020"", ""m39@0.0020"", ""m40@0.0020"", ""m41@0.0020"", ""m42@0.0020"", ""m43@0.0020"", ""m44@0.0020"", ""m45@0.0020"", ""m46@0.0020"", ""m47@0.0020"", ""m48@0.0020"", ""m49@0.0020"", ""m50@0.0020"", ""m51@0.0020"", ""m52@0.0020"", ""m53@0.0020"", ""m54@0.0020"", ""m55@0.0020"", ""m56@0.0020"", ""m57@0.0020"", ""m58@0.0020"", ""m59@0.0020"", ""m60@0.0020"", ""m61@0.0020"", ""m62@0.0020"", ""m63@0.0020""]","[""C1"", 1000000, 0, 50000, [[400000, 700000]], 455509]"
syn_64_3_4_12,synthetic,64,3,4,0.16,proportional_risk,True,19931806,0.128,,1906000,,7464240170896700436,"[""m0@0.0020"", ""m1@0.0020"", ""m2@0.0020"", ""m3@0.0020"", ""m4@0.0020"", ""m5@0.0020"", ""m6@0.0020"", ""m7@0.0020"", ""m8@0.0020"", ""m9@0.0020"", ""m10@0.0020"", ""m11@0.0020"", ""m12@0.0020"", ""m13@0.0020"", ""m14@0.0020"", ""m15@0.0020"", ""m16@0.0020"", ""m17@0.0020"", ""m18@0.0020"", ""m19@0.0020"", ""m20@0.0020"", ""m21@0.0020"", ""m22@0.0020"", ""m23@0.0020"", ""m24@0.0020"", ""m25@0.0020"", ""m26@0.0020"", ""m27@0.0020"", ""m28@0.0020"", ""m29@0.0020"", ""m30@0.0020"", ""m31@0.0020"", ""m32@0.0020"", ""m33@0.0020"", ""m34@0.0020"", ""m35@0.0020"", ""m36@0.0020"", ""m37@0.0020"", ""m38@0.0020"", ""m39@0.0020"", ""m40@0.0020"", ""m41@0.0020"", ""m42@0.0020"", ""m43@0.0020"", ""m44@0.0020"", ""m45@0.0020"", ""m46@0.0020"", ""m47@0.0020"", ""m48@0.0020"", ""m49@0.0020"", ""m50@0.0020"", ""m51@0.0020"", ""m52@0.0020"", ""m53@0.0020"", ""m54@0.0020"", ""m55@0.0020"", ""m56@0.0020"", ""m57@0.0020"", ""m58@0.0020"", ""m59@0.0020"", ""m60@0.0020"", ""m61@0.0020"", ""m62@0.0020"", ""m63@0.0020""]","[""C1"", 1000000, 0, 50000, [[400000, 700000]], 455509]"
syn_64_3_4_12,synthetic,64,3,4,0.16,greedy_gate_catching,True,16259683,0.15925,,70609600,,7464240170896700436,"[""m0@0.0020"", ""m1@0.0020"", ""m2@0.0020"", ""m3@0.0020"", ""m4@0.0020"", ""m5@0.0020"", ""m6@0.0020"", ""m7@0.0020"", ""m8@0.0020"", ""m9@0.0020"", ""m10@0.0020"", ""m11@0.0020"", ""m12@0.0020"", ""m13@0.0020"", ""m14@0.0020"", ""m15@0.0032"", ""m16@0.0020"", ""m17@0.0020"", ""m18@0.0020"", ""m19@0.0020"", ""m20@0.0020"", ""m21@0.0020"", ""m22@0.0020"", ""m23@0.0020"", ""m24@0.0020"", ""m25@0.0020"", ""m26@0.0020"", ""m27@0.0020"", ""m28@0.0020"", ""m29@0.0020"", ""m30@0.0020"", ""m31@0.0020"", ""m32@0.0020"", ""m33@0.0020"", ""m34@0.0020"", ""m35@0.0020"", ""m36@0.0020"", ""m37@0.0020"", ""m38@0.0020"", ""m39@0.0020"", ""m40@0.0020"", ""m41@0.0020"", ""m42@0.0020"", ""m43@0.0045"", ""m44@0.0020"", ""m45@0.0020"", ""m46@0.0020"", ""m47@0.0020"", ""m48@0.0020"", ""m49@0.0020"", ""m50@0.0020"", ""m51@0.0045"", ""m52@0.0032"", ""m53@0.0045"", ""m54@0.0045"", ""m55@0.0045"", ""m56@0.0032"", ""m57@0.0045"", ""m58@0.0045"", ""m59@0.0045"", ""m60@0.0020"", ""m61@0.0045"", ""m62@0.0045"", ""m63@0.0045""]","[""C1"", 1000000, 0, 50000, [[400000, 700000]], 455509]"
syn_64_3_4_13,synthetic,64,3,4,0.16,pareto_dp,True,14116721,0.15925,804.0,82174300,,5076199913001021167,"[""m0@0.0020"", ""m1@0.0020"", ""m2@0.0032"", ""m3@0.0045"", ""m4@0.0020"", ""m5@0.0020"", ""m6@0.0045"", ""m7@0.0020"", ""m8@0.0020"", ""m9@0.0020"", ""m10@0.0032"", ""m11@0.0045"", ""m12@0.0020"", ""m13@0.0020"", ""m14@0.0020"", ""m15@0.0032"", ""m16@0.0020"", ""m17@0.0020"", ""m18@0.0020"", ""m19@0.0045"", ""m20@0.0020"", ""m21@0.0020"", ""m22@0.0020"", ""m23@0.0020"", ""m24@0.0020"", ""m25@0.0020"", ""m26@0.0020"", ""m27@0.0020"", ""m28@0.0020"", ""m29@0.0020"", ""m30@0.0020"", ""m31@0.0020"", ""m32@0.0020"", ""m33@0.0020"", ""m34@0.0020"", ""m35@0.0032"", ""m36@0.0020"", ""m37@0.0020"", ""m38@0.0020"", ""m39@0.0045"", ""m40@0.0020"", ""m41@0.0020"", ""m42@0.0020"", ""m43@0.0045"", ""m44@0.0020"", ""m45@0.0020"", ""m46@0.0020"", ""m47@0.0045"", ""m48@0.0020"", ""m49@0.0020"", ""m50@0.0045"", ""m51@0.0032"", ""m52@0.0020"", ""m53@0.0020"", ""m54@0.0020"", ""m55@0.0020"", ""m56@0.0020"", ""m57@0.0020"", ""m58@0.0020"", ""m59@0.0045"", ""m60@0.0020"", ""m61@0.0020"", ""m62@0.0020"", ""m63@0.0045""]","[""C1"", 1000000, 0, 50000, [[400000, 700000]], 455509]"
syn_64_3_4_13,synthetic,64,3,4,0.16,equal_risk,True,18968415,0.128,,1219200,,5076199913001021167,"[""m0@0.0020"", ""m1@0.0020"", ""m2@0.0020"", ""m3@0.0020"", ""m4@0.0020"", ""m5@0.0020"", ""m6@0.0020"", ""m7@0.0020"", ""m8@0.0020"", ""m9@0.0020"", ""m10@0.0020"", ""m11@0.0020"", ""m12@0.0020"", ""m13@0.0020"", ""m14@0.0020"", ""m15@0.0020"", ""m16@0.0020"", ""m17@0.0020"", ""m18@0.0020"", ""m19@0.0020"", ""m20@0.0020"", ""m21@0.0020"", ""m22@0.0020"", ""m23@0.0020"", ""m24@0.0020"", ""m25@0.0020"", ""m26@0.0020"", ""m27@0.0020"", ""m28@0.0020"", ""m29@0.0020"", ""m30@0.0020"", ""m31@0.0020"", ""m32@0.0020"", ""m33@0.0020"", ""m34@0.0020"", ""m35@0.0020"", ""m36@0.0020"", ""m37@0.0020"", ""m38@0.0020"", ""m39@0.0020"", ""m40@0.0020"", ""m41@0.0020"", ""m42@0.0020"", ""m43@0.0020"", ""m44@0.0020"", ""m45@0.0020"", ""m46@0.0020"", ""m47@0.0020"", ""m48@0.0020"", ""m49@0.0020"", ""m50@0.0020"", ""m51@0.0020"", ""m52@0.0020"", ""m53@0.0020"", ""m54@0.0020"", ""m55@0.0020"", ""m56@0.0020"", ""m57@0.0020"", ""m58@0.0020"", ""m59@0.0020"", ""m60@0.0020"", ""m61@0.0020"", ""m62@0.0020"", ""m63@0.0020""]","[""C1"", 1000000, 0, 50000, [[400000, 700000]], 455509]"
syn_64_3_4_13,synthetic,64,3,4,0.16,proportional_risk,True,18968415,0.128,,1917100,,5076199913001021167,"[""m0@0.0020"", ""m1@0.0020"", ""m2@0.0020"", ""m3@0.0020"", ""m4@0.0020"", ""m5@0.0020"", ""m6@0.0020"", ""m7@0.0020"", ""m8@0.0020"", ""m9@0.0020"", ""m10@0.0020"", ""m11@0.0020"", ""m12@0.0020"", ""m13@0.0020"", ""m14@0.0020"", ""m15@0.0020"", ""m16@0.0020"", ""m17@0.0020"", ""m18@0.0020"", ""m19@0.0020"", ""m20@0.0020"", ""m21@0.0020"", ""m22@0.0020"", ""m23@0.0020"", ""m24@0.0020"", ""m25@0.0020"", ""m26@0.0020"", ""m27@0.0020"", ""m28@0.0020"", ""m29@0.0020"", ""m30@0.0020"", ""m31@0.0020"", ""m32@0.0020"", ""m33@0.0020"", ""m34@0.0020"", ""m35@0.0020"", ""m36@0.0020"", ""m37@0.0020"", ""m38@0.0020"", ""m39@0.0020"", ""m40@0.0020"", ""m41@0.0020"", ""m42@0.0020"", ""m43@0.0020"", ""m44@0.0020"", ""m45@0.0020"", ""m46@0.0020"", ""m47@0.0020"", ""m48@0.0020"", ""m49@0.0020"", ""m50@0.0020"", ""m51@0.0020"", ""m52@0.0020"", ""m53@0.0020"", ""m54@0.0020"", ""m55@0.0020"", ""m56@0.0020"", ""m57@0.0020"", ""m58@0.0020"", ""m59@0.0020"", ""m60@0.0020"", ""m61@0.0020"", ""m62@0.0020"", ""m63@0.0020""]","[""C1"", 1000000, 0, 50000, [[400000, 700000]], 455509]"
syn_64_3_4_13,synthetic,64,3,4,0.16,greedy_gate_catching,True,17070707,0.15925,,69542300,,5076199913001021167,"[""m0@0.0020"", ""m1@0.0020"", ""m2@0.0020"", ""m3@0.0020"", ""m4@0.0020"", ""m5@0.0020"", ""m6@0.0020"", ""m7@0.0020"", ""m8@0.0020"", ""m9@0.0020"", ""m10@0.0020"", ""m11@0.0020"", ""m12@0.0020"", ""m13@0.0020"", ""m14@0.0020"", ""m15@0.0020"", ""m16@0.0020"", ""m17@0.0020"", ""m18@0.0020"", ""m19@0.0020"", ""m20@0.0020"", ""m21@0.0020"", ""m22@0.0020"", ""m23@0.0020"", ""m24@0.0020"", ""m25@0.0020"", ""m26@0.0020"", ""m27@0.0020"", ""m28@0.0020"", ""m29@0.0020"", ""m30@0.0020"", ""m31@0.0020"", ""m32@0.0020"", ""m33@0.0020"", ""m34@0.0020"", ""m35@0.0020"", ""m36@0.0020"", ""m37@0.0020"", ""m38@0.0020"", ""m39@0.0020"", ""m40@0.0020"", ""m41@0.0020"", ""m42@0.0020"", ""m43@0.0020"", ""m44@0.0020"", ""m45@0.0020"", ""m46@0.0020"", ""m47@0.0020"", ""m48@0.0020"", ""m49@0.0020"", ""m50@0.0020"", ""m51@0.0045"", ""m52@0.0032"", ""m53@0.0045"", ""m54@0.0045"", ""m55@0.0045"", ""m56@0.0045"", ""m57@0.0045"", ""m58@0.0045"", ""m59@0.0045"", ""m60@0.0045"", ""m61@0.0045"", ""m62@0.0045"", ""m63@0.0045""]","[""C1"", 1000000, 0, 50000, [[400000, 700000]], 455509]"
syn_64_3_4_14,synthetic,64,3,4,0.16,pareto_dp,True,12772664,0.15925,479.0,62321500,,15418576005014179697,"[""m0@0.0020"", ""m1@0.0020"", ""m2@0.0020"", ""m3@0.0020"", ""m4@0.0020"", ""m5@0.0020"", ""m6@0.0020"", ""m7@0.0032"", ""m8@0.0020"", ""m9@0.0020"", ""m10@0.0020"", ""m11@0.0045"", ""m12@0.0020"", ""m13@0.0020"", ""m14@0.0020"", ""m15@0.0045"", ""m16@0.0020"", ""m17@0.0020"", ""m18@0.0020"", ""m19@0.0045"", ""m20@0.0020"", ""m21@0.0020"", ""m22@0.0020"", ""m23@0.0045"", ""m24@0.0020"", ""m25@0.0045"", ""m26@0.0020"", ""m27@0.0045"", ""m28@0.0020"", ""m29@0.0020"", ""m30@0.0020"", ""m31@0.0045"", ""m32@0.0020"", ""m33@0.0020"", ""m34@0.0020"", ""m35@0.0020"", ""m36@0.0020"", ""m37@0.0020"", ""m38@0.0032"", ""m39@0.0045"", ""m40@0.0020"", ""m41@0.0020"", ""m42@0.0020"", ""m43@0.0032"", ""m44@0.0020"", ""m45@0.0020"", ""m46@0.0020"", ""m47@0.0045"", ""m48@0.0020"", ""m49@0.0020"", ""m50@0.0020"", ""m51@0.0020"", ""m52@0.0020"", ""m53@0.0020"", ""m54@0.0020"", ""m55@0.0045"", ""m56@0.0020"", ""m57@0.0020"", ""m58@0.0020"", ""m59@0.0020"", ""m60@0.0020"", ""m61@0.0020"", ""m62@0.0020"", ""m63@0.0045""]","[""C1"", 1000000, 0, 50000, [[400000, 700000]], 455509]"
syn_64_3_4_14,synthetic,64,3,4,0.16,equal_risk,True,18281218,0.128,,1174400,,15418576005014179697,"[""m0@0.0020"", ""m1@0.0020"", ""m2@0.0020"", ""m3@0.0020"", ""m4@0.0020"", ""m5@0.0020"", ""m6@0.0020"", ""m7@0.0020"", ""m8@0.0020"", ""m9@0.0020"", ""m10@0.0020"", ""m11@0.0020"", ""m12@0.0020"", ""m13@0.0020"", ""m14@0.0020"", ""m15@0.0020"", ""m16@0.0020"", ""m17@0.0020"", ""m18@0.0020"", ""m19@0.0020"", ""m20@0.0020"", ""m21@0.0020"", ""m22@0.0020"", ""m23@0.0020"", ""m24@0.0020"", ""m25@0.0020"", ""m26@0.0020"", ""m27@0.0020"", ""m28@0.0020"", ""m29@0.0020"", ""m30@0.0020"", ""m31@0.0020"", ""m32@0.0020"", ""m33@0.0020"", ""m34@0.0020"", ""m35@0.0020"", ""m36@0.0020"", ""m37@0.0020"", ""m38@0.0020"", ""m39@0.0020"", ""m40@0.0020"", ""m41@0.0020"", ""m42@0.0020"", ""m43@0.0020"", ""m44@0.0020"", ""m45@0.0020"", ""m46@0.0020"", ""m47@0.0020"", ""m48@0.0020"", ""m49@0.0020"", ""m50@0.0020"", ""m51@0.0020"", ""m52@0.0020"", ""m53@0.0020"", ""m54@0.0020"", ""m55@0.0020"", ""m56@0.0020"", ""m57@0.0020"", ""m58@0.0020"", ""m59@0.0020"", ""m60@0.0020"", ""m61@0.0020"", ""m62@0.0020"", ""m63@0.0020""]","[""C1"", 1000000, 0, 50000, [[400000, 700000]], 455509]"
syn_64_3_4_14,synthetic,64,3,4,0.16,proportional_risk,True,18281218,0.128,,1896900,,15418576005014179697,"[""m0@0.0020"", ""m1@0.0020"", ""m2@0.0020"", ""m3@0.0020"", ""m4@0.0020"", ""m5@0.0020"", ""m6@0.0020"", ""m7@0.0020"", ""m8@0.0020"", ""m9@0.0020"", ""m10@0.0020"", ""m11@0.0020"", ""m12@0.0020"", ""m13@0.0020"", ""m14@0.0020"", ""m15@0.0020"", ""m16@0.0020"", ""m17@0.0020"", ""m18@0.0020"", ""m19@0.0020"", ""m20@0.0020"", ""m21@0.0020"", ""m22@0.0020"", ""m23@0.0020"", ""m24@0.0020"", ""m25@0.0020"", ""m26@0.0020"", ""m27@0.0020"", ""m28@0.0020"", ""m29@0.0020"", ""m30@0.0020"", ""m31@0.0020"", ""m32@0.0020"", ""m33@0.0020"", ""m34@0.0020"", ""m35@0.0020"", ""m36@0.0020"", ""m37@0.0020"", ""m38@0.0020"", ""m39@0.0020"", ""m40@0.0020"", ""m41@0.0020"", ""m42@0.0020"", ""m43@0.0020"", ""m44@0.0020"", ""m45@0.0020"", ""m46@0.0020"", ""m47@0.0020"", ""m48@0.0020"", ""m49@0.0020"", ""m50@0.0020"", ""m51@0.0020"", ""m52@0.0020"", ""m53@0.0020"", ""m54@0.0020"", ""m55@0.0020"", ""m56@0.0020"", ""m57@0.0020"", ""m58@0.0020"", ""m59@0.0020"", ""m60@0.0020"", ""m61@0.0020"", ""m62@0.0020"", ""m63@0.0020""]","[""C1"", 1000000, 0, 50000, [[400000, 700000]], 455509]"
syn_64_3_4_14,synthetic,64,3,4,0.16,greedy_gate_catching,True,15982973,0.15925,,72075200,,15418576005014179697,"[""m0@0.0020"", ""m1@0.0020"", ""m2@0.0020"", ""m3@0.0032"", ""m4@0.0020"", ""m5@0.0020"", ""m6@0.0020"", ""m7@0.0020"", ""m8@0.0020"", ""m9@0.0020"", ""m10@0.0020"", ""m11@0.0020"", ""m12@0.0020"", ""m13@0.0020"", ""m14@0.0020"", ""m15@0.0020"", ""m16@0.0020"", ""m17@0.0020"", ""m18@0.0020"", ""m19@0.0020"", ""m20@0.0020"", ""m21@0.0020"", ""m22@0.0020"", ""m23@0.0020"", ""m24@0.0020"", ""m25@0.0020"", ""m26@0.0020"", ""m27@0.0020"", ""m28@0.0020"", ""m29@0.0020"", ""m30@0.0020"", ""m31@0.0020"", ""m32@0.0020"", ""m33@0.0020"", ""m34@0.0020"", ""m35@0.0020"", ""m36@0.0020"", ""m37@0.0020"", ""m38@0.0032"", ""m39@0.0020"", ""m40@0.0020"", ""m41@0.0020"", ""m42@0.0020"", ""m43@0.0020"", ""m44@0.0020"", ""m45@0.0020"", ""m46@0.0020"", ""m47@0.0020"", ""m48@0.0020"", ""m49@0.0020"", ""m50@0.0020"", ""m51@0.0045"", ""m52@0.0020"", ""m53@0.0045"", ""m54@0.0045"", ""m55@0.0045"", ""m56@0.0032"", ""m57@0.0045"", ""m58@0.0045"", ""m59@0.0045"", ""m60@0.0045"", ""m61@0.0045"", ""m62@0.0045"", ""m63@0.0045""]","[""C1"", 1000000, 0, 50000, [[400000, 700000]], 455509]"
syn_64_3_4_15,synthetic,64,3,4,0.16,pareto_dp,True,13361951,0.15925,328.0,40127700,,10430191963583858103,"[""m0@0.0020"", ""m1@0.0020"", ""m2@0.0032"", ""m3@0.0045"", ""m4@0.0020"", ""m5@0.0020"", ""m6@0.0045"", ""m7@0.0032"", ""m8@0.0020"", ""m9@0.0020"", ""m10@0.0045"", ""m11@0.0045"", ""m12@0.0020"", ""m13@0.0020"", ""m14@0.0032"", ""m15@0.0020"", ""m16@0.0020"", ""m17@0.0020"", ""m18@0.0020"", ""m19@0.0045"", ""m20@0.0020"", ""m21@0.0020"", ""m22@0.0020"", ""m23@0.0045"", ""m24@0.0020"", ""m25@0.0020"", ""m26@0.0020"", ""m27@0.0045"", ""m28@0.0020"", ""m29@0.0020"", ""m30@0.0020"", ""m31@0.0020"", ""m32@0.0020"", ""m33@0.0020"", ""m34@0.0020"", ""m35@0.0045"", ""m36@0.0020"", ""m37@0.0020"", ""m38@0.0020"", ""m39@0.0020"", ""m40@0.0020"", ""m41@0.0020"", ""m42@0.0020"", ""m43@0.0045"", ""m44@0.0020"", ""m45@0.0020"", ""m46@0.0020"", ""m47@0.0020"", ""m48@0.0020"", ""m49@0.0020"", ""m50@0.0020"", ""m51@0.0045"", ""m52@0.0020"", ""m53@0.0020"", ""m54@0.0020"", ""m55@0.0020"", ""m56@0.0020"", ""m57@0.0020"", ""m58@0.0020"", ""m59@0.0020"", ""m60@0.0020"", ""m61@0.0020"", ""m62@0.0020"", ""m63@0.0045""]","[""C1"", 1000000, 0, 50000, [[400000, 700000]], 455509]"
syn_64_3_4_15,synthetic,64,3,4,0.16,equal_risk,True,18233708,0.128,,1175800,,10430191963583858103,"[""m0@0.0020"", ""m1@0.0020"", ""m2@0.0020"", ""m3@0.0020"", ""m4@0.0020"", ""m5@0.0020"", ""m6@0.0020"", ""m7@0.0020"", ""m8@0.0020"", ""m9@0.0020"", ""m10@0.0020"", ""m11@0.0020"", ""m12@0.0020"", ""m13@0.0020"", ""m14@0.0020"", ""m15@0.0020"", ""m16@0.0020"", ""m17@0.0020"", ""m18@0.0020"", ""m19@0.0020"", ""m20@0.0020"", ""m21@0.0020"", ""m22@0.0020"", ""m23@0.0020"", ""m24@0.0020"", ""m25@0.0020"", ""m26@0.0020"", ""m27@0.0020"", ""m28@0.0020"", ""m29@0.0020"", ""m30@0.0020"", ""m31@0.0020"", ""m32@0.0020"", ""m33@0.0020"", ""m34@0.0020"", ""m35@0.0020"", ""m36@0.0020"", ""m37@0.0020"", ""m38@0.0020"", ""m39@0.0020"", ""m40@0.0020"", ""m41@0.0020"", ""m42@0.0020"", ""m43@0.0020"", ""m44@0.0020"", ""m45@0.0020"", ""m46@0.0020"", ""m47@0.0020"", ""m48@0.0020"", ""m49@0.0020"", ""m50@0.0020"", ""m51@0.0020"", ""m52@0.0020"", ""m53@0.0020"", ""m54@0.0020"", ""m55@0.0020"", ""m56@0.0020"", ""m57@0.0020"", ""m58@0.0020"", ""m59@0.0020"", ""m60@0.0020"", ""m61@0.0020"", ""m62@0.0020"", ""m63@0.0020""]","[""C1"", 1000000, 0, 50000, [[400000, 700000]], 455509]"
syn_64_3_4_15,synthetic,64,3,4,0.16,proportional_risk,True,18233708,0.128,,1870800,,10430191963583858103,"[""m0@0.0020"", ""m1@0.0020"", ""m2@0.0020"", ""m3@0.0020"", ""m4@0.0020"", ""m5@0.0020"", ""m6@0.0020"", ""m7@0.0020"", ""m8@0.0020"", ""m9@0.0020"", ""m10@0.0020"", ""m11@0.0020"", ""m12@0.0020"", ""m13@0.0020"", ""m14@0.0020"", ""m15@0.0020"", ""m16@0.0020"", ""m17@0.0020"", ""m18@0.0020"", ""m19@0.0020"", ""m20@0.0020"", ""m21@0.0020"", ""m22@0.0020"", ""m23@0.0020"", ""m24@0.0020"", ""m25@0.0020"", ""m26@0.0020"", ""m27@0.0020"", ""m28@0.0020"", ""m29@0.0020"", ""m30@0.0020"", ""m31@0.0020"", ""m32@0.0020"", ""m33@0.0020"", ""m34@0.0020"", ""m35@0.0020"", ""m36@0.0020"", ""m37@0.0020"", ""m38@0.0020"", ""m39@0.0020"", ""m40@0.0020"", ""m41@0.0020"", ""m42@0.0020"", ""m43@0.0020"", ""m44@0.0020"", ""m45@0.0020"", ""m46@0.0020"", ""m47@0.0020"", ""m48@0.0020"", ""m49@0.0020"", ""m50@0.0020"", ""m51@0.0020"", ""m52@0.0020"", ""m53@0.0020"", ""m54@0.0020"", ""m55@0.0020"", ""m56@0.0020"", ""m57@0.0020"", ""m58@0.0020"", ""m59@0.0020"", ""m60@0.0020"", ""m61@0.0020"", ""m62@0.0020"", ""m63@0.0020""]","[""C1"", 1000000, 0, 50000, [[400000, 700000]], 455509]"
syn_64_3_4_15,synthetic,64,3,4,0.16,greedy_gate_catching,True,16278411,0.15925,,69009300,,10430191963583858103,"[""m0@0.0020"", ""m1@0.0020"", ""m2@0.0020"", ""m3@0.0020"", ""m4@0.0020"", ""m5@0.0020"", ""m6@0.0020"", ""m7@0.0020"", ""m8@0.0020"", ""m9@0.0020"", ""m10@0.0020"", ""m11@0.0020"", ""m12@0.0020"", ""m13@0.0020"", ""m14@0.0020"", ""m15@0.0020"", ""m16@0.0020"", ""m17@0.0020"", ""m18@0.0020"", ""m19@0.0020"", ""m20@0.0020"", ""m21@0.0020"", ""m22@0.0020"", ""m23@0.0020"", ""m24@0.0020"", ""m25@0.0020"", ""m26@0.0020"", ""m27@0.0020"", ""m28@0.0020"", ""m29@0.0020"", ""m30@0.0020"", ""m31@0.0020"", ""m32@0.0020"", ""m33@0.0020"", ""m34@0.0020"", ""m35@0.0020"", ""m36@0.0020"", ""m37@0.0020"", ""m38@0.0032"", ""m39@0.0020"", ""m40@0.0020"", ""m41@0.0020"", ""m42@0.0020"", ""m43@0.0032"", ""m44@0.0020"", ""m45@0.0020"", ""m46@0.0020"", ""m47@0.0020"", ""m48@0.0020"", ""m49@0.0020"", ""m50@0.0020"", ""m51@0.0045"", ""m52@0.0045"", ""m53@0.0045"", ""m54@0.0045"", ""m55@0.0045"", ""m56@0.0032"", ""m57@0.0045"", ""m58@0.0045"", ""m59@0.0045"", ""m60@0.0020"", ""m61@0.0045"", ""m62@0.0045"", ""m63@0.0045""]","[""C1"", 1000000, 0, 50000, [[400000, 700000]], 455509]"
syn_64_3_4_16,synthetic,64,3,4,0.16,pareto_dp,True,13220045,0.15925,406.0,45027200,,6501374456082001982,"[""m0@0.0020"", ""m1@0.0020"", ""m2@0.0020"", ""m3@0.0045"", ""m4@0.0020"", ""m5@0.0020"", ""m6@0.0020"", ""m7@0.0045"", ""m8@0.0020"", ""m9@0.0020"", ""m10@0.0020"", ""m11@0.0045"", ""m12@0.0020"", ""m13@0.0020"", ""m14@0.0032"", ""m15@0.0045"", ""m16@0.0020"", ""m17@0.0020"", ""m18@0.0045"", ""m19@0.0045"", ""m20@0.0020"", ""m21@0.0020"", ""m22@0.0020"", ""m23@0.0045"", ""m24@0.0020"", ""m25@0.0020"", ""m26@0.0020"", ""m27@0.0045"", ""m28@0.0020"", ""m29@0.0020"", ""m30@0.0020"", ""m31@0.0020"", ""m32@0.0020"", ""m33@0.0020"", ""m34@0.0020"", ""m35@0.0020"", ""m36@0.0020"", ""m37@0.0020"", ""m38@0.0020"", ""m39@0.0020"", ""m40@0.0020"", ""m41@0.0020"", ""m42@0.0032"", ""m43@0.0020"", ""m44@0.0020"", ""m45@0.0020"", ""m46@0.0020"", ""m47@0.0045"", ""m48@0.0020"", ""m49@0.0020"", ""m50@0.0020"", ""m51@0.0045"", ""m52@0.0020"", ""m53@0.0020"", ""m54@0.0032"", ""m55@0.0020"", ""m56@0.0020"", ""m57@0.0020"", ""m58@0.0045"", ""m59@0.0020"", ""m60@0.0020"", ""m61@0.0020"", ""m62@0.0020"", ""m63@0.0020""]","[""C1"", 1000000, 0, 50000, [[400000, 700000]], 455509]"
syn_64_3_4_16,synthetic,64,3,4,0.16,equal_risk,True,17826607,0.128,,1255300,,6501374456082001982,"[""m0@0.0020"", ""m1@0.0020"", ""m2@0.0020"", ""m3@0.0020"", ""m4@0.0020"", ""m5@0.0020"", ""m6@0.0020"", ""m7@0.0020"", ""m8@0.0020"", ""m9@0.0020"", ""m10@0.0020"", ""m11@0.0020"", ""m12@0.0020"", ""m13@0.0020"", ""m14@0.0020"", ""m15@0.0020"", ""m16@0.0020"", ""m17@0.0020"", ""m18@0.0020"", ""m19@0.0020"", ""m20@0.0020"", ""m21@0.0020"", ""m22@0.0020"", ""m23@0.0020"", ""m24@0.0020"", ""m25@0.0020"", ""m26@0.0020"", ""m27@0.0020"", ""m28@0.0020"", ""m29@0.0020"", ""m30@0.0020"", ""m31@0.0020"", ""m32@0.0020"", ""m33@0.0020"", ""m34@0.0020"", ""m35@0.0020"", ""m36@0.0020"", ""m37@0.0020"", ""m38@0.0020"", ""m39@0.0020"", ""m40@0.0020"", ""m41@0.0020"", ""m42@0.0020"", ""m43@0.0020"", ""m44@0.0020"", ""m45@0.0020"", ""m46@0.0020"", ""m47@0.0020"", ""m48@0.0020"", ""m49@0.0020"", ""m50@0.0020"", ""m51@0.0020"", ""m52@0.0020"", ""m53@0.0020"", ""m54@0.0020"", ""m55@0.0020"", ""m56@0.0020"", ""m57@0.0020"", ""m58@0.0020"", ""m59@0.0020"", ""m60@0.0020"", ""m61@0.0020"", ""m62@0.0020"", ""m63@0.0020""]","[""C1"", 1000000, 0, 50000, [[400000, 700000]], 455509]"
syn_64_3_4_16,synthetic,64,3,4,0.16,proportional_risk,True,17826607,0.128,,1913900,,6501374456082001982,"[""m0@0.0020"", ""m1@0.0020"", ""m2@0.0020"", ""m3@0.0020"", ""m4@0.0020"", ""m5@0.0020"", ""m6@0.0020"", ""m7@0.0020"", ""m8@0.0020"", ""m9@0.0020"", ""m10@0.0020"", ""m11@0.0020"", ""m12@0.0020"", ""m13@0.0020"", ""m14@0.0020"", ""m15@0.0020"", ""m16@0.0020"", ""m17@0.0020"", ""m18@0.0020"", ""m19@0.0020"", ""m20@0.0020"", ""m21@0.0020"", ""m22@0.0020"", ""m23@0.0020"", ""m24@0.0020"", ""m25@0.0020"", ""m26@0.0020"", ""m27@0.0020"", ""m28@0.0020"", ""m29@0.0020"", ""m30@0.0020"", ""m31@0.0020"", ""m32@0.0020"", ""m33@0.0020"", ""m34@0.0020"", ""m35@0.0020"", ""m36@0.0020"", ""m37@0.0020"", ""m38@0.0020"", ""m39@0.0020"", ""m40@0.0020"", ""m41@0.0020"", ""m42@0.0020"", ""m43@0.0020"", ""m44@0.0020"", ""m45@0.0020"", ""m46@0.0020"", ""m47@0.0020"", ""m48@0.0020"", ""m49@0.0020"", ""m50@0.0020"", ""m51@0.0020"", ""m52@0.0020"", ""m53@0.0020"", ""m54@0.0020"", ""m55@0.0020"", ""m56@0.0020"", ""m57@0.0020"", ""m58@0.0020"", ""m59@0.0020"", ""m60@0.0020"", ""m61@0.0020"", ""m62@0.0020"", ""m63@0.0020""]","[""C1"", 1000000, 0, 50000, [[400000, 700000]], 455509]"
syn_64_3_4_16,synthetic,64,3,4,0.16,greedy_gate_catching,True,15276833,0.15925,,70295700,,6501374456082001982,"[""m0@0.0020"", ""m1@0.0020"", ""m2@0.0020"", ""m3@0.0020"", ""m4@0.0020"", ""m5@0.0020"", ""m6@0.0020"", ""m7@0.0020"", ""m8@0.0020"", ""m9@0.0020"", ""m10@0.0020"", ""m11@0.0020"", ""m12@0.0020"", ""m13@0.0020"", ""m14@0.0020"", ""m15@0.0032"", ""m16@0.0020"", ""m17@0.0020"", ""m18@0.0020"", ""m19@0.0020"", ""m20@0.0020"", ""m21@0.0020"", ""m22@0.0020"", ""m23@0.0020"", ""m24@0.0020"", ""m25@0.0020"", ""m26@0.0020"", ""m27@0.0020"", ""m28@0.0020"", ""m29@0.0020"", ""m30@0.0020"", ""m31@0.0020"", ""m32@0.0020"", ""m33@0.0020"", ""m34@0.0020"", ""m35@0.0020"", ""m36@0.0020"", ""m37@0.0020"", ""m38@0.0020"", ""m39@0.0020"", ""m40@0.0020"", ""m41@0.0020"", ""m42@0.0020"", ""m43@0.0020"", ""m44@0.0020"", ""m45@0.0020"", ""m46@0.0020"", ""m47@0.0020"", ""m48@0.0020"", ""m49@0.0020"", ""m50@0.0020"", ""m51@0.0045"", ""m52@0.0045"", ""m53@0.0045"", ""m54@0.0045"", ""m55@0.0045"", ""m56@0.0020"", ""m57@0.0045"", ""m58@0.0045"", ""m59@0.0045"", ""m60@0.0045"", ""m61@0.0045"", ""m62@0.0045"", ""m63@0.0045""]","[""C1"", 1000000, 0, 50000, [[400000, 700000]], 455509]"
syn_64_3_4_17,synthetic,64,3,4,0.16,pareto_dp,True,13371990,0.15925,313.0,37033500,,16373037399466622990,"[""m0@0.0020"", ""m1@0.0020"", ""m2@0.0020"", ""m3@0.0045"", ""m4@0.0020"", ""m5@0.0020"", ""m6@0.0020"", ""m7@0.0045"", ""m8@0.0020"", ""m9@0.0020"", ""m10@0.0020"", ""m11@0.0020"", ""m12@0.0020"", ""m13@0.0020"", ""m14@0.0020"", ""m15@0.0020"", ""m16@0.0020"", ""m17@0.0020"", ""m18@0.0020"", ""m19@0.0045"", ""m20@0.0020"", ""m21@0.0020"", ""m22@0.0020"", ""m23@0.0020"", ""m24@0.0020"", ""m25@0.0020"", ""m26@0.0045"", ""m27@0.0045"", ""m28@0.0020"", ""m29@0.0020"", ""m30@0.0020"", ""m31@0.0045"", ""m32@0.0020"", ""m33@0.0020"", ""m34@0.0020"", ""m35@0.0045"", ""m36@0.0020"", ""m37@0.0020"", ""m38@0.0020"", ""m39@0.0045"", ""m40@0.0020"", ""m41@0.0020"", ""m42@0.0020"", ""m43@0.0045"", ""m44@0.0020"", ""m45@0.0020"", ""m46@0.0020"", ""m47@0.0045"", ""m48@0.0020"", ""m49@0.0020"", ""m50@0.0032"", ""m51@0.0032"", ""m52@0.0020"", ""m53@0.0020"", ""m54@0.0020"", ""m55@0.0020"", ""m56@0.0020"", ""m57@0.0020"", ""m58@0.0020"", ""m59@0.0045"", ""m60@0.0020"", ""m61@0.0020"", ""m62@0.0032"", ""m63@0.0020""]","[""C1"", 1000000, 0, 50000, [[400000, 700000]], 455509]"
syn_64_3_4_17,synthetic,64,3,4,0.16,equal_risk,True,18012182,0.128,,1116400,,16373037399466622990,"[""m0@0.0020"", ""m1@0.0020"", ""m2@0.0020"", ""m3@0.0020"", ""m4@0.0020"", ""m5@0.0020"", ""m6@0.0020"", ""m7@0.0020"", ""m8@0.0020"", ""m9@0.0020"", ""m10@0.0020"", ""m11@0.0020"", ""m12@0.0020"", ""m13@0.0020"", ""m14@0.0020"", ""m15@0.0020"", ""m16@0.0020"", ""m17@0.0020"", ""m18@0.0020"", ""m19@0.0020"", ""m20@0.0020"", ""m21@0.0020"", ""m22@0.0020"", ""m23@0.0020"", ""m24@0.0020"", ""m25@0.0020"", ""m26@0.0020"", ""m27@0.0020"", ""m28@0.0020"", ""m29@0.0020"", ""m30@0.0020"", ""m31@0.0020"", ""m32@0.0020"", ""m33@0.0020"", ""m34@0.0020"", ""m35@0.0020"", ""m36@0.0020"", ""m37@0.0020"", ""m38@0.0020"", ""m39@0.0020"", ""m40@0.0020"", ""m41@0.0020"", ""m42@0.0020"", ""m43@0.0020"", ""m44@0.0020"", ""m45@0.0020"", ""m46@0.0020"", ""m47@0.0020"", ""m48@0.0020"", ""m49@0.0020"", ""m50@0.0020"", ""m51@0.0020"", ""m52@0.0020"", ""m53@0.0020"", ""m54@0.0020"", ""m55@0.0020"", ""m56@0.0020"", ""m57@0.0020"", ""m58@0.0020"", ""m59@0.0020"", ""m60@0.0020"", ""m61@0.0020"", ""m62@0.0020"", ""m63@0.0020""]","[""C1"", 1000000, 0, 50000, [[400000, 700000]], 455509]"
syn_64_3_4_17,synthetic,64,3,4,0.16,proportional_risk,True,18012182,0.128,,1820000,,16373037399466622990,"[""m0@0.0020"", ""m1@0.0020"", ""m2@0.0020"", ""m3@0.0020"", ""m4@0.0020"", ""m5@0.0020"", ""m6@0.0020"", ""m7@0.0020"", ""m8@0.0020"", ""m9@0.0020"", ""m10@0.0020"", ""m11@0.0020"", ""m12@0.0020"", ""m13@0.0020"", ""m14@0.0020"", ""m15@0.0020"", ""m16@0.0020"", ""m17@0.0020"", ""m18@0.0020"", ""m19@0.0020"", ""m20@0.0020"", ""m21@0.0020"", ""m22@0.0020"", ""m23@0.0020"", ""m24@0.0020"", ""m25@0.0020"", ""m26@0.0020"", ""m27@0.0020"", ""m28@0.0020"", ""m29@0.0020"", ""m30@0.0020"", ""m31@0.0020"", ""m32@0.0020"", ""m33@0.0020"", ""m34@0.0020"", ""m35@0.0020"", ""m36@0.0020"", ""m37@0.0020"", ""m38@0.0020"", ""m39@0.0020"", ""m40@0.0020"", ""m41@0.0020"", ""m42@0.0020"", ""m43@0.0020"", ""m44@0.0020"", ""m45@0.0020"", ""m46@0.0020"", ""m47@0.0020"", ""m48@0.0020"", ""m49@0.0020"", ""m50@0.0020"", ""m51@0.0020"", ""m52@0.0020"", ""m53@0.0020"", ""m54@0.0020"", ""m55@0.0020"", ""m56@0.0020"", ""m57@0.0020"", ""m58@0.0020"", ""m59@0.0020"", ""m60@0.0020"", ""m61@0.0020"", ""m62@0.0020"", ""m63@0.0020""]","[""C1"", 1000000, 0, 50000, [[400000, 700000]], 455509]"
syn_64_3_4_17,synthetic,64,3,4,0.16,greedy_gate_catching,True,15333899,0.15925,,71762500,,16373037399466622990,"[""m0@0.0020"", ""m1@0.0020"", ""m2@0.0020"", ""m3@0.0032"", ""m4@0.0020"", ""m5@0.0020"", ""m6@0.0020"", ""m7@0.0020"", ""m8@0.0020"", ""m9@0.0020"", ""m10@0.0020"", ""m11@0.0020"", ""m12@0.0020"", ""m13@0.0020"", ""m14@0.0020"", ""m15@0.0020"", ""m16@0.0020"", ""m17@0.0020"", ""m18@0.0020"", ""m19@0.0020"", ""m20@0.0020"", ""m21@0.0020"", ""m22@0.0020"", ""m23@0.0020"", ""m24@0.0020"", ""m25@0.0020"", ""m26@0.0020"", ""m27@0.0020"", ""m28@0.0020"", ""m29@0.0020"", ""m30@0.0020"", ""m31@0.0020"", ""m32@0.0020"", ""m33@0.0020"", ""m34@0.0020"", ""m35@0.0020"", ""m36@0.0020"", ""m37@0.0020"", ""m38@0.0020"", ""m39@0.0020"", ""m40@0.0020"", ""m41@0.0020"", ""m42@0.0020"", ""m43@0.0020"", ""m44@0.0020"", ""m45@0.0020"", ""m46@0.0020"", ""m47@0.0032"", ""m48@0.0020"", ""m49@0.0020"", ""m50@0.0020"", ""m51@0.0045"", ""m52@0.0032"", ""m53@0.0045"", ""m54@0.0045"", ""m55@0.0045"", ""m56@0.0045"", ""m57@0.0045"", ""m58@0.0045"", ""m59@0.0045"", ""m60@0.0020"", ""m61@0.0045"", ""m62@0.0045"", ""m63@0.0045""]","[""C1"", 1000000, 0, 50000, [[400000, 700000]], 455509]"
syn_64_3_4_18,synthetic,64,3,4,0.16,pareto_dp,True,13670610,0.15925,389.0,40455000,,8028286987060057397,"[""m0@0.0020"", ""m1@0.0020"", ""m2@0.0020"", ""m3@0.0045"", ""m4@0.0020"", ""m5@0.0020"", ""m6@0.0032"", ""m7@0.0045"", ""m8@0.0020"", ""m9@0.0020"", ""m10@0.0020"", ""m11@0.0045"", ""m12@0.0020"", ""m13@0.0020"", ""m14@0.0020"", ""m15@0.0045"", ""m16@0.0020"", ""m17@0.0020"", ""m18@0.0020"", ""m19@0.0020"", ""m20@0.0020"", ""m21@0.0020"", ""m22@0.0020"", ""m23@0.0020"", ""m24@0.0020"", ""m25@0.0020"", ""m26@0.0032"", ""m27@0.0045"", ""m28@0.0020"", ""m29@0.0020"", ""m30@0.0020"", ""m31@0.0045"", ""m32@0.0020"", ""m33@0.0020"", ""m34@0.0020"", ""m35@0.0020"", ""m36@0.0020"", ""m37@0.0020"", ""m38@0.0020"", ""m39@0.0045"", ""m40@0.0020"", ""m41@0.0020"", ""m42@0.0045"", ""m43@0.0045"", ""m44@0.0020"", ""m45@0.0020"", ""m46@0.0020"", ""m47@0.0020"", ""m48@0.0020"", ""m49@0.0020"", ""m50@0.0020"", ""m51@0.0032"", ""m52@0.0020"", ""m53@0.0020"", ""m54@0.0020"", ""m55@0.0045"", ""m56@0.0020"", ""m57@0.0020"", ""m58@0.0020"", ""m59@0.0045"", ""m60@0.0020"", ""m61@0.0020"", ""m62@0.0020"", ""m63@0.0020""]","[""C1"", 1000000, 0, 50000, [[400000, 700000]], 455509]"
syn_64_3_4_18,synthetic,64,3,4,0.16,equal_risk,True,18393337,0.128,,1079800,,8028286987060057397,"[""m0@0.0020"", ""m1@0.0020"", ""m2@0.0020"", ""m3@0.0020"", ""m4@0.0020"", ""m5@0.0020"", ""m6@0.0020"", ""m7@0.0020"", ""m8@0.0020"", ""m9@0.0020"", ""m10@0.0020"", ""m11@0.0020"", ""m12@0.0020"", ""m13@0.0020"", ""m14@0.0020"", ""m15@0.0020"", ""m16@0.0020"", ""m17@0.0020"", ""m18@0.0020"", ""m19@0.0020"", ""m20@0.0020"", ""m21@0.0020"", ""m22@0.0020"", ""m23@0.0020"", ""m24@0.0020"", ""m25@0.0020"", ""m26@0.0020"", ""m27@0.0020"", ""m28@0.0020"", ""m29@0.0020"", ""m30@0.0020"", ""m31@0.0020"", ""m32@0.0020"", ""m33@0.0020"", ""m34@0.0020"", ""m35@0.0020"", ""m36@0.0020"", ""m37@0.0020"", ""m38@0.0020"", ""m39@0.0020"", ""m40@0.0020"", ""m41@0.0020"", ""m42@0.0020"", ""m43@0.0020"", ""m44@0.0020"", ""m45@0.0020"", ""m46@0.0020"", ""m47@0.0020"", ""m48@0.0020"", ""m49@0.0020"", ""m50@0.0020"", ""m51@0.0020"", ""m52@0.0020"", ""m53@0.0020"", ""m54@0.0020"", ""m55@0.0020"", ""m56@0.0020"", ""m57@0.0020"", ""m58@0.0020"", ""m59@0.0020"", ""m60@0.0020"", ""m61@0.0020"", ""m62@0.0020"", ""m63@0.0020""]","[""C1"", 1000000, 0, 50000, [[400000, 700000]], 455509]"
syn_64_3_4_18,synthetic,64,3,4,0.16,proportional_risk,True,18393337,0.128,,1715600,,8028286987060057397,"[""m0@0.0020"", ""m1@0.0020"", ""m2@0.0020"", ""m3@0.0020"", ""m4@0.0020"", ""m5@0.0020"", ""m6@0.0020"", ""m7@0.0020"", ""m8@0.0020"", ""m9@0.0020"", ""m10@0.0020"", ""m11@0.0020"", ""m12@0.0020"", ""m13@0.0020"", ""m14@0.0020"", ""m15@0.0020"", ""m16@0.0020"", ""m17@0.0020"", ""m18@0.0020"", ""m19@0.0020"", ""m20@0.0020"", ""m21@0.0020"", ""m22@0.0020"", ""m23@0.0020"", ""m24@0.0020"", ""m25@0.0020"", ""m26@0.0020"", ""m27@0.0020"", ""m28@0.0020"", ""m29@0.0020"", ""m30@0.0020"", ""m31@0.0020"", ""m32@0.0020"", ""m33@0.0020"", ""m34@0.0020"", ""m35@0.0020"", ""m36@0.0020"", ""m37@0.0020"", ""m38@0.0020"", ""m39@0.0020"", ""m40@0.0020"", ""m41@0.0020"", ""m42@0.0020"", ""m43@0.0020"", ""m44@0.0020"", ""m45@0.0020"", ""m46@0.0020"", ""m47@0.0020"", ""m48@0.0020"", ""m49@0.0020"", ""m50@0.0020"", ""m51@0.0020"", ""m52@0.0020"", ""m53@0.0020"", ""m54@0.0020"", ""m55@0.0020"", ""m56@0.0020"", ""m57@0.0020"", ""m58@0.0020"", ""m59@0.0020"", ""m60@0.0020"", ""m61@0.0020"", ""m62@0.0020"", ""m63@0.0020""]","[""C1"", 1000000, 0, 50000, [[400000, 700000]], 455509]"
syn_64_3_4_18,synthetic,64,3,4,0.16,greedy_gate_catching,True,16520181,0.15925,,69024400,,8028286987060057397,"[""m0@0.0020"", ""m1@0.0020"", ""m2@0.0020"", ""m3@0.0020"", ""m4@0.0020"", ""m5@0.0020"", ""m6@0.0020"", ""m7@0.0020"", ""m8@0.0020"", ""m9@0.0020"", ""m10@0.0020"", ""m11@0.0020"", ""m12@0.0020"", ""m13@0.0020"", ""m14@0.0020"", ""m15@0.0020"", ""m16@0.0020"", ""m17@0.0020"", ""m18@0.0020"", ""m19@0.0020"", ""m20@0.0020"", ""m21@0.0020"", ""m22@0.0020"", ""m23@0.0020"", ""m24@0.0020"", ""m25@0.0020"", ""m26@0.0020"", ""m27@0.0020"", ""m28@0.0020"", ""m29@0.0020"", ""m30@0.0020"", ""m31@0.0020"", ""m32@0.0020"", ""m33@0.0020"", ""m34@0.0020"", ""m35@0.0020"", ""m36@0.0020"", ""m37@0.0020"", ""m38@0.0032"", ""m39@0.0020"", ""m40@0.0020"", ""m41@0.0020"", ""m42@0.0020"", ""m43@0.0020"", ""m44@0.0020"", ""m45@0.0020"", ""m46@0.0020"", ""m47@0.0020"", ""m48@0.0020"", ""m49@0.0020"", ""m50@0.0020"", ""m51@0.0045"", ""m52@0.0020"", ""m53@0.0045"", ""m54@0.0045"", ""m55@0.0045"", ""m56@0.0045"", ""m57@0.0045"", ""m58@0.0045"", ""m59@0.0045"", ""m60@0.0045"", ""m61@0.0045"", ""m62@0.0045"", ""m63@0.0045""]","[""C1"", 1000000, 0, 50000, [[400000, 700000]], 455509]"
syn_64_3_4_19,synthetic,64,3,4,0.16,pareto_dp,True,15019016,0.15925,430.0,58133300,,1679794937850552712,"[""m0@0.0020"", ""m1@0.0020"", ""m2@0.0020"", ""m3@0.0032"", ""m4@0.0020"", ""m5@0.0020"", ""m6@0.0020"", ""m7@0.0045"", ""m8@0.0020"", ""m9@0.0020"", ""m10@0.0045"", ""m11@0.0020"", ""m12@0.0020"", ""m13@0.0020"", ""m14@0.0020"", ""m15@0.0045"", ""m16@0.0020"", ""m17@0.0020"", ""m18@0.0020"", ""m19@0.0020"", ""m20@0.0020"", ""m21@0.0020"", ""m22@0.0020"", ""m23@0.0045"", ""m24@0.0020"", ""m25@0.0020"", ""m26@0.0020"", ""m27@0.0045"", ""m28@0.0020"", ""m29@0.0020"", ""m30@0.0020"", ""m31@0.0045"", ""m32@0.0020"", ""m33@0.0020"", ""m34@0.0020"", ""m35@0.0045"", ""m36@0.0020"", ""m37@0.0020"", ""m38@0.0020"", ""m39@0.0045"", ""m40@0.0020"", ""m41@0.0020"", ""m42@0.0020"", ""m43@0.0020"", ""m44@0.0020"", ""m45@0.0020"", ""m46@0.0020"", ""m47@0.0032"", ""m48@0.0020"", ""m49@0.0020"", ""m50@0.0020"", ""m51@0.0045"", ""m52@0.0020"", ""m53@0.0020"", ""m54@0.0020"", ""m55@0.0020"", ""m56@0.0020"", ""m57@0.0020"", ""m58@0.0032"", ""m59@0.0045"", ""m60@0.0020"", ""m61@0.0020"", ""m62@0.0020"", ""m63@0.0045""]","[""C1"", 1000000, 0, 50000, [[400000, 700000]], 455509]"
syn_64_3_4_19,synthetic,64,3,4,0.16,equal_risk,True,20290263,0.128,,1160700,,1679794937850552712,"[""m0@0.0020"", ""m1@0.0020"", ""m2@0.0020"", ""m3@0.0020"", ""m4@0.0020"", ""m5@0.0020"", ""m6@0.0020"", ""m7@0.0020"", ""m8@0.0020"", ""m9@0.0020"", ""m10@0.0020"", ""m11@0.0020"", ""m12@0.0020"", ""m13@0.0020"", ""m14@0.0020"", ""m15@0.0020"", ""m16@0.0020"", ""m17@0.0020"", ""m18@0.0020"", ""m19@0.0020"", ""m20@0.0020"", ""m21@0.0020"", ""m22@0.0020"", ""m23@0.0020"", ""m24@0.0020"", ""m25@0.0020"", ""m26@0.0020"", ""m27@0.0020"", ""m28@0.0020"", ""m29@0.0020"", ""m30@0.0020"", ""m31@0.0020"", ""m32@0.0020"", ""m33@0.0020"", ""m34@0.0020"", ""m35@0.0020"", ""m36@0.0020"", ""m37@0.0020"", ""m38@0.0020"", ""m39@0.0020"", ""m40@0.0020"", ""m41@0.0020"", ""m42@0.0020"", ""m43@0.0020"", ""m44@0.0020"", ""m45@0.0020"", ""m46@0.0020"", ""m47@0.0020"", ""m48@0.0020"", ""m49@0.0020"", ""m50@0.0020"", ""m51@0.0020"", ""m52@0.0020"", ""m53@0.0020"", ""m54@0.0020"", ""m55@0.0020"", ""m56@0.0020"", ""m57@0.0020"", ""m58@0.0020"", ""m59@0.0020"", ""m60@0.0020"", ""m61@0.0020"", ""m62@0.0020"", ""m63@0.0020""]","[""C1"", 1000000, 0, 50000, [[400000, 700000]], 455509]"
syn_64_3_4_19,synthetic,64,3,4,0.16,proportional_risk,True,20290263,0.128,,1830500,,1679794937850552712,"[""m0@0.0020"", ""m1@0.0020"", ""m2@0.0020"", ""m3@0.0020"", ""m4@0.0020"", ""m5@0.0020"", ""m6@0.0020"", ""m7@0.0020"", ""m8@0.0020"", ""m9@0.0020"", ""m10@0.0020"", ""m11@0.0020"", ""m12@0.0020"", ""m13@0.0020"", ""m14@0.0020"", ""m15@0.0020"", ""m16@0.0020"", ""m17@0.0020"", ""m18@0.0020"", ""m19@0.0020"", ""m20@0.0020"", ""m21@0.0020"", ""m22@0.0020"", ""m23@0.0020"", ""m24@0.0020"", ""m25@0.0020"", ""m26@0.0020"", ""m27@0.0020"", ""m28@0.0020"", ""m29@0.0020"", ""m30@0.0020"", ""m31@0.0020"", ""m32@0.0020"", ""m33@0.0020"", ""m34@0.0020"", ""m35@0.0020"", ""m36@0.0020"", ""m37@0.0020"", ""m38@0.0020"", ""m39@0.0020"", ""m40@0.0020"", ""m41@0.0020"", ""m42@0.0020"", ""m43@0.0020"", ""m44@0.0020"", ""m45@0.0020"", ""m46@0.0020"", ""m47@0.0020"", ""m48@0.0020"", ""m49@0.0020"", ""m50@0.0020"", ""m51@0.0020"", ""m52@0.0020"", ""m53@0.0020"", ""m54@0.0020"", ""m55@0.0020"", ""m56@0.0020"", ""m57@0.0020"", ""m58@0.0020"", ""m59@0.0020"", ""m60@0.0020"", ""m61@0.0020"", ""m62@0.0020"", ""m63@0.0020""]","[""C1"", 1000000, 0, 50000, [[400000, 700000]], 455509]"
syn_64_3_4_19,synthetic,64,3,4,0.16,greedy_gate_catching,True,17326339,0.15925,,70608400,,1679794937850552712,"[""m0@0.0020"", ""m1@0.0020"", ""m2@0.0020"", ""m3@0.0020"", ""m4@0.0020"", ""m5@0.0020"", ""m6@0.0020"", ""m7@0.0020"", ""m8@0.0020"", ""m9@0.0020"", ""m10@0.0020"", ""m11@0.0020"", ""m12@0.0020"", ""m13@0.0020"", ""m14@0.0020"", ""m15@0.0020"", ""m16@0.0020"", ""m17@0.0020"", ""m18@0.0020"", ""m19@0.0020"", ""m20@0.0020"", ""m21@0.0020"", ""m22@0.0020"", ""m23@0.0020"", ""m24@0.0020"", ""m25@0.0020"", ""m26@0.0020"", ""m27@0.0032"", ""m28@0.0020"", ""m29@0.0020"", ""m30@0.0020"", ""m31@0.0020"", ""m32@0.0020"", ""m33@0.0020"", ""m34@0.0020"", ""m35@0.0020"", ""m36@0.0020"", ""m37@0.0020"", ""m38@0.0020"", ""m39@0.0032"", ""m40@0.0020"", ""m41@0.0020"", ""m42@0.0020"", ""m43@0.0020"", ""m44@0.0020"", ""m45@0.0020"", ""m46@0.0020"", ""m47@0.0032"", ""m48@0.0020"", ""m49@0.0020"", ""m50@0.0020"", ""m51@0.0045"", ""m52@0.0020"", ""m53@0.0045"", ""m54@0.0045"", ""m55@0.0045"", ""m56@0.0020"", ""m57@0.0045"", ""m58@0.0045"", ""m59@0.0045"", ""m60@0.0045"", ""m61@0.0045"", ""m62@0.0045"", ""m63@0.0045""]","[""C1"", 1000000, 0, 50000, [[400000, 700000]], 455509]"
syn_64_6_1_00,synthetic,64,6,1,0.16,pareto_dp,True,14803165,0.16,1518.0,514819500,,7669293757526627289,"[""m0@0.0020"", ""m1@0.0020"", ""m2@0.0020"", ""m3@0.0040"", ""m4@0.0020"", ""m5@0.0020"", ""m6@0.0020"", ""m7@0.0020"", ""m8@0.0020"", ""m9@0.0020"", ""m10@0.0020"", ""m11@0.0045"", ""m12@0.0020"", ""m13@0.0020"", ""m14@0.0020"", ""m15@0.0040"", ""m16@0.0020"", ""m17@0.0020"", ""m18@0.0020"", ""m19@0.0045"", ""m20@0.0020"", ""m21@0.0020"", ""m22@0.0020"", ""m23@0.0020"", ""m24@0.0020"", ""m25@0.0020"", ""m26@0.0020"", ""m27@0.0020"", ""m28@0.0020"", ""m29@0.0020"", ""m30@0.0020"", ""m31@0.0045"", ""m32@0.0020"", ""m33@0.0020"", ""m34@0.0020"", ""m35@0.0040"", ""m36@0.0020"", ""m37@0.0020"", ""m38@0.0020"", ""m39@0.0045"", ""m40@0.0020"", ""m41@0.0020"", ""m42@0.0020"", ""m43@0.0040"", ""m44@0.0020"", ""m45@0.0020"", ""m46@0.0020"", ""m47@0.0035"", ""m48@0.0020"", ""m49@0.0020"", ""m50@0.0020"", ""m51@0.0040"", ""m52@0.0020"", ""m53@0.0020"", ""m54@0.0020"", ""m55@0.0040"", ""m56@0.0020"", ""m57@0.0020"", ""m58@0.0035"", ""m59@0.0040"", ""m60@0.0020"", ""m61@0.0020"", ""m62@0.0045"", ""m63@0.0045""]","[""C1"", 1000000, 0, 50000, [[400000, 700000]], 455509]"
syn_64_6_1_00,synthetic,64,6,1,0.16,equal_risk,True,19284697,0.128,,2045000,,7669293757526627289,"[""m0@0.0020"", ""m1@0.0020"", ""m2@0.0020"", ""m3@0.0020"", ""m4@0.0020"", ""m5@0.0020"", ""m6@0.0020"", ""m7@0.0020"", ""m8@0.0020"", ""m9@0.0020"", ""m10@0.0020"", ""m11@0.0020"", ""m12@0.0020"", ""m13@0.0020"", ""m14@0.0020"", ""m15@0.0020"", ""m16@0.0020"", ""m17@0.0020"", ""m18@0.0020"", ""m19@0.0020"", ""m20@0.0020"", ""m21@0.0020"", ""m22@0.0020"", ""m23@0.0020"", ""m24@0.0020"", ""m25@0.0020"", ""m26@0.0020"", ""m27@0.0020"", ""m28@0.0020"", ""m29@0.0020"", ""m30@0.0020"", ""m31@0.0020"", ""m32@0.0020"", ""m33@0.0020"", ""m34@0.0020"", ""m35@0.0020"", ""m36@0.0020"", ""m37@0.0020"", ""m38@0.0020"", ""m39@0.0020"", ""m40@0.0020"", ""m41@0.0020"", ""m42@0.0020"", ""m43@0.0020"", ""m44@0.0020"", ""m45@0.0020"", ""m46@0.0020"", ""m47@0.0020"", ""m48@0.0020"", ""m49@0.0020"", ""m50@0.0020"", ""m51@0.0020"", ""m52@0.0020"", ""m53@0.0020"", ""m54@0.0020"", ""m55@0.0020"", ""m56@0.0020"", ""m57@0.0020"", ""m58@0.0020"", ""m59@0.0020"", ""m60@0.0020"", ""m61@0.0020"", ""m62@0.0020"", ""m63@0.0020""]","[""C1"", 1000000, 0, 50000, [[400000, 700000]], 455509]"
syn_64_6_1_00,synthetic,64,6,1,0.16,proportional_risk,True,19284697,0.128,,3121300,,7669293757526627289,"[""m0@0.0020"", ""m1@0.0020"", ""m2@0.0020"", ""m3@0.0020"", ""m4@0.0020"", ""m5@0.0020"", ""m6@0.0020"", ""m7@0.0020"", ""m8@0.0020"", ""m9@0.0020"", ""m10@0.0020"", ""m11@0.0020"", ""m12@0.0020"", ""m13@0.0020"", ""m14@0.0020"", ""m15@0.0020"", ""m16@0.0020"", ""m17@0.0020"", ""m18@0.0020"", ""m19@0.0020"", ""m20@0.0020"", ""m21@0.0020"", ""m22@0.0020"", ""m23@0.0020"", ""m24@0.0020"", ""m25@0.0020"", ""m26@0.0020"", ""m27@0.0020"", ""m28@0.0020"", ""m29@0.0020"", ""m30@0.0020"", ""m31@0.0020"", ""m32@0.0020"", ""m33@0.0020"", ""m34@0.0020"", ""m35@0.0020"", ""m36@0.0020"", ""m37@0.0020"", ""m38@0.0020"", ""m39@0.0020"", ""m40@0.0020"", ""m41@0.0020"", ""m42@0.0020"", ""m43@0.0020"", ""m44@0.0020"", ""m45@0.0020"", ""m46@0.0020"", ""m47@0.0020"", ""m48@0.0020"", ""m49@0.0020"", ""m50@0.0020"", ""m51@0.0020"", ""m52@0.0020"", ""m53@0.0020"", ""m54@0.0020"", ""m55@0.0020"", ""m56@0.0020"", ""m57@0.0020"", ""m58@0.0020"", ""m59@0.0020"", ""m60@0.0020"", ""m61@0.0020"", ""m62@0.0020"", ""m63@0.0020""]","[""C1"", 1000000, 0, 50000, [[400000, 700000]], 455509]"
syn_64_6_1_00,synthetic,64,6,1,0.16,greedy_gate_catching,True,16053236,0.16,,266805100,,7669293757526627289,"[""m0@0.0020"", ""m1@0.0020"", ""m2@0.0020"", ""m3@0.0020"", ""m4@0.0020"", ""m5@0.0020"", ""m6@0.0020"", ""m7@0.0020"", ""m8@0.0020"", ""m9@0.0020"", ""m10@0.0020"", ""m11@0.0020"", ""m12@0.0020"", ""m13@0.0020"", ""m14@0.0020"", ""m15@0.0020"", ""m16@0.0020"", ""m17@0.0020"", ""m18@0.0020"", ""m19@0.0020"", ""m20@0.0020"", ""m21@0.0020"", ""m22@0.0020"", ""m23@0.0020"", ""m24@0.0020"", ""m25@0.0020"", ""m26@0.0020"", ""m27@0.0020"", ""m28@0.0020"", ""m29@0.0020"", ""m30@0.0020"", ""m31@0.0020"", ""m32@0.0020"", ""m33@0.0020"", ""m34@0.0035"", ""m35@0.0045"", ""m36@0.0020"", ""m37@0.0025"", ""m38@0.0035"", ""m39@0.0045"", ""m40@0.0020"", ""m41@0.0020"", ""m42@0.0035"", ""m43@0.0045"", ""m44@0.0020"", ""m45@0.0025"", ""m46@0.0020"", ""m47@0.0045"", ""m48@0.0020"", ""m49@0.0020"", ""m50@0.0035"", ""m51@0.0040"", ""m52@0.0020"", ""m53@0.0020"", ""m54@0.0025"", ""m55@0.0040"", ""m56@0.0020"", ""m57@0.0020"", ""m58@0.0035"", ""m59@0.0045"", ""m60@0.0020"", ""m61@0.0035"", ""m62@0.0045"", ""m63@0.0045""]","[""C1"", 1000000, 0, 50000, [[400000, 700000]], 455509]"
syn_64_6_1_01,synthetic,64,6,1,0.16,pareto_dp,True,14363833,0.16,1505.0,532608600,,587882540732591805,"[""m0@0.0020"", ""m1@0.0020"", ""m2@0.0020"", ""m3@0.0045"", ""m4@0.0020"", ""m5@0.0020"", ""m6@0.0020"", ""m7@0.0025"", ""m8@0.0020"", ""m9@0.0020"", ""m10@0.0020"", ""m11@0.0040"", ""m12@0.0020"", ""m13@0.0020"", ""m14@0.0020"", ""m15@0.0045"", ""m16@0.0020"", ""m17@0.0020"", ""m18@0.0020"", ""m19@0.0045"", ""m20@0.0020"", ""m21@0.0020"", ""m22@0.0020"", ""m23@0.0045"", ""m24@0.0020"", ""m25@0.0020"", ""m26@0.0020"", ""m27@0.0045"", ""m28@0.0020"", ""m29@0.0020"", ""m30@0.0020"", ""m31@0.0045"", ""m32@0.0020"", ""m33@0.0020"", ""m34@0.0035"", ""m35@0.0035"", ""m36@0.0020"", ""m37@0.0020"", ""m38@0.0020"", ""m39@0.0040"", ""m40@0.0020"", ""m41@0.0020"", ""m42@0.0020"", ""m43@0.0020"", ""m44@0.0020"", ""m45@0.0020"", ""m46@0.0020"", ""m47@0.0045"", ""m48@0.0020"", ""m49@0.0020"", ""m50@0.0020"", ""m51@0.0040"", ""m52@0.0020"", ""m53@0.0020"", ""m54@0.0020"", ""m55@0.0020"", ""m56@0.0020"", ""m57@0.0020"", ""m58@0.0020"", ""m59@0.0045"", ""m60@0.0020"", ""m61@0.0020"", ""m62@0.0020"", ""m63@0.0045""]","[""C1"", 1000000, 0, 50000, [[400000, 700000]], 455509]"
syn_64_6_1_01,synthetic,64,6,1,0.16,equal_risk,True,19360911,0.128,,1984700,,587882540732591805,"[""m0@0.0020"", ""m1@0.0020"", ""m2@0.0020"", ""m3@0.0020"", ""m4@0.0020"", ""m5@0.0020"", ""m6@0.0020"", ""m7@0.0020"", ""m8@0.0020"", ""m9@0.0020"", ""m10@0.0020"", ""m11@0.0020"", ""m12@0.0020"", ""m13@0.0020"", ""m14@0.0020"", ""m15@0.0020"", ""m16@0.0020"", ""m17@0.0020"", ""m18@0.0020"", ""m19@0.0020"", ""m20@0.0020"", ""m21@0.0020"", ""m22@0.0020"", ""m23@0.0020"", ""m24@0.0020"", ""m25@0.0020"", ""m26@0.0020"", ""m27@0.0020"", ""m28@0.0020"", ""m29@0.0020"", ""m30@0.0020"", ""m31@0.0020"", ""m32@0.0020"", ""m33@0.0020"", ""m34@0.0020"", ""m35@0.0020"", ""m36@0.0020"", ""m37@0.0020"", ""m38@0.0020"", ""m39@0.0020"", ""m40@0.0020"", ""m41@0.0020"", ""m42@0.0020"", ""m43@0.0020"", ""m44@0.0020"", ""m45@0.0020"", ""m46@0.0020"", ""m47@0.0020"", ""m48@0.0020"", ""m49@0.0020"", ""m50@0.0020"", ""m51@0.0020"", ""m52@0.0020"", ""m53@0.0020"", ""m54@0.0020"", ""m55@0.0020"", ""m56@0.0020"", ""m57@0.0020"", ""m58@0.0020"", ""m59@0.0020"", ""m60@0.0020"", ""m61@0.0020"", ""m62@0.0020"", ""m63@0.0020""]","[""C1"", 1000000, 0, 50000, [[400000, 700000]], 455509]"
syn_64_6_1_01,synthetic,64,6,1,0.16,proportional_risk,True,19360911,0.128,,3182300,,587882540732591805,"[""m0@0.0020"", ""m1@0.0020"", ""m2@0.0020"", ""m3@0.0020"", ""m4@0.0020"", ""m5@0.0020"", ""m6@0.0020"", ""m7@0.0020"", ""m8@0.0020"", ""m9@0.0020"", ""m10@0.0020"", ""m11@0.0020"", ""m12@0.0020"", ""m13@0.0020"", ""m14@0.0020"", ""m15@0.0020"", ""m16@0.0020"", ""m17@0.0020"", ""m18@0.0020"", ""m19@0.0020"", ""m20@0.0020"", ""m21@0.0020"", ""m22@0.0020"", ""m23@0.0020"", ""m24@0.0020"", ""m25@0.0020"", ""m26@0.0020"", ""m27@0.0020"", ""m28@0.0020"", ""m29@0.0020"", ""m30@0.0020"", ""m31@0.0020"", ""m32@0.0020"", ""m33@0.0020"", ""m34@0.0020"", ""m35@0.0020"", ""m36@0.0020"", ""m37@0.0020"", ""m38@0.0020"", ""m39@0.0020"", ""m40@0.0020"", ""m41@0.0020"", ""m42@0.0020"", ""m43@0.0020"", ""m44@0.0020"", ""m45@0.0020"", ""m46@0.0020"", ""m47@0.0020"", ""m48@0.0020"", ""m49@0.0020"", ""m50@0.0020"", ""m51@0.0020"", ""m52@0.0020"", ""m53@0.0020"", ""m54@0.0020"", ""m55@0.0020"", ""m56@0.0020"", ""m57@0.0020"", ""m58@0.0020"", ""m59@0.0020"", ""m60@0.0020"", ""m61@0.0020"", ""m62@0.0020"", ""m63@0.0020""]","[""C1"", 1000000, 0, 50000, [[400000, 700000]], 455509]"
syn_64_6_1_01,synthetic,64,6,1,0.16,greedy_gate_catching,True,15936773,0.16,,248598400,,587882540732591805,"[""m0@0.0020"", ""m1@0.0020"", ""m2@0.0020"", ""m3@0.0020"", ""m4@0.0020"", ""m5@0.0020"", ""m6@0.0020"", ""m7@0.0020"", ""m8@0.0020"", ""m9@0.0020"", ""m10@0.0020"", ""m11@0.0020"", ""m12@0.0020"", ""m13@0.0020"", ""m14@0.0020"", ""m15@0.0020"", ""m16@0.0020"", ""m17@0.0020"", ""m18@0.0020"", ""m19@0.0020"", ""m20@0.0020"", ""m21@0.0020"", ""m22@0.0020"", ""m23@0.0020"", ""m24@0.0020"", ""m25@0.0020"", ""m26@0.0020"", ""m27@0.0020"", ""m28@0.0020"", ""m29@0.0020"", ""m30@0.0020"", ""m31@0.0020"", ""m32@0.0020"", ""m33@0.0020"", ""m34@0.0045"", ""m35@0.0045"", ""m36@0.0020"", ""m37@0.0020"", ""m38@0.0045"", ""m39@0.0040"", ""m40@0.0020"", ""m41@0.0020"", ""m42@0.0035"", ""m43@0.0045"", ""m44@0.0020"", ""m45@0.0020"", ""m46@0.0035"", ""m47@0.0045"", ""m48@0.0020"", ""m49@0.0030"", ""m50@0.0020"", ""m51@0.0045"", ""m52@0.0020"", ""m53@0.0040"", ""m54@0.0020"", ""m55@0.0035"", ""m56@0.0020"", ""m57@0.0030"", ""m58@0.0020"", ""m59@0.0045"", ""m60@0.0020"", ""m61@0.0035"", ""m62@0.0020"", ""m63@0.0045""]","[""C1"", 1000000, 0, 50000, [[400000, 700000]], 455509]"
syn_64_6_1_02,synthetic,64,6,1,0.16,pareto_dp,True,13583757,0.16,1295.0,450361500,,482836747780838614,"[""m0@0.0020"", ""m1@0.0020"", ""m2@0.0020"", ""m3@0.0020"", ""m4@0.0020"", ""m5@0.0020"", ""m6@0.0035"", ""m7@0.0045"", ""m8@0.0020"", ""m9@0.0020"", ""m10@0.0045"", ""m11@0.0030"", ""m12@0.0020"", ""m13@0.0020"", ""m14@0.0020"", ""m15@0.0045"", ""m16@0.0020"", ""m17@0.0020"", ""m18@0.0020"", ""m19@0.0020"", ""m20@0.0020"", ""m21@0.0020"", ""m22@0.0020"", ""m23@0.0040"", ""m24@0.0020"", ""m25@0.0020"", ""m26@0.0020"", ""m27@0.0045"", ""m28@0.0020"", ""m29@0.0020"", ""m30@0.0030"", ""m31@0.0045"", ""m32@0.0020"", ""m33@0.0020"", ""m34@0.0045"", ""m35@0.0045"", ""m36@0.0020"", ""m37@0.0020"", ""m38@0.0020"", ""m39@0.0045"", ""m40@0.0020"", ""m41@0.0020"", ""m42@0.0020"", ""m43@0.0020"", ""m44@0.0020"", ""m45@0.0020"", ""m46@0.0020"", ""m47@0.0040"", ""m48@0.0020"", ""m49@0.0020"", ""m50@0.0020"", ""m51@0.0020"", ""m52@0.0020"", ""m53@0.0020"", ""m54@0.0020"", ""m55@0.0045"", ""m56@0.0020"", ""m57@0.0020"", ""m58@0.0020"", ""m59@0.0020"", ""m60@0.0020"", ""m61@0.0020"", ""m62@0.0020"", ""m63@0.0040""]","[""C1"", 1000000, 0, 50000, [[400000, 700000]], 455509]"
syn_64_6_1_02,synthetic,64,6,1,0.16,equal_risk,True,18260922,0.128,,1841000,,482836747780838614,"[""m0@0.0020"", ""m1@0.0020"", ""m2@0.0020"", ""m3@0.0020"", ""m4@0.0020"", ""m5@0.0020"", ""m6@0.0020"", ""m7@0.0020"", ""m8@0.0020"", ""m9@0.0020"", ""m10@0.0020"", ""m11@0.0020"", ""m12@0.0020"", ""m13@0.0020"", ""m14@0.0020"", ""m15@0.0020"", ""m16@0.0020"", ""m17@0.0020"", ""m18@0.0020"", ""m19@0.0020"", ""m20@0.0020"", ""m21@0.0020"", ""m22@0.0020"", ""m23@0.0020"", ""m24@0.0020"", ""m25@0.0020"", ""m26@0.0020"", ""m27@0.0020"", ""m28@0.0020"", ""m29@0.0020"", ""m30@0.0020"", ""m31@0.0020"", ""m32@0.0020"", ""m33@0.0020"", ""m34@0.0020"", ""m35@0.0020"", ""m36@0.0020"", ""m37@0.0020"", ""m38@0.0020"", ""m39@0.0020"", ""m40@0.0020"", ""m41@0.0020"", ""m42@0.0020"", ""m43@0.0020"", ""m44@0.0020"", ""m45@0.0020"", ""m46@0.0020"", ""m47@0.0020"", ""m48@0.0020"", ""m49@0.0020"", ""m50@0.0020"", ""m51@0.0020"", ""m52@0.0020"", ""m53@0.0020"", ""m54@0.0020"", ""m55@0.0020"", ""m56@0.0020"", ""m57@0.0020"", ""m58@0.0020"", ""m59@0.0020"", ""m60@0.0020"", ""m61@0.0020"", ""m62@0.0020"", ""m63@0.0020""]","[""C1"", 1000000, 0, 50000, [[400000, 700000]], 455509]"
syn_64_6_1_02,synthetic,64,6,1,0.16,proportional_risk,True,18260922,0.128,,2775800,,482836747780838614,"[""m0@0.0020"", ""m1@0.0020"", ""m2@0.0020"", ""m3@0.0020"", ""m4@0.0020"", ""m5@0.0020"", ""m6@0.0020"", ""m7@0.0020"", ""m8@0.0020"", ""m9@0.0020"", ""m10@0.0020"", ""m11@0.0020"", ""m12@0.0020"", ""m13@0.0020"", ""m14@0.0020"", ""m15@0.0020"", ""m16@0.0020"", ""m17@0.0020"", ""m18@0.0020"", ""m19@0.0020"", ""m20@0.0020"", ""m21@0.0020"", ""m22@0.0020"", ""m23@0.0020"", ""m24@0.0020"", ""m25@0.0020"", ""m26@0.0020"", ""m27@0.0020"", ""m28@0.0020"", ""m29@0.0020"", ""m30@0.0020"", ""m31@0.0020"", ""m32@0.0020"", ""m33@0.0020"", ""m34@0.0020"", ""m35@0.0020"", ""m36@0.0020"", ""m37@0.0020"", ""m38@0.0020"", ""m39@0.0020"", ""m40@0.0020"", ""m41@0.0020"", ""m42@0.0020"", ""m43@0.0020"", ""m44@0.0020"", ""m45@0.0020"", ""m46@0.0020"", ""m47@0.0020"", ""m48@0.0020"", ""m49@0.0020"", ""m50@0.0020"", ""m51@0.0020"", ""m52@0.0020"", ""m53@0.0020"", ""m54@0.0020"", ""m55@0.0020"", ""m56@0.0020"", ""m57@0.0020"", ""m58@0.0020"", ""m59@0.0020"", ""m60@0.0020"", ""m61@0.0020"", ""m62@0.0020"", ""m63@0.0020""]","[""C1"", 1000000, 0, 50000, [[400000, 700000]], 455509]"
syn_64_6_1_02,synthetic,64,6,1,0.16,greedy_gate_catching,True,15100270,0.16,,247755400,,482836747780838614,"[""m0@0.0020"", ""m1@0.0020"", ""m2@0.0020"", ""m3@0.0020"", ""m4@0.0020"", ""m5@0.0020"", ""m6@0.0020"", ""m7@0.0020"", ""m8@0.0020"", ""m9@0.0020"", ""m10@0.0020"", ""m11@0.0020"", ""m12@0.0020"", ""m13@0.0020"", ""m14@0.0020"", ""m15@0.0020"", ""m16@0.0020"", ""m17@0.0020"", ""m18@0.0020"", ""m19@0.0020"", ""m20@0.0020"", ""m21@0.0020"", ""m22@0.0020"", ""m23@0.0020"", ""m24@0.0020"", ""m25@0.0020"", ""m26@0.0020"", ""m27@0.0020"", ""m28@0.0020"", ""m29@0.0020"", ""m30@0.0020"", ""m31@0.0020"", ""m32@0.0020"", ""m33@0.0020"", ""m34@0.0045"", ""m35@0.0045"", ""m36@0.0020"", ""m37@0.0020"", ""m38@0.0035"", ""m39@0.0045"", ""m40@0.0020"", ""m41@0.0020"", ""m42@0.0040"", ""m43@0.0040"", ""m44@0.0020"", ""m45@0.0020"", ""m46@0.0020"", ""m47@0.0045"", ""m48@0.0020"", ""m49@0.0035"", ""m50@0.0045"", ""m51@0.0045"", ""m52@0.0020"", ""m53@0.0020"", ""m54@0.0040"", ""m55@0.0045"", ""m56@0.0020"", ""m57@0.0020"", ""m58@0.0030"", ""m59@0.0040"", ""m60@0.0020"", ""m61@0.0020"", ""m62@0.0020"", ""m63@0.0045""]","[""C1"", 1000000, 0, 50000, [[400000, 700000]], 455509]"
syn_64_6_1_03,synthetic,64,6,1,0.16,pareto_dp,True,15047413,0.16,1531.0,541483800,,919807025299262341,"[""m0@0.0020"", ""m1@0.0020"", ""m2@0.0020"", ""m3@0.0045"", ""m4@0.0020"", ""m5@0.0020"", ""m6@0.0030"", ""m7@0.0045"", ""m8@0.0020"", ""m9@0.0020"", ""m10@0.0040"", ""m11@0.0040"", ""m12@0.0020"", ""m13@0.0020"", ""m14@0.0020"", ""m15@0.0020"", ""m16@0.0020"", ""m17@0.0020"", ""m18@0.0020"", ""m19@0.0045"", ""m20@0.0020"", ""m21@0.0020"", ""m22@0.0040"", ""m23@0.0020"", ""m24@0.0020"", ""m25@0.0020"", ""m26@0.0040"", ""m27@0.0035"", ""m28@0.0020"", ""m29@0.0020"", ""m30@0.0020"", ""m31@0.0040"", ""m32@0.0020"", ""m33@0.0020"", ""m34@0.0020"", ""m35@0.0020"", ""m36@0.0020"", ""m37@0.0020"", ""m38@0.0025"", ""m39@0.0040"", ""m40@0.0020"", ""m41@0.0020"", ""m42@0.0020"", ""m43@0.0020"", ""m44@0.0020"", ""m45@0.0020"", ""m46@0.0020"", ""m47@0.0020"", ""m48@0.0020"", ""m49@0.0020"", ""m50@0.0020"", ""m51@0.0040"", ""m52@0.0020"", ""m53@0.0020"", ""m54@0.0025"", ""m55@0.0045"", ""m56@0.0020"", ""m57@0.0020"", ""m58@0.0020"", ""m59@0.0045"", ""m60@0.0020"", ""m61@0.0020"", ""m62@0.0020"", ""m63@0.0040""]","[""C1"", 1000000, 0, 50000, [[400000, 700000]], 455509]"
syn_64_6_1_03,synthetic,64,6,1,0.16,equal_risk,True,19592309,0.128,,1941300,,919807025299262341,"[""m0@0.0020"", ""m1@0.0020"", ""m2@0.0020"", ""m3@0.0020"", ""m4@0.0020"", ""m5@0.0020"", ""m6@0.0020"", ""m7@0.0020"", ""m8@0.0020"", ""m9@0.0020"", ""m10@0.0020"", ""m11@0.0020"", ""m12@0.0020"", ""m13@0.0020"", ""m14@0.0020"", ""m15@0.0020"", ""m16@0.0020"", ""m17@0.0020"", ""m18@0.0020"", ""m19@0.0020"", ""m20@0.0020"", ""m21@0.0020"", ""m22@0.0020"", ""m23@0.0020"", ""m24@0.0020"", ""m25@0.0020"", ""m26@0.0020"", ""m27@0.0020"", ""m28@0.0020"", ""m29@0.0020"", ""m30@0.0020"", ""m31@0.0020"", ""m32@0.0020"", ""m33@0.0020"", ""m34@0.0020"", ""m35@0.0020"", ""m36@0.0020"", ""m37@0.0020"", ""m38@0.0020"", ""m39@0.0020"", ""m40@0.0020"", ""m41@0.0020"", ""m42@0.0020"", ""m43@0.0020"", ""m44@0.0020"", ""m45@0.0020"", ""m46@0.0020"", ""m47@0.0020"", ""m48@0.0020"", ""m49@0.0020"", ""m50@0.0020"", ""m51@0.0020"", ""m52@0.0020"", ""m53@0.0020"", ""m54@0.0020"", ""m55@0.0020"", ""m56@0.0020"", ""m57@0.0020"", ""m58@0.0020"", ""m59@0.0020"", ""m60@0.0020"", ""m61@0.0020"", ""m62@0.0020"", ""m63@0.0020""]","[""C1"", 1000000, 0, 50000, [[400000, 700000]], 455509]"
syn_64_6_1_03,synthetic,64,6,1,0.16,proportional_risk,True,19592309,0.128,,2943900,,919807025299262341,"[""m0@0.0020"", ""m1@0.0020"", ""m2@0.0020"", ""m3@0.0020"", ""m4@0.0020"", ""m5@0.0020"", ""m6@0.0020"", ""m7@0.0020"", ""m8@0.0020"", ""m9@0.0020"", ""m10@0.0020"", ""m11@0.0020"", ""m12@0.0020"", ""m13@0.0020"", ""m14@0.0020"", ""m15@0.0020"", ""m16@0.0020"", ""m17@0.0020"", ""m18@0.0020"", ""m19@0.0020"", ""m20@0.0020"", ""m21@0.0020"", ""m22@0.0020"", ""m23@0.0020"", ""m24@0.0020"", ""m25@0.0020"", ""m26@0.0020"", ""m27@0.0020"", ""m28@0.0020"", ""m29@0.0020"", ""m30@0.0020"", ""m31@0.0020"", ""m32@0.0020"", ""m33@0.0020"", ""m34@0.0020"", ""m35@0.0020"", ""m36@0.0020"", ""m37@0.0020"", ""m38@0.0020"", ""m39@0.0020"", ""m40@0.0020"", ""m41@0.0020"", ""m42@0.0020"", ""m43@0.0020"", ""m44@0.0020"", ""m45@0.0020"", ""m46@0.0020"", ""m47@0.0020"", ""m48@0.0020"", ""m49@0.0020"", ""m50@0.0020"", ""m51@0.0020"", ""m52@0.0020"", ""m53@0.0020"", ""m54@0.0020"", ""m55@0.0020"", ""m56@0.0020"", ""m57@0.0020"", ""m58@0.0020"", ""m59@0.0020"", ""m60@0.0020"", ""m61@0.0020"", ""m62@0.0020"", ""m63@0.0020""]","[""C1"", 1000000, 0, 50000, [[400000, 700000]], 455509]"
syn_64_6_1_03,synthetic,64,6,1,0.16,greedy_gate_catching,True,16416841,0.16,,254035900,,919807025299262341,"[""m0@0.0020"", ""m1@0.0020"", ""m2@0.0020"", ""m3@0.0020"", ""m4@0.0020"", ""m5@0.0020"", ""m6@0.0020"", ""m7@0.0020"", ""m8@0.0020"", ""m9@0.0020"", ""m10@0.0020"", ""m11@0.0020"", ""m12@0.0020"", ""m13@0.0020"", ""m14@0.0020"", ""m15@0.0020"", ""m16@0.0020"", ""m17@0.0020"", ""m18@0.0020"", ""m19@0.0020"", ""m20@0.0020"", ""m21@0.0020"", ""m22@0.0020"", ""m23@0.0020"", ""m24@0.0020"", ""m25@0.0020"", ""m26@0.0020"", ""m27@0.0020"", ""m28@0.0020"", ""m29@0.0020"", ""m30@0.0020"", ""m31@0.0020"", ""m32@0.0020"", ""m33@0.0020"", ""m34@0.0045"", ""m35@0.0045"", ""m36@0.0020"", ""m37@0.0020"", ""m38@0.0040"", ""m39@0.0045"", ""m40@0.0020"", ""m41@0.0020"", ""m42@0.0025"", ""m43@0.0045"", ""m44@0.0020"", ""m45@0.0020"", ""m46@0.0035"", ""m47@0.0040"", ""m48@0.0020"", ""m49@0.0025"", ""m50@0.0020"", ""m51@0.0040"", ""m52@0.0020"", ""m53@0.0020"", ""m54@0.0045"", ""m55@0.0045"", ""m56@0.0020"", ""m57@0.0020"", ""m58@0.0040"", ""m59@0.0045"", ""m60@0.0020"", ""m61@0.0025"", ""m62@0.0035"", ""m63@0.0040""]","[""C1"", 1000000, 0, 50000, [[400000, 700000]], 455509]"
syn_64_6_1_04,synthetic,64,6,1,0.16,pareto_dp,True,12856686,0.16,1658.0,597856800,,10848257833683766246,"[""m0@0.0020"", ""m1@0.0020"", ""m2@0.0040"", ""m3@0.0020"", ""m4@0.0020"", ""m5@0.0020"", ""m6@0.0025"", ""m7@0.0020"", ""m8@0.0020"", ""m9@0.0020"", ""m10@0.0020"", ""m11@0.0040"", ""m12@0.0020"", ""m13@0.0020"", ""m14@0.0020"", ""m15@0.0045"", ""m16@0.0020"", ""m17@0.0020"", ""m18@0.0020"", ""m19@0.0020"", ""m20@0.0020"", ""m21@0.0020"", ""m22@0.0020"", ""m23@0.0045"", ""m24@0.0020"", ""m25@0.0020"", ""m26@0.0035"", ""m27@0.0020"", ""m28@0.0020"", ""m29@0.0020"", ""m30@0.0045"", ""m31@0.0045"", ""m32@0.0020"", ""m33@0.0020"", ""m34@0.0020"", ""m35@0.0020"", ""m36@0.0020"", ""m37@0.0020"", ""m38@0.0020"", ""m39@0.0030"", ""m40@0.0020"", ""m41@0.0020"", ""m42@0.0040"", ""m43@0.0020"", ""m44@0.0020"", ""m45@0.0020"", ""m46@0.0045"", ""m47@0.0030"", ""m48@0.0020"", ""m49@0.0020"", ""m50@0.0020"", ""m51@0.0045"", ""m52@0.0020"", ""m53@0.0020"", ""m54@0.0045"", ""m55@0.0045"", ""m56@0.0020"", ""m57@0.0020"", ""m58@0.0020"", ""m59@0.0020"", ""m60@0.0020"", ""m61@0.0020"", ""m62@0.0020"", ""m63@0.0040""]","[""C1"", 1000000, 0, 50000, [[400000, 700000]], 455509]"
syn_64_6_1_04,synthetic,64,6,1,0.16,equal_risk,True,16689346,0.128,,1936700,,10848257833683766246,"[""m0@0.0020"", ""m1@0.0020"", ""m2@0.0020"", ""m3@0.0020"", ""m4@0.0020"", ""m5@0.0020"", ""m6@0.0020"", ""m7@0.0020"", ""m8@0.0020"", ""m9@0.0020"", ""m10@0.0020"", ""m11@0.0020"", ""m12@0.0020"", ""m13@0.0020"", ""m14@0.0020"", ""m15@0.0020"", ""m16@0.0020"", ""m17@0.0020"", ""m18@0.0020"", ""m19@0.0020"", ""m20@0.0020"", ""m21@0.0020"", ""m22@0.0020"", ""m23@0.0020"", ""m24@0.0020"", ""m25@0.0020"", ""m26@0.0020"", ""m27@0.0020"", ""m28@0.0020"", ""m29@0.0020"", ""m30@0.0020"", ""m31@0.0020"", ""m32@0.0020"", ""m33@0.0020"", ""m34@0.0020"", ""m35@0.0020"", ""m36@0.0020"", ""m37@0.0020"", ""m38@0.0020"", ""m39@0.0020"", ""m40@0.0020"", ""m41@0.0020"", ""m42@0.0020"", ""m43@0.0020"", ""m44@0.0020"", ""m45@0.0020"", ""m46@0.0020"", ""m47@0.0020"", ""m48@0.0020"", ""m49@0.0020"", ""m50@0.0020"", ""m51@0.0020"", ""m52@0.0020"", ""m53@0.0020"", ""m54@0.0020"", ""m55@0.0020"", ""m56@0.0020"", ""m57@0.0020"", ""m58@0.0020"", ""m59@0.0020"", ""m60@0.0020"", ""m61@0.0020"", ""m62@0.0020"", ""m63@0.0020""]","[""C1"", 1000000, 0, 50000, [[400000, 700000]], 455509]"
syn_64_6_1_04,synthetic,64,6,1,0.16,proportional_risk,True,16689346,0.128,,2998800,,10848257833683766246,"[""m0@0.0020"", ""m1@0.0020"", ""m2@0.0020"", ""m3@0.0020"", ""m4@0.0020"", ""m5@0.0020"", ""m6@0.0020"", ""m7@0.0020"", ""m8@0.0020"", ""m9@0.0020"", ""m10@0.0020"", ""m11@0.0020"", ""m12@0.0020"", ""m13@0.0020"", ""m14@0.0020"", ""m15@0.0020"", ""m16@0.0020"", ""m17@0.0020"", ""m18@0.0020"", ""m19@0.0020"", ""m20@0.0020"", ""m21@0.0020"", ""m22@0.0020"", ""m23@0.0020"", ""m24@0.0020"", ""m25@0.0020"", ""m26@0.0020"", ""m27@0.0020"", ""m28@0.0020"", ""m29@0.0020"", ""m30@0.0020"", ""m31@0.0020"", ""m32@0.0020"", ""m33@0.0020"", ""m34@0.0020"", ""m35@0.0020"", ""m36@0.0020"", ""m37@0.0020"", ""m38@0.0020"", ""m39@0.0020"", ""m40@0.0020"", ""m41@0.0020"", ""m42@0.0020"", ""m43@0.0020"", ""m44@0.0020"", ""m45@0.0020"", ""m46@0.0020"", ""m47@0.0020"", ""m48@0.0020"", ""m49@0.0020"", ""m50@0.0020"", ""m51@0.0020"", ""m52@0.0020"", ""m53@0.0020"", ""m54@0.0020"", ""m55@0.0020"", ""m56@0.0020"", ""m57@0.0020"", ""m58@0.0020"", ""m59@0.0020"", ""m60@0.0020"", ""m61@0.0020"", ""m62@0.0020"", ""m63@0.0020""]","[""C1"", 1000000, 0, 50000, [[400000, 700000]], 455509]"
syn_64_6_1_04,synthetic,64,6,1,0.16,greedy_gate_catching,True,13884003,0.16,,257752900,,10848257833683766246,"[""m0@0.0020"", ""m1@0.0020"", ""m2@0.0020"", ""m3@0.0020"", ""m4@0.0020"", ""m5@0.0020"", ""m6@0.0020"", ""m7@0.0020"", ""m8@0.0020"", ""m9@0.0020"", ""m10@0.0020"", ""m11@0.0020"", ""m12@0.0020"", ""m13@0.0020"", ""m14@0.0020"", ""m15@0.0025"", ""m16@0.0020"", ""m17@0.0020"", ""m18@0.0020"", ""m19@0.0020"", ""m20@0.0020"", ""m21@0.0020"", ""m22@0.0020"", ""m23@0.0020"", ""m24@0.0020"", ""m25@0.0020"", ""m26@0.0020"", ""m27@0.0020"", ""m28@0.0020"", ""m29@0.0020"", ""m30@0.0020"", ""m31@0.0020"", ""m32@0.0020"", ""m33@0.0020"", ""m34@0.0045"", ""m35@0.0035"", ""m36@0.0020"", ""m37@0.0020"", ""m38@0.0040"", ""m39@0.0030"", ""m40@0.0020"", ""m41@0.0020"", ""m42@0.0045"", ""m43@0.0035"", ""m44@0.0020"", ""m45@0.0020"", ""m46@0.0045"", ""m47@0.0035"", ""m48@0.0020"", ""m49@0.0020"", ""m50@0.0020"", ""m51@0.0035"", ""m52@0.0020"", ""m53@0.0025"", ""m54@0.0030"", ""m55@0.0045"", ""m56@0.0020"", ""m57@0.0045"", ""m58@0.0030"", ""m59@0.0045"", ""m60@0.0020"", ""m61@0.0020"", ""m62@0.0045"", ""m63@0.0045""]","[""C1"", 1000000, 0, 50000, [[400000, 700000]], 455509]"
syn_64_6_1_05,synthetic,64,6,1,0.16,pareto_dp,True,13672469,0.16,1858.0,684218400,,701212847398022478,"[""m0@0.0020"", ""m1@0.0020"", ""m2@0.0020"", ""m3@0.0020"", ""m4@0.0020"", ""m5@0.0020"", ""m6@0.0020"", ""m7@0.0045"", ""m8@0.0020"", ""m9@0.0020"", ""m10@0.0020"", ""m11@0.0030"", ""m12@0.0020"", ""m13@0.0020"", ""m14@0.0020"", ""m15@0.0035"", ""m16@0.0020"", ""m17@0.0020"", ""m18@0.0040"", ""m19@0.0045"", ""m20@0.0020"", ""m21@0.0020"", ""m22@0.0035"", ""m23@0.0045"", ""m24@0.0020"", ""m25@0.0020"", ""m26@0.0020"", ""m27@0.0020"", ""m28@0.0020"", ""m29@0.0020"", ""m30@0.0020"", ""m31@0.0020"", ""m32@0.0020"", ""m33@0.0020"", ""m34@0.0020"", ""m35@0.0040"", ""m36@0.0020"", ""m37@0.0020"", ""m38@0.0040"", ""m39@0.0045"", ""m40@0.0020"", ""m41@0.0020"", ""m42@0.0040"", ""m43@0.0020"", ""m44@0.0020"", ""m45@0.0020"", ""m46@0.0020"", ""m47@0.0040"", ""m48@0.0020"", ""m49@0.0020"", ""m50@0.0020"", ""m51@0.0040"", ""m52@0.0020"", ""m53@0.0020"", ""m54@0.0020"", ""m55@0.0020"", ""m56@0.0020"", ""m57@0.0020"", ""m58@0.0040"", ""m59@0.0035"", ""m60@0.0020"", ""m61@0.0020"", ""m62@0.0020"", ""m63@0.0045""]","[""C1"", 1000000, 0, 50000, [[400000, 700000]], 455509]"
syn_64_6_1_05,synthetic,64,6,1,0.16,equal_risk,True,18043965,0.128,,1791300,,701212847398022478,"[""m0@0.0020"", ""m1@0.0020"", ""m2@0.0020"", ""m3@0.0020"", ""m4@0.0020"", ""m5@0.0020"", ""m6@0.0020"", ""m7@0.0020"", ""m8@0.0020"", ""m9@0.0020"", ""m10@0.0020"", ""m11@0.0020"", ""m12@0.0020"", ""m13@0.0020"", ""m14@0.0020"", ""m15@0.0020"", ""m16@0.0020"", ""m17@0.0020"", ""m18@0.0020"", ""m19@0.0020"", ""m20@0.0020"", ""m21@0.0020"", ""m22@0.0020"", ""m23@0.0020"", ""m24@0.0020"", ""m25@0.0020"", ""m26@0.0020"", ""m27@0.0020"", ""m28@0.0020"", ""m29@0.0020"", ""m30@0.0020"", ""m31@0.0020"", ""m32@0.0020"", ""m33@0.0020"", ""m34@0.0020"", ""m35@0.0020"", ""m36@0.0020"", ""m37@0.0020"", ""m38@0.0020"", ""m39@0.0020"", ""m40@0.0020"", ""m41@0.0020"", ""m42@0.0020"", ""m43@0.0020"", ""m44@0.0020"", ""m45@0.0020"", ""m46@0.0020"", ""m47@0.0020"", ""m48@0.0020"", ""m49@0.0020"", ""m50@0.0020"", ""m51@0.0020"", ""m52@0.0020"", ""m53@0.0020"", ""m54@0.0020"", ""m55@0.0020"", ""m56@0.0020"", ""m57@0.0020"", ""m58@0.0020"", ""m59@0.0020"", ""m60@0.0020"", ""m61@0.0020"", ""m62@0.0020"", ""m63@0.0020""]","[""C1"", 1000000, 0, 50000, [[400000, 700000]], 455509]"
syn_64_6_1_05,synthetic,64,6,1,0.16,proportional_risk,True,18043965,0.128,,2784400,,701212847398022478,"[""m0@0.0020"", ""m1@0.0020"", ""m2@0.0020"", ""m3@0.0020"", ""m4@0.0020"", ""m5@0.0020"", ""m6@0.0020"", ""m7@0.0020"", ""m8@0.0020"", ""m9@0.0020"", ""m10@0.0020"", ""m11@0.0020"", ""m12@0.0020"", ""m13@0.0020"", ""m14@0.0020"", ""m15@0.0020"", ""m16@0.0020"", ""m17@0.0020"", ""m18@0.0020"", ""m19@0.0020"", ""m20@0.0020"", ""m21@0.0020"", ""m22@0.0020"", ""m23@0.0020"", ""m24@0.0020"", ""m25@0.0020"", ""m26@0.0020"", ""m27@0.0020"", ""m28@0.0020"", ""m29@0.0020"", ""m30@0.0020"", ""m31@0.0020"", ""m32@0.0020"", ""m33@0.0020"", ""m34@0.0020"", ""m35@0.0020"", ""m36@0.0020"", ""m37@0.0020"", ""m38@0.0020"", ""m39@0.0020"", ""m40@0.0020"", ""m41@0.0020"", ""m42@0.0020"", ""m43@0.0020"", ""m44@0.0020"", ""m45@0.0020"", ""m46@0.0020"", ""m47@0.0020"", ""m48@0.0020"", ""m49@0.0020"", ""m50@0.0020"", ""m51@0.0020"", ""m52@0.0020"", ""m53@0.0020"", ""m54@0.0020"", ""m55@0.0020"", ""m56@0.0020"", ""m57@0.0020"", ""m58@0.0020"", ""m59@0.0020"", ""m60@0.0020"", ""m61@0.0020"", ""m62@0.0020"", ""m63@0.0020""]","[""C1"", 1000000, 0, 50000, [[400000, 700000]], 455509]"
syn_64_6_1_05,synthetic,64,6,1,0.16,greedy_gate_catching,True,14543219,0.16,,248582400,,701212847398022478,"[""m0@0.0020"", ""m1@0.0020"", ""m2@0.0020"", ""m3@0.0020"", ""m4@0.0020"", ""m5@0.0020"", ""m6@0.0020"", ""m7@0.0020"", ""m8@0.0020"", ""m9@0.0020"", ""m10@0.0020"", ""m11@0.0020"", ""m12@0.0020"", ""m13@0.0020"", ""m14@0.0020"", ""m15@0.0020"", ""m16@0.0020"", ""m17@0.0020"", ""m18@0.0020"", ""m19@0.0020"", ""m20@0.0020"", ""m21@0.0020"", ""m22@0.0020"", ""m23@0.0020"", ""m24@0.0020"", ""m25@0.0020"", ""m26@0.0020"", ""m27@0.0020"", ""m28@0.0020"", ""m29@0.0020"", ""m30@0.0020"", ""m31@0.0020"", ""m32@0.0020"", ""m33@0.0035"", ""m34@0.0025"", ""m35@0.0045"", ""m36@0.0020"", ""m37@0.0020"", ""m38@0.0040"", ""m39@0.0045"", ""m40@0.0020"", ""m41@0.0020"", ""m42@0.0045"", ""m43@0.0045"", ""m44@0.0020"", ""m45@0.0020"", ""m46@0.0030"", ""m47@0.0040"", ""m48@0.0020"", ""m49@0.0020"", ""m50@0.0030"", ""m51@0.0045"", ""m52@0.0020"", ""m53@0.0020"", ""m54@0.0025"", ""m55@0.0045"", ""m56@0.0020"", ""m57@0.0020"", ""m58@0.0045"", ""m59@0.0035"", ""m60@0.0020"", ""m61@0.0020"", ""m62@0.0040"", ""m63@0.0045""]","[""C1"", 1000000, 0, 50000, [[400000, 700000]], 455509]"
syn_64_6_1_06,synthetic,64,6,1,0.16,pareto_dp,True,13829766,0.16,1198.0,416087200,,18311539762274592212,"[""m0@0.0020"", ""m1@0.0020"", ""m2@0.0020"", ""m3@0.0020"", ""m4@0.0020"", ""m5@0.0020"", ""m6@0.0020"", ""m7@0.0045"", ""m8@0.0020"", ""m9@0.0020"", ""m10@0.0020"", ""m11@0.0020"", ""m12@0.0020"", ""m13@0.0020"", ""m14@0.0030"", ""m15@0.0045"", ""m16@0.0020"", ""m17@0.0020"", ""m18@0.0020"", ""m19@0.0045"", ""m20@0.0020"", ""m21@0.0020"", ""m22@0.0020"", ""m23@0.0040"", ""m24@0.0020"", ""m25@0.0020"", ""m26@0.0020"", ""m27@0.0045"", ""m28@0.0020"", ""m29@0.0020"", ""m30@0.0020"", ""m31@0.0045"", ""m32@0.0020"", ""m33@0.0020"", ""m34@0.0020"", ""m35@0.0040"", ""m36@0.0020"", ""m37@0.0020"", ""m38@0.0035"", ""m39@0.0035"", ""m40@0.0020"", ""m41@0.0020"", ""m42@0.0020"", ""m43@0.0045"", ""m44@0.0020"", ""m45@0.0020"", ""m46@0.0020"", ""m47@0.0045"", ""m48@0.0020"", ""m49@0.0020"", ""m50@0.0020"", ""m51@0.0020"", ""m52@0.0020"", ""m53@0.0020"", ""m54@0.0020"", ""m55@0.0035"", ""m56@0.0020"", ""m57@0.0020"", ""m58@0.0020"", ""m59@0.0045"", ""m60@0.0020"", ""m61@0.0020"", ""m62@0.0020"", ""m63@0.0045""]","[""C1"", 1000000, 0, 50000, [[400000, 700000]], 455509]"
syn_64_6_1_06,synthetic,64,6,1,0.16,equal_risk,True,18421066,0.128,,1819700,,18311539762274592212,"[""m0@0.0020"", ""m1@0.0020"", ""m2@0.0020"", ""m3@0.0020"", ""m4@0.0020"", ""m5@0.0020"", ""m6@0.0020"", ""m7@0.0020"", ""m8@0.0020"", ""m9@0.0020"", ""m10@0.0020"", ""m11@0.0020"", ""m12@0.0020"", ""m13@0.0020"", ""m14@0.0020"", ""m15@0.0020"", ""m16@0.0020"", ""m17@0.0020"", ""m18@0.0020"", ""m19@0.0020"", ""m20@0.0020"", ""m21@0.0020"", ""m22@0.0020"", ""m23@0.0020"", ""m24@0.0020"", ""m25@0.0020"", ""m26@0.0020"", ""m27@0.0020"", ""m28@0.0020"", ""m29@0.0020"", ""m30@0.0020"", ""m31@0.0020"", ""m32@0.0020"", ""m33@0.0020"", ""m34@0.0020"", ""m35@0.0020"", ""m36@0.0020"", ""m37@0.0020"", ""m38@0.0020"", ""m39@0.0020"", ""m40@0.0020"", ""m41@0.0020"", ""m42@0.0020"", ""m43@0.0020"", ""m44@0.0020"", ""m45@0.0020"", ""m46@0.0020"", ""m47@0.0020"", ""m48@0.0020"", ""m49@0.0020"", ""m50@0.0020"", ""m51@0.0020"", ""m52@0.0020"", ""m53@0.0020"", ""m54@0.0020"", ""m55@0.0020"", ""m56@0.0020"", ""m57@0.0020"", ""m58@0.0020"", ""m59@0.0020"", ""m60@0.0020"", ""m61@0.0020"", ""m62@0.0020"", ""m63@0.0020""]","[""C1"", 1000000, 0, 50000, [[400000, 700000]], 455509]"
syn_64_6_1_06,synthetic,64,6,1,0.16,proportional_risk,True,18421066,0.128,,2800900,,18311539762274592212,"[""m0@0.0020"", ""m1@0.0020"", ""m2@0.0020"", ""m3@0.0020"", ""m4@0.0020"", ""m5@0.0020"", ""m6@0.0020"", ""m7@0.0020"", ""m8@0.0020"", ""m9@0.0020"", ""m10@0.0020"", ""m11@0.0020"", ""m12@0.0020"", ""m13@0.0020"", ""m14@0.0020"", ""m15@0.0020"", ""m16@0.0020"", ""m17@0.0020"", ""m18@0.0020"", ""m19@0.0020"", ""m20@0.0020"", ""m21@0.0020"", ""m22@0.0020"", ""m23@0.0020"", ""m24@0.0020"", ""m25@0.0020"", ""m26@0.0020"", ""m27@0.0020"", ""m28@0.0020"", ""m29@0.0020"", ""m30@0.0020"", ""m31@0.0020"", ""m32@0.0020"", ""m33@0.0020"", ""m34@0.0020"", ""m35@0.0020"", ""m36@0.0020"", ""m37@0.0020"", ""m38@0.0020"", ""m39@0.0020"", ""m40@0.0020"", ""m41@0.0020"", ""m42@0.0020"", ""m43@0.0020"", ""m44@0.0020"", ""m45@0.0020"", ""m46@0.0020"", ""m47@0.0020"", ""m48@0.0020"", ""m49@0.0020"", ""m50@0.0020"", ""m51@0.0020"", ""m52@0.0020"", ""m53@0.0020"", ""m54@0.0020"", ""m55@0.0020"", ""m56@0.0020"", ""m57@0.0020"", ""m58@0.0020"", ""m59@0.0020"", ""m60@0.0020"", ""m61@0.0020"", ""m62@0.0020"", ""m63@0.0020""]","[""C1"", 1000000, 0, 50000, [[400000, 700000]], 455509]"
syn_64_6_1_06,synthetic,64,6,1,0.16,greedy_gate_catching,True,14814226,0.16,,256886500,,18311539762274592212,"[""m0@0.0020"", ""m1@0.0020"", ""m2@0.0020"", ""m3@0.0020"", ""m4@0.0020"", ""m5@0.0020"", ""m6@0.0020"", ""m7@0.0030"", ""m8@0.0020"", ""m9@0.0020"", ""m10@0.0020"", ""m11@0.0020"", ""m12@0.0020"", ""m13@0.0020"", ""m14@0.0020"", ""m15@0.0020"", ""m16@0.0020"", ""m17@0.0020"", ""m18@0.0020"", ""m19@0.0020"", ""m20@0.0020"", ""m21@0.0020"", ""m22@0.0020"", ""m23@0.0020"", ""m24@0.0020"", ""m25@0.0020"", ""m26@0.0020"", ""m27@0.0020"", ""m28@0.0020"", ""m29@0.0020"", ""m30@0.0020"", ""m31@0.0020"", ""m32@0.0020"", ""m33@0.0020"", ""m34@0.0040"", ""m35@0.0040"", ""m36@0.0020"", ""m37@0.0020"", ""m38@0.0045"", ""m39@0.0040"", ""m40@0.0020"", ""m41@0.0020"", ""m42@0.0045"", ""m43@0.0045"", ""m44@0.0020"", ""m45@0.0020"", ""m46@0.0020"", ""m47@0.0045"", ""m48@0.0020"", ""m49@0.0020"", ""m50@0.0030"", ""m51@0.0045"", ""m52@0.0020"", ""m53@0.0020"", ""m54@0.0020"", ""m55@0.0035"", ""m56@0.0020"", ""m57@0.0025"", ""m58@0.0040"", ""m59@0.0045"", ""m60@0.0020"", ""m61@0.0020"", ""m62@0.0045"", ""m63@0.0045""]","[""C1"", 1000000, 0, 50000, [[400000, 700000]], 455509]"
syn_64_6_1_07,synthetic,64,6,1,0.16,pareto_dp,True,13769532,0.16,1407.0,474762800,,12925256537010809864,"[""m0@0.0020"", ""m1@0.0020"", ""m2@0.0020"", ""m3@0.0045"", ""m4@0.0020"", ""m5@0.0020"", ""m6@0.0020"", ""m7@0.0045"", ""m8@0.0020"", ""m9@0.0020"", ""m10@0.0020"", ""m11@0.0035"", ""m12@0.0020"", ""m13@0.0020"", ""m14@0.0020"", ""m15@0.0045"", ""m16@0.0020"", ""m17@0.0020"", ""m18@0.0020"", ""m19@0.0040"", ""m20@0.0020"", ""m21@0.0020"", ""m22@0.0020"", ""m23@0.0045"", ""m24@0.0020"", ""m25@0.0020"", ""m26@0.0020"", ""m27@0.0025"", ""m28@0.0020"", ""m29@0.0020"", ""m30@0.0020"", ""m31@0.0020"", ""m32@0.0020"", ""m33@0.0020"", ""m34@0.0020"", ""m35@0.0020"", ""m36@0.0020"", ""m37@0.0020"", ""m38@0.0020"", ""m39@0.0045"", ""m40@0.0020"", ""m41@0.0020"", ""m42@0.0025"", ""m43@0.0045"", ""m44@0.0020"", ""m45@0.0020"", ""m46@0.0020"", ""m47@0.0045"", ""m48@0.0020"", ""m49@0.0020"", ""m50@0.0020"", ""m51@0.0045"", ""m52@0.0020"", ""m53@0.0020"", ""m54@0.0020"", ""m55@0.0020"", ""m56@0.0020"", ""m57@0.0020"", ""m58@0.0040"", ""m59@0.0045"", ""m60@0.0020"", ""m61@0.0020"", ""m62@0.0035"", ""m63@0.0035""]","[""C1"", 1000000, 0, 50000, [[400000, 700000]], 455509]"
syn_64_6_1_07,synthetic,64,6,1,0.16,equal_risk,True,18275488,0.128,,1812600,,12925256537010809864,"[""m0@0.0020"", ""m1@0.0020"", ""m2@0.0020"", ""m3@0.0020"", ""m4@0.0020"", ""m5@0.0020"", ""m6@0.0020"", ""m7@0.0020"", ""m8@0.0020"", ""m9@0.0020"", ""m10@0.0020"", ""m11@0.0020"", ""m12@0.0020"", ""m13@0.0020"", ""m14@0.0020"", ""m15@0.0020"", ""m16@0.0020"", ""m17@0.0020"", ""m18@0.0020"", ""m19@0.0020"", ""m20@0.0020"", ""m21@0.0020"", ""m22@0.0020"", ""m23@0.0020"", ""m24@0.0020"", ""m25@0.0020"", ""m26@0.0020"", ""m27@0.0020"", ""m28@0.0020"", ""m29@0.0020"", ""m30@0.0020"", ""m31@0.0020"", ""m32@0.0020"", ""m33@0.0020"", ""m34@0.0020"", ""m35@0.0020"", ""m36@0.0020"", ""m37@0.0020"", ""m38@0.0020"", ""m39@0.0020"", ""m40@0.0020"", ""m41@0.0020"", ""m42@0.0020"", ""m43@0.0020"", ""m44@0.0020"", ""m45@0.0020"", ""m46@0.0020"", ""m47@0.0020"", ""m48@0.0020"", ""m49@0.0020"", ""m50@0.0020"", ""m51@0.0020"", ""m52@0.0020"", ""m53@0.0020"", ""m54@0.0020"", ""m55@0.0020"", ""m56@0.0020"", ""m57@0.0020"", ""m58@0.0020"", ""m59@0.0020"", ""m60@0.0020"", ""m61@0.0020"", ""m62@0.0020"", ""m63@0.0020""]","[""C1"", 1000000, 0, 50000, [[400000, 700000]], 455509]"
syn_64_6_1_07,synthetic,64,6,1,0.16,proportional_risk,True,18275488,0.128,,2824500,,12925256537010809864,"[""m0@0.0020"", ""m1@0.0020"", ""m2@0.0020"", ""m3@0.0020"", ""m4@0.0020"", ""m5@0.0020"", ""m6@0.0020"", ""m7@0.0020"", ""m8@0.0020"", ""m9@0.0020"", ""m10@0.0020"", ""m11@0.0020"", ""m12@0.0020"", ""m13@0.0020"", ""m14@0.0020"", ""m15@0.0020"", ""m16@0.0020"", ""m17@0.0020"", ""m18@0.0020"", ""m19@0.0020"", ""m20@0.0020"", ""m21@0.0020"", ""m22@0.0020"", ""m23@0.0020"", ""m24@0.0020"", ""m25@0.0020"", ""m26@0.0020"", ""m27@0.0020"", ""m28@0.0020"", ""m29@0.0020"", ""m30@0.0020"", ""m31@0.0020"", ""m32@0.0020"", ""m33@0.0020"", ""m34@0.0020"", ""m35@0.0020"", ""m36@0.0020"", ""m37@0.0020"", ""m38@0.0020"", ""m39@0.0020"", ""m40@0.0020"", ""m41@0.0020"", ""m42@0.0020"", ""m43@0.0020"", ""m44@0.0020"", ""m45@0.0020"", ""m46@0.0020"", ""m47@0.0020"", ""m48@0.0020"", ""m49@0.0020"", ""m50@0.0020"", ""m51@0.0020"", ""m52@0.0020"", ""m53@0.0020"", ""m54@0.0020"", ""m55@0.0020"", ""m56@0.0020"", ""m57@0.0020"", ""m58@0.0020"", ""m59@0.0020"", ""m60@0.0020"", ""m61@0.0020"", ""m62@0.0020"", ""m63@0.0020""]","[""C1"", 1000000, 0, 50000, [[400000, 700000]], 455509]"
syn_64_6_1_07,synthetic,64,6,1,0.16,greedy_gate_catching,True,15016750,0.16,,257033500,,12925256537010809864,"[""m0@0.0020"", ""m1@0.0020"", ""m2@0.0020"", ""m3@0.0020"", ""m4@0.0020"", ""m5@0.0020"", ""m6@0.0020"", ""m7@0.0020"", ""m8@0.0020"", ""m9@0.0020"", ""m10@0.0020"", ""m11@0.0020"", ""m12@0.0020"", ""m13@0.0020"", ""m14@0.0020"", ""m15@0.0020"", ""m16@0.0020"", ""m17@0.0020"", ""m18@0.0020"", ""m19@0.0020"", ""m20@0.0020"", ""m21@0.0020"", ""m22@0.0020"", ""m23@0.0030"", ""m24@0.0020"", ""m25@0.0020"", ""m26@0.0020"", ""m27@0.0020"", ""m28@0.0020"", ""m29@0.0020"", ""m30@0.0020"", ""m31@0.0020"", ""m32@0.0020"", ""m33@0.0025"", ""m34@0.0020"", ""m35@0.0030"", ""m36@0.0020"", ""m37@0.0025"", ""m38@0.0045"", ""m39@0.0045"", ""m40@0.0020"", ""m41@0.0020"", ""m42@0.0040"", ""m43@0.0045"", ""m44@0.0020"", ""m45@0.0045"", ""m46@0.0020"", ""m47@0.0045"", ""m48@0.0020"", ""m49@0.0030"", ""m50@0.0025"", ""m51@0.0045"", ""m52@0.0020"", ""m53@0.0020"", ""m54@0.0025"", ""m55@0.0040"", ""m56@0.0020"", ""m57@0.0020"", ""m58@0.0040"", ""m59@0.0045"", ""m60@0.0020"", ""m61@0.0020"", ""m62@0.0040"", ""m63@0.0035""]","[""C1"", 1000000, 0, 50000, [[400000, 700000]], 455509]"
syn_64_6_1_08,synthetic,64,6,1,0.16,pareto_dp,True,14765226,0.16,1721.0,632098700,,12122369113036485483,"[""m0@0.0020"", ""m1@0.0020"", ""m2@0.0020"", ""m3@0.0045"", ""m4@0.0020"", ""m5@0.0020"", ""m6@0.0020"", ""m7@0.0040"", ""m8@0.0020"", ""m9@0.0020"", ""m10@0.0020"", ""m11@0.0020"", ""m12@0.0020"", ""m13@0.0020"", ""m14@0.0020"", ""m15@0.0040"", ""m16@0.0020"", ""m17@0.0020"", ""m18@0.0020"", ""m19@0.0030"", ""m20@0.0020"", ""m21@0.0020"", ""m22@0.0020"", ""m23@0.0020"", ""m24@0.0020"", ""m25@0.0020"", ""m26@0.0020"", ""m27@0.0045"", ""m28@0.0020"", ""m29@0.0020"", ""m30@0.0020"", ""m31@0.0020"", ""m32@0.0020"", ""m33@0.0020"", ""m34@0.0020"", ""m35@0.0030"", ""m36@0.0020"", ""m37@0.0020"", ""m38@0.0020"", ""m39@0.0045"", ""m40@0.0020"", ""m41@0.0020"", ""m42@0.0020"", ""m43@0.0045"", ""m44@0.0020"", ""m45@0.0020"", ""m46@0.0020"", ""m47@0.0045"", ""m48@0.0020"", ""m49@0.0020"", ""m50@0.0020"", ""m51@0.0040"", ""m52@0.0020"", ""m53@0.0020"", ""m54@0.0040"", ""m55@0.0040"", ""m56@0.0020"", ""m57@0.0020"", ""m58@0.0045"", ""m59@0.0045"", ""m60@0.0020"", ""m61@0.0020"", ""m62@0.0020"", ""m63@0.0045""]","[""C1"", 1000000, 0, 50000, [[400000, 700000]], 455509]"
syn_64_6_1_08,synthetic,64,6,1,0.16,equal_risk,True,19701213,0.128,,1833300,,12122369113036485483,"[""m0@0.0020"", ""m1@0.0020"", ""m2@0.0020"", ""m3@0.0020"", ""m4@0.0020"", ""m5@0.0020"", ""m6@0.0020"", ""m7@0.0020"", ""m8@0.0020"", ""m9@0.0020"", ""m10@0.0020"", ""m11@0.0020"", ""m12@0.0020"", ""m13@0.0020"", ""m14@0.0020"", ""m15@0.0020"", ""m16@0.0020"", ""m17@0.0020"", ""m18@0.0020"", ""m19@0.0020"", ""m20@0.0020"", ""m21@0.0020"", ""m22@0.0020"", ""m23@0.0020"", ""m24@0.0020"", ""m25@0.0020"", ""m26@0.0020"", ""m27@0.0020"", ""m28@0.0020"", ""m29@0.0020"", ""m30@0.0020"", ""m31@0.0020"", ""m32@0.0020"", ""m33@0.0020"", ""m34@0.0020"", ""m35@0.0020"", ""m36@0.0020"", ""m37@0.0020"", ""m38@0.0020"", ""m39@0.0020"", ""m40@0.0020"", ""m41@0.0020"", ""m42@0.0020"", ""m43@0.0020"", ""m44@0.0020"", ""m45@0.0020"", ""m46@0.0020"", ""m47@0.0020"", ""m48@0.0020"", ""m49@0.0020"", ""m50@0.0020"", ""m51@0.0020"", ""m52@0.0020"", ""m53@0.0020"", ""m54@0.0020"", ""m55@0.0020"", ""m56@0.0020"", ""m57@0.0020"", ""m58@0.0020"", ""m59@0.0020"", ""m60@0.0020"", ""m61@0.0020"", ""m62@0.0020"", ""m63@0.0020""]","[""C1"", 1000000, 0, 50000, [[400000, 700000]], 455509]"
syn_64_6_1_08,synthetic,64,6,1,0.16,proportional_risk,True,19701213,0.128,,2915300,,12122369113036485483,"[""m0@0.0020"", ""m1@0.0020"", ""m2@0.0020"", ""m3@0.0020"", ""m4@0.0020"", ""m5@0.0020"", ""m6@0.0020"", ""m7@0.0020"", ""m8@0.0020"", ""m9@0.0020"", ""m10@0.0020"", ""m11@0.0020"", ""m12@0.0020"", ""m13@0.0020"", ""m14@0.0020"", ""m15@0.0020"", ""m16@0.0020"", ""m17@0.0020"", ""m18@0.0020"", ""m19@0.0020"", ""m20@0.0020"", ""m21@0.0020"", ""m22@0.0020"", ""m23@0.0020"", ""m24@0.0020"", ""m25@0.0020"", ""m26@0.0020"", ""m27@0.0020"", ""m28@0.0020"", ""m29@0.0020"", ""m30@0.0020"", ""m31@0.0020"", ""m32@0.0020"", ""m33@0.0020"", ""m34@0.0020"", ""m35@0.0020"", ""m36@0.0020"", ""m37@0.0020"", ""m38@0.0020"", ""m39@0.0020"", ""m40@0.0020"", ""m41@0.0020"", ""m42@0.0020"", ""m43@0.0020"", ""m44@0.0020"", ""m45@0.0020"", ""m46@0.0020"", ""m47@0.0020"", ""m48@0.0020"", ""m49@0.0020"", ""m50@0.0020"", ""m51@0.0020"", ""m52@0.0020"", ""m53@0.0020"", ""m54@0.0020"", ""m55@0.0020"", ""m56@0.0020"", ""m57@0.0020"", ""m58@0.0020"", ""m59@0.0020"", ""m60@0.0020"", ""m61@0.0020"", ""m62@0.0020"", ""m63@0.0020""]","[""C1"", 1000000, 0, 50000, [[400000, 700000]], 455509]"
syn_64_6_1_08,synthetic,64,6,1,0.16,greedy_gate_catching,True,15985957,0.16,,254621300,,12122369113036485483,"[""m0@0.0020"", ""m1@0.0020"", ""m2@0.0020"", ""m3@0.0020"", ""m4@0.0020"", ""m5@0.0020"", ""m6@0.0020"", ""m7@0.0020"", ""m8@0.0020"", ""m9@0.0020"", ""m10@0.0020"", ""m11@0.0020"", ""m12@0.0020"", ""m13@0.0020"", ""m14@0.0020"", ""m15@0.0020"", ""m16@0.0020"", ""m17@0.0020"", ""m18@0.0020"", ""m19@0.0020"", ""m20@0.0020"", ""m21@0.0020"", ""m22@0.0020"", ""m23@0.0020"", ""m24@0.0020"", ""m25@0.0020"", ""m26@0.0020"", ""m27@0.0020"", ""m28@0.0020"", ""m29@0.0020"", ""m30@0.0020"", ""m31@0.0020"", ""m32@0.0020"", ""m33@0.0020"", ""m34@0.0045"", ""m35@0.0030"", ""m36@0.0020"", ""m37@0.0020"", ""m38@0.0040"", ""m39@0.0045"", ""m40@0.0020"", ""m41@0.0020"", ""m42@0.0045"", ""m43@0.0045"", ""m44@0.0020"", ""m45@0.0025"", ""m46@0.0045"", ""m47@0.0045"", ""m48@0.0020"", ""m49@0.0020"", ""m50@0.0025"", ""m51@0.0045"", ""m52@0.0020"", ""m53@0.0020"", ""m54@0.0040"", ""m55@0.0040"", ""m56@0.0020"", ""m57@0.0020"", ""m58@0.0045"", ""m59@0.0045"", ""m60@0.0020"", ""m61@0.0020"", ""m62@0.0020"", ""m63@0.0035""]","[""C1"", 1000000, 0, 50000, [[400000, 700000]], 455509]"
syn_64_6_1_09,synthetic,64,6,1,0.16,pareto_dp,True,13799206,0.16,2005.0,635329900,,12135787468420587848,"[""m0@0.0020"", ""m1@0.0020"", ""m2@0.0020"", ""m3@0.0045"", ""m4@0.0020"", ""m5@0.0020"", ""m6@0.0020"", ""m7@0.0030"", ""m8@0.0020"", ""m9@0.0020"", ""m10@0.0020"", ""m11@0.0045"", ""m12@0.0020"", ""m13@0.0020"", ""m14@0.0020"", ""m15@0.0045"", ""m16@0.0020"", ""m17@0.0020"", ""m18@0.0040"", ""m19@0.0040"", ""m20@0.0020"", ""m21@0.0020"", ""m22@0.0020"", ""m23@0.0020"", ""m24@0.0020"", ""m25@0.0020"", ""m26@0.0020"", ""m27@0.0045"", ""m28@0.0020"", ""m29@0.0020"", ""m30@0.0035"", ""m31@0.0045"", ""m32@0.0020"", ""m33@0.0020"", ""m34@0.0020"", ""m35@0.0020"", ""m36@0.0020"", ""m37@0.0020"", ""m38@0.0030"", ""m39@0.0020"", ""m40@0.0020"", ""m41@0.0020"", ""m42@0.0025"", ""m43@0.0040"", ""m44@0.0020"", ""m45@0.0020"", ""m46@0.0020"", ""m47@0.0045"", ""m48@0.0020"", ""m49@0.0020"", ""m50@0.0040"", ""m51@0.0045"", ""m52@0.0020"", ""m53@0.0020"", ""m54@0.0020"", ""m55@0.0045"", ""m56@0.0020"", ""m57@0.0020"", ""m58@0.0020"", ""m59@0.0020"", ""m60@0.0020"", ""m61@0.0020"", ""m62@0.0020"", ""m63@0.0020""]","[""C1"", 1000000, 0, 50000, [[400000, 700000]], 455509]"
syn_64_6_1_09,synthetic,64,6,1,0.16,equal_risk,True,18701578,0.128,,1832700,,12135787468420587848,"[""m0@0.0020"", ""m1@0.0020"", ""m2@0.0020"", ""m3@0.0020"", ""m4@0.0020"", ""m5@0.0020"", ""m6@0.0020"", ""m7@0.0020"", ""m8@0.0020"", ""m9@0.0020"", ""m10@0.0020"", ""m11@0.0020"", ""m12@0.0020"", ""m13@0.0020"", ""m14@0.0020"", ""m15@0.0020"", ""m16@0.0020"", ""m17@0.0020"", ""m18@0.0020"", ""m19@0.0020"", ""m20@0.0020"", ""m21@0.0020"", ""m22@0.0020"", ""m23@0.0020"", ""m24@0.0020"", ""m25@0.0020"", ""m26@0.0020"", ""m27@0.0020"", ""m28@0.0020"", ""m29@0.0020"", ""m30@0.0020"", ""m31@0.0020"", ""m32@0.0020"", ""m33@0.0020"", ""m34@0.0020"", ""m35@0.0020"", ""m36@0.0020"", ""m37@0.0020"", ""m38@0.0020"", ""m39@0.0020"", ""m40@0.0020"", ""m41@0.0020"", ""m42@0.0020"", ""m43@0.0020"", ""m44@0.0020"", ""m45@0.0020"", ""m46@0.0020"", ""m47@0.0020"", ""m48@0.0020"", ""m49@0.0020"", ""m50@0.0020"", ""m51@0.0020"", ""m52@0.0020"", ""m53@0.0020"", ""m54@0.0020"", ""m55@0.0020"", ""m56@0.0020"", ""m57@0.0020"", ""m58@0.0020"", ""m59@0.0020"", ""m60@0.0020"", ""m61@0.0020"", ""m62@0.0020"", ""m63@0.0020""]","[""C1"", 1000000, 0, 50000, [[400000, 700000]], 455509]"
syn_64_6_1_09,synthetic,64,6,1,0.16,proportional_risk,True,18701578,0.128,,2746900,,12135787468420587848,"[""m0@0.0020"", ""m1@0.0020"", ""m2@0.0020"", ""m3@0.0020"", ""m4@0.0020"", ""m5@0.0020"", ""m6@0.0020"", ""m7@0.0020"", ""m8@0.0020"", ""m9@0.0020"", ""m10@0.0020"", ""m11@0.0020"", ""m12@0.0020"", ""m13@0.0020"", ""m14@0.0020"", ""m15@0.0020"", ""m16@0.0020"", ""m17@0.0020"", ""m18@0.0020"", ""m19@0.0020"", ""m20@0.0020"", ""m21@0.0020"", ""m22@0.0020"", ""m23@0.0020"", ""m24@0.0020"", ""m25@0.0020"", ""m26@0.0020"", ""m27@0.0020"", ""m28@0.0020"", ""m29@0.0020"", ""m30@0.0020"", ""m31@0.0020"", ""m32@0.0020"", ""m33@0.0020"", ""m34@0.0020"", ""m35@0.0020"", ""m36@0.0020"", ""m37@0.0020"", ""m38@0.0020"", ""m39@0.0020"", ""m40@0.0020"", ""m41@0.0020"", ""m42@0.0020"", ""m43@0.0020"", ""m44@0.0020"", ""m45@0.0020"", ""m46@0.0020"", ""m47@0.0020"", ""m48@0.0020"", ""m49@0.0020"", ""m50@0.0020"", ""m51@0.0020"", ""m52@0.0020"", ""m53@0.0020"", ""m54@0.0020"", ""m55@0.0020"", ""m56@0.0020"", ""m57@0.0020"", ""m58@0.0020"", ""m59@0.0020"", ""m60@0.0020"", ""m61@0.0020"", ""m62@0.0020"", ""m63@0.0020""]","[""C1"", 1000000, 0, 50000, [[400000, 700000]], 455509]"
syn_64_6_1_09,synthetic,64,6,1,0.16,greedy_gate_catching,True,15320202,0.16,,260630200,,12135787468420587848,"[""m0@0.0020"", ""m1@0.0020"", ""m2@0.0020"", ""m3@0.0020"", ""m4@0.0020"", ""m5@0.0020"", ""m6@0.0020"", ""m7@0.0020"", ""m8@0.0020"", ""m9@0.0020"", ""m10@0.0020"", ""m11@0.0020"", ""m12@0.0020"", ""m13@0.0020"", ""m14@0.0020"", ""m15@0.0020"", ""m16@0.0020"", ""m17@0.0020"", ""m18@0.0020"", ""m19@0.0020"", ""m20@0.0020"", ""m21@0.0020"", ""m22@0.0020"", ""m23@0.0020"", ""m24@0.0020"", ""m25@0.0020"", ""m26@0.0020"", ""m27@0.0020"", ""m28@0.0020"", ""m29@0.0020"", ""m30@0.0020"", ""m31@0.0020"", ""m32@0.0020"", ""m33@0.0020"", ""m34@0.0045"", ""m35@0.0045"", ""m36@0.0020"", ""m37@0.0035"", ""m38@0.0035"", ""m39@0.0030"", ""m40@0.0020"", ""m41@0.0030"", ""m42@0.0040"", ""m43@0.0040"", ""m44@0.0020"", ""m45@0.0020"", ""m46@0.0040"", ""m47@0.0045"", ""m48@0.0020"", ""m49@0.0020"", ""m50@0.0045"", ""m51@0.0045"", ""m52@0.0020"", ""m53@0.0020"", ""m54@0.0030"", ""m55@0.0045"", ""m56@0.0020"", ""m57@0.0020"", ""m58@0.0025"", ""m59@0.0040"", ""m60@0.0020"", ""m61@0.0025"", ""m62@0.0020"", ""m63@0.0040""]","[""C1"", 1000000, 0, 50000, [[400000, 700000]], 455509]"
syn_64_6_1_10,synthetic,64,6,1,0.16,pareto_dp,True,13557964,0.16,1714.0,520102700,,713892696322918967,"[""m0@0.0020"", ""m1@0.0020"", ""m2@0.0020"", ""m3@0.0045"", ""m4@0.0020"", ""m5@0.0020"", ""m6@0.0020"", ""m7@0.0045"", ""m8@0.0020"", ""m9@0.0020"", ""m10@0.0045"", ""m11@0.0020"", ""m12@0.0020"", ""m13@0.0020"", ""m14@0.0020"", ""m15@0.0040"", ""m16@0.0020"", ""m17@0.0020"", ""m18@0.0020"", ""m19@0.0045"", ""m20@0.0020"", ""m21@0.0020"", ""m22@0.0020"", ""m23@0.0045"", ""m24@0.0020"", ""m25@0.0020"", ""m26@0.0020"", ""m27@0.0020"", ""m28@0.0020"", ""m29@0.0020"", ""m30@0.0035"", ""m31@0.0040"", ""m32@0.0020"", ""m33@0.0020"", ""m34@0.0020"", ""m35@0.0020"", ""m36@0.0020"", ""m37@0.0020"", ""m38@0.0020"", ""m39@0.0040"", ""m40@0.0020"", ""m41@0.0020"", ""m42@0.0020"", ""m43@0.0045"", ""m44@0.0020"", ""m45@0.0020"", ""m46@0.0020"", ""m47@0.0045"", ""m48@0.0020"", ""m49@0.0020"", ""m50@0.0020"", ""m51@0.0040"", ""m52@0.0020"", ""m53@0.0020"", ""m54@0.0020"", ""m55@0.0045"", ""m56@0.0020"", ""m57@0.0020"", ""m58@0.0020"", ""m59@0.0045"", ""m60@0.0020"", ""m61@0.0020"", ""m62@0.0020"", ""m63@0.0020""]","[""C1"", 1000000, 0, 50000, [[400000, 700000]], 455509]"
syn_64_6_1_10,synthetic,64,6,1,0.16,equal_risk,True,18401924,0.128,,1811700,,713892696322918967,"[""m0@0.0020"", ""m1@0.0020"", ""m2@0.0020"", ""m3@0.0020"", ""m4@0.0020"", ""m5@0.0020"", ""m6@0.0020"", ""m7@0.0020"", ""m8@0.0020"", ""m9@0.0020"", ""m10@0.0020"", ""m11@0.0020"", ""m12@0.0020"", ""m13@0.0020"", ""m14@0.0020"", ""m15@0.0020"", ""m16@0.0020"", ""m17@0.0020"", ""m18@0.0020"", ""m19@0.0020"", ""m20@0.0020"", ""m21@0.0020"", ""m22@0.0020"", ""m23@0.0020"", ""m24@0.0020"", ""m25@0.0020"", ""m26@0.0020"", ""m27@0.0020"", ""m28@0.0020"", ""m29@0.0020"", ""m30@0.0020"", ""m31@0.0020"", ""m32@0.0020"", ""m33@0.0020"", ""m34@0.0020"", ""m35@0.0020"", ""m36@0.0020"", ""m37@0.0020"", ""m38@0.0020"", ""m39@0.0020"", ""m40@0.0020"", ""m41@0.0020"", ""m42@0.0020"", ""m43@0.0020"", ""m44@0.0020"", ""m45@0.0020"", ""m46@0.0020"", ""m47@0.0020"", ""m48@0.0020"", ""m49@0.0020"", ""m50@0.0020"", ""m51@0.0020"", ""m52@0.0020"", ""m53@0.0020"", ""m54@0.0020"", ""m55@0.0020"", ""m56@0.0020"", ""m57@0.0020"", ""m58@0.0020"", ""m59@0.0020"", ""m60@0.0020"", ""m61@0.0020"", ""m62@0.0020"", ""m63@0.0020""]","[""C1"", 1000000, 0, 50000, [[400000, 700000]], 455509]"
syn_64_6_1_10,synthetic,64,6,1,0.16,proportional_risk,True,18401924,0.128,,2845100,,713892696322918967,"[""m0@0.0020"", ""m1@0.0020"", ""m2@0.0020"", ""m3@0.0020"", ""m4@0.0020"", ""m5@0.0020"", ""m6@0.0020"", ""m7@0.0020"", ""m8@0.0020"", ""m9@0.0020"", ""m10@0.0020"", ""m11@0.0020"", ""m12@0.0020"", ""m13@0.0020"", ""m14@0.0020"", ""m15@0.0020"", ""m16@0.0020"", ""m17@0.0020"", ""m18@0.0020"", ""m19@0.0020"", ""m20@0.0020"", ""m21@0.0020"", ""m22@0.0020"", ""m23@0.0020"", ""m24@0.0020"", ""m25@0.0020"", ""m26@0.0020"", ""m27@0.0020"", ""m28@0.0020"", ""m29@0.0020"", ""m30@0.0020"", ""m31@0.0020"", ""m32@0.0020"", ""m33@0.0020"", ""m34@0.0020"", ""m35@0.0020"", ""m36@0.0020"", ""m37@0.0020"", ""m38@0.0020"", ""m39@0.0020"", ""m40@0.0020"", ""m41@0.0020"", ""m42@0.0020"", ""m43@0.0020"", ""m44@0.0020"", ""m45@0.0020"", ""m46@0.0020"", ""m47@0.0020"", ""m48@0.0020"", ""m49@0.0020"", ""m50@0.0020"", ""m51@0.0020"", ""m52@0.0020"", ""m53@0.0020"", ""m54@0.0020"", ""m55@0.0020"", ""m56@0.0020"", ""m57@0.0020"", ""m58@0.0020"", ""m59@0.0020"", ""m60@0.0020"", ""m61@0.0020"", ""m62@0.0020"", ""m63@0.0020""]","[""C1"", 1000000, 0, 50000, [[400000, 700000]], 455509]"
syn_64_6_1_10,synthetic,64,6,1,0.16,greedy_gate_catching,True,15111243,0.16,,244730000,,713892696322918967,"[""m0@0.0020"", ""m1@0.0020"", ""m2@0.0020"", ""m3@0.0020"", ""m4@0.0020"", ""m5@0.0020"", ""m6@0.0020"", ""m7@0.0020"", ""m8@0.0020"", ""m9@0.0020"", ""m10@0.0020"", ""m11@0.0020"", ""m12@0.0020"", ""m13@0.0020"", ""m14@0.0020"", ""m15@0.0020"", ""m16@0.0020"", ""m17@0.0020"", ""m18@0.0020"", ""m19@0.0020"", ""m20@0.0020"", ""m21@0.0020"", ""m22@0.0020"", ""m23@0.0020"", ""m24@0.0020"", ""m25@0.0020"", ""m26@0.0020"", ""m27@0.0020"", ""m28@0.0020"", ""m29@0.0020"", ""m30@0.0020"", ""m31@0.0020"", ""m32@0.0020"", ""m33@0.0020"", ""m34@0.0035"", ""m35@0.0045"", ""m36@0.0020"", ""m37@0.0030"", ""m38@0.0020"", ""m39@0.0040"", ""m40@0.0020"", ""m41@0.0020"", ""m42@0.0045"", ""m43@0.0045"", ""m44@0.0020"", ""m45@0.0025"", ""m46@0.0035"", ""m47@0.0045"", ""m48@0.0020"", ""m49@0.0020"", ""m50@0.0020"", ""m51@0.0040"", ""m52@0.0020"", ""m53@0.0020"", ""m54@0.0025"", ""m55@0.0045"", ""m56@0.0020"", ""m57@0.0020"", ""m58@0.0045"", ""m59@0.0045"", ""m60@0.0020"", ""m61@0.0025"", ""m62@0.0045"", ""m63@0.0045""]","[""C1"", 1000000, 0, 50000, [[400000, 700000]], 455509]"
syn_64_6_1_11,synthetic,64,6,1,0.16,pareto_dp,True,14030908,0.16,1565.0,576404800,,5420687063656454424,"[""m0@0.0020"", ""m1@0.0020"", ""m2@0.0045"", ""m3@0.0020"", ""m4@0.0020"", ""m5@0.0020"", ""m6@0.0020"", ""m7@0.0035"", ""m8@0.0020"", ""m9@0.0020"", ""m10@0.0030"", ""m11@0.0045"", ""m12@0.0020"", ""m13@0.0020"", ""m14@0.0040"", ""m15@0.0045"", ""m16@0.0020"", ""m17@0.0020"", ""m18@0.0020"", ""m19@0.0040"", ""m20@0.0020"", ""m21@0.0020"", ""m22@0.0020"", ""m23@0.0020"", ""m24@0.0020"", ""m25@0.0020"", ""m26@0.0020"", ""m27@0.0020"", ""m28@0.0020"", ""m29@0.0020"", ""m30@0.0020"", ""m31@0.0025"", ""m32@0.0020"", ""m33@0.0020"", ""m34@0.0020"", ""m35@0.0020"", ""m36@0.0020"", ""m37@0.0020"", ""m38@0.0035"", ""m39@0.0045"", ""m40@0.0020"", ""m41@0.0020"", ""m42@0.0020"", ""m43@0.0045"", ""m44@0.0020"", ""m45@0.0020"", ""m46@0.0035"", ""m47@0.0045"", ""m48@0.0020"", ""m49@0.0020"", ""m50@0.0045"", ""m51@0.0020"", ""m52@0.0020"", ""m53@0.0020"", ""m54@0.0020"", ""m55@0.0045"", ""m56@0.0020"", ""m57@0.0020"", ""m58@0.0020"", ""m59@0.0040"", ""m60@0.0020"", ""m61@0.0020"", ""m62@0.0020"", ""m63@0.0020""]","[""C1"", 1000000, 0, 50000, [[400000, 700000]], 455509]"
syn_64_6_1_11,synthetic,64,6,1,0.16,equal_risk,True,18177818,0.128,,1812000,,5420687063656454424,"[""m0@0.0020"", ""m1@0.0020"", ""m2@0.0020"", ""m3@0.0020"", ""m4@0.0020"", ""m5@0.0020"", ""m6@0.0020"", ""m7@0.0020"", ""m8@0.0020"", ""m9@0.0020"", ""m10@0.0020"", ""m11@0.0020"", ""m12@0.0020"", ""m13@0.0020"", ""m14@0.0020"", ""m15@0.0020"", ""m16@0.0020"", ""m17@0.0020"", ""m18@0.0020"", ""m19@0.0020"", ""m20@0.0020"", ""m21@0.0020"", ""m22@0.0020"", ""m23@0.0020"", ""m24@0.0020"", ""m25@0.0020"", ""m26@0.0020"", ""m27@0.0020"", ""m28@0.0020"", ""m29@0.0020"", ""m30@0.0020"", ""m31@0.0020"", ""m32@0.0020"", ""m33@0.0020"", ""m34@0.0020"", ""m35@0.0020"", ""m36@0.0020"", ""m37@0.0020"", ""m38@0.0020"", ""m39@0.0020"", ""m40@0.0020"", ""m41@0.0020"", ""m42@0.0020"", ""m43@0.0020"", ""m44@0.0020"", ""m45@0.0020"", ""m46@0.0020"", ""m47@0.0020"", ""m48@0.0020"", ""m49@0.0020"", ""m50@0.0020"", ""m51@0.0020"", ""m52@0.0020"", ""m53@0.0020"", ""m54@0.0020"", ""m55@0.0020"", ""m56@0.0020"", ""m57@0.0020"", ""m58@0.0020"", ""m59@0.0020"", ""m60@0.0020"", ""m61@0.0020"", ""m62@0.0020"", ""m63@0.0020""]","[""C1"", 1000000, 0, 50000, [[400000, 700000]], 455509]"
syn_64_6_1_11,synthetic,64,6,1,0.16,proportional_risk,True,18177818,0.128,,2786000,,5420687063656454424,"[""m0@0.0020"", ""m1@0.0020"", ""m2@0.0020"", ""m3@0.0020"", ""m4@0.0020"", ""m5@0.0020"", ""m6@0.0020"", ""m7@0.0020"", ""m8@0.0020"", ""m9@0.0020"", ""m10@0.0020"", ""m11@0.0020"", ""m12@0.0020"", ""m13@0.0020"", ""m14@0.0020"", ""m15@0.0020"", ""m16@0.0020"", ""m17@0.0020"", ""m18@0.0020"", ""m19@0.0020"", ""m20@0.0020"", ""m21@0.0020"", ""m22@0.0020"", ""m23@0.0020"", ""m24@0.0020"", ""m25@0.0020"", ""m26@0.0020"", ""m27@0.0020"", ""m28@0.0020"", ""m29@0.0020"", ""m30@0.0020"", ""m31@0.0020"", ""m32@0.0020"", ""m33@0.0020"", ""m34@0.0020"", ""m35@0.0020"", ""m36@0.0020"", ""m37@0.0020"", ""m38@0.0020"", ""m39@0.0020"", ""m40@0.0020"", ""m41@0.0020"", ""m42@0.0020"", ""m43@0.0020"", ""m44@0.0020"", ""m45@0.0020"", ""m46@0.0020"", ""m47@0.0020"", ""m48@0.0020"", ""m49@0.0020"", ""m50@0.0020"", ""m51@0.0020"", ""m52@0.0020"", ""m53@0.0020"", ""m54@0.0020"", ""m55@0.0020"", ""m56@0.0020"", ""m57@0.0020"", ""m58@0.0020"", ""m59@0.0020"", ""m60@0.0020"", ""m61@0.0020"", ""m62@0.0020"", ""m63@0.0020""]","[""C1"", 1000000, 0, 50000, [[400000, 700000]], 455509]"
syn_64_6_1_11,synthetic,64,6,1,0.16,greedy_gate_catching,True,14982799,0.16,,251151500,,5420687063656454424,"[""m0@0.0020"", ""m1@0.0020"", ""m2@0.0020"", ""m3@0.0020"", ""m4@0.0020"", ""m5@0.0020"", ""m6@0.0020"", ""m7@0.0020"", ""m8@0.0020"", ""m9@0.0020"", ""m10@0.0020"", ""m11@0.0020"", ""m12@0.0020"", ""m13@0.0020"", ""m14@0.0020"", ""m15@0.0020"", ""m16@0.0020"", ""m17@0.0020"", ""m18@0.0020"", ""m19@0.0020"", ""m20@0.0020"", ""m21@0.0020"", ""m22@0.0020"", ""m23@0.0020"", ""m24@0.0020"", ""m25@0.0020"", ""m26@0.0020"", ""m27@0.0020"", ""m28@0.0020"", ""m29@0.0020"", ""m30@0.0020"", ""m31@0.0020"", ""m32@0.0020"", ""m33@0.0020"", ""m34@0.0045"", ""m35@0.0025"", ""m36@0.0020"", ""m37@0.0020"", ""m38@0.0035"", ""m39@0.0045"", ""m40@0.0020"", ""m41@0.0020"", ""m42@0.0045"", ""m43@0.0045"", ""m44@0.0020"", ""m45@0.0020"", ""m46@0.0045"", ""m47@0.0045"", ""m48@0.0020"", ""m49@0.0020"", ""m50@0.0045"", ""m51@0.0040"", ""m52@0.0020"", ""m53@0.0020"", ""m54@0.0040"", ""m55@0.0045"", ""m56@0.0020"", ""m57@0.0020"", ""m58@0.0035"", ""m59@0.0045"", ""m60@0.0020"", ""m61@0.0020"", ""m62@0.0025"", ""m63@0.0035""]","[""C1"", 1000000, 0, 50000, [[400000, 700000]], 455509]"
syn_64_6_1_12,synthetic,64,6,1,0.16,pareto_dp,True,13867335,0.16,1410.0,506071100,,13030009623190409583,"[""m0@0.0020"", ""m1@0.0020"", ""m2@0.0020"", ""m3@0.0025"", ""m4@0.0020"", ""m5@0.0020"", ""m6@0.0020"", ""m7@0.0035"", ""m8@0.0020"", ""m9@0.0020"", ""m10@0.0020"", ""m11@0.0045"", ""m12@0.0020"", ""m13@0.0020"", ""m14@0.0020"", ""m15@0.0045"", ""m16@0.0020"", ""m17@0.0020"", ""m18@0.0020"", ""m19@0.0020"", ""m20@0.0020"", ""m21@0.0020"", ""m22@0.0020"", ""m23@0.0020"", ""m24@0.0020"", ""m25@0.0020"", ""m26@0.0020"", ""m27@0.0040"", ""m28@0.0020"", ""m29@0.0020"", ""m30@0.0020"", ""m31@0.0045"", ""m32@0.0020"", ""m33@0.0020"", ""m34@0.0045"", ""m35@0.0040"", ""m36@0.0020"", ""m37@0.0020"", ""m38@0.0020"", ""m39@0.0030"", ""m40@0.0020"", ""m41@0.0020"", ""m42@0.0020"", ""m43@0.0045"", ""m44@0.0020"", ""m45@0.0020"", ""m46@0.0020"", ""m47@0.0045"", ""m48@0.0020"", ""m49@0.0020"", ""m50@0.0030"", ""m51@0.0035"", ""m52@0.0020"", ""m53@0.0020"", ""m54@0.0020"", ""m55@0.0040"", ""m56@0.0020"", ""m57@0.0020"", ""m58@0.0020"", ""m59@0.0045"", ""m60@0.0020"", ""m61@0.0020"", ""m62@0.0025"", ""m63@0.0045""]","[""C1"", 1000000, 0, 50000, [[400000, 700000]], 455509]"
syn_64_6_1_12,synthetic,64,6,1,0.16,equal_risk,True,18399736,0.128,,1808600,,13030009623190409583,"[""m0@0.0020"", ""m1@0.0020"", ""m2@0.0020"", ""m3@0.0020"", ""m4@0.0020"", ""m5@0.0020"", ""m6@0.0020"", ""m7@0.0020"", ""m8@0.0020"", ""m9@0.0020"", ""m10@0.0020"", ""m11@0.0020"", ""m12@0.0020"", ""m13@0.0020"", ""m14@0.0020"", ""m15@0.0020"", ""m16@0.0020"", ""m17@0.0020"", ""m18@0.0020"", ""m19@0.0020"", ""m20@0.0020"", ""m21@0.0020"", ""m22@0.0020"", ""m23@0.0020"", ""m24@0.0020"", ""m25@0.0020"", ""m26@0.0020"", ""m27@0.0020"", ""m28@0.0020"", ""m29@0.0020"", ""m30@0.0020"", ""m31@0.0020"", ""m32@0.0020"", ""m33@0.0020"", ""m34@0.0020"", ""m35@0.0020"", ""m36@0.0020"", ""m37@0.0020"", ""m38@0.0020"", ""m39@0.0020"", ""m40@0.0020"", ""m41@0.0020"", ""m42@0.0020"", ""m43@0.0020"", ""m44@0.0020"", ""m45@0.0020"", ""m46@0.0020"", ""m47@0.0020"", ""m48@0.0020"", ""m49@0.0020"", ""m50@0.0020"", ""m51@0.0020"", ""m52@0.0020"", ""m53@0.0020"", ""m54@0.0020"", ""m55@0.0020"", ""m56@0.0020"", ""m57@0.0020"", ""m58@0.0020"", ""m59@0.0020"", ""m60@0.0020"", ""m61@0.0020"", ""m62@0.0020"", ""m63@0.0020""]","[""C1"", 1000000, 0, 50000, [[400000, 700000]], 455509]"
syn_64_6_1_12,synthetic,64,6,1,0.16,proportional_risk,True,18399736,0.128,,2845900,,13030009623190409583,"[""m0@0.0020"", ""m1@0.0020"", ""m2@0.0020"", ""m3@0.0020"", ""m4@0.0020"", ""m5@0.0020"", ""m6@0.0020"", ""m7@0.0020"", ""m8@0.0020"", ""m9@0.0020"", ""m10@0.0020"", ""m11@0.0020"", ""m12@0.0020"", ""m13@0.0020"", ""m14@0.0020"", ""m15@0.0020"", ""m16@0.0020"", ""m17@0.0020"", ""m18@0.0020"", ""m19@0.0020"", ""m20@0.0020"", ""m21@0.0020"", ""m22@0.0020"", ""m23@0.0020"", ""m24@0.0020"", ""m25@0.0020"", ""m26@0.0020"", ""m27@0.0020"", ""m28@0.0020"", ""m29@0.0020"", ""m30@0.0020"", ""m31@0.0020"", ""m32@0.0020"", ""m33@0.0020"", ""m34@0.0020"", ""m35@0.0020"", ""m36@0.0020"", ""m37@0.0020"", ""m38@0.0020"", ""m39@0.0020"", ""m40@0.0020"", ""m41@0.0020"", ""m42@0.0020"", ""m43@0.0020"", ""m44@0.0020"", ""m45@0.0020"", ""m46@0.0020"", ""m47@0.0020"", ""m48@0.0020"", ""m49@0.0020"", ""m50@0.0020"", ""m51@0.0020"", ""m52@0.0020"", ""m53@0.0020"", ""m54@0.0020"", ""m55@0.0020"", ""m56@0.0020"", ""m57@0.0020"", ""m58@0.0020"", ""m59@0.0020"", ""m60@0.0020"", ""m61@0.0020"", ""m62@0.0020"", ""m63@0.0020""]","[""C1"", 1000000, 0, 50000, [[400000, 700000]], 455509]"
syn_64_6_1_12,synthetic,64,6,1,0.16,greedy_gate_catching,True,15159087,0.16,,242269900,,13030009623190409583,"[""m0@0.0020"", ""m1@0.0020"", ""m2@0.0020"", ""m3@0.0020"", ""m4@0.0020"", ""m5@0.0020"", ""m6@0.0020"", ""m7@0.0020"", ""m8@0.0020"", ""m9@0.0020"", ""m10@0.0020"", ""m11@0.0020"", ""m12@0.0020"", ""m13@0.0020"", ""m14@0.0020"", ""m15@0.0020"", ""m16@0.0020"", ""m17@0.0020"", ""m18@0.0020"", ""m19@0.0020"", ""m20@0.0020"", ""m21@0.0020"", ""m22@0.0020"", ""m23@0.0020"", ""m24@0.0020"", ""m25@0.0020"", ""m26@0.0020"", ""m27@0.0020"", ""m28@0.0020"", ""m29@0.0020"", ""m30@0.0020"", ""m31@0.0020"", ""m32@0.0020"", ""m33@0.0035"", ""m34@0.0045"", ""m35@0.0040"", ""m36@0.0020"", ""m37@0.0025"", ""m38@0.0030"", ""m39@0.0040"", ""m40@0.0020"", ""m41@0.0020"", ""m42@0.0025"", ""m43@0.0045"", ""m44@0.0020"", ""m45@0.0020"", ""m46@0.0035"", ""m47@0.0045"", ""m48@0.0020"", ""m49@0.0020"", ""m50@0.0030"", ""m51@0.0035"", ""m52@0.0020"", ""m53@0.0020"", ""m54@0.0045"", ""m55@0.0040"", ""m56@0.0020"", ""m57@0.0020"", ""m58@0.0030"", ""m59@0.0045"", ""m60@0.0020"", ""m61@0.0020"", ""m62@0.0045"", ""m63@0.0045""]","[""C1"", 1000000, 0, 50000, [[400000, 700000]], 455509]"
syn_64_6_1_13,synthetic,64,6,1,0.16,pareto_dp,True,14320338,0.16,1257.0,405673700,,4598266180628364472,"[""m0@0.0020"", ""m1@0.0020"", ""m2@0.0020"", ""m3@0.0040"", ""m4@0.0020"", ""m5@0.0020"", ""m6@0.0020"", ""m7@0.0045"", ""m8@0.0020"", ""m9@0.0020"", ""m10@0.0020"", ""m11@0.0020"", ""m12@0.0020"", ""m13@0.0020"", ""m14@0.0020"", ""m15@0.0045"", ""m16@0.0020"", ""m17@0.0020"", ""m18@0.0020"", ""m19@0.0045"", ""m20@0.0020"", ""m21@0.0020"", ""m22@0.0020"", ""m23@0.0040"", ""m24@0.0020"", ""m25@0.0020"", ""m26@0.0020"", ""m27@0.0020"", ""m28@0.0020"", ""m29@0.0020"", ""m30@0.0020"", ""m31@0.0045"", ""m32@0.0020"", ""m33@0.0020"", ""m34@0.0020"", ""m35@0.0045"", ""m36@0.0020"", ""m37@0.0020"", ""m38@0.0020"", ""m39@0.0040"", ""m40@0.0020"", ""m41@0.0020"", ""m42@0.0020"", ""m43@0.0045"", ""m44@0.0020"", ""m45@0.0020"", ""m46@0.0020"", ""m47@0.0045"", ""m48@0.0020"", ""m49@0.0020"", ""m50@0.0020"", ""m51@0.0045"", ""m52@0.0020"", ""m53@0.0020"", ""m54@0.0020"", ""m55@0.0035"", ""m56@0.0020"", ""m57@0.0020"", ""m58@0.0020"", ""m59@0.0040"", ""m60@0.0020"", ""m61@0.0020"", ""m62@0.0020"", ""m63@0.0045""]","[""C1"", 1000000, 0, 50000, [[400000, 700000]], 455509]"
syn_64_6_1_13,synthetic,64,6,1,0.16,equal_risk,True,19889546,0.128,,1833200,,4598266180628364472,"[""m0@0.0020"", ""m1@0.0020"", ""m2@0.0020"", ""m3@0.0020"", ""m4@0.0020"", ""m5@0.0020"", ""m6@0.0020"", ""m7@0.0020"", ""m8@0.0020"", ""m9@0.0020"", ""m10@0.0020"", ""m11@0.0020"", ""m12@0.0020"", ""m13@0.0020"", ""m14@0.0020"", ""m15@0.0020"", ""m16@0.0020"", ""m17@0.0020"", ""m18@0.0020"", ""m19@0.0020"", ""m20@0.0020"", ""m21@0.0020"", ""m22@0.0020"", ""m23@0.0020"", ""m24@0.0020"", ""m25@0.0020"", ""m26@0.0020"", ""m27@0.0020"", ""m28@0.0020"", ""m29@0.0020"", ""m30@0.0020"", ""m31@0.0020"", ""m32@0.0020"", ""m33@0.0020"", ""m34@0.0020"", ""m35@0.0020"", ""m36@0.0020"", ""m37@0.0020"", ""m38@0.0020"", ""m39@0.0020"", ""m40@0.0020"", ""m41@0.0020"", ""m42@0.0020"", ""m43@0.0020"", ""m44@0.0020"", ""m45@0.0020"", ""m46@0.0020"", ""m47@0.0020"", ""m48@0.0020"", ""m49@0.0020"", ""m50@0.0020"", ""m51@0.0020"", ""m52@0.0020"", ""m53@0.0020"", ""m54@0.0020"", ""m55@0.0020"", ""m56@0.0020"", ""m57@0.0020"", ""m58@0.0020"", ""m59@0.0020"", ""m60@0.0020"", ""m61@0.0020"", ""m62@0.0020"", ""m63@0.0020""]","[""C1"", 1000000, 0, 50000, [[400000, 700000]], 455509]"
syn_64_6_1_13,synthetic,64,6,1,0.16,proportional_risk,True,19889546,0.128,,2895200,,4598266180628364472,"[""m0@0.0020"", ""m1@0.0020"", ""m2@0.0020"", ""m3@0.0020"", ""m4@0.0020"", ""m5@0.0020"", ""m6@0.0020"", ""m7@0.0020"", ""m8@0.0020"", ""m9@0.0020"", ""m10@0.0020"", ""m11@0.0020"", ""m12@0.0020"", ""m13@0.0020"", ""m14@0.0020"", ""m15@0.0020"", ""m16@0.0020"", ""m17@0.0020"", ""m18@0.0020"", ""m19@0.0020"", ""m20@0.0020"", ""m21@0.0020"", ""m22@0.0020"", ""m23@0.0020"", ""m24@0.0020"", ""m25@0.0020"", ""m26@0.0020"", ""m27@0.0020"", ""m28@0.0020"", ""m29@0.0020"", ""m30@0.0020"", ""m31@0.0020"", ""m32@0.0020"", ""m33@0.0020"", ""m34@0.0020"", ""m35@0.0020"", ""m36@0.0020"", ""m37@0.0020"", ""m38@0.0020"", ""m39@0.0020"", ""m40@0.0020"", ""m41@0.0020"", ""m42@0.0020"", ""m43@0.0020"", ""m44@0.0020"", ""m45@0.0020"", ""m46@0.0020"", ""m47@0.0020"", ""m48@0.0020"", ""m49@0.0020"", ""m50@0.0020"", ""m51@0.0020"", ""m52@0.0020"", ""m53@0.0020"", ""m54@0.0020"", ""m55@0.0020"", ""m56@0.0020"", ""m57@0.0020"", ""m58@0.0020"", ""m59@0.0020"", ""m60@0.0020"", ""m61@0.0020"", ""m62@0.0020"", ""m63@0.0020""]","[""C1"", 1000000, 0, 50000, [[400000, 700000]], 455509]"
syn_64_6_1_13,synthetic,64,6,1,0.16,greedy_gate_catching,True,16054710,0.16,,248090500,,4598266180628364472,"[""m0@0.0020"", ""m1@0.0020"", ""m2@0.0020"", ""m3@0.0020"", ""m4@0.0020"", ""m5@0.0020"", ""m6@0.0020"", ""m7@0.0020"", ""m8@0.0020"", ""m9@0.0020"", ""m10@0.0020"", ""m11@0.0020"", ""m12@0.0020"", ""m13@0.0020"", ""m14@0.0020"", ""m15@0.0020"", ""m16@0.0020"", ""m17@0.0020"", ""m18@0.0020"", ""m19@0.0020"", ""m20@0.0020"", ""m21@0.0020"", ""m22@0.0020"", ""m23@0.0020"", ""m24@0.0020"", ""m25@0.0020"", ""m26@0.0020"", ""m27@0.0020"", ""m28@0.0020"", ""m29@0.0020"", ""m30@0.0020"", ""m31@0.0020"", ""m32@0.0020"", ""m33@0.0020"", ""m34@0.0020"", ""m35@0.0045"", ""m36@0.0020"", ""m37@0.0020"", ""m38@0.0040"", ""m39@0.0045"", ""m40@0.0020"", ""m41@0.0020"", ""m42@0.0040"", ""m43@0.0045"", ""m44@0.0020"", ""m45@0.0020"", ""m46@0.0030"", ""m47@0.0045"", ""m48@0.0020"", ""m49@0.0020"", ""m50@0.0040"", ""m51@0.0045"", ""m52@0.0020"", ""m53@0.0020"", ""m54@0.0035"", ""m55@0.0045"", ""m56@0.0020"", ""m57@0.0020"", ""m58@0.0040"", ""m59@0.0045"", ""m60@0.0020"", ""m61@0.0030"", ""m62@0.0025"", ""m63@0.0045""]","[""C1"", 1000000, 0, 50000, [[400000, 700000]], 455509]"
syn_64_6_1_14,synthetic,64,6,1,0.16,pareto_dp,True,14103404,0.16,1327.0,488772600,,1795340610889503019,"[""m0@0.0020"", ""m1@0.0020"", ""m2@0.0020"", ""m3@0.0045"", ""m4@0.0020"", ""m5@0.0020"", ""m6@0.0020"", ""m7@0.0045"", ""m8@0.0020"", ""m9@0.0020"", ""m10@0.0020"", ""m11@0.0045"", ""m12@0.0020"", ""m13@0.0020"", ""m14@0.0020"", ""m15@0.0040"", ""m16@0.0020"", ""m17@0.0020"", ""m18@0.0020"", ""m19@0.0020"", ""m20@0.0020"", ""m21@0.0020"", ""m22@0.0020"", ""m23@0.0045"", ""m24@0.0020"", ""m25@0.0020"", ""m26@0.0040"", ""m27@0.0040"", ""m28@0.0020"", ""m29@0.0020"", ""m30@0.0020"", ""m31@0.0020"", ""m32@0.0020"", ""m33@0.0020"", ""m34@0.0035"", ""m35@0.0045"", ""m36@0.0020"", ""m37@0.0020"", ""m38@0.0040"", ""m39@0.0045"", ""m40@0.0020"", ""m41@0.0020"", ""m42@0.0020"", ""m43@0.0045"", ""m44@0.0020"", ""m45@0.0020"", ""m46@0.0020"", ""m47@0.0020"", ""m48@0.0020"", ""m49@0.0020"", ""m50@0.0020"", ""m51@0.0045"", ""m52@0.0020"", ""m53@0.0020"", ""m54@0.0020"", ""m55@0.0040"", ""m56@0.0020"", ""m57@0.0020"", ""m58@0.0025"", ""m59@0.0020"", ""m60@0.0020"", ""m61@0.0020"", ""m62@0.0020"", ""m63@0.0020""]","[""C1"", 1000000, 0, 50000, [[400000, 700000]], 455509]"
syn_64_6_1_14,synthetic,64,6,1,0.16,equal_risk,True,19103232,0.128,,1799100,,1795340610889503019,"[""m0@0.0020"", ""m1@0.0020"", ""m2@0.0020"", ""m3@0.0020"", ""m4@0.0020"", ""m5@0.0020"", ""m6@0.0020"", ""m7@0.0020"", ""m8@0.0020"", ""m9@0.0020"", ""m10@0.0020"", ""m11@0.0020"", ""m12@0.0020"", ""m13@0.0020"", ""m14@0.0020"", ""m15@0.0020"", ""m16@0.0020"", ""m17@0.0020"", ""m18@0.0020"", ""m19@0.0020"", ""m20@0.0020"", ""m21@0.0020"", ""m22@0.0020"", ""m23@0.0020"", ""m24@0.0020"", ""m25@0.0020"", ""m26@0.0020"", ""m27@0.0020"", ""m28@0.0020"", ""m29@0.0020"", ""m30@0.0020"", ""m31@0.0020"", ""m32@0.0020"", ""m33@0.0020"", ""m34@0.0020"", ""m35@0.0020"", ""m36@0.0020"", ""m37@0.0020"", ""m38@0.0020"", ""m39@0.0020"", ""m40@0.0020"", ""m41@0.0020"", ""m42@0.0020"", ""m43@0.0020"", ""m44@0.0020"", ""m45@0.0020"", ""m46@0.0020"", ""m47@0.0020"", ""m48@0.0020"", ""m49@0.0020"", ""m50@0.0020"", ""m51@0.0020"", ""m52@0.0020"", ""m53@0.0020"", ""m54@0.0020"", ""m55@0.0020"", ""m56@0.0020"", ""m57@0.0020"", ""m58@0.0020"", ""m59@0.0020"", ""m60@0.0020"", ""m61@0.0020"", ""m62@0.0020"", ""m63@0.0020""]","[""C1"", 1000000, 0, 50000, [[400000, 700000]], 455509]"
syn_64_6_1_14,synthetic,64,6,1,0.16,proportional_risk,True,19103232,0.128,,2835900,,1795340610889503019,"[""m0@0.0020"", ""m1@0.0020"", ""m2@0.0020"", ""m3@0.0020"", ""m4@0.0020"", ""m5@0.0020"", ""m6@0.0020"", ""m7@0.0020"", ""m8@0.0020"", ""m9@0.0020"", ""m10@0.0020"", ""m11@0.0020"", ""m12@0.0020"", ""m13@0.0020"", ""m14@0.0020"", ""m15@0.0020"", ""m16@0.0020"", ""m17@0.0020"", ""m18@0.0020"", ""m19@0.0020"", ""m20@0.0020"", ""m21@0.0020"", ""m22@0.0020"", ""m23@0.0020"", ""m24@0.0020"", ""m25@0.0020"", ""m26@0.0020"", ""m27@0.0020"", ""m28@0.0020"", ""m29@0.0020"", ""m30@0.0020"", ""m31@0.0020"", ""m32@0.0020"", ""m33@0.0020"", ""m34@0.0020"", ""m35@0.0020"", ""m36@0.0020"", ""m37@0.0020"", ""m38@0.0020"", ""m39@0.0020"", ""m40@0.0020"", ""m41@0.0020"", ""m42@0.0020"", ""m43@0.0020"", ""m44@0.0020"", ""m45@0.0020"", ""m46@0.0020"", ""m47@0.0020"", ""m48@0.0020"", ""m49@0.0020"", ""m50@0.0020"", ""m51@0.0020"", ""m52@0.0020"", ""m53@0.0020"", ""m54@0.0020"", ""m55@0.0020"", ""m56@0.0020"", ""m57@0.0020"", ""m58@0.0020"", ""m59@0.0020"", ""m60@0.0020"", ""m61@0.0020"", ""m62@0.0020"", ""m63@0.0020""]","[""C1"", 1000000, 0, 50000, [[400000, 700000]], 455509]"
syn_64_6_1_14,synthetic,64,6,1,0.16,greedy_gate_catching,True,16060361,0.16,,247736500,,1795340610889503019,"[""m0@0.0020"", ""m1@0.0020"", ""m2@0.0020"", ""m3@0.0020"", ""m4@0.0020"", ""m5@0.0020"", ""m6@0.0020"", ""m7@0.0020"", ""m8@0.0020"", ""m9@0.0020"", ""m10@0.0020"", ""m11@0.0020"", ""m12@0.0020"", ""m13@0.0020"", ""m14@0.0020"", ""m15@0.0020"", ""m16@0.0020"", ""m17@0.0020"", ""m18@0.0020"", ""m19@0.0020"", ""m20@0.0020"", ""m21@0.0020"", ""m22@0.0020"", ""m23@0.0020"", ""m24@0.0020"", ""m25@0.0020"", ""m26@0.0020"", ""m27@0.0020"", ""m28@0.0020"", ""m29@0.0020"", ""m30@0.0020"", ""m31@0.0020"", ""m32@0.0020"", ""m33@0.0020"", ""m34@0.0045"", ""m35@0.0045"", ""m36@0.0020"", ""m37@0.0025"", ""m38@0.0045"", ""m39@0.0045"", ""m40@0.0020"", ""m41@0.0025"", ""m42@0.0045"", ""m43@0.0045"", ""m44@0.0020"", ""m45@0.0020"", ""m46@0.0020"", ""m47@0.0035"", ""m48@0.0020"", ""m49@0.0025"", ""m50@0.0025"", ""m51@0.0045"", ""m52@0.0020"", ""m53@0.0020"", ""m54@0.0035"", ""m55@0.0045"", ""m56@0.0020"", ""m57@0.0020"", ""m58@0.0045"", ""m59@0.0030"", ""m60@0.0020"", ""m61@0.0020"", ""m62@0.0030"", ""m63@0.0045""]","[""C1"", 1000000, 0, 50000, [[400000, 700000]], 455509]"
syn_64_6_1_15,synthetic,64,6,1,0.16,pareto_dp,True,13532640,0.16,1695.0,544039100,,4379602669909051751,"[""m0@0.0020"", ""m1@0.0020"", ""m2@0.0020"", ""m3@0.0025"", ""m4@0.0020"", ""m5@0.0020"", ""m6@0.0020"", ""m7@0.0045"", ""m8@0.0020"", ""m9@0.0020"", ""m10@0.0020"", ""m11@0.0020"", ""m12@0.0020"", ""m13@0.0020"", ""m14@0.0020"", ""m15@0.0040"", ""m16@0.0020"", ""m17@0.0020"", ""m18@0.0020"", ""m19@0.0045"", ""m20@0.0020"", ""m21@0.0020"", ""m22@0.0035"", ""m23@0.0040"", ""m24@0.0020"", ""m25@0.0020"", ""m26@0.0020"", ""m27@0.0045"", ""m28@0.0020"", ""m29@0.0020"", ""m30@0.0020"", ""m31@0.0045"", ""m32@0.0020"", ""m33@0.0020"", ""m34@0.0020"", ""m35@0.0030"", ""m36@0.0020"", ""m37@0.0020"", ""m38@0.0025"", ""m39@0.0040"", ""m40@0.0020"", ""m41@0.0020"", ""m42@0.0020"", ""m43@0.0020"", ""m44@0.0020"", ""m45@0.0020"", ""m46@0.0035"", ""m47@0.0020"", ""m48@0.0020"", ""m49@0.0020"", ""m50@0.0020"", ""m51@0.0045"", ""m52@0.0020"", ""m53@0.0020"", ""m54@0.0040"", ""m55@0.0040"", ""m56@0.0020"", ""m57@0.0020"", ""m58@0.0020"", ""m59@0.0020"", ""m60@0.0020"", ""m61@0.0020"", ""m62@0.0045"", ""m63@0.0040""]","[""C1"", 1000000, 0, 50000, [[400000, 700000]], 455509]"
syn_64_6_1_15,synthetic,64,6,1,0.16,equal_risk,True,18363457,0.128,,1839300,,4379602669909051751,"[""m0@0.0020"", ""m1@0.0020"", ""m2@0.0020"", ""m3@0.0020"", ""m4@0.0020"", ""m5@0.0020"", ""m6@0.0020"", ""m7@0.0020"", ""m8@0.0020"", ""m9@0.0020"", ""m10@0.0020"", ""m11@0.0020"", ""m12@0.0020"", ""m13@0.0020"", ""m14@0.0020"", ""m15@0.0020"", ""m16@0.0020"", ""m17@0.0020"", ""m18@0.0020"", ""m19@0.0020"", ""m20@0.0020"", ""m21@0.0020"", ""m22@0.0020"", ""m23@0.0020"", ""m24@0.0020"", ""m25@0.0020"", ""m26@0.0020"", ""m27@0.0020"", ""m28@0.0020"", ""m29@0.0020"", ""m30@0.0020"", ""m31@0.0020"", ""m32@0.0020"", ""m33@0.0020"", ""m34@0.0020"", ""m35@0.0020"", ""m36@0.0020"", ""m37@0.0020"", ""m38@0.0020"", ""m39@0.0020"", ""m40@0.0020"", ""m41@0.0020"", ""m42@0.0020"", ""m43@0.0020"", ""m44@0.0020"", ""m45@0.0020"", ""m46@0.0020"", ""m47@0.0020"", ""m48@0.0020"", ""m49@0.0020"", ""m50@0.0020"", ""m51@0.0020"", ""m52@0.0020"", ""m53@0.0020"", ""m54@0.0020"", ""m55@0.0020"", ""m56@0.0020"", ""m57@0.0020"", ""m58@0.0020"", ""m59@0.0020"", ""m60@0.0020"", ""m61@0.0020"", ""m62@0.0020"", ""m63@0.0020""]","[""C1"", 1000000, 0, 50000, [[400000, 700000]], 455509]"
syn_64_6_1_15,synthetic,64,6,1,0.16,proportional_risk,True,18363457,0.128,,2818100,,4379602669909051751,"[""m0@0.0020"", ""m1@0.0020"", ""m2@0.0020"", ""m3@0.0020"", ""m4@0.0020"", ""m5@0.0020"", ""m6@0.0020"", ""m7@0.0020"", ""m8@0.0020"", ""m9@0.0020"", ""m10@0.0020"", ""m11@0.0020"", ""m12@0.0020"", ""m13@0.0020"", ""m14@0.0020"", ""m15@0.0020"", ""m16@0.0020"", ""m17@0.0020"", ""m18@0.0020"", ""m19@0.0020"", ""m20@0.0020"", ""m21@0.0020"", ""m22@0.0020"", ""m23@0.0020"", ""m24@0.0020"", ""m25@0.0020"", ""m26@0.0020"", ""m27@0.0020"", ""m28@0.0020"", ""m29@0.0020"", ""m30@0.0020"", ""m31@0.0020"", ""m32@0.0020"", ""m33@0.0020"", ""m34@0.0020"", ""m35@0.0020"", ""m36@0.0020"", ""m37@0.0020"", ""m38@0.0020"", ""m39@0.0020"", ""m40@0.0020"", ""m41@0.0020"", ""m42@0.0020"", ""m43@0.0020"", ""m44@0.0020"", ""m45@0.0020"", ""m46@0.0020"", ""m47@0.0020"", ""m48@0.0020"", ""m49@0.0020"", ""m50@0.0020"", ""m51@0.0020"", ""m52@0.0020"", ""m53@0.0020"", ""m54@0.0020"", ""m55@0.0020"", ""m56@0.0020"", ""m57@0.0020"", ""m58@0.0020"", ""m59@0.0020"", ""m60@0.0020"", ""m61@0.0020"", ""m62@0.0020"", ""m63@0.0020""]","[""C1"", 1000000, 0, 50000, [[400000, 700000]], 455509]"
syn_64_6_1_15,synthetic,64,6,1,0.16,greedy_gate_catching,True,14312538,0.16,,255221900,,4379602669909051751,"[""m0@0.0020"", ""m1@0.0020"", ""m2@0.0020"", ""m3@0.0020"", ""m4@0.0020"", ""m5@0.0020"", ""m6@0.0020"", ""m7@0.0020"", ""m8@0.0020"", ""m9@0.0020"", ""m10@0.0020"", ""m11@0.0020"", ""m12@0.0020"", ""m13@0.0020"", ""m14@0.0020"", ""m15@0.0030"", ""m16@0.0020"", ""m17@0.0020"", ""m18@0.0020"", ""m19@0.0020"", ""m20@0.0020"", ""m21@0.0020"", ""m22@0.0020"", ""m23@0.0020"", ""m24@0.0020"", ""m25@0.0020"", ""m26@0.0020"", ""m27@0.0025"", ""m28@0.0020"", ""m29@0.0020"", ""m30@0.0020"", ""m31@0.0020"", ""m32@0.0020"", ""m33@0.0020"", ""m34@0.0020"", ""m35@0.0045"", ""m36@0.0020"", ""m37@0.0025"", ""m38@0.0045"", ""m39@0.0040"", ""m40@0.0020"", ""m41@0.0020"", ""m42@0.0030"", ""m43@0.0040"", ""m44@0.0020"", ""m45@0.0020"", ""m46@0.0045"", ""m47@0.0040"", ""m48@0.0020"", ""m49@0.0020"", ""m50@0.0020"", ""m51@0.0045"", ""m52@0.0020"", ""m53@0.0020"", ""m54@0.0040"", ""m55@0.0045"", ""m56@0.0020"", ""m57@0.0020"", ""m58@0.0035"", ""m59@0.0035"", ""m60@0.0020"", ""m61@0.0025"", ""m62@0.0045"", ""m63@0.0045""]","[""C1"", 1000000, 0, 50000, [[400000, 700000]], 455509]"
syn_64_6_1_16,synthetic,64,6,1,0.16,pareto_dp,True,12766400,0.16,1804.0,618024300,,7042567379425038166,"[""m0@0.0020"", ""m1@0.0020"", ""m2@0.0045"", ""m3@0.0045"", ""m4@0.0020"", ""m5@0.0020"", ""m6@0.0020"", ""m7@0.0020"", ""m8@0.0020"", ""m9@0.0020"", ""m10@0.0020"", ""m11@0.0040"", ""m12@0.0020"", ""m13@0.0020"", ""m14@0.0020"", ""m15@0.0045"", ""m16@0.0020"", ""m17@0.0020"", ""m18@0.0020"", ""m19@0.0020"", ""m20@0.0020"", ""m21@0.0020"", ""m22@0.0035"", ""m23@0.0040"", ""m24@0.0020"", ""m25@0.0020"", ""m26@0.0020"", ""m27@0.0045"", ""m28@0.0020"", ""m29@0.0020"", ""m30@0.0035"", ""m31@0.0020"", ""m32@0.0020"", ""m33@0.0020"", ""m34@0.0025"", ""m35@0.0030"", ""m36@0.0020"", ""m37@0.0020"", ""m38@0.0020"", ""m39@0.0030"", ""m40@0.0020"", ""m41@0.0020"", ""m42@0.0020"", ""m43@0.0020"", ""m44@0.0020"", ""m45@0.0020"", ""m46@0.0020"", ""m47@0.0045"", ""m48@0.0020"", ""m49@0.0020"", ""m50@0.0045"", ""m51@0.0020"", ""m52@0.0020"", ""m53@0.0020"", ""m54@0.0020"", ""m55@0.0045"", ""m56@0.0020"", ""m57@0.0020"", ""m58@0.0025"", ""m59@0.0045"", ""m60@0.0020"", ""m61@0.0020"", ""m62@0.0020"", ""m63@0.0040""]","[""C1"", 1000000, 0, 50000, [[400000, 700000]], 455509]"
syn_64_6_1_16,synthetic,64,6,1,0.16,equal_risk,True,16440481,0.128,,1836800,,7042567379425038166,"[""m0@0.0020"", ""m1@0.0020"", ""m2@0.0020"", ""m3@0.0020"", ""m4@0.0020"", ""m5@0.0020"", ""m6@0.0020"", ""m7@0.0020"", ""m8@0.0020"", ""m9@0.0020"", ""m10@0.0020"", ""m11@0.0020"", ""m12@0.0020"", ""m13@0.0020"", ""m14@0.0020"", ""m15@0.0020"", ""m16@0.0020"", ""m17@0.0020"", ""m18@0.0020"", ""m19@0.0020"", ""m20@0.0020"", ""m21@0.0020"", ""m22@0.0020"", ""m23@0.0020"", ""m24@0.0020"", ""m25@0.0020"", ""m26@0.0020"", ""m27@0.0020"", ""m28@0.0020"", ""m29@0.0020"", ""m30@0.0020"", ""m31@0.0020"", ""m32@0.0020"", ""m33@0.0020"", ""m34@0.0020"", ""m35@0.0020"", ""m36@0.0020"", ""m37@0.0020"", ""m38@0.0020"", ""m39@0.0020"", ""m40@0.0020"", ""m41@0.0020"", ""m42@0.0020"", ""m43@0.0020"", ""m44@0.0020"", ""m45@0.0020"", ""m46@0.0020"", ""m47@0.0020"", ""m48@0.0020"", ""m49@0.0020"", ""m50@0.0020"", ""m51@0.0020"", ""m52@0.0020"", ""m53@0.0020"", ""m54@0.0020"", ""m55@0.0020"", ""m56@0.0020"", ""m57@0.0020"", ""m58@0.0020"", ""m59@0.0020"", ""m60@0.0020"", ""m61@0.0020"", ""m62@0.0020"", ""m63@0.0020""]","[""C1"", 1000000, 0, 50000, [[400000, 700000]], 455509]"
syn_64_6_1_16,synthetic,64,6,1,0.16,proportional_risk,True,16440481,0.128,,2722700,,7042567379425038166,"[""m0@0.0020"", ""m1@0.0020"", ""m2@0.0020"", ""m3@0.0020"", ""m4@0.0020"", ""m5@0.0020"", ""m6@0.0020"", ""m7@0.0020"", ""m8@0.0020"", ""m9@0.0020"", ""m10@0.0020"", ""m11@0.0020"", ""m12@0.0020"", ""m13@0.0020"", ""m14@0.0020"", ""m15@0.0020"", ""m16@0.0020"", ""m17@0.0020"", ""m18@0.0020"", ""m19@0.0020"", ""m20@0.0020"", ""m21@0.0020"", ""m22@0.0020"", ""m23@0.0020"", ""m24@0.0020"", ""m25@0.0020"", ""m26@0.0020"", ""m27@0.0020"", ""m28@0.0020"", ""m29@0.0020"", ""m30@0.0020"", ""m31@0.0020"", ""m32@0.0020"", ""m33@0.0020"", ""m34@0.0020"", ""m35@0.0020"", ""m36@0.0020"", ""m37@0.0020"", ""m38@0.0020"", ""m39@0.0020"", ""m40@0.0020"", ""m41@0.0020"", ""m42@0.0020"", ""m43@0.0020"", ""m44@0.0020"", ""m45@0.0020"", ""m46@0.0020"", ""m47@0.0020"", ""m48@0.0020"", ""m49@0.0020"", ""m50@0.0020"", ""m51@0.0020"", ""m52@0.0020"", ""m53@0.0020"", ""m54@0.0020"", ""m55@0.0020"", ""m56@0.0020"", ""m57@0.0020"", ""m58@0.0020"", ""m59@0.0020"", ""m60@0.0020"", ""m61@0.0020"", ""m62@0.0020"", ""m63@0.0020""]","[""C1"", 1000000, 0, 50000, [[400000, 700000]], 455509]"
syn_64_6_1_16,synthetic,64,6,1,0.16,greedy_gate_catching,True,13908293,0.16,,253687300,,7042567379425038166,"[""m0@0.0020"", ""m1@0.0020"", ""m2@0.0020"", ""m3@0.0025"", ""m4@0.0020"", ""m5@0.0020"", ""m6@0.0020"", ""m7@0.0020"", ""m8@0.0020"", ""m9@0.0020"", ""m10@0.0020"", ""m11@0.0020"", ""m12@0.0020"", ""m13@0.0020"", ""m14@0.0020"", ""m15@0.0020"", ""m16@0.0020"", ""m17@0.0020"", ""m18@0.0020"", ""m19@0.0020"", ""m20@0.0020"", ""m21@0.0020"", ""m22@0.0020"", ""m23@0.0020"", ""m24@0.0020"", ""m25@0.0020"", ""m26@0.0020"", ""m27@0.0020"", ""m28@0.0020"", ""m29@0.0020"", ""m30@0.0020"", ""m31@0.0020"", ""m32@0.0020"", ""m33@0.0020"", ""m34@0.0035"", ""m35@0.0045"", ""m36@0.0020"", ""m37@0.0020"", ""m38@0.0030"", ""m39@0.0045"", ""m40@0.0020"", ""m41@0.0030"", ""m42@0.0045"", ""m43@0.0035"", ""m44@0.0020"", ""m45@0.0020"", ""m46@0.0035"", ""m47@0.0035"", ""m48@0.0020"", ""m49@0.0020"", ""m50@0.0035"", ""m51@0.0025"", ""m52@0.0020"", ""m53@0.0020"", ""m54@0.0040"", ""m55@0.0045"", ""m56@0.0020"", ""m57@0.0045"", ""m58@0.0045"", ""m59@0.0045"", ""m60@0.0020"", ""m61@0.0020"", ""m62@0.0020"", ""m63@0.0040""]","[""C1"", 1000000, 0, 50000, [[400000, 700000]], 455509]"
syn_64_6_1_17,synthetic,64,6,1,0.16,pareto_dp,True,15672790,0.16,1396.0,492439400,,15749496619910114936,"[""m0@0.0020"", ""m1@0.0020"", ""m2@0.0020"", ""m3@0.0045"", ""m4@0.0020"", ""m5@0.0020"", ""m6@0.0020"", ""m7@0.0040"", ""m8@0.0020"", ""m9@0.0020"", ""m10@0.0020"", ""m11@0.0020"", ""m12@0.0020"", ""m13@0.0020"", ""m14@0.0020"", ""m15@0.0045"", ""m16@0.0020"", ""m17@0.0020"", ""m18@0.0020"", ""m19@0.0045"", ""m20@0.0020"", ""m21@0.0020"", ""m22@0.0030"", ""m23@0.0040"", ""m24@0.0020"", ""m25@0.0020"", ""m26@0.0020"", ""m27@0.0045"", ""m28@0.0020"", ""m29@0.0020"", ""m30@0.0020"", ""m31@0.0045"", ""m32@0.0020"", ""m33@0.0020"", ""m34@0.0020"", ""m35@0.0020"", ""m36@0.0020"", ""m37@0.0020"", ""m38@0.0020"", ""m39@0.0025"", ""m40@0.0020"", ""m41@0.0020"", ""m42@0.0020"", ""m43@0.0040"", ""m44@0.0020"", ""m45@0.0020"", ""m46@0.0020"", ""m47@0.0040"", ""m48@0.0020"", ""m49@0.0020"", ""m50@0.0020"", ""m51@0.0045"", ""m52@0.0020"", ""m53@0.0020"", ""m54@0.0020"", ""m55@0.0045"", ""m56@0.0020"", ""m57@0.0020"", ""m58@0.0030"", ""m59@0.0020"", ""m60@0.0020"", ""m61@0.0020"", ""m62@0.0035"", ""m63@0.0045""]","[""C1"", 1000000, 0, 50000, [[400000, 700000]], 455509]"
syn_64_6_1_17,synthetic,64,6,1,0.16,equal_risk,True,20832328,0.128,,1880100,,15749496619910114936,"[""m0@0.0020"", ""m1@0.0020"", ""m2@0.0020"", ""m3@0.0020"", ""m4@0.0020"", ""m5@0.0020"", ""m6@0.0020"", ""m7@0.0020"", ""m8@0.0020"", ""m9@0.0020"", ""m10@0.0020"", ""m11@0.0020"", ""m12@0.0020"", ""m13@0.0020"", ""m14@0.0020"", ""m15@0.0020"", ""m16@0.0020"", ""m17@0.0020"", ""m18@0.0020"", ""m19@0.0020"", ""m20@0.0020"", ""m21@0.0020"", ""m22@0.0020"", ""m23@0.0020"", ""m24@0.0020"", ""m25@0.0020"", ""m26@0.0020"", ""m27@0.0020"", ""m28@0.0020"", ""m29@0.0020"", ""m30@0.0020"", ""m31@0.0020"", ""m32@0.0020"", ""m33@0.0020"", ""m34@0.0020"", ""m35@0.0020"", ""m36@0.0020"", ""m37@0.0020"", ""m38@0.0020"", ""m39@0.0020"", ""m40@0.0020"", ""m41@0.0020"", ""m42@0.0020"", ""m43@0.0020"", ""m44@0.0020"", ""m45@0.0020"", ""m46@0.0020"", ""m47@0.0020"", ""m48@0.0020"", ""m49@0.0020"", ""m50@0.0020"", ""m51@0.0020"", ""m52@0.0020"", ""m53@0.0020"", ""m54@0.0020"", ""m55@0.0020"", ""m56@0.0020"", ""m57@0.0020"", ""m58@0.0020"", ""m59@0.0020"", ""m60@0.0020"", ""m61@0.0020"", ""m62@0.0020"", ""m63@0.0020""]","[""C1"", 1000000, 0, 50000, [[400000, 700000]], 455509]"
syn_64_6_1_17,synthetic,64,6,1,0.16,proportional_risk,True,20832328,0.128,,2763800,,15749496619910114936,"[""m0@0.0020"", ""m1@0.0020"", ""m2@0.0020"", ""m3@0.0020"", ""m4@0.0020"", ""m5@0.0020"", ""m6@0.0020"", ""m7@0.0020"", ""m8@0.0020"", ""m9@0.0020"", ""m10@0.0020"", ""m11@0.0020"", ""m12@0.0020"", ""m13@0.0020"", ""m14@0.0020"", ""m15@0.0020"", ""m16@0.0020"", ""m17@0.0020"", ""m18@0.0020"", ""m19@0.0020"", ""m20@0.0020"", ""m21@0.0020"", ""m22@0.0020"", ""m23@0.0020"", ""m24@0.0020"", ""m25@0.0020"", ""m26@0.0020"", ""m27@0.0020"", ""m28@0.0020"", ""m29@0.0020"", ""m30@0.0020"", ""m31@0.0020"", ""m32@0.0020"", ""m33@0.0020"", ""m34@0.0020"", ""m35@0.0020"", ""m36@0.0020"", ""m37@0.0020"", ""m38@0.0020"", ""m39@0.0020"", ""m40@0.0020"", ""m41@0.0020"", ""m42@0.0020"", ""m43@0.0020"", ""m44@0.0020"", ""m45@0.0020"", ""m46@0.0020"", ""m47@0.0020"", ""m48@0.0020"", ""m49@0.0020"", ""m50@0.0020"", ""m51@0.0020"", ""m52@0.0020"", ""m53@0.0020"", ""m54@0.0020"", ""m55@0.0020"", ""m56@0.0020"", ""m57@0.0020"", ""m58@0.0020"", ""m59@0.0020"", ""m60@0.0020"", ""m61@0.0020"", ""m62@0.0020"", ""m63@0.0020""]","[""C1"", 1000000, 0, 50000, [[400000, 700000]], 455509]"
syn_64_6_1_17,synthetic,64,6,1,0.16,greedy_gate_catching,True,16963984,0.16,,264839100,,15749496619910114936,"[""m0@0.0020"", ""m1@0.0020"", ""m2@0.0020"", ""m3@0.0020"", ""m4@0.0020"", ""m5@0.0020"", ""m6@0.0020"", ""m7@0.0025"", ""m8@0.0020"", ""m9@0.0020"", ""m10@0.0020"", ""m11@0.0020"", ""m12@0.0020"", ""m13@0.0020"", ""m14@0.0020"", ""m15@0.0020"", ""m16@0.0020"", ""m17@0.0020"", ""m18@0.0020"", ""m19@0.0020"", ""m20@0.0020"", ""m21@0.0020"", ""m22@0.0020"", ""m23@0.0020"", ""m24@0.0020"", ""m25@0.0020"", ""m26@0.0020"", ""m27@0.0020"", ""m28@0.0020"", ""m29@0.0020"", ""m30@0.0020"", ""m31@0.0020"", ""m32@0.0020"", ""m33@0.0020"", ""m34@0.0045"", ""m35@0.0045"", ""m36@0.0020"", ""m37@0.0020"", ""m38@0.0030"", ""m39@0.0045"", ""m40@0.0020"", ""m41@0.0020"", ""m42@0.0025"", ""m43@0.0040"", ""m44@0.0020"", ""m45@0.0020"", ""m46@0.0040"", ""m47@0.0040"", ""m48@0.0020"", ""m49@0.0020"", ""m50@0.0045"", ""m51@0.0045"", ""m52@0.0020"", ""m53@0.0020"", ""m54@0.0025"", ""m55@0.0045"", ""m56@0.0020"", ""m57@0.0020"", ""m58@0.0045"", ""m59@0.0030"", ""m60@0.0020"", ""m61@0.0020"", ""m62@0.0045"", ""m63@0.0045""]","[""C1"", 1000000, 0, 50000, [[400000, 700000]], 455509]"
syn_64_6_1_18,synthetic,64,6,1,0.16,pareto_dp,True,13758049,0.16,1707.0,673320800,,2982851499139353465,"[""m0@0.0020"", ""m1@0.0020"", ""m2@0.0045"", ""m3@0.0030"", ""m4@0.0020"", ""m5@0.0020"", ""m6@0.0020"", ""m7@0.0045"", ""m8@0.0020"", ""m9@0.0020"", ""m10@0.0020"", ""m11@0.0045"", ""m12@0.0020"", ""m13@0.0020"", ""m14@0.0030"", ""m15@0.0040"", ""m16@0.0020"", ""m17@0.0020"", ""m18@0.0020"", ""m19@0.0045"", ""m20@0.0020"", ""m21@0.0020"", ""m22@0.0020"", ""m23@0.0045"", ""m24@0.0020"", ""m25@0.0020"", ""m26@0.0040"", ""m27@0.0040"", ""m28@0.0020"", ""m29@0.0020"", ""m30@0.0020"", ""m31@0.0045"", ""m32@0.0020"", ""m33@0.0020"", ""m34@0.0020"", ""m35@0.0045"", ""m36@0.0020"", ""m37@0.0020"", ""m38@0.0020"", ""m39@0.0040"", ""m40@0.0020"", ""m41@0.0020"", ""m42@0.0020"", ""m43@0.0040"", ""m44@0.0020"", ""m45@0.0020"", ""m46@0.0020"", ""m47@0.0020"", ""m48@0.0020"", ""m49@0.0020"", ""m50@0.0020"", ""m51@0.0020"", ""m52@0.0020"", ""m53@0.0020"", ""m54@0.0020"", ""m55@0.0045"", ""m56@0.0020"", ""m57@0.0020"", ""m58@0.0020"", ""m59@0.0020"", ""m60@0.0020"", ""m61@0.0020"", ""m62@0.0020"", ""m63@0.0020""]","[""C1"", 1000000, 0, 50000, [[400000, 700000]], 455509]"
syn_64_6_1_18,synthetic,64,6,1,0.16,equal_risk,True,18118242,0.128,,1928400,,2982851499139353465,"[""m0@0.0020"", ""m1@0.0020"", ""m2@0.0020"", ""m3@0.0020"", ""m4@0.0020"", ""m5@0.0020"", ""m6@0.0020"", ""m7@0.0020"", ""m8@0.0020"", ""m9@0.0020"", ""m10@0.0020"", ""m11@0.0020"", ""m12@0.0020"", ""m13@0.0020"", ""m14@0.0020"", ""m15@0.0020"", ""m16@0.0020"", ""m17@0.0020"", ""m18@0.0020"", ""m19@0.0020"", ""m20@0.0020"", ""m21@0.0020"", ""m22@0.0020"", ""m23@0.0020"", ""m24@0.0020"", ""m25@0.0020"", ""m26@0.0020"", ""m27@0.0020"", ""m28@0.0020"", ""m29@0.0020"", ""m30@0.0020"", ""m31@0.0020"", ""m32@0.0020"", ""m33@0.0020"", ""m34@0.0020"", ""m35@0.0020"", ""m36@0.0020"", ""m37@0.0020"", ""m38@0.0020"", ""m39@0.0020"", ""m40@0.0020"", ""m41@0.0020"", ""m42@0.0020"", ""m43@0.0020"", ""m44@0.0020"", ""m45@0.0020"", ""m46@0.0020"", ""m47@0.0020"", ""m48@0.0020"", ""m49@0.0020"", ""m50@0.0020"", ""m51@0.0020"", ""m52@0.0020"", ""m53@0.0020"", ""m54@0.0020"", ""m55@0.0020"", ""m56@0.0020"", ""m57@0.0020"", ""m58@0.0020"", ""m59@0.0020"", ""m60@0.0020"", ""m61@0.0020"", ""m62@0.0020"", ""m63@0.0020""]","[""C1"", 1000000, 0, 50000, [[400000, 700000]], 455509]"
syn_64_6_1_18,synthetic,64,6,1,0.16,proportional_risk,True,18118242,0.128,,2847200,,2982851499139353465,"[""m0@0.0020"", ""m1@0.0020"", ""m2@0.0020"", ""m3@0.0020"", ""m4@0.0020"", ""m5@0.0020"", ""m6@0.0020"", ""m7@0.0020"", ""m8@0.0020"", ""m9@0.0020"", ""m10@0.0020"", ""m11@0.0020"", ""m12@0.0020"", ""m13@0.0020"", ""m14@0.0020"", ""m15@0.0020"", ""m16@0.0020"", ""m17@0.0020"", ""m18@0.0020"", ""m19@0.0020"", ""m20@0.0020"", ""m21@0.0020"", ""m22@0.0020"", ""m23@0.0020"", ""m24@0.0020"", ""m25@0.0020"", ""m26@0.0020"", ""m27@0.0020"", ""m28@0.0020"", ""m29@0.0020"", ""m30@0.0020"", ""m31@0.0020"", ""m32@0.0020"", ""m33@0.0020"", ""m34@0.0020"", ""m35@0.0020"", ""m36@0.0020"", ""m37@0.0020"", ""m38@0.0020"", ""m39@0.0020"", ""m40@0.0020"", ""m41@0.0020"", ""m42@0.0020"", ""m43@0.0020"", ""m44@0.0020"", ""m45@0.0020"", ""m46@0.0020"", ""m47@0.0020"", ""m48@0.0020"", ""m49@0.0020"", ""m50@0.0020"", ""m51@0.0020"", ""m52@0.0020"", ""m53@0.0020"", ""m54@0.0020"", ""m55@0.0020"", ""m56@0.0020"", ""m57@0.0020"", ""m58@0.0020"", ""m59@0.0020"", ""m60@0.0020"", ""m61@0.0020"", ""m62@0.0020"", ""m63@0.0020""]","[""C1"", 1000000, 0, 50000, [[400000, 700000]], 455509]"
syn_64_6_1_18,synthetic,64,6,1,0.16,greedy_gate_catching,True,14979022,0.16,,263618500,,2982851499139353465,"[""m0@0.0020"", ""m1@0.0020"", ""m2@0.0020"", ""m3@0.0020"", ""m4@0.0020"", ""m5@0.0020"", ""m6@0.0020"", ""m7@0.0025"", ""m8@0.0020"", ""m9@0.0020"", ""m10@0.0020"", ""m11@0.0020"", ""m12@0.0020"", ""m13@0.0020"", ""m14@0.0020"", ""m15@0.0020"", ""m16@0.0020"", ""m17@0.0020"", ""m18@0.0020"", ""m19@0.0020"", ""m20@0.0020"", ""m21@0.0020"", ""m22@0.0020"", ""m23@0.0020"", ""m24@0.0020"", ""m25@0.0020"", ""m26@0.0020"", ""m27@0.0020"", ""m28@0.0020"", ""m29@0.0020"", ""m30@0.0020"", ""m31@0.0020"", ""m32@0.0020"", ""m33@0.0020"", ""m34@0.0040"", ""m35@0.0045"", ""m36@0.0020"", ""m37@0.0020"", ""m38@0.0025"", ""m39@0.0045"", ""m40@0.0020"", ""m41@0.0030"", ""m42@0.0045"", ""m43@0.0040"", ""m44@0.0020"", ""m45@0.0020"", ""m46@0.0020"", ""m47@0.0030"", ""m48@0.0020"", ""m49@0.0020"", ""m50@0.0045"", ""m51@0.0045"", ""m52@0.0020"", ""m53@0.0020"", ""m54@0.0045"", ""m55@0.0045"", ""m56@0.0020"", ""m57@0.0020"", ""m58@0.0045"", ""m59@0.0045"", ""m60@0.0020"", ""m61@0.0020"", ""m62@0.0020"", ""m63@0.0045""]","[""C1"", 1000000, 0, 50000, [[400000, 700000]], 455509]"
syn_64_6_1_19,synthetic,64,6,1,0.16,pareto_dp,True,15090944,0.16,1614.0,568071200,,10607010650790489956,"[""m0@0.0020"", ""m1@0.0020"", ""m2@0.0020"", ""m3@0.0045"", ""m4@0.0020"", ""m5@0.0020"", ""m6@0.0020"", ""m7@0.0020"", ""m8@0.0020"", ""m9@0.0020"", ""m10@0.0025"", ""m11@0.0045"", ""m12@0.0020"", ""m13@0.0020"", ""m14@0.0020"", ""m15@0.0035"", ""m16@0.0020"", ""m17@0.0020"", ""m18@0.0020"", ""m19@0.0045"", ""m20@0.0020"", ""m21@0.0020"", ""m22@0.0020"", ""m23@0.0020"", ""m24@0.0020"", ""m25@0.0020"", ""m26@0.0020"", ""m27@0.0045"", ""m28@0.0020"", ""m29@0.0020"", ""m30@0.0020"", ""m31@0.0045"", ""m32@0.0020"", ""m33@0.0020"", ""m34@0.0020"", ""m35@0.0045"", ""m36@0.0020"", ""m37@0.0020"", ""m38@0.0020"", ""m39@0.0040"", ""m40@0.0020"", ""m41@0.0020"", ""m42@0.0030"", ""m43@0.0045"", ""m44@0.0020"", ""m45@0.0020"", ""m46@0.0020"", ""m47@0.0020"", ""m48@0.0020"", ""m49@0.0020"", ""m50@0.0020"", ""m51@0.0045"", ""m52@0.0020"", ""m53@0.0020"", ""m54@0.0020"", ""m55@0.0045"", ""m56@0.0020"", ""m57@0.0020"", ""m58@0.0020"", ""m59@0.0040"", ""m60@0.0020"", ""m61@0.0020"", ""m62@0.0020"", ""m63@0.0045""]","[""C1"", 1000000, 0, 50000, [[400000, 700000]], 455509]"
syn_64_6_1_19,synthetic,64,6,1,0.16,equal_risk,True,19929613,0.128,,1797900,,10607010650790489956,"[""m0@0.0020"", ""m1@0.0020"", ""m2@0.0020"", ""m3@0.0020"", ""m4@0.0020"", ""m5@0.0020"", ""m6@0.0020"", ""m7@0.0020"", ""m8@0.0020"", ""m9@0.0020"", ""m10@0.0020"", ""m11@0.0020"", ""m12@0.0020"", ""m13@0.0020"", ""m14@0.0020"", ""m15@0.0020"", ""m16@0.0020"", ""m17@0.0020"", ""m18@0.0020"", ""m19@0.0020"", ""m20@0.0020"", ""m21@0.0020"", ""m22@0.0020"", ""m23@0.0020"", ""m24@0.0020"", ""m25@0.0020"", ""m26@0.0020"", ""m27@0.0020"", ""m28@0.0020"", ""m29@0.0020"", ""m30@0.0020"", ""m31@0.0020"", ""m32@0.0020"", ""m33@0.0020"", ""m34@0.0020"", ""m35@0.0020"", ""m36@0.0020"", ""m37@0.0020"", ""m38@0.0020"", ""m39@0.0020"", ""m40@0.0020"", ""m41@0.0020"", ""m42@0.0020"", ""m43@0.0020"", ""m44@0.0020"", ""m45@0.0020"", ""m46@0.0020"", ""m47@0.0020"", ""m48@0.0020"", ""m49@0.0020"", ""m50@0.0020"", ""m51@0.0020"", ""m52@0.0020"", ""m53@0.0020"", ""m54@0.0020"", ""m55@0.0020"", ""m56@0.0020"", ""m57@0.0020"", ""m58@0.0020"", ""m59@0.0020"", ""m60@0.0020"", ""m61@0.0020"", ""m62@0.0020"", ""m63@0.0020""]","[""C1"", 1000000, 0, 50000, [[400000, 700000]], 455509]"
syn_64_6_1_19,synthetic,64,6,1,0.16,proportional_risk,True,19929613,0.128,,2809000,,10607010650790489956,"[""m0@0.0020"", ""m1@0.0020"", ""m2@0.0020"", ""m3@0.0020"", ""m4@0.0020"", ""m5@0.0020"", ""m6@0.0020"", ""m7@0.0020"", ""m8@0.0020"", ""m9@0.0020"", ""m10@0.0020"", ""m11@0.0020"", ""m12@0.0020"", ""m13@0.0020"", ""m14@0.0020"", ""m15@0.0020"", ""m16@0.0020"", ""m17@0.0020"", ""m18@0.0020"", ""m19@0.0020"", ""m20@0.0020"", ""m21@0.0020"", ""m22@0.0020"", ""m23@0.0020"", ""m24@0.0020"", ""m25@0.0020"", ""m26@0.0020"", ""m27@0.0020"", ""m28@0.0020"", ""m29@0.0020"", ""m30@0.0020"", ""m31@0.0020"", ""m32@0.0020"", ""m33@0.0020"", ""m34@0.0020"", ""m35@0.0020"", ""m36@0.0020"", ""m37@0.0020"", ""m38@0.0020"", ""m39@0.0020"", ""m40@0.0020"", ""m41@0.0020"", ""m42@0.0020"", ""m43@0.0020"", ""m44@0.0020"", ""m45@0.0020"", ""m46@0.0020"", ""m47@0.0020"", ""m48@0.0020"", ""m49@0.0020"", ""m50@0.0020"", ""m51@0.0020"", ""m52@0.0020"", ""m53@0.0020"", ""m54@0.0020"", ""m55@0.0020"", ""m56@0.0020"", ""m57@0.0020"", ""m58@0.0020"", ""m59@0.0020"", ""m60@0.0020"", ""m61@0.0020"", ""m62@0.0020"", ""m63@0.0020""]","[""C1"", 1000000, 0, 50000, [[400000, 700000]], 455509]"
syn_64_6_1_19,synthetic,64,6,1,0.16,greedy_gate_catching,True,16017128,0.16,,249525300,,10607010650790489956,"[""m0@0.0020"", ""m1@0.0020"", ""m2@0.0020"", ""m3@0.0025"", ""m4@0.0020"", ""m5@0.0020"", ""m6@0.0020"", ""m7@0.0020"", ""m8@0.0020"", ""m9@0.0020"", ""m10@0.0020"", ""m11@0.0020"", ""m12@0.0020"", ""m13@0.0020"", ""m14@0.0020"", ""m15@0.0020"", ""m16@0.0020"", ""m17@0.0020"", ""m18@0.0020"", ""m19@0.0020"", ""m20@0.0020"", ""m21@0.0020"", ""m22@0.0020"", ""m23@0.0020"", ""m24@0.0020"", ""m25@0.0020"", ""m26@0.0020"", ""m27@0.0025"", ""m28@0.0020"", ""m29@0.0020"", ""m30@0.0020"", ""m31@0.0020"", ""m32@0.0020"", ""m33@0.0020"", ""m34@0.0035"", ""m35@0.0045"", ""m36@0.0020"", ""m37@0.0020"", ""m38@0.0035"", ""m39@0.0045"", ""m40@0.0020"", ""m41@0.0020"", ""m42@0.0045"", ""m43@0.0045"", ""m44@0.0020"", ""m45@0.0020"", ""m46@0.0045"", ""m47@0.0045"", ""m48@0.0020"", ""m49@0.0025"", ""m50@0.0025"", ""m51@0.0045"", ""m52@0.0020"", ""m53@0.0020"", ""m54@0.0035"", ""m55@0.0045"", ""m56@0.0020"", ""m57@0.0020"", ""m58@0.0020"", ""m59@0.0045"", ""m60@0.0020"", ""m61@0.0020"", ""m62@0.0025"", ""m63@0.0045""]","[""C1"", 1000000, 0, 50000, [[400000, 700000]], 455509]"
syn_64_6_4_00,synthetic,64,6,4,0.16,pareto_dp,True,13903240,0.16,1096.0,274149900,,3237266468058526366,"[""m0@0.0020"", ""m1@0.0020"", ""m2@0.0020"", ""m3@0.0045"", ""m4@0.0020"", ""m5@0.0020"", ""m6@0.0035"", ""m7@0.0045"", ""m8@0.0020"", ""m9@0.0020"", ""m10@0.0040"", ""m11@0.0040"", ""m12@0.0020"", ""m13@0.0020"", ""m14@0.0020"", ""m15@0.0020"", ""m16@0.0020"", ""m17@0.0020"", ""m18@0.0020"", ""m19@0.0030"", ""m20@0.0020"", ""m21@0.0020"", ""m22@0.0020"", ""m23@0.0045"", ""m24@0.0020"", ""m25@0.0020"", ""m26@0.0020"", ""m27@0.0045"", ""m28@0.0020"", ""m29@0.0020"", ""m30@0.0020"", ""m31@0.0045"", ""m32@0.0020"", ""m33@0.0020"", ""m34@0.0020"", ""m35@0.0020"", ""m36@0.0020"", ""m37@0.0020"", ""m38@0.0020"", ""m39@0.0040"", ""m40@0.0020"", ""m41@0.0020"", ""m42@0.0020"", ""m43@0.0030"", ""m44@0.0020"", ""m45@0.0020"", ""m46@0.0020"", ""m47@0.0035"", ""m48@0.0020"", ""m49@0.0020"", ""m50@0.0020"", ""m51@0.0035"", ""m52@0.0020"", ""m53@0.0020"", ""m54@0.0020"", ""m55@0.0045"", ""m56@0.0020"", ""m57@0.0020"", ""m58@0.0020"", ""m59@0.0045"", ""m60@0.0020"", ""m61@0.0020"", ""m62@0.0020"", ""m63@0.0040""]","[""C1"", 1000000, 0, 50000, [[400000, 700000]], 455509]"
syn_64_6_4_00,synthetic,64,6,4,0.16,equal_risk,True,19228763,0.128,,1848000,,3237266468058526366,"[""m0@0.0020"", ""m1@0.0020"", ""m2@0.0020"", ""m3@0.0020"", ""m4@0.0020"", ""m5@0.0020"", ""m6@0.0020"", ""m7@0.0020"", ""m8@0.0020"", ""m9@0.0020"", ""m10@0.0020"", ""m11@0.0020"", ""m12@0.0020"", ""m13@0.0020"", ""m14@0.0020"", ""m15@0.0020"", ""m16@0.0020"", ""m17@0.0020"", ""m18@0.0020"", ""m19@0.0020"", ""m20@0.0020"", ""m21@0.0020"", ""m22@0.0020"", ""m23@0.0020"", ""m24@0.0020"", ""m25@0.0020"", ""m26@0.0020"", ""m27@0.0020"", ""m28@0.0020"", ""m29@0.0020"", ""m30@0.0020"", ""m31@0.0020"", ""m32@0.0020"", ""m33@0.0020"", ""m34@0.0020"", ""m35@0.0020"", ""m36@0.0020"", ""m37@0.0020"", ""m38@0.0020"", ""m39@0.0020"", ""m40@0.0020"", ""m41@0.0020"", ""m42@0.0020"", ""m43@0.0020"", ""m44@0.0020"", ""m45@0.0020"", ""m46@0.0020"", ""m47@0.0020"", ""m48@0.0020"", ""m49@0.0020"", ""m50@0.0020"", ""m51@0.0020"", ""m52@0.0020"", ""m53@0.0020"", ""m54@0.0020"", ""m55@0.0020"", ""m56@0.0020"", ""m57@0.0020"", ""m58@0.0020"", ""m59@0.0020"", ""m60@0.0020"", ""m61@0.0020"", ""m62@0.0020"", ""m63@0.0020""]","[""C1"", 1000000, 0, 50000, [[400000, 700000]], 455509]"
syn_64_6_4_00,synthetic,64,6,4,0.16,proportional_risk,True,19228763,0.128,,2865500,,3237266468058526366,"[""m0@0.0020"", ""m1@0.0020"", ""m2@0.0020"", ""m3@0.0020"", ""m4@0.0020"", ""m5@0.0020"", ""m6@0.0020"", ""m7@0.0020"", ""m8@0.0020"", ""m9@0.0020"", ""m10@0.0020"", ""m11@0.0020"", ""m12@0.0020"", ""m13@0.0020"", ""m14@0.0020"", ""m15@0.0020"", ""m16@0.0020"", ""m17@0.0020"", ""m18@0.0020"", ""m19@0.0020"", ""m20@0.0020"", ""m21@0.0020"", ""m22@0.0020"", ""m23@0.0020"", ""m24@0.0020"", ""m25@0.0020"", ""m26@0.0020"", ""m27@0.0020"", ""m28@0.0020"", ""m29@0.0020"", ""m30@0.0020"", ""m31@0.0020"", ""m32@0.0020"", ""m33@0.0020"", ""m34@0.0020"", ""m35@0.0020"", ""m36@0.0020"", ""m37@0.0020"", ""m38@0.0020"", ""m39@0.0020"", ""m40@0.0020"", ""m41@0.0020"", ""m42@0.0020"", ""m43@0.0020"", ""m44@0.0020"", ""m45@0.0020"", ""m46@0.0020"", ""m47@0.0020"", ""m48@0.0020"", ""m49@0.0020"", ""m50@0.0020"", ""m51@0.0020"", ""m52@0.0020"", ""m53@0.0020"", ""m54@0.0020"", ""m55@0.0020"", ""m56@0.0020"", ""m57@0.0020"", ""m58@0.0020"", ""m59@0.0020"", ""m60@0.0020"", ""m61@0.0020"", ""m62@0.0020"", ""m63@0.0020""]","[""C1"", 1000000, 0, 50000, [[400000, 700000]], 455509]"
syn_64_6_4_00,synthetic,64,6,4,0.16,greedy_gate_catching,True,16960525,0.16,,249188300,,3237266468058526366,"[""m0@0.0020"", ""m1@0.0020"", ""m2@0.0020"", ""m3@0.0020"", ""m4@0.0020"", ""m5@0.0020"", ""m6@0.0020"", ""m7@0.0020"", ""m8@0.0020"", ""m9@0.0020"", ""m10@0.0020"", ""m11@0.0020"", ""m12@0.0020"", ""m13@0.0020"", ""m14@0.0020"", ""m15@0.0020"", ""m16@0.0020"", ""m17@0.0020"", ""m18@0.0020"", ""m19@0.0020"", ""m20@0.0020"", ""m21@0.0020"", ""m22@0.0020"", ""m23@0.0020"", ""m24@0.0020"", ""m25@0.0020"", ""m26@0.0020"", ""m27@0.0020"", ""m28@0.0020"", ""m29@0.0020"", ""m30@0.0020"", ""m31@0.0020"", ""m32@0.0020"", ""m33@0.0020"", ""m34@0.0020"", ""m35@0.0020"", ""m36@0.0020"", ""m37@0.0020"", ""m38@0.0020"", ""m39@0.0020"", ""m40@0.0020"", ""m41@0.0020"", ""m42@0.0020"", ""m43@0.0020"", ""m44@0.0020"", ""m45@0.0020"", ""m46@0.0020"", ""m47@0.0020"", ""m48@0.0020"", ""m49@0.0020"", ""m50@0.0020"", ""m51@0.0045"", ""m52@0.0045"", ""m53@0.0045"", ""m54@0.0045"", ""m55@0.0045"", ""m56@0.0045"", ""m57@0.0045"", ""m58@0.0045"", ""m59@0.0045"", ""m60@0.0040"", ""m61@0.0045"", ""m62@0.0045"", ""m63@0.0045""]","[""C1"", 1000000, 0, 50000, [[400000, 700000]], 455509]"
syn_64_6_4_01,synthetic,64,6,4,0.16,pareto_dp,True,14054458,0.16,1470.0,372744000,,18137032686006033800,"[""m0@0.0020"", ""m1@0.0020"", ""m2@0.0035"", ""m3@0.0020"", ""m4@0.0020"", ""m5@0.0020"", ""m6@0.0020"", ""m7@0.0045"", ""m8@0.0020"", ""m9@0.0020"", ""m10@0.0020"", ""m11@0.0045"", ""m12@0.0020"", ""m13@0.0020"", ""m14@0.0020"", ""m15@0.0045"", ""m16@0.0020"", ""m17@0.0020"", ""m18@0.0040"", ""m19@0.0030"", ""m20@0.0020"", ""m21@0.0020"", ""m22@0.0020"", ""m23@0.0045"", ""m24@0.0020"", ""m25@0.0020"", ""m26@0.0020"", ""m27@0.0035"", ""m28@0.0020"", ""m29@0.0020"", ""m30@0.0020"", ""m31@0.0035"", ""m32@0.0020"", ""m33@0.0020"", ""m34@0.0020"", ""m35@0.0045"", ""m36@0.0020"", ""m37@0.0020"", ""m38@0.0020"", ""m39@0.0040"", ""m40@0.0020"", ""m41@0.0020"", ""m42@0.0020"", ""m43@0.0045"", ""m44@0.0020"", ""m45@0.0020"", ""m46@0.0020"", ""m47@0.0020"", ""m48@0.0020"", ""m49@0.0020"", ""m50@0.0020"", ""m51@0.0045"", ""m52@0.0020"", ""m53@0.0020"", ""m54@0.0020"", ""m55@0.0045"", ""m56@0.0020"", ""m57@0.0020"", ""m58@0.0020"", ""m59@0.0020"", ""m60@0.0020"", ""m61@0.0020"", ""m62@0.0020"", ""m63@0.0045""]","[""C1"", 1000000, 0, 50000, [[400000, 700000]], 455509]"
syn_64_6_4_01,synthetic,64,6,4,0.16,equal_risk,True,18922807,0.128,,1828000,,18137032686006033800,"[""m0@0.0020"", ""m1@0.0020"", ""m2@0.0020"", ""m3@0.0020"", ""m4@0.0020"", ""m5@0.0020"", ""m6@0.0020"", ""m7@0.0020"", ""m8@0.0020"", ""m9@0.0020"", ""m10@0.0020"", ""m11@0.0020"", ""m12@0.0020"", ""m13@0.0020"", ""m14@0.0020"", ""m15@0.0020"", ""m16@0.0020"", ""m17@0.0020"", ""m18@0.0020"", ""m19@0.0020"", ""m20@0.0020"", ""m21@0.0020"", ""m22@0.0020"", ""m23@0.0020"", ""m24@0.0020"", ""m25@0.0020"", ""m26@0.0020"", ""m27@0.0020"", ""m28@0.0020"", ""m29@0.0020"", ""m30@0.0020"", ""m31@0.0020"", ""m32@0.0020"", ""m33@0.0020"", ""m34@0.0020"", ""m35@0.0020"", ""m36@0.0020"", ""m37@0.0020"", ""m38@0.0020"", ""m39@0.0020"", ""m40@0.0020"", ""m41@0.0020"", ""m42@0.0020"", ""m43@0.0020"", ""m44@0.0020"", ""m45@0.0020"", ""m46@0.0020"", ""m47@0.0020"", ""m48@0.0020"", ""m49@0.0020"", ""m50@0.0020"", ""m51@0.0020"", ""m52@0.0020"", ""m53@0.0020"", ""m54@0.0020"", ""m55@0.0020"", ""m56@0.0020"", ""m57@0.0020"", ""m58@0.0020"", ""m59@0.0020"", ""m60@0.0020"", ""m61@0.0020"", ""m62@0.0020"", ""m63@0.0020""]","[""C1"", 1000000, 0, 50000, [[400000, 700000]], 455509]"
syn_64_6_4_01,synthetic,64,6,4,0.16,proportional_risk,True,18922807,0.128,,2774600,,18137032686006033800,"[""m0@0.0020"", ""m1@0.0020"", ""m2@0.0020"", ""m3@0.0020"", ""m4@0.0020"", ""m5@0.0020"", ""m6@0.0020"", ""m7@0.0020"", ""m8@0.0020"", ""m9@0.0020"", ""m10@0.0020"", ""m11@0.0020"", ""m12@0.0020"", ""m13@0.0020"", ""m14@0.0020"", ""m15@0.0020"", ""m16@0.0020"", ""m17@0.0020"", ""m18@0.0020"", ""m19@0.0020"", ""m20@0.0020"", ""m21@0.0020"", ""m22@0.0020"", ""m23@0.0020"", ""m24@0.0020"", ""m25@0.0020"", ""m26@0.0020"", ""m27@0.0020"", ""m28@0.0020"", ""m29@0.0020"", ""m30@0.0020"", ""m31@0.0020"", ""m32@0.0020"", ""m33@0.0020"", ""m34@0.0020"", ""m35@0.0020"", ""m36@0.0020"", ""m37@0.0020"", ""m38@0.0020"", ""m39@0.0020"", ""m40@0.0020"", ""m41@0.0020"", ""m42@0.0020"", ""m43@0.0020"", ""m44@0.0020"", ""m45@0.0020"", ""m46@0.0020"", ""m47@0.0020"", ""m48@0.0020"", ""m49@0.0020"", ""m50@0.0020"", ""m51@0.0020"", ""m52@0.0020"", ""m53@0.0020"", ""m54@0.0020"", ""m55@0.0020"", ""m56@0.0020"", ""m57@0.0020"", ""m58@0.0020"", ""m59@0.0020"", ""m60@0.0020"", ""m61@0.0020"", ""m62@0.0020"", ""m63@0.0020""]","[""C1"", 1000000, 0, 50000, [[400000, 700000]], 455509]"
syn_64_6_4_01,synthetic,64,6,4,0.16,greedy_gate_catching,True,17252535,0.16,,248088000,,18137032686006033800,"[""m0@0.0020"", ""m1@0.0020"", ""m2@0.0020"", ""m3@0.0020"", ""m4@0.0020"", ""m5@0.0020"", ""m6@0.0020"", ""m7@0.0020"", ""m8@0.0020"", ""m9@0.0020"", ""m10@0.0020"", ""m11@0.0020"", ""m12@0.0020"", ""m13@0.0020"", ""m14@0.0020"", ""m15@0.0020"", ""m16@0.0020"", ""m17@0.0020"", ""m18@0.0020"", ""m19@0.0020"", ""m20@0.0020"", ""m21@0.0020"", ""m22@0.0020"", ""m23@0.0020"", ""m24@0.0020"", ""m25@0.0020"", ""m26@0.0020"", ""m27@0.0020"", ""m28@0.0020"", ""m29@0.0020"", ""m30@0.0020"", ""m31@0.0020"", ""m32@0.0020"", ""m33@0.0020"", ""m34@0.0020"", ""m35@0.0020"", ""m36@0.0020"", ""m37@0.0020"", ""m38@0.0020"", ""m39@0.0020"", ""m40@0.0020"", ""m41@0.0020"", ""m42@0.0020"", ""m43@0.0020"", ""m44@0.0020"", ""m45@0.0020"", ""m46@0.0020"", ""m47@0.0020"", ""m48@0.0020"", ""m49@0.0020"", ""m50@0.0020"", ""m51@0.0045"", ""m52@0.0045"", ""m53@0.0045"", ""m54@0.0040"", ""m55@0.0045"", ""m56@0.0045"", ""m57@0.0045"", ""m58@0.0045"", ""m59@0.0045"", ""m60@0.0045"", ""m61@0.0045"", ""m62@0.0045"", ""m63@0.0045""]","[""C1"", 1000000, 0, 50000, [[400000, 700000]], 455509]"
syn_64_6_4_02,synthetic,64,6,4,0.16,pareto_dp,True,13462358,0.16,1543.0,414527300,,11646875730820925559,"[""m0@0.0020"", ""m1@0.0020"", ""m2@0.0020"", ""m3@0.0020"", ""m4@0.0020"", ""m5@0.0020"", ""m6@0.0035"", ""m7@0.0020"", ""m8@0.0020"", ""m9@0.0020"", ""m10@0.0045"", ""m11@0.0020"", ""m12@0.0020"", ""m13@0.0020"", ""m14@0.0025"", ""m15@0.0045"", ""m16@0.0020"", ""m17@0.0020"", ""m18@0.0025"", ""m19@0.0045"", ""m20@0.0020"", ""m21@0.0020"", ""m22@0.0020"", ""m23@0.0040"", ""m24@0.0020"", ""m25@0.0020"", ""m26@0.0030"", ""m27@0.0045"", ""m28@0.0020"", ""m29@0.0020"", ""m30@0.0020"", ""m31@0.0045"", ""m32@0.0020"", ""m33@0.0020"", ""m34@0.0020"", ""m35@0.0045"", ""m36@0.0020"", ""m37@0.0020"", ""m38@0.0020"", ""m39@0.0045"", ""m40@0.0020"", ""m41@0.0020"", ""m42@0.0020"", ""m43@0.0020"", ""m44@0.0020"", ""m45@0.0020"", ""m46@0.0035"", ""m47@0.0020"", ""m48@0.0020"", ""m49@0.0020"", ""m50@0.0020"", ""m51@0.0020"", ""m52@0.0020"", ""m53@0.0020"", ""m54@0.0020"", ""m55@0.0045"", ""m56@0.0020"", ""m57@0.0020"", ""m58@0.0020"", ""m59@0.0045"", ""m60@0.0020"", ""m61@0.0020"", ""m62@0.0020"", ""m63@0.0045""]","[""C1"", 1000000, 0, 50000, [[400000, 700000]], 455509]"
syn_64_6_4_02,synthetic,64,6,4,0.16,equal_risk,True,18257277,0.128,,1800800,,11646875730820925559,"[""m0@0.0020"", ""m1@0.0020"", ""m2@0.0020"", ""m3@0.0020"", ""m4@0.0020"", ""m5@0.0020"", ""m6@0.0020"", ""m7@0.0020"", ""m8@0.0020"", ""m9@0.0020"", ""m10@0.0020"", ""m11@0.0020"", ""m12@0.0020"", ""m13@0.0020"", ""m14@0.0020"", ""m15@0.0020"", ""m16@0.0020"", ""m17@0.0020"", ""m18@0.0020"", ""m19@0.0020"", ""m20@0.0020"", ""m21@0.0020"", ""m22@0.0020"", ""m23@0.0020"", ""m24@0.0020"", ""m25@0.0020"", ""m26@0.0020"", ""m27@0.0020"", ""m28@0.0020"", ""m29@0.0020"", ""m30@0.0020"", ""m31@0.0020"", ""m32@0.0020"", ""m33@0.0020"", ""m34@0.0020"", ""m35@0.0020"", ""m36@0.0020"", ""m37@0.0020"", ""m38@0.0020"", ""m39@0.0020"", ""m40@0.0020"", ""m41@0.0020"", ""m42@0.0020"", ""m43@0.0020"", ""m44@0.0020"", ""m45@0.0020"", ""m46@0.0020"", ""m47@0.0020"", ""m48@0.0020"", ""m49@0.0020"", ""m50@0.0020"", ""m51@0.0020"", ""m52@0.0020"", ""m53@0.0020"", ""m54@0.0020"", ""m55@0.0020"", ""m56@0.0020"", ""m57@0.0020"", ""m58@0.0020"", ""m59@0.0020"", ""m60@0.0020"", ""m61@0.0020"", ""m62@0.0020"", ""m63@0.0020""]","[""C1"", 1000000, 0, 50000, [[400000, 700000]], 455509]"
syn_64_6_4_02,synthetic,64,6,4,0.16,proportional_risk,True,18257277,0.128,,2737100,,11646875730820925559,"[""m0@0.0020"", ""m1@0.0020"", ""m2@0.0020"", ""m3@0.0020"", ""m4@0.0020"", ""m5@0.0020"", ""m6@0.0020"", ""m7@0.0020"", ""m8@0.0020"", ""m9@0.0020"", ""m10@0.0020"", ""m11@0.0020"", ""m12@0.0020"", ""m13@0.0020"", ""m14@0.0020"", ""m15@0.0020"", ""m16@0.0020"", ""m17@0.0020"", ""m18@0.0020"", ""m19@0.0020"", ""m20@0.0020"", ""m21@0.0020"", ""m22@0.0020"", ""m23@0.0020"", ""m24@0.0020"", ""m25@0.0020"", ""m26@0.0020"", ""m27@0.0020"", ""m28@0.0020"", ""m29@0.0020"", ""m30@0.0020"", ""m31@0.0020"", ""m32@0.0020"", ""m33@0.0020"", ""m34@0.0020"", ""m35@0.0020"", ""m36@0.0020"", ""m37@0.0020"", ""m38@0.0020"", ""m39@0.0020"", ""m40@0.0020"", ""m41@0.0020"", ""m42@0.0020"", ""m43@0.0020"", ""m44@0.0020"", ""m45@0.0020"", ""m46@0.0020"", ""m47@0.0020"", ""m48@0.0020"", ""m49@0.0020"", ""m50@0.0020"", ""m51@0.0020"", ""m52@0.0020"", ""m53@0.0020"", ""m54@0.0020"", ""m55@0.0020"", ""m56@0.0020"", ""m57@0.0020"", ""m58@0.0020"", ""m59@0.0020"", ""m60@0.0020"", ""m61@0.0020"", ""m62@0.0020"", ""m63@0.0020""]","[""C1"", 1000000, 0, 50000, [[400000, 700000]], 455509]"
syn_64_6_4_02,synthetic,64,6,4,0.16,greedy_gate_catching,True,16371367,0.16,,243958800,,11646875730820925559,"[""m0@0.0020"", ""m1@0.0020"", ""m2@0.0020"", ""m3@0.0020"", ""m4@0.0020"", ""m5@0.0020"", ""m6@0.0020"", ""m7@0.0020"", ""m8@0.0020"", ""m9@0.0020"", ""m10@0.0020"", ""m11@0.0020"", ""m12@0.0020"", ""m13@0.0020"", ""m14@0.0020"", ""m15@0.0020"", ""m16@0.0020"", ""m17@0.0020"", ""m18@0.0020"", ""m19@0.0020"", ""m20@0.0020"", ""m21@0.0020"", ""m22@0.0020"", ""m23@0.0020"", ""m24@0.0020"", ""m25@0.0020"", ""m26@0.0020"", ""m27@0.0020"", ""m28@0.0020"", ""m29@0.0020"", ""m30@0.0020"", ""m31@0.0020"", ""m32@0.0020"", ""m33@0.0020"", ""m34@0.0020"", ""m35@0.0020"", ""m36@0.0020"", ""m37@0.0020"", ""m38@0.0020"", ""m39@0.0020"", ""m40@0.0020"", ""m41@0.0020"", ""m42@0.0020"", ""m43@0.0020"", ""m44@0.0020"", ""m45@0.0020"", ""m46@0.0020"", ""m47@0.0020"", ""m48@0.0020"", ""m49@0.0020"", ""m50@0.0020"", ""m51@0.0045"", ""m52@0.0045"", ""m53@0.0045"", ""m54@0.0045"", ""m55@0.0045"", ""m56@0.0040"", ""m57@0.0045"", ""m58@0.0045"", ""m59@0.0045"", ""m60@0.0045"", ""m61@0.0045"", ""m62@0.0045"", ""m63@0.0045""]","[""C1"", 1000000, 0, 50000, [[400000, 700000]], 455509]"
syn_64_6_4_03,synthetic,64,6,4,0.16,pareto_dp,True,14086359,0.16,1852.0,516331900,,15197946856177911277,"[""m0@0.0020"", ""m1@0.0020"", ""m2@0.0025"", ""m3@0.0040"", ""m4@0.0020"", ""m5@0.0020"", ""m6@0.0040"", ""m7@0.0035"", ""m8@0.0020"", ""m9@0.0020"", ""m10@0.0040"", ""m11@0.0040"", ""m12@0.0020"", ""m13@0.0020"", ""m14@0.0020"", ""m15@0.0045"", ""m16@0.0020"", ""m17@0.0020"", ""m18@0.0025"", ""m19@0.0045"", ""m20@0.0020"", ""m21@0.0020"", ""m22@0.0020"", ""m23@0.0040"", ""m24@0.0020"", ""m25@0.0020"", ""m26@0.0035"", ""m27@0.0020"", ""m28@0.0020"", ""m29@0.0020"", ""m30@0.0020"", ""m31@0.0025"", ""m32@0.0020"", ""m33@0.0020"", ""m34@0.0035"", ""m35@0.0020"", ""m36@0.0020"", ""m37@0.0020"", ""m38@0.0040"", ""m39@0.0020"", ""m40@0.0020"", ""m41@0.0020"", ""m42@0.0020"", ""m43@0.0020"", ""m44@0.0020"", ""m45@0.0020"", ""m46@0.0020"", ""m47@0.0045"", ""m48@0.0020"", ""m49@0.0020"", ""m50@0.0020"", ""m51@0.0020"", ""m52@0.0020"", ""m53@0.0020"", ""m54@0.0020"", ""m55@0.0045"", ""m56@0.0020"", ""m57@0.0020"", ""m58@0.0035"", ""m59@0.0020"", ""m60@0.0020"", ""m61@0.0020"", ""m62@0.0020"", ""m63@0.0045""]","[""C1"", 1000000, 0, 50000, [[400000, 700000]], 455509]"
syn_64_6_4_03,synthetic,64,6,4,0.16,equal_risk,True,20017559,0.128,,1844100,,15197946856177911277,"[""m0@0.0020"", ""m1@0.0020"", ""m2@0.0020"", ""m3@0.0020"", ""m4@0.0020"", ""m5@0.0020"", ""m6@0.0020"", ""m7@0.0020"", ""m8@0.0020"", ""m9@0.0020"", ""m10@0.0020"", ""m11@0.0020"", ""m12@0.0020"", ""m13@0.0020"", ""m14@0.0020"", ""m15@0.0020"", ""m16@0.0020"", ""m17@0.0020"", ""m18@0.0020"", ""m19@0.0020"", ""m20@0.0020"", ""m21@0.0020"", ""m22@0.0020"", ""m23@0.0020"", ""m24@0.0020"", ""m25@0.0020"", ""m26@0.0020"", ""m27@0.0020"", ""m28@0.0020"", ""m29@0.0020"", ""m30@0.0020"", ""m31@0.0020"", ""m32@0.0020"", ""m33@0.0020"", ""m34@0.0020"", ""m35@0.0020"", ""m36@0.0020"", ""m37@0.0020"", ""m38@0.0020"", ""m39@0.0020"", ""m40@0.0020"", ""m41@0.0020"", ""m42@0.0020"", ""m43@0.0020"", ""m44@0.0020"", ""m45@0.0020"", ""m46@0.0020"", ""m47@0.0020"", ""m48@0.0020"", ""m49@0.0020"", ""m50@0.0020"", ""m51@0.0020"", ""m52@0.0020"", ""m53@0.0020"", ""m54@0.0020"", ""m55@0.0020"", ""m56@0.0020"", ""m57@0.0020"", ""m58@0.0020"", ""m59@0.0020"", ""m60@0.0020"", ""m61@0.0020"", ""m62@0.0020"", ""m63@0.0020""]","[""C1"", 1000000, 0, 50000, [[400000, 700000]], 455509]"
syn_64_6_4_03,synthetic,64,6,4,0.16,proportional_risk,True,20017559,0.128,,2724500,,15197946856177911277,"[""m0@0.0020"", ""m1@0.0020"", ""m2@0.0020"", ""m3@0.0020"", ""m4@0.0020"", ""m5@0.0020"", ""m6@0.0020"", ""m7@0.0020"", ""m8@0.0020"", ""m9@0.0020"", ""m10@0.0020"", ""m11@0.0020"", ""m12@0.0020"", ""m13@0.0020"", ""m14@0.0020"", ""m15@0.0020"", ""m16@0.0020"", ""m17@0.0020"", ""m18@0.0020"", ""m19@0.0020"", ""m20@0.0020"", ""m21@0.0020"", ""m22@0.0020"", ""m23@0.0020"", ""m24@0.0020"", ""m25@0.0020"", ""m26@0.0020"", ""m27@0.0020"", ""m28@0.0020"", ""m29@0.0020"", ""m30@0.0020"", ""m31@0.0020"", ""m32@0.0020"", ""m33@0.0020"", ""m34@0.0020"", ""m35@0.0020"", ""m36@0.0020"", ""m37@0.0020"", ""m38@0.0020"", ""m39@0.0020"", ""m40@0.0020"", ""m41@0.0020"", ""m42@0.0020"", ""m43@0.0020"", ""m44@0.0020"", ""m45@0.0020"", ""m46@0.0020"", ""m47@0.0020"", ""m48@0.0020"", ""m49@0.0020"", ""m50@0.0020"", ""m51@0.0020"", ""m52@0.0020"", ""m53@0.0020"", ""m54@0.0020"", ""m55@0.0020"", ""m56@0.0020"", ""m57@0.0020"", ""m58@0.0020"", ""m59@0.0020"", ""m60@0.0020"", ""m61@0.0020"", ""m62@0.0020"", ""m63@0.0020""]","[""C1"", 1000000, 0, 50000, [[400000, 700000]], 455509]"
syn_64_6_4_03,synthetic,64,6,4,0.16,greedy_gate_catching,True,17180734,0.16,,247306900,,15197946856177911277,"[""m0@0.0020"", ""m1@0.0025"", ""m2@0.0020"", ""m3@0.0020"", ""m4@0.0020"", ""m5@0.0020"", ""m6@0.0020"", ""m7@0.0020"", ""m8@0.0020"", ""m9@0.0020"", ""m10@0.0020"", ""m11@0.0020"", ""m12@0.0020"", ""m13@0.0020"", ""m14@0.0020"", ""m15@0.0020"", ""m16@0.0020"", ""m17@0.0020"", ""m18@0.0020"", ""m19@0.0020"", ""m20@0.0020"", ""m21@0.0020"", ""m22@0.0020"", ""m23@0.0020"", ""m24@0.0020"", ""m25@0.0020"", ""m26@0.0020"", ""m27@0.0020"", ""m28@0.0020"", ""m29@0.0020"", ""m30@0.0020"", ""m31@0.0020"", ""m32@0.0020"", ""m33@0.0020"", ""m34@0.0020"", ""m35@0.0020"", ""m36@0.0020"", ""m37@0.0020"", ""m38@0.0020"", ""m39@0.0020"", ""m40@0.0020"", ""m41@0.0020"", ""m42@0.0020"", ""m43@0.0020"", ""m44@0.0020"", ""m45@0.0020"", ""m46@0.0020"", ""m47@0.0020"", ""m48@0.0020"", ""m49@0.0020"", ""m50@0.0020"", ""m51@0.0045"", ""m52@0.0035"", ""m53@0.0045"", ""m54@0.0045"", ""m55@0.0045"", ""m56@0.0045"", ""m57@0.0045"", ""m58@0.0045"", ""m59@0.0045"", ""m60@0.0045"", ""m61@0.0045"", ""m62@0.0045"", ""m63@0.0045""]","[""C1"", 1000000, 0, 50000, [[400000, 700000]], 455509]"
syn_64_6_4_04,synthetic,64,6,4,0.16,pareto_dp,True,13686810,0.16,1629.0,435636100,,516068869110973095,"[""m0@0.0020"", ""m1@0.0020"", ""m2@0.0035"", ""m3@0.0035"", ""m4@0.0020"", ""m5@0.0020"", ""m6@0.0020"", ""m7@0.0025"", ""m8@0.0020"", ""m9@0.0020"", ""m10@0.0035"", ""m11@0.0020"", ""m12@0.0020"", ""m13@0.0020"", ""m14@0.0020"", ""m15@0.0035"", ""m16@0.0020"", ""m17@0.0020"", ""m18@0.0020"", ""m19@0.0035"", ""m20@0.0020"", ""m21@0.0020"", ""m22@0.0020"", ""m23@0.0045"", ""m24@0.0020"", ""m25@0.0020"", ""m26@0.0020"", ""m27@0.0020"", ""m28@0.0020"", ""m29@0.0020"", ""m30@0.0020"", ""m31@0.0020"", ""m32@0.0020"", ""m33@0.0020"", ""m34@0.0020"", ""m35@0.0045"", ""m36@0.0020"", ""m37@0.0020"", ""m38@0.0020"", ""m39@0.0045"", ""m40@0.0020"", ""m41@0.0020"", ""m42@0.0020"", ""m43@0.0045"", ""m44@0.0020"", ""m45@0.0020"", ""m46@0.0040"", ""m47@0.0040"", ""m48@0.0020"", ""m49@0.0020"", ""m50@0.0020"", ""m51@0.0040"", ""m52@0.0020"", ""m53@0.0020"", ""m54@0.0035"", ""m55@0.0035"", ""m56@0.0020"", ""m57@0.0020"", ""m58@0.0020"", ""m59@0.0045"", ""m60@0.0020"", ""m61@0.0020"", ""m62@0.0020"", ""m63@0.0045""]","[""C1"", 1000000, 0, 50000, [[400000, 700000]], 455509]"
syn_64_6_4_04,synthetic,64,6,4,0.16,equal_risk,True,18700456,0.128,,1928000,,516068869110973095,"[""m0@0.0020"", ""m1@0.0020"", ""m2@0.0020"", ""m3@0.0020"", ""m4@0.0020"", ""m5@0.0020"", ""m6@0.0020"", ""m7@0.0020"", ""m8@0.0020"", ""m9@0.0020"", ""m10@0.0020"", ""m11@0.0020"", ""m12@0.0020"", ""m13@0.0020"", ""m14@0.0020"", ""m15@0.0020"", ""m16@0.0020"", ""m17@0.0020"", ""m18@0.0020"", ""m19@0.0020"", ""m20@0.0020"", ""m21@0.0020"", ""m22@0.0020"", ""m23@0.0020"", ""m24@0.0020"", ""m25@0.0020"", ""m26@0.0020"", ""m27@0.0020"", ""m28@0.0020"", ""m29@0.0020"", ""m30@0.0020"", ""m31@0.0020"", ""m32@0.0020"", ""m33@0.0020"", ""m34@0.0020"", ""m35@0.0020"", ""m36@0.0020"", ""m37@0.0020"", ""m38@0.0020"", ""m39@0.0020"", ""m40@0.0020"", ""m41@0.0020"", ""m42@0.0020"", ""m43@0.0020"", ""m44@0.0020"", ""m45@0.0020"", ""m46@0.0020"", ""m47@0.0020"", ""m48@0.0020"", ""m49@0.0020"", ""m50@0.0020"", ""m51@0.0020"", ""m52@0.0020"", ""m53@0.0020"", ""m54@0.0020"", ""m55@0.0020"", ""m56@0.0020"", ""m57@0.0020"", ""m58@0.0020"", ""m59@0.0020"", ""m60@0.0020"", ""m61@0.0020"", ""m62@0.0020"", ""m63@0.0020""]","[""C1"", 1000000, 0, 50000, [[400000, 700000]], 455509]"
syn_64_6_4_04,synthetic,64,6,4,0.16,proportional_risk,True,18700456,0.128,,2797000,,516068869110973095,"[""m0@0.0020"", ""m1@0.0020"", ""m2@0.0020"", ""m3@0.0020"", ""m4@0.0020"", ""m5@0.0020"", ""m6@0.0020"", ""m7@0.0020"", ""m8@0.0020"", ""m9@0.0020"", ""m10@0.0020"", ""m11@0.0020"", ""m12@0.0020"", ""m13@0.0020"", ""m14@0.0020"", ""m15@0.0020"", ""m16@0.0020"", ""m17@0.0020"", ""m18@0.0020"", ""m19@0.0020"", ""m20@0.0020"", ""m21@0.0020"", ""m22@0.0020"", ""m23@0.0020"", ""m24@0.0020"", ""m25@0.0020"", ""m26@0.0020"", ""m27@0.0020"", ""m28@0.0020"", ""m29@0.0020"", ""m30@0.0020"", ""m31@0.0020"", ""m32@0.0020"", ""m33@0.0020"", ""m34@0.0020"", ""m35@0.0020"", ""m36@0.0020"", ""m37@0.0020"", ""m38@0.0020"", ""m39@0.0020"", ""m40@0.0020"", ""m41@0.0020"", ""m42@0.0020"", ""m43@0.0020"", ""m44@0.0020"", ""m45@0.0020"", ""m46@0.0020"", ""m47@0.0020"", ""m48@0.0020"", ""m49@0.0020"", ""m50@0.0020"", ""m51@0.0020"", ""m52@0.0020"", ""m53@0.0020"", ""m54@0.0020"", ""m55@0.0020"", ""m56@0.0020"", ""m57@0.0020"", ""m58@0.0020"", ""m59@0.0020"", ""m60@0.0020"", ""m61@0.0020"", ""m62@0.0020"", ""m63@0.0020""]","[""C1"", 1000000, 0, 50000, [[400000, 700000]], 455509]"
syn_64_6_4_04,synthetic,64,6,4,0.16,greedy_gate_catching,True,17171601,0.16,,246340200,,516068869110973095,"[""m0@0.0020"", ""m1@0.0020"", ""m2@0.0020"", ""m3@0.0020"", ""m4@0.0020"", ""m5@0.0020"", ""m6@0.0020"", ""m7@0.0020"", ""m8@0.0020"", ""m9@0.0020"", ""m10@0.0020"", ""m11@0.0020"", ""m12@0.0020"", ""m13@0.0020"", ""m14@0.0020"", ""m15@0.0020"", ""m16@0.0020"", ""m17@0.0020"", ""m18@0.0020"", ""m19@0.0020"", ""m20@0.0020"", ""m21@0.0020"", ""m22@0.0020"", ""m23@0.0020"", ""m24@0.0020"", ""m25@0.0020"", ""m26@0.0020"", ""m27@0.0020"", ""m28@0.0020"", ""m29@0.0020"", ""m30@0.0020"", ""m31@0.0020"", ""m32@0.0020"", ""m33@0.0020"", ""m34@0.0020"", ""m35@0.0020"", ""m36@0.0020"", ""m37@0.0020"", ""m38@0.0020"", ""m39@0.0025"", ""m40@0.0020"", ""m41@0.0020"", ""m42@0.0020"", ""m43@0.0020"", ""m44@0.0020"", ""m45@0.0020"", ""m46@0.0020"", ""m47@0.0020"", ""m48@0.0020"", ""m49@0.0020"", ""m50@0.0020"", ""m51@0.0045"", ""m52@0.0045"", ""m53@0.0045"", ""m54@0.0045"", ""m55@0.0035"", ""m56@0.0045"", ""m57@0.0045"", ""m58@0.0045"", ""m59@0.0045"", ""m60@0.0045"", ""m61@0.0045"", ""m62@0.0045"", ""m63@0.0045""]","[""C1"", 1000000, 0, 50000, [[400000, 700000]], 455509]"
syn_64_6_4_05,synthetic,64,6,4,0.16,pareto_dp,True,13829327,0.16,1225.0,347621900,,18097480935614108965,"[""m0@0.0020"", ""m1@0.0020"", ""m2@0.0020"", ""m3@0.0045"", ""m4@0.0020"", ""m5@0.0020"", ""m6@0.0020"", ""m7@0.0045"", ""m8@0.0020"", ""m9@0.0020"", ""m10@0.0020"", ""m11@0.0035"", ""m12@0.0020"", ""m13@0.0020"", ""m14@0.0020"", ""m15@0.0045"", ""m16@0.0020"", ""m17@0.0020"", ""m18@0.0020"", ""m19@0.0025"", ""m20@0.0020"", ""m21@0.0020"", ""m22@0.0020"", ""m23@0.0040"", ""m24@0.0020"", ""m25@0.0020"", ""m26@0.0020"", ""m27@0.0020"", ""m28@0.0020"", ""m29@0.0020"", ""m30@0.0020"", ""m31@0.0040"", ""m32@0.0020"", ""m33@0.0020"", ""m34@0.0020"", ""m35@0.0040"", ""m36@0.0020"", ""m37@0.0020"", ""m38@0.0045"", ""m39@0.0045"", ""m40@0.0020"", ""m41@0.0020"", ""m42@0.0020"", ""m43@0.0045"", ""m44@0.0020"", ""m45@0.0020"", ""m46@0.0045"", ""m47@0.0045"", ""m48@0.0020"", ""m49@0.0020"", ""m50@0.0020"", ""m51@0.0040"", ""m52@0.0020"", ""m53@0.0020"", ""m54@0.0020"", ""m55@0.0020"", ""m56@0.0020"", ""m57@0.0020"", ""m58@0.0020"", ""m59@0.0040"", ""m60@0.0020"", ""m61@0.0020"", ""m62@0.0020"", ""m63@0.0020""]","[""C1"", 1000000, 0, 50000, [[400000, 700000]], 455509]"
syn_64_6_4_05,synthetic,64,6,4,0.16,equal_risk,True,19222581,0.128,,1838500,,18097480935614108965,"[""m0@0.0020"", ""m1@0.0020"", ""m2@0.0020"", ""m3@0.0020"", ""m4@0.0020"", ""m5@0.0020"", ""m6@0.0020"", ""m7@0.0020"", ""m8@0.0020"", ""m9@0.0020"", ""m10@0.0020"", ""m11@0.0020"", ""m12@0.0020"", ""m13@0.0020"", ""m14@0.0020"", ""m15@0.0020"", ""m16@0.0020"", ""m17@0.0020"", ""m18@0.0020"", ""m19@0.0020"", ""m20@0.0020"", ""m21@0.0020"", ""m22@0.0020"", ""m23@0.0020"", ""m24@0.0020"", ""m25@0.0020"", ""m26@0.0020"", ""m27@0.0020"", ""m28@0.0020"", ""m29@0.0020"", ""m30@0.0020"", ""m31@0.0020"", ""m32@0.0020"", ""m33@0.0020"", ""m34@0.0020"", ""m35@0.0020"", ""m36@0.0020"", ""m37@0.0020"", ""m38@0.0020"", ""m39@0.0020"", ""m40@0.0020"", ""m41@0.0020"", ""m42@0.0020"", ""m43@0.0020"", ""m44@0.0020"", ""m45@0.0020"", ""m46@0.0020"", ""m47@0.0020"", ""m48@0.0020"", ""m49@0.0020"", ""m50@0.0020"", ""m51@0.0020"", ""m52@0.0020"", ""m53@0.0020"", ""m54@0.0020"", ""m55@0.0020"", ""m56@0.0020"", ""m57@0.0020"", ""m58@0.0020"", ""m59@0.0020"", ""m60@0.0020"", ""m61@0.0020"", ""m62@0.0020"", ""m63@0.0020""]","[""C1"", 1000000, 0, 50000, [[400000, 700000]], 455509]"
syn_64_6_4_05,synthetic,64,6,4,0.16,proportional_risk,True,19222581,0.128,,2756300,,18097480935614108965,"[""m0@0.0020"", ""m1@0.0020"", ""m2@0.0020"", ""m3@0.0020"", ""m4@0.0020"", ""m5@0.0020"", ""m6@0.0020"", ""m7@0.0020"", ""m8@0.0020"", ""m9@0.0020"", ""m10@0.0020"", ""m11@0.0020"", ""m12@0.0020"", ""m13@0.0020"", ""m14@0.0020"", ""m15@0.0020"", ""m16@0.0020"", ""m17@0.0020"", ""m18@0.0020"", ""m19@0.0020"", ""m20@0.0020"", ""m21@0.0020"", ""m22@0.0020"", ""m23@0.0020"", ""m24@0.0020"", ""m25@0.0020"", ""m26@0.0020"", ""m27@0.0020"", ""m28@0.0020"", ""m29@0.0020"", ""m30@0.0020"", ""m31@0.0020"", ""m32@0.0020"", ""m33@0.0020"", ""m34@0.0020"", ""m35@0.0020"", ""m36@0.0020"", ""m37@0.0020"", ""m38@0.0020"", ""m39@0.0020"", ""m40@0.0020"", ""m41@0.0020"", ""m42@0.0020"", ""m43@0.0020"", ""m44@0.0020"", ""m45@0.0020"", ""m46@0.0020"", ""m47@0.0020"", ""m48@0.0020"", ""m49@0.0020"", ""m50@0.0020"", ""m51@0.0020"", ""m52@0.0020"", ""m53@0.0020"", ""m54@0.0020"", ""m55@0.0020"", ""m56@0.0020"", ""m57@0.0020"", ""m58@0.0020"", ""m59@0.0020"", ""m60@0.0020"", ""m61@0.0020"", ""m62@0.0020"", ""m63@0.0020""]","[""C1"", 1000000, 0, 50000, [[400000, 700000]], 455509]"
syn_64_6_4_05,synthetic,64,6,4,0.16,greedy_gate_catching,True,17873143,0.16,,256386100,,18097480935614108965,"[""m0@0.0020"", ""m1@0.0020"", ""m2@0.0020"", ""m3@0.0020"", ""m4@0.0020"", ""m5@0.0020"", ""m6@0.0020"", ""m7@0.0020"", ""m8@0.0020"", ""m9@0.0020"", ""m10@0.0020"", ""m11@0.0020"", ""m12@0.0020"", ""m13@0.0020"", ""m14@0.0020"", ""m15@0.0020"", ""m16@0.0020"", ""m17@0.0020"", ""m18@0.0020"", ""m19@0.0020"", ""m20@0.0020"", ""m21@0.0020"", ""m22@0.0020"", ""m23@0.0020"", ""m24@0.0020"", ""m25@0.0020"", ""m26@0.0020"", ""m27@0.0020"", ""m28@0.0020"", ""m29@0.0020"", ""m30@0.0020"", ""m31@0.0020"", ""m32@0.0020"", ""m33@0.0020"", ""m34@0.0020"", ""m35@0.0020"", ""m36@0.0020"", ""m37@0.0020"", ""m38@0.0020"", ""m39@0.0020"", ""m40@0.0020"", ""m41@0.0020"", ""m42@0.0020"", ""m43@0.0020"", ""m44@0.0020"", ""m45@0.0020"", ""m46@0.0020"", ""m47@0.0020"", ""m48@0.0020"", ""m49@0.0020"", ""m50@0.0020"", ""m51@0.0045"", ""m52@0.0045"", ""m53@0.0045"", ""m54@0.0045"", ""m55@0.0045"", ""m56@0.0045"", ""m57@0.0045"", ""m58@0.0045"", ""m59@0.0045"", ""m60@0.0040"", ""m61@0.0045"", ""m62@0.0045"", ""m63@0.0045""]","[""C1"", 1000000, 0, 50000, [[400000, 700000]], 455509]"
syn_64_6_4_06,synthetic,64,6,4,0.16,pareto_dp,True,13591432,0.16,1438.0,327109600,,3425322882256069181,"[""m0@0.0020"", ""m1@0.0020"", ""m2@0.0040"", ""m3@0.0030"", ""m4@0.0020"", ""m5@0.0020"", ""m6@0.0020"", ""m7@0.0045"", ""m8@0.0020"", ""m9@0.0020"", ""m10@0.0020"", ""m11@0.0045"", ""m12@0.0020"", ""m13@0.0020"", ""m14@0.0020"", ""m15@0.0030"", ""m16@0.0020"", ""m17@0.0020"", ""m18@0.0020"", ""m19@0.0020"", ""m20@0.0020"", ""m21@0.0020"", ""m22@0.0020"", ""m23@0.0020"", ""m24@0.0020"", ""m25@0.0020"", ""m26@0.0020"", ""m27@0.0020"", ""m28@0.0020"", ""m29@0.0020"", ""m30@0.0020"", ""m31@0.0030"", ""m32@0.0020"", ""m33@0.0020"", ""m34@0.0020"", ""m35@0.0025"", ""m36@0.0020"", ""m37@0.0020"", ""m38@0.0020"", ""m39@0.0045"", ""m40@0.0020"", ""m41@0.0020"", ""m42@0.0020"", ""m43@0.0045"", ""m44@0.0020"", ""m45@0.0020"", ""m46@0.0020"", ""m47@0.0045"", ""m48@0.0020"", ""m49@0.0020"", ""m50@0.0045"", ""m51@0.0045"", ""m52@0.0020"", ""m53@0.0020"", ""m54@0.0020"", ""m55@0.0040"", ""m56@0.0020"", ""m57@0.0020"", ""m58@0.0040"", ""m59@0.0045"", ""m60@0.0020"", ""m61@0.0020"", ""m62@0.0020"", ""m63@0.0045""]","[""C1"", 1000000, 0, 50000, [[400000, 700000]], 455509]"
syn_64_6_4_06,synthetic,64,6,4,0.16,equal_risk,True,17865930,0.128,,1820900,,3425322882256069181,"[""m0@0.0020"", ""m1@0.0020"", ""m2@0.0020"", ""m3@0.0020"", ""m4@0.0020"", ""m5@0.0020"", ""m6@0.0020"", ""m7@0.0020"", ""m8@0.0020"", ""m9@0.0020"", ""m10@0.0020"", ""m11@0.0020"", ""m12@0.0020"", ""m13@0.0020"", ""m14@0.0020"", ""m15@0.0020"", ""m16@0.0020"", ""m17@0.0020"", ""m18@0.0020"", ""m19@0.0020"", ""m20@0.0020"", ""m21@0.0020"", ""m22@0.0020"", ""m23@0.0020"", ""m24@0.0020"", ""m25@0.0020"", ""m26@0.0020"", ""m27@0.0020"", ""m28@0.0020"", ""m29@0.0020"", ""m30@0.0020"", ""m31@0.0020"", ""m32@0.0020"", ""m33@0.0020"", ""m34@0.0020"", ""m35@0.0020"", ""m36@0.0020"", ""m37@0.0020"", ""m38@0.0020"", ""m39@0.0020"", ""m40@0.0020"", ""m41@0.0020"", ""m42@0.0020"", ""m43@0.0020"", ""m44@0.0020"", ""m45@0.0020"", ""m46@0.0020"", ""m47@0.0020"", ""m48@0.0020"", ""m49@0.0020"", ""m50@0.0020"", ""m51@0.0020"", ""m52@0.0020"", ""m53@0.0020"", ""m54@0.0020"", ""m55@0.0020"", ""m56@0.0020"", ""m57@0.0020"", ""m58@0.0020"", ""m59@0.0020"", ""m60@0.0020"", ""m61@0.0020"", ""m62@0.0020"", ""m63@0.0020""]","[""C1"", 1000000, 0, 50000, [[400000, 700000]], 455509]"
syn_64_6_4_06,synthetic,64,6,4,0.16,proportional_risk,True,17865930,0.128,,2836900,,3425322882256069181,"[""m0@0.0020"", ""m1@0.0020"", ""m2@0.0020"", ""m3@0.0020"", ""m4@0.0020"", ""m5@0.0020"", ""m6@0.0020"", ""m7@0.0020"", ""m8@0.0020"", ""m9@0.0020"", ""m10@0.0020"", ""m11@0.0020"", ""m12@0.0020"", ""m13@0.0020"", ""m14@0.0020"", ""m15@0.0020"", ""m16@0.0020"", ""m17@0.0020"", ""m18@0.0020"", ""m19@0.0020"", ""m20@0.0020"", ""m21@0.0020"", ""m22@0.0020"", ""m23@0.0020"", ""m24@0.0020"", ""m25@0.0020"", ""m26@0.0020"", ""m27@0.0020"", ""m28@0.0020"", ""m29@0.0020"", ""m30@0.0020"", ""m31@0.0020"", ""m32@0.0020"", ""m33@0.0020"", ""m34@0.0020"", ""m35@0.0020"", ""m36@0.0020"", ""m37@0.0020"", ""m38@0.0020"", ""m39@0.0020"", ""m40@0.0020"", ""m41@0.0020"", ""m42@0.0020"", ""m43@0.0020"", ""m44@0.0020"", ""m45@0.0020"", ""m46@0.0020"", ""m47@0.0020"", ""m48@0.0020"", ""m49@0.0020"", ""m50@0.0020"", ""m51@0.0020"", ""m52@0.0020"", ""m53@0.0020"", ""m54@0.0020"", ""m55@0.0020"", ""m56@0.0020"", ""m57@0.0020"", ""m58@0.0020"", ""m59@0.0020"", ""m60@0.0020"", ""m61@0.0020"", ""m62@0.0020"", ""m63@0.0020""]","[""C1"", 1000000, 0, 50000, [[400000, 700000]], 455509]"
syn_64_6_4_06,synthetic,64,6,4,0.16,greedy_gate_catching,True,16066748,0.16,,243668600,,3425322882256069181,"[""m0@0.0020"", ""m1@0.0020"", ""m2@0.0020"", ""m3@0.0020"", ""m4@0.0020"", ""m5@0.0020"", ""m6@0.0020"", ""m7@0.0020"", ""m8@0.0020"", ""m9@0.0020"", ""m10@0.0020"", ""m11@0.0020"", ""m12@0.0020"", ""m13@0.0020"", ""m14@0.0020"", ""m15@0.0020"", ""m16@0.0020"", ""m17@0.0020"", ""m18@0.0020"", ""m19@0.0020"", ""m20@0.0020"", ""m21@0.0020"", ""m22@0.0020"", ""m23@0.0020"", ""m24@0.0020"", ""m25@0.0020"", ""m26@0.0020"", ""m27@0.0020"", ""m28@0.0020"", ""m29@0.0020"", ""m30@0.0020"", ""m31@0.0020"", ""m32@0.0020"", ""m33@0.0020"", ""m34@0.0020"", ""m35@0.0020"", ""m36@0.0020"", ""m37@0.0020"", ""m38@0.0020"", ""m39@0.0020"", ""m40@0.0020"", ""m41@0.0020"", ""m42@0.0020"", ""m43@0.0020"", ""m44@0.0020"", ""m45@0.0020"", ""m46@0.0020"", ""m47@0.0020"", ""m48@0.0020"", ""m49@0.0020"", ""m50@0.0020"", ""m51@0.0045"", ""m52@0.0045"", ""m53@0.0040"", ""m54@0.0045"", ""m55@0.0045"", ""m56@0.0045"", ""m57@0.0045"", ""m58@0.0045"", ""m59@0.0045"", ""m60@0.0045"", ""m61@0.0045"", ""m62@0.0045"", ""m63@0.0045""]","[""C1"", 1000000, 0, 50000, [[400000, 700000]], 455509]"
syn_64_6_4_07,synthetic,64,6,4,0.16,pareto_dp,True,15073978,0.16,794.0,236641000,,17441468180137623113,"[""m0@0.0020"", ""m1@0.0020"", ""m2@0.0020"", ""m3@0.0040"", ""m4@0.0020"", ""m5@0.0020"", ""m6@0.0020"", ""m7@0.0045"", ""m8@0.0020"", ""m9@0.0020"", ""m10@0.0020"", ""m11@0.0045"", ""m12@0.0020"", ""m13@0.0020"", ""m14@0.0020"", ""m15@0.0040"", ""m16@0.0020"", ""m17@0.0020"", ""m18@0.0020"", ""m19@0.0045"", ""m20@0.0020"", ""m21@0.0020"", ""m22@0.0045"", ""m23@0.0040"", ""m24@0.0020"", ""m25@0.0020"", ""m26@0.0020"", ""m27@0.0045"", ""m28@0.0020"", ""m29@0.0020"", ""m30@0.0035"", ""m31@0.0035"", ""m32@0.0020"", ""m33@0.0020"", ""m34@0.0025"", ""m35@0.0020"", ""m36@0.0020"", ""m37@0.0020"", ""m38@0.0020"", ""m39@0.0020"", ""m40@0.0020"", ""m41@0.0020"", ""m42@0.0020"", ""m43@0.0020"", ""m44@0.0020"", ""m45@0.0020"", ""m46@0.0020"", ""m47@0.0045"", ""m48@0.0020"", ""m49@0.0020"", ""m50@0.0020"", ""m51@0.0045"", ""m52@0.0020"", ""m53@0.0020"", ""m54@0.0020"", ""m55@0.0020"", ""m56@0.0020"", ""m57@0.0020"", ""m58@0.0020"", ""m59@0.0045"", ""m60@0.0020"", ""m61@0.0020"", ""m62@0.0020"", ""m63@0.0045""]","[""C1"", 1000000, 0, 50000, [[400000, 700000]], 455509]"
syn_64_6_4_07,synthetic,64,6,4,0.16,equal_risk,True,20364960,0.128,,1876800,,17441468180137623113,"[""m0@0.0020"", ""m1@0.0020"", ""m2@0.0020"", ""m3@0.0020"", ""m4@0.0020"", ""m5@0.0020"", ""m6@0.0020"", ""m7@0.0020"", ""m8@0.0020"", ""m9@0.0020"", ""m10@0.0020"", ""m11@0.0020"", ""m12@0.0020"", ""m13@0.0020"", ""m14@0.0020"", ""m15@0.0020"", ""m16@0.0020"", ""m17@0.0020"", ""m18@0.0020"", ""m19@0.0020"", ""m20@0.0020"", ""m21@0.0020"", ""m22@0.0020"", ""m23@0.0020"", ""m24@0.0020"", ""m25@0.0020"", ""m26@0.0020"", ""m27@0.0020"", ""m28@0.0020"", ""m29@0.0020"", ""m30@0.0020"", ""m31@0.0020"", ""m32@0.0020"", ""m33@0.0020"", ""m34@0.0020"", ""m35@0.0020"", ""m36@0.0020"", ""m37@0.0020"", ""m38@0.0020"", ""m39@0.0020"", ""m40@0.0020"", ""m41@0.0020"", ""m42@0.0020"", ""m43@0.0020"", ""m44@0.0020"", ""m45@0.0020"", ""m46@0.0020"", ""m47@0.0020"", ""m48@0.0020"", ""m49@0.0020"", ""m50@0.0020"", ""m51@0.0020"", ""m52@0.0020"", ""m53@0.0020"", ""m54@0.0020"", ""m55@0.0020"", ""m56@0.0020"", ""m57@0.0020"", ""m58@0.0020"", ""m59@0.0020"", ""m60@0.0020"", ""m61@0.0020"", ""m62@0.0020"", ""m63@0.0020""]","[""C1"", 1000000, 0, 50000, [[400000, 700000]], 455509]"
syn_64_6_4_07,synthetic,64,6,4,0.16,proportional_risk,True,20364960,0.128,,2843900,,17441468180137623113,"[""m0@0.0020"", ""m1@0.0020"", ""m2@0.0020"", ""m3@0.0020"", ""m4@0.0020"", ""m5@0.0020"", ""m6@0.0020"", ""m7@0.0020"", ""m8@0.0020"", ""m9@0.0020"", ""m10@0.0020"", ""m11@0.0020"", ""m12@0.0020"", ""m13@0.0020"", ""m14@0.0020"", ""m15@0.0020"", ""m16@0.0020"", ""m17@0.0020"", ""m18@0.0020"", ""m19@0.0020"", ""m20@0.0020"", ""m21@0.0020"", ""m22@0.0020"", ""m23@0.0020"", ""m24@0.0020"", ""m25@0.0020"", ""m26@0.0020"", ""m27@0.0020"", ""m28@0.0020"", ""m29@0.0020"", ""m30@0.0020"", ""m31@0.0020"", ""m32@0.0020"", ""m33@0.0020"", ""m34@0.0020"", ""m35@0.0020"", ""m36@0.0020"", ""m37@0.0020"", ""m38@0.0020"", ""m39@0.0020"", ""m40@0.0020"", ""m41@0.0020"", ""m42@0.0020"", ""m43@0.0020"", ""m44@0.0020"", ""m45@0.0020"", ""m46@0.0020"", ""m47@0.0020"", ""m48@0.0020"", ""m49@0.0020"", ""m50@0.0020"", ""m51@0.0020"", ""m52@0.0020"", ""m53@0.0020"", ""m54@0.0020"", ""m55@0.0020"", ""m56@0.0020"", ""m57@0.0020"", ""m58@0.0020"", ""m59@0.0020"", ""m60@0.0020"", ""m61@0.0020"", ""m62@0.0020"", ""m63@0.0020""]","[""C1"", 1000000, 0, 50000, [[400000, 700000]], 455509]"
syn_64_6_4_07,synthetic,64,6,4,0.16,greedy_gate_catching,True,17849810,0.16,,250938700,,17441468180137623113,"[""m0@0.0020"", ""m1@0.0020"", ""m2@0.0020"", ""m3@0.0020"", ""m4@0.0020"", ""m5@0.0020"", ""m6@0.0020"", ""m7@0.0020"", ""m8@0.0020"", ""m9@0.0020"", ""m10@0.0020"", ""m11@0.0020"", ""m12@0.0020"", ""m13@0.0020"", ""m14@0.0020"", ""m15@0.0020"", ""m16@0.0020"", ""m17@0.0020"", ""m18@0.0020"", ""m19@0.0020"", ""m20@0.0020"", ""m21@0.0020"", ""m22@0.0020"", ""m23@0.0020"", ""m24@0.0020"", ""m25@0.0020"", ""m26@0.0020"", ""m27@0.0020"", ""m28@0.0020"", ""m29@0.0020"", ""m30@0.0020"", ""m31@0.0020"", ""m32@0.0020"", ""m33@0.0020"", ""m34@0.0020"", ""m35@0.0020"", ""m36@0.0020"", ""m37@0.0020"", ""m38@0.0030"", ""m39@0.0020"", ""m40@0.0020"", ""m41@0.0020"", ""m42@0.0020"", ""m43@0.0020"", ""m44@0.0020"", ""m45@0.0020"", ""m46@0.0020"", ""m47@0.0035"", ""m48@0.0020"", ""m49@0.0020"", ""m50@0.0020"", ""m51@0.0045"", ""m52@0.0045"", ""m53@0.0040"", ""m54@0.0045"", ""m55@0.0045"", ""m56@0.0035"", ""m57@0.0035"", ""m58@0.0045"", ""m59@0.0045"", ""m60@0.0040"", ""m61@0.0045"", ""m62@0.0045"", ""m63@0.0045""]","[""C1"", 1000000, 0, 50000, [[400000, 700000]], 455509]"
syn_64_6_4_08,synthetic,64,6,4,0.16,pareto_dp,True,14959431,0.16,1043.0,273610600,,5726464622055001897,"[""m0@0.0020"", ""m1@0.0020"", ""m2@0.0020"", ""m3@0.0020"", ""m4@0.0020"", ""m5@0.0020"", ""m6@0.0020"", ""m7@0.0030"", ""m8@0.0020"", ""m9@0.0020"", ""m10@0.0020"", ""m11@0.0045"", ""m12@0.0020"", ""m13@0.0020"", ""m14@0.0020"", ""m15@0.0020"", ""m16@0.0020"", ""m17@0.0020"", ""m18@0.0020"", ""m19@0.0045"", ""m20@0.0020"", ""m21@0.0020"", ""m22@0.0020"", ""m23@0.0045"", ""m24@0.0020"", ""m25@0.0020"", ""m26@0.0030"", ""m27@0.0045"", ""m28@0.0020"", ""m29@0.0020"", ""m30@0.0020"", ""m31@0.0035"", ""m32@0.0020"", ""m33@0.0020"", ""m34@0.0020"", ""m35@0.0045"", ""m36@0.0020"", ""m37@0.0020"", ""m38@0.0020"", ""m39@0.0040"", ""m40@0.0020"", ""m41@0.0020"", ""m42@0.0020"", ""m43@0.0045"", ""m44@0.0020"", ""m45@0.0020"", ""m46@0.0020"", ""m47@0.0045"", ""m48@0.0020"", ""m49@0.0020"", ""m50@0.0020"", ""m51@0.0045"", ""m52@0.0020"", ""m53@0.0020"", ""m54@0.0045"", ""m55@0.0020"", ""m56@0.0020"", ""m57@0.0020"", ""m58@0.0020"", ""m59@0.0045"", ""m60@0.0020"", ""m61@0.0025"", ""m62@0.0020"", ""m63@0.0030""]","[""C1"", 1000000, 0, 50000, [[400000, 700000]], 455509]"
syn_64_6_4_08,synthetic,64,6,4,0.16,equal_risk,True,20964868,0.128,,1819500,,5726464622055001897,"[""m0@0.0020"", ""m1@0.0020"", ""m2@0.0020"", ""m3@0.0020"", ""m4@0.0020"", ""m5@0.0020"", ""m6@0.0020"", ""m7@0.0020"", ""m8@0.0020"", ""m9@0.0020"", ""m10@0.0020"", ""m11@0.0020"", ""m12@0.0020"", ""m13@0.0020"", ""m14@0.0020"", ""m15@0.0020"", ""m16@0.0020"", ""m17@0.0020"", ""m18@0.0020"", ""m19@0.0020"", ""m20@0.0020"", ""m21@0.0020"", ""m22@0.0020"", ""m23@0.0020"", ""m24@0.0020"", ""m25@0.0020"", ""m26@0.0020"", ""m27@0.0020"", ""m28@0.0020"", ""m29@0.0020"", ""m30@0.0020"", ""m31@0.0020"", ""m32@0.0020"", ""m33@0.0020"", ""m34@0.0020"", ""m35@0.0020"", ""m36@0.0020"", ""m37@0.0020"", ""m38@0.0020"", ""m39@0.0020"", ""m40@0.0020"", ""m41@0.0020"", ""m42@0.0020"", ""m43@0.0020"", ""m44@0.0020"", ""m45@0.0020"", ""m46@0.0020"", ""m47@0.0020"", ""m48@0.0020"", ""m49@0.0020"", ""m50@0.0020"", ""m51@0.0020"", ""m52@0.0020"", ""m53@0.0020"", ""m54@0.0020"", ""m55@0.0020"", ""m56@0.0020"", ""m57@0.0020"", ""m58@0.0020"", ""m59@0.0020"", ""m60@0.0020"", ""m61@0.0020"", ""m62@0.0020"", ""m63@0.0020""]","[""C1"", 1000000, 0, 50000, [[400000, 700000]], 455509]"
syn_64_6_4_08,synthetic,64,6,4,0.16,proportional_risk,True,20964868,0.128,,2829000,,5726464622055001897,"[""m0@0.0020"", ""m1@0.0020"", ""m2@0.0020"", ""m3@0.0020"", ""m4@0.0020"", ""m5@0.0020"", ""m6@0.0020"", ""m7@0.0020"", ""m8@0.0020"", ""m9@0.0020"", ""m10@0.0020"", ""m11@0.0020"", ""m12@0.0020"", ""m13@0.0020"", ""m14@0.0020"", ""m15@0.0020"", ""m16@0.0020"", ""m17@0.0020"", ""m18@0.0020"", ""m19@0.0020"", ""m20@0.0020"", ""m21@0.0020"", ""m22@0.0020"", ""m23@0.0020"", ""m24@0.0020"", ""m25@0.0020"", ""m26@0.0020"", ""m27@0.0020"", ""m28@0.0020"", ""m29@0.0020"", ""m30@0.0020"", ""m31@0.0020"", ""m32@0.0020"", ""m33@0.0020"", ""m34@0.0020"", ""m35@0.0020"", ""m36@0.0020"", ""m37@0.0020"", ""m38@0.0020"", ""m39@0.0020"", ""m40@0.0020"", ""m41@0.0020"", ""m42@0.0020"", ""m43@0.0020"", ""m44@0.0020"", ""m45@0.0020"", ""m46@0.0020"", ""m47@0.0020"", ""m48@0.0020"", ""m49@0.0020"", ""m50@0.0020"", ""m51@0.0020"", ""m52@0.0020"", ""m53@0.0020"", ""m54@0.0020"", ""m55@0.0020"", ""m56@0.0020"", ""m57@0.0020"", ""m58@0.0020"", ""m59@0.0020"", ""m60@0.0020"", ""m61@0.0020"", ""m62@0.0020"", ""m63@0.0020""]","[""C1"", 1000000, 0, 50000, [[400000, 700000]], 455509]"
syn_64_6_4_08,synthetic,64,6,4,0.16,greedy_gate_catching,True,19242124,0.16,,245247000,,5726464622055001897,"[""m0@0.0020"", ""m1@0.0020"", ""m2@0.0020"", ""m3@0.0020"", ""m4@0.0020"", ""m5@0.0020"", ""m6@0.0020"", ""m7@0.0020"", ""m8@0.0020"", ""m9@0.0020"", ""m10@0.0020"", ""m11@0.0020"", ""m12@0.0020"", ""m13@0.0020"", ""m14@0.0020"", ""m15@0.0020"", ""m16@0.0020"", ""m17@0.0020"", ""m18@0.0020"", ""m19@0.0020"", ""m20@0.0020"", ""m21@0.0020"", ""m22@0.0020"", ""m23@0.0020"", ""m24@0.0020"", ""m25@0.0020"", ""m26@0.0020"", ""m27@0.0020"", ""m28@0.0020"", ""m29@0.0020"", ""m30@0.0020"", ""m31@0.0020"", ""m32@0.0020"", ""m33@0.0020"", ""m34@0.0020"", ""m35@0.0020"", ""m36@0.0020"", ""m37@0.0020"", ""m38@0.0020"", ""m39@0.0020"", ""m40@0.0020"", ""m41@0.0020"", ""m42@0.0020"", ""m43@0.0020"", ""m44@0.0020"", ""m45@0.0020"", ""m46@0.0020"", ""m47@0.0020"", ""m48@0.0020"", ""m49@0.0020"", ""m50@0.0020"", ""m51@0.0045"", ""m52@0.0045"", ""m53@0.0045"", ""m54@0.0045"", ""m55@0.0045"", ""m56@0.0045"", ""m57@0.0040"", ""m58@0.0045"", ""m59@0.0045"", ""m60@0.0045"", ""m61@0.0045"", ""m62@0.0045"", ""m63@0.0045""]","[""C1"", 1000000, 0, 50000, [[400000, 700000]], 455509]"
syn_64_6_4_09,synthetic,64,6,4,0.16,pareto_dp,True,13021599,0.16,1601.0,367240000,,11961278639197871110,"[""m0@0.0020"", ""m1@0.0020"", ""m2@0.0020"", ""m3@0.0020"", ""m4@0.0020"", ""m5@0.0020"", ""m6@0.0020"", ""m7@0.0020"", ""m8@0.0020"", ""m9@0.0020"", ""m10@0.0020"", ""m11@0.0045"", ""m12@0.0020"", ""m13@0.0020"", ""m14@0.0020"", ""m15@0.0040"", ""m16@0.0020"", ""m17@0.0020"", ""m18@0.0020"", ""m19@0.0045"", ""m20@0.0020"", ""m21@0.0020"", ""m22@0.0030"", ""m23@0.0020"", ""m24@0.0020"", ""m25@0.0020"", ""m26@0.0020"", ""m27@0.0040"", ""m28@0.0020"", ""m29@0.0020"", ""m30@0.0020"", ""m31@0.0020"", ""m32@0.0020"", ""m33@0.0020"", ""m34@0.0020"", ""m35@0.0025"", ""m36@0.0020"", ""m37@0.0020"", ""m38@0.0020"", ""m39@0.0040"", ""m40@0.0020"", ""m41@0.0020"", ""m42@0.0020"", ""m43@0.0045"", ""m44@0.0020"", ""m45@0.0020"", ""m46@0.0045"", ""m47@0.0030"", ""m48@0.0020"", ""m49@0.0020"", ""m50@0.0020"", ""m51@0.0045"", ""m52@0.0020"", ""m53@0.0020"", ""m54@0.0045"", ""m55@0.0045"", ""m56@0.0020"", ""m57@0.0020"", ""m58@0.0040"", ""m59@0.0040"", ""m60@0.0020"", ""m61@0.0020"", ""m62@0.0020"", ""m63@0.0040""]","[""C1"", 1000000, 0, 50000, [[400000, 700000]], 455509]"
syn_64_6_4_09,synthetic,64,6,4,0.16,equal_risk,True,17274370,0.128,,1855100,,11961278639197871110,"[""m0@0.0020"", ""m1@0.0020"", ""m2@0.0020"", ""m3@0.0020"", ""m4@0.0020"", ""m5@0.0020"", ""m6@0.0020"", ""m7@0.0020"", ""m8@0.0020"", ""m9@0.0020"", ""m10@0.0020"", ""m11@0.0020"", ""m12@0.0020"", ""m13@0.0020"", ""m14@0.0020"", ""m15@0.0020"", ""m16@0.0020"", ""m17@0.0020"", ""m18@0.0020"", ""m19@0.0020"", ""m20@0.0020"", ""m21@0.0020"", ""m22@0.0020"", ""m23@0.0020"", ""m24@0.0020"", ""m25@0.0020"", ""m26@0.0020"", ""m27@0.0020"", ""m28@0.0020"", ""m29@0.0020"", ""m30@0.0020"", ""m31@0.0020"", ""m32@0.0020"", ""m33@0.0020"", ""m34@0.0020"", ""m35@0.0020"", ""m36@0.0020"", ""m37@0.0020"", ""m38@0.0020"", ""m39@0.0020"", ""m40@0.0020"", ""m41@0.0020"", ""m42@0.0020"", ""m43@0.0020"", ""m44@0.0020"", ""m45@0.0020"", ""m46@0.0020"", ""m47@0.0020"", ""m48@0.0020"", ""m49@0.0020"", ""m50@0.0020"", ""m51@0.0020"", ""m52@0.0020"", ""m53@0.0020"", ""m54@0.0020"", ""m55@0.0020"", ""m56@0.0020"", ""m57@0.0020"", ""m58@0.0020"", ""m59@0.0020"", ""m60@0.0020"", ""m61@0.0020"", ""m62@0.0020"", ""m63@0.0020""]","[""C1"", 1000000, 0, 50000, [[400000, 700000]], 455509]"
syn_64_6_4_09,synthetic,64,6,4,0.16,proportional_risk,True,17274370,0.128,,2723600,,11961278639197871110,"[""m0@0.0020"", ""m1@0.0020"", ""m2@0.0020"", ""m3@0.0020"", ""m4@0.0020"", ""m5@0.0020"", ""m6@0.0020"", ""m7@0.0020"", ""m8@0.0020"", ""m9@0.0020"", ""m10@0.0020"", ""m11@0.0020"", ""m12@0.0020"", ""m13@0.0020"", ""m14@0.0020"", ""m15@0.0020"", ""m16@0.0020"", ""m17@0.0020"", ""m18@0.0020"", ""m19@0.0020"", ""m20@0.0020"", ""m21@0.0020"", ""m22@0.0020"", ""m23@0.0020"", ""m24@0.0020"", ""m25@0.0020"", ""m26@0.0020"", ""m27@0.0020"", ""m28@0.0020"", ""m29@0.0020"", ""m30@0.0020"", ""m31@0.0020"", ""m32@0.0020"", ""m33@0.0020"", ""m34@0.0020"", ""m35@0.0020"", ""m36@0.0020"", ""m37@0.0020"", ""m38@0.0020"", ""m39@0.0020"", ""m40@0.0020"", ""m41@0.0020"", ""m42@0.0020"", ""m43@0.0020"", ""m44@0.0020"", ""m45@0.0020"", ""m46@0.0020"", ""m47@0.0020"", ""m48@0.0020"", ""m49@0.0020"", ""m50@0.0020"", ""m51@0.0020"", ""m52@0.0020"", ""m53@0.0020"", ""m54@0.0020"", ""m55@0.0020"", ""m56@0.0020"", ""m57@0.0020"", ""m58@0.0020"", ""m59@0.0020"", ""m60@0.0020"", ""m61@0.0020"", ""m62@0.0020"", ""m63@0.0020""]","[""C1"", 1000000, 0, 50000, [[400000, 700000]], 455509]"
syn_64_6_4_09,synthetic,64,6,4,0.16,greedy_gate_catching,True,15520899,0.16,,267735800,,11961278639197871110,"[""m0@0.0020"", ""m1@0.0020"", ""m2@0.0020"", ""m3@0.0020"", ""m4@0.0020"", ""m5@0.0020"", ""m6@0.0020"", ""m7@0.0020"", ""m8@0.0020"", ""m9@0.0020"", ""m10@0.0020"", ""m11@0.0020"", ""m12@0.0020"", ""m13@0.0020"", ""m14@0.0020"", ""m15@0.0020"", ""m16@0.0020"", ""m17@0.0020"", ""m18@0.0020"", ""m19@0.0020"", ""m20@0.0020"", ""m21@0.0020"", ""m22@0.0020"", ""m23@0.0020"", ""m24@0.0020"", ""m25@0.0020"", ""m26@0.0020"", ""m27@0.0020"", ""m28@0.0020"", ""m29@0.0020"", ""m30@0.0020"", ""m31@0.0020"", ""m32@0.0020"", ""m33@0.0020"", ""m34@0.0020"", ""m35@0.0020"", ""m36@0.0020"", ""m37@0.0020"", ""m38@0.0020"", ""m39@0.0020"", ""m40@0.0020"", ""m41@0.0020"", ""m42@0.0020"", ""m43@0.0020"", ""m44@0.0020"", ""m45@0.0020"", ""m46@0.0020"", ""m47@0.0020"", ""m48@0.0020"", ""m49@0.0020"", ""m50@0.0020"", ""m51@0.0045"", ""m52@0.0040"", ""m53@0.0045"", ""m54@0.0045"", ""m55@0.0045"", ""m56@0.0045"", ""m57@0.0045"", ""m58@0.0045"", ""m59@0.0045"", ""m60@0.0045"", ""m61@0.0045"", ""m62@0.0045"", ""m63@0.0045""]","[""C1"", 1000000, 0, 50000, [[400000, 700000]], 455509]"
syn_64_6_4_10,synthetic,64,6,4,0.16,pareto_dp,True,12702298,0.16,1065.0,300510300,,13716025197582998204,"[""m0@0.0020"", ""m1@0.0020"", ""m2@0.0020"", ""m3@0.0020"", ""m4@0.0020"", ""m5@0.0020"", ""m6@0.0020"", ""m7@0.0020"", ""m8@0.0020"", ""m9@0.0020"", ""m10@0.0035"", ""m11@0.0040"", ""m12@0.0020"", ""m13@0.0020"", ""m14@0.0020"", ""m15@0.0040"", ""m16@0.0020"", ""m17@0.0020"", ""m18@0.0020"", ""m19@0.0045"", ""m20@0.0020"", ""m21@0.0020"", ""m22@0.0040"", ""m23@0.0025"", ""m24@0.0020"", ""m25@0.0020"", ""m26@0.0020"", ""m27@0.0040"", ""m28@0.0020"", ""m29@0.0020"", ""m30@0.0020"", ""m31@0.0020"", ""m32@0.0020"", ""m33@0.0020"", ""m34@0.0020"", ""m35@0.0020"", ""m36@0.0020"", ""m37@0.0020"", ""m38@0.0020"", ""m39@0.0040"", ""m40@0.0020"", ""m41@0.0020"", ""m42@0.0020"", ""m43@0.0040"", ""m44@0.0020"", ""m45@0.0020"", ""m46@0.0040"", ""m47@0.0040"", ""m48@0.0020"", ""m49@0.0020"", ""m50@0.0020"", ""m51@0.0045"", ""m52@0.0020"", ""m53@0.0020"", ""m54@0.0035"", ""m55@0.0045"", ""m56@0.0020"", ""m57@0.0020"", ""m58@0.0030"", ""m59@0.0045"", ""m60@0.0020"", ""m61@0.0020"", ""m62@0.0020"", ""m63@0.0035""]","[""C1"", 1000000, 0, 50000, [[400000, 700000]], 455509]"
syn_64_6_4_10,synthetic,64,6,4,0.16,equal_risk,True,16951280,0.128,,1869200,,13716025197582998204,"[""m0@0.0020"", ""m1@0.0020"", ""m2@0.0020"", ""m3@0.0020"", ""m4@0.0020"", ""m5@0.0020"", ""m6@0.0020"", ""m7@0.0020"", ""m8@0.0020"", ""m9@0.0020"", ""m10@0.0020"", ""m11@0.0020"", ""m12@0.0020"", ""m13@0.0020"", ""m14@0.0020"", ""m15@0.0020"", ""m16@0.0020"", ""m17@0.0020"", ""m18@0.0020"", ""m19@0.0020"", ""m20@0.0020"", ""m21@0.0020"", ""m22@0.0020"", ""m23@0.0020"", ""m24@0.0020"", ""m25@0.0020"", ""m26@0.0020"", ""m27@0.0020"", ""m28@0.0020"", ""m29@0.0020"", ""m30@0.0020"", ""m31@0.0020"", ""m32@0.0020"", ""m33@0.0020"", ""m34@0.0020"", ""m35@0.0020"", ""m36@0.0020"", ""m37@0.0020"", ""m38@0.0020"", ""m39@0.0020"", ""m40@0.0020"", ""m41@0.0020"", ""m42@0.0020"", ""m43@0.0020"", ""m44@0.0020"", ""m45@0.0020"", ""m46@0.0020"", ""m47@0.0020"", ""m48@0.0020"", ""m49@0.0020"", ""m50@0.0020"", ""m51@0.0020"", ""m52@0.0020"", ""m53@0.0020"", ""m54@0.0020"", ""m55@0.0020"", ""m56@0.0020"", ""m57@0.0020"", ""m58@0.0020"", ""m59@0.0020"", ""m60@0.0020"", ""m61@0.0020"", ""m62@0.0020"", ""m63@0.0020""]","[""C1"", 1000000, 0, 50000, [[400000, 700000]], 455509]"
syn_64_6_4_10,synthetic,64,6,4,0.16,proportional_risk,True,16951280,0.128,,2802900,,13716025197582998204,"[""m0@0.0020"", ""m1@0.0020"", ""m2@0.0020"", ""m3@0.0020"", ""m4@0.0020"", ""m5@0.0020"", ""m6@0.0020"", ""m7@0.0020"", ""m8@0.0020"", ""m9@0.0020"", ""m10@0.0020"", ""m11@0.0020"", ""m12@0.0020"", ""m13@0.0020"", ""m14@0.0020"", ""m15@0.0020"", ""m16@0.0020"", ""m17@0.0020"", ""m18@0.0020"", ""m19@0.0020"", ""m20@0.0020"", ""m21@0.0020"", ""m22@0.0020"", ""m23@0.0020"", ""m24@0.0020"", ""m25@0.0020"", ""m26@0.0020"", ""m27@0.0020"", ""m28@0.0020"", ""m29@0.0020"", ""m30@0.0020"", ""m31@0.0020"", ""m32@0.0020"", ""m33@0.0020"", ""m34@0.0020"", ""m35@0.0020"", ""m36@0.0020"", ""m37@0.0020"", ""m38@0.0020"", ""m39@0.0020"", ""m40@0.0020"", ""m41@0.0020"", ""m42@0.0020"", ""m43@0.0020"", ""m44@0.0020"", ""m45@0.0020"", ""m46@0.0020"", ""m47@0.0020"", ""m48@0.0020"", ""m49@0.0020"", ""m50@0.0020"", ""m51@0.0020"", ""m52@0.0020"", ""m53@0.0020"", ""m54@0.0020"", ""m55@0.0020"", ""m56@0.0020"", ""m57@0.0020"", ""m58@0.0020"", ""m59@0.0020"", ""m60@0.0020"", ""m61@0.0020"", ""m62@0.0020"", ""m63@0.0020""]","[""C1"", 1000000, 0, 50000, [[400000, 700000]], 455509]"
syn_64_6_4_10,synthetic,64,6,4,0.16,greedy_gate_catching,True,15304887,0.16,,248026100,,13716025197582998204,"[""m0@0.0020"", ""m1@0.0020"", ""m2@0.0020"", ""m3@0.0020"", ""m4@0.0020"", ""m5@0.0020"", ""m6@0.0020"", ""m7@0.0020"", ""m8@0.0020"", ""m9@0.0020"", ""m10@0.0020"", ""m11@0.0020"", ""m12@0.0020"", ""m13@0.0020"", ""m14@0.0020"", ""m15@0.0020"", ""m16@0.0020"", ""m17@0.0020"", ""m18@0.0020"", ""m19@0.0020"", ""m20@0.0020"", ""m21@0.0020"", ""m22@0.0020"", ""m23@0.0020"", ""m24@0.0020"", ""m25@0.0020"", ""m26@0.0020"", ""m27@0.0020"", ""m28@0.0020"", ""m29@0.0020"", ""m30@0.0020"", ""m31@0.0020"", ""m32@0.0020"", ""m33@0.0020"", ""m34@0.0020"", ""m35@0.0020"", ""m36@0.0020"", ""m37@0.0020"", ""m38@0.0020"", ""m39@0.0020"", ""m40@0.0020"", ""m41@0.0020"", ""m42@0.0020"", ""m43@0.0020"", ""m44@0.0020"", ""m45@0.0020"", ""m46@0.0020"", ""m47@0.0020"", ""m48@0.0020"", ""m49@0.0020"", ""m50@0.0020"", ""m51@0.0045"", ""m52@0.0045"", ""m53@0.0045"", ""m54@0.0045"", ""m55@0.0045"", ""m56@0.0040"", ""m57@0.0045"", ""m58@0.0045"", ""m59@0.0045"", ""m60@0.0045"", ""m61@0.0045"", ""m62@0.0045"", ""m63@0.0045""]","[""C1"", 1000000, 0, 50000, [[400000, 700000]], 455509]"
syn_64_6_4_11,synthetic,64,6,4,0.16,pareto_dp,True,14993293,0.16,1701.0,340000700,,8688652733167571568,"[""m0@0.0020"", ""m1@0.0020"", ""m2@0.0035"", ""m3@0.0020"", ""m4@0.0020"", ""m5@0.0020"", ""m6@0.0020"", ""m7@0.0045"", ""m8@0.0020"", ""m9@0.0020"", ""m10@0.0020"", ""m11@0.0040"", ""m12@0.0020"", ""m13@0.0020"", ""m14@0.0020"", ""m15@0.0040"", ""m16@0.0020"", ""m17@0.0020"", ""m18@0.0020"", ""m19@0.0040"", ""m20@0.0020"", ""m21@0.0020"", ""m22@0.0025"", ""m23@0.0020"", ""m24@0.0020"", ""m25@0.0020"", ""m26@0.0040"", ""m27@0.0045"", ""m28@0.0020"", ""m29@0.0020"", ""m30@0.0020"", ""m31@0.0045"", ""m32@0.0020"", ""m33@0.0020"", ""m34@0.0020"", ""m35@0.0035"", ""m36@0.0020"", ""m37@0.0020"", ""m38@0.0035"", ""m39@0.0040"", ""m40@0.0020"", ""m41@0.0020"", ""m42@0.0020"", ""m43@0.0045"", ""m44@0.0020"", ""m45@0.0020"", ""m46@0.0030"", ""m47@0.0030"", ""m48@0.0020"", ""m49@0.0020"", ""m50@0.0020"", ""m51@0.0020"", ""m52@0.0020"", ""m53@0.0020"", ""m54@0.0020"", ""m55@0.0020"", ""m56@0.0020"", ""m57@0.0020"", ""m58@0.0020"", ""m59@0.0045"", ""m60@0.0020"", ""m61@0.0020"", ""m62@0.0020"", ""m63@0.0045""]","[""C1"", 1000000, 0, 50000, [[400000, 700000]], 455509]"
syn_64_6_4_11,synthetic,64,6,4,0.16,equal_risk,True,20821741,0.128,,1920500,,8688652733167571568,"[""m0@0.0020"", ""m1@0.0020"", ""m2@0.0020"", ""m3@0.0020"", ""m4@0.0020"", ""m5@0.0020"", ""m6@0.0020"", ""m7@0.0020"", ""m8@0.0020"", ""m9@0.0020"", ""m10@0.0020"", ""m11@0.0020"", ""m12@0.0020"", ""m13@0.0020"", ""m14@0.0020"", ""m15@0.0020"", ""m16@0.0020"", ""m17@0.0020"", ""m18@0.0020"", ""m19@0.0020"", ""m20@0.0020"", ""m21@0.0020"", ""m22@0.0020"", ""m23@0.0020"", ""m24@0.0020"", ""m25@0.0020"", ""m26@0.0020"", ""m27@0.0020"", ""m28@0.0020"", ""m29@0.0020"", ""m30@0.0020"", ""m31@0.0020"", ""m32@0.0020"", ""m33@0.0020"", ""m34@0.0020"", ""m35@0.0020"", ""m36@0.0020"", ""m37@0.0020"", ""m38@0.0020"", ""m39@0.0020"", ""m40@0.0020"", ""m41@0.0020"", ""m42@0.0020"", ""m43@0.0020"", ""m44@0.0020"", ""m45@0.0020"", ""m46@0.0020"", ""m47@0.0020"", ""m48@0.0020"", ""m49@0.0020"", ""m50@0.0020"", ""m51@0.0020"", ""m52@0.0020"", ""m53@0.0020"", ""m54@0.0020"", ""m55@0.0020"", ""m56@0.0020"", ""m57@0.0020"", ""m58@0.0020"", ""m59@0.0020"", ""m60@0.0020"", ""m61@0.0020"", ""m62@0.0020"", ""m63@0.0020""]","[""C1"", 1000000, 0, 50000, [[400000, 700000]], 455509]"
syn_64_6_4_11,synthetic,64,6,4,0.16,proportional_risk,True,20821741,0.128,,3036000,,8688652733167571568,"[""m0@0.0020"", ""m1@0.0020"", ""m2@0.0020"", ""m3@0.0020"", ""m4@0.0020"", ""m5@0.0020"", ""m6@0.0020"", ""m7@0.0020"", ""m8@0.0020"", ""m9@0.0020"", ""m10@0.0020"", ""m11@0.0020"", ""m12@0.0020"", ""m13@0.0020"", ""m14@0.0020"", ""m15@0.0020"", ""m16@0.0020"", ""m17@0.0020"", ""m18@0.0020"", ""m19@0.0020"", ""m20@0.0020"", ""m21@0.0020"", ""m22@0.0020"", ""m23@0.0020"", ""m24@0.0020"", ""m25@0.0020"", ""m26@0.0020"", ""m27@0.0020"", ""m28@0.0020"", ""m29@0.0020"", ""m30@0.0020"", ""m31@0.0020"", ""m32@0.0020"", ""m33@0.0020"", ""m34@0.0020"", ""m35@0.0020"", ""m36@0.0020"", ""m37@0.0020"", ""m38@0.0020"", ""m39@0.0020"", ""m40@0.0020"", ""m41@0.0020"", ""m42@0.0020"", ""m43@0.0020"", ""m44@0.0020"", ""m45@0.0020"", ""m46@0.0020"", ""m47@0.0020"", ""m48@0.0020"", ""m49@0.0020"", ""m50@0.0020"", ""m51@0.0020"", ""m52@0.0020"", ""m53@0.0020"", ""m54@0.0020"", ""m55@0.0020"", ""m56@0.0020"", ""m57@0.0020"", ""m58@0.0020"", ""m59@0.0020"", ""m60@0.0020"", ""m61@0.0020"", ""m62@0.0020"", ""m63@0.0020""]","[""C1"", 1000000, 0, 50000, [[400000, 700000]], 455509]"
syn_64_6_4_11,synthetic,64,6,4,0.16,greedy_gate_catching,True,18655154,0.16,,250269700,,8688652733167571568,"[""m0@0.0020"", ""m1@0.0020"", ""m2@0.0020"", ""m3@0.0020"", ""m4@0.0020"", ""m5@0.0020"", ""m6@0.0020"", ""m7@0.0020"", ""m8@0.0020"", ""m9@0.0020"", ""m10@0.0020"", ""m11@0.0020"", ""m12@0.0020"", ""m13@0.0020"", ""m14@0.0020"", ""m15@0.0020"", ""m16@0.0020"", ""m17@0.0020"", ""m18@0.0020"", ""m19@0.0020"", ""m20@0.0020"", ""m21@0.0020"", ""m22@0.0020"", ""m23@0.0020"", ""m24@0.0020"", ""m25@0.0020"", ""m26@0.0020"", ""m27@0.0020"", ""m28@0.0020"", ""m29@0.0020"", ""m30@0.0020"", ""m31@0.0020"", ""m32@0.0020"", ""m33@0.0020"", ""m34@0.0020"", ""m35@0.0020"", ""m36@0.0020"", ""m37@0.0020"", ""m38@0.0025"", ""m39@0.0020"", ""m40@0.0020"", ""m41@0.0020"", ""m42@0.0020"", ""m43@0.0020"", ""m44@0.0020"", ""m45@0.0020"", ""m46@0.0020"", ""m47@0.0020"", ""m48@0.0020"", ""m49@0.0020"", ""m50@0.0020"", ""m51@0.0045"", ""m52@0.0045"", ""m53@0.0045"", ""m54@0.0045"", ""m55@0.0045"", ""m56@0.0035"", ""m57@0.0045"", ""m58@0.0045"", ""m59@0.0045"", ""m60@0.0045"", ""m61@0.0045"", ""m62@0.0045"", ""m63@0.0045""]","[""C1"", 1000000, 0, 50000, [[400000, 700000]], 455509]"
syn_64_6_4_12,synthetic,64,6,4,0.16,pareto_dp,True,14333604,0.16,1595.0,360412000,,17236306036287503597,"[""m0@0.0020"", ""m1@0.0020"", ""m2@0.0020"", ""m3@0.0025"", ""m4@0.0020"", ""m5@0.0020"", ""m6@0.0045"", ""m7@0.0045"", ""m8@0.0020"", ""m9@0.0020"", ""m10@0.0025"", ""m11@0.0045"", ""m12@0.0020"", ""m13@0.0020"", ""m14@0.0020"", ""m15@0.0040"", ""m16@0.0020"", ""m17@0.0020"", ""m18@0.0020"", ""m19@0.0020"", ""m20@0.0020"", ""m21@0.0020"", ""m22@0.0020"", ""m23@0.0025"", ""m24@0.0020"", ""m25@0.0020"", ""m26@0.0020"", ""m27@0.0020"", ""m28@0.0020"", ""m29@0.0020"", ""m30@0.0020"", ""m31@0.0040"", ""m32@0.0020"", ""m33@0.0020"", ""m34@0.0020"", ""m35@0.0025"", ""m36@0.0020"", ""m37@0.0020"", ""m38@0.0020"", ""m39@0.0045"", ""m40@0.0020"", ""m41@0.0020"", ""m42@0.0045"", ""m43@0.0020"", ""m44@0.0020"", ""m45@0.0020"", ""m46@0.0020"", ""m47@0.0045"", ""m48@0.0020"", ""m49@0.0020"", ""m50@0.0020"", ""m51@0.0045"", ""m52@0.0020"", ""m53@0.0020"", ""m54@0.0025"", ""m55@0.0045"", ""m56@0.0020"", ""m57@0.0020"", ""m58@0.0045"", ""m59@0.0040"", ""m60@0.0020"", ""m61@0.0020"", ""m62@0.0020"", ""m63@0.0030""]","[""C1"", 1000000, 0, 50000, [[400000, 700000]], 455509]"
syn_64_6_4_12,synthetic,64,6,4,0.16,equal_risk,True,19905496,0.128,,1905600,,17236306036287503597,"[""m0@0.0020"", ""m1@0.0020"", ""m2@0.0020"", ""m3@0.0020"", ""m4@0.0020"", ""m5@0.0020"", ""m6@0.0020"", ""m7@0.0020"", ""m8@0.0020"", ""m9@0.0020"", ""m10@0.0020"", ""m11@0.0020"", ""m12@0.0020"", ""m13@0.0020"", ""m14@0.0020"", ""m15@0.0020"", ""m16@0.0020"", ""m17@0.0020"", ""m18@0.0020"", ""m19@0.0020"", ""m20@0.0020"", ""m21@0.0020"", ""m22@0.0020"", ""m23@0.0020"", ""m24@0.0020"", ""m25@0.0020"", ""m26@0.0020"", ""m27@0.0020"", ""m28@0.0020"", ""m29@0.0020"", ""m30@0.0020"", ""m31@0.0020"", ""m32@0.0020"", ""m33@0.0020"", ""m34@0.0020"", ""m35@0.0020"", ""m36@0.0020"", ""m37@0.0020"", ""m38@0.0020"", ""m39@0.0020"", ""m40@0.0020"", ""m41@0.0020"", ""m42@0.0020"", ""m43@0.0020"", ""m44@0.0020"", ""m45@0.0020"", ""m46@0.0020"", ""m47@0.0020"", ""m48@0.0020"", ""m49@0.0020"", ""m50@0.0020"", ""m51@0.0020"", ""m52@0.0020"", ""m53@0.0020"", ""m54@0.0020"", ""m55@0.0020"", ""m56@0.0020"", ""m57@0.0020"", ""m58@0.0020"", ""m59@0.0020"", ""m60@0.0020"", ""m61@0.0020"", ""m62@0.0020"", ""m63@0.0020""]","[""C1"", 1000000, 0, 50000, [[400000, 700000]], 455509]"
syn_64_6_4_12,synthetic,64,6,4,0.16,proportional_risk,True,19905496,0.128,,2887200,,17236306036287503597,"[""m0@0.0020"", ""m1@0.0020"", ""m2@0.0020"", ""m3@0.0020"", ""m4@0.0020"", ""m5@0.0020"", ""m6@0.0020"", ""m7@0.0020"", ""m8@0.0020"", ""m9@0.0020"", ""m10@0.0020"", ""m11@0.0020"", ""m12@0.0020"", ""m13@0.0020"", ""m14@0.0020"", ""m15@0.0020"", ""m16@0.0020"", ""m17@0.0020"", ""m18@0.0020"", ""m19@0.0020"", ""m20@0.0020"", ""m21@0.0020"", ""m22@0.0020"", ""m23@0.0020"", ""m24@0.0020"", ""m25@0.0020"", ""m26@0.0020"", ""m27@0.0020"", ""m28@0.0020"", ""m29@0.0020"", ""m30@0.0020"", ""m31@0.0020"", ""m32@0.0020"", ""m33@0.0020"", ""m34@0.0020"", ""m35@0.0020"", ""m36@0.0020"", ""m37@0.0020"", ""m38@0.0020"", ""m39@0.0020"", ""m40@0.0020"", ""m41@0.0020"", ""m42@0.0020"", ""m43@0.0020"", ""m44@0.0020"", ""m45@0.0020"", ""m46@0.0020"", ""m47@0.0020"", ""m48@0.0020"", ""m49@0.0020"", ""m50@0.0020"", ""m51@0.0020"", ""m52@0.0020"", ""m53@0.0020"", ""m54@0.0020"", ""m55@0.0020"", ""m56@0.0020"", ""m57@0.0020"", ""m58@0.0020"", ""m59@0.0020"", ""m60@0.0020"", ""m61@0.0020"", ""m62@0.0020"", ""m63@0.0020""]","[""C1"", 1000000, 0, 50000, [[400000, 700000]], 455509]"
syn_64_6_4_12,synthetic,64,6,4,0.16,greedy_gate_catching,True,17637499,0.16,,248572900,,17236306036287503597,"[""m0@0.0020"", ""m1@0.0020"", ""m2@0.0020"", ""m3@0.0020"", ""m4@0.0020"", ""m5@0.0020"", ""m6@0.0020"", ""m7@0.0020"", ""m8@0.0020"", ""m9@0.0020"", ""m10@0.0020"", ""m11@0.0020"", ""m12@0.0020"", ""m13@0.0020"", ""m14@0.0020"", ""m15@0.0020"", ""m16@0.0020"", ""m17@0.0020"", ""m18@0.0020"", ""m19@0.0020"", ""m20@0.0020"", ""m21@0.0020"", ""m22@0.0020"", ""m23@0.0020"", ""m24@0.0020"", ""m25@0.0020"", ""m26@0.0020"", ""m27@0.0020"", ""m28@0.0020"", ""m29@0.0020"", ""m30@0.0020"", ""m31@0.0020"", ""m32@0.0020"", ""m33@0.0020"", ""m34@0.0020"", ""m35@0.0020"", ""m36@0.0020"", ""m37@0.0020"", ""m38@0.0020"", ""m39@0.0020"", ""m40@0.0020"", ""m41@0.0020"", ""m42@0.0020"", ""m43@0.0020"", ""m44@0.0020"", ""m45@0.0020"", ""m46@0.0020"", ""m47@0.0020"", ""m48@0.0020"", ""m49@0.0020"", ""m50@0.0020"", ""m51@0.0045"", ""m52@0.0045"", ""m53@0.0045"", ""m54@0.0045"", ""m55@0.0045"", ""m56@0.0045"", ""m57@0.0045"", ""m58@0.0045"", ""m59@0.0045"", ""m60@0.0040"", ""m61@0.0045"", ""m62@0.0045"", ""m63@0.0045""]","[""C1"", 1000000, 0, 50000, [[400000, 700000]], 455509]"
syn_64_6_4_13,synthetic,64,6,4,0.16,pareto_dp,True,15027519,0.16,1180.0,312296700,,3952780506901887135,"[""m0@0.0020"", ""m1@0.0020"", ""m2@0.0020"", ""m3@0.0040"", ""m4@0.0020"", ""m5@0.0020"", ""m6@0.0040"", ""m7@0.0030"", ""m8@0.0020"", ""m9@0.0020"", ""m10@0.0040"", ""m11@0.0040"", ""m12@0.0020"", ""m13@0.0020"", ""m14@0.0020"", ""m15@0.0045"", ""m16@0.0020"", ""m17@0.0020"", ""m18@0.0020"", ""m19@0.0040"", ""m20@0.0020"", ""m21@0.0020"", ""m22@0.0020"", ""m23@0.0045"", ""m24@0.0020"", ""m25@0.0020"", ""m26@0.0020"", ""m27@0.0020"", ""m28@0.0020"", ""m29@0.0020"", ""m30@0.0020"", ""m31@0.0035"", ""m32@0.0020"", ""m33@0.0020"", ""m34@0.0020"", ""m35@0.0025"", ""m36@0.0020"", ""m37@0.0020"", ""m38@0.0020"", ""m39@0.0020"", ""m40@0.0020"", ""m41@0.0020"", ""m42@0.0020"", ""m43@0.0045"", ""m44@0.0020"", ""m45@0.0020"", ""m46@0.0020"", ""m47@0.0020"", ""m48@0.0020"", ""m49@0.0020"", ""m50@0.0045"", ""m51@0.0045"", ""m52@0.0020"", ""m53@0.0020"", ""m54@0.0020"", ""m55@0.0040"", ""m56@0.0020"", ""m57@0.0020"", ""m58@0.0020"", ""m59@0.0045"", ""m60@0.0020"", ""m61@0.0020"", ""m62@0.0020"", ""m63@0.0040""]","[""C1"", 1000000, 0, 50000, [[400000, 700000]], 455509]"
syn_64_6_4_13,synthetic,64,6,4,0.16,equal_risk,True,20214497,0.128,,1904200,,3952780506901887135,"[""m0@0.0020"", ""m1@0.0020"", ""m2@0.0020"", ""m3@0.0020"", ""m4@0.0020"", ""m5@0.0020"", ""m6@0.0020"", ""m7@0.0020"", ""m8@0.0020"", ""m9@0.0020"", ""m10@0.0020"", ""m11@0.0020"", ""m12@0.0020"", ""m13@0.0020"", ""m14@0.0020"", ""m15@0.0020"", ""m16@0.0020"", ""m17@0.0020"", ""m18@0.0020"", ""m19@0.0020"", ""m20@0.0020"", ""m21@0.0020"", ""m22@0.0020"", ""m23@0.0020"", ""m24@0.0020"", ""m25@0.0020"", ""m26@0.0020"", ""m27@0.0020"", ""m28@0.0020"", ""m29@0.0020"", ""m30@0.0020"", ""m31@0.0020"", ""m32@0.0020"", ""m33@0.0020"", ""m34@0.0020"", ""m35@0.0020"", ""m36@0.0020"", ""m37@0.0020"", ""m38@0.0020"", ""m39@0.0020"", ""m40@0.0020"", ""m41@0.0020"", ""m42@0.0020"", ""m43@0.0020"", ""m44@0.0020"", ""m45@0.0020"", ""m46@0.0020"", ""m47@0.0020"", ""m48@0.0020"", ""m49@0.0020"", ""m50@0.0020"", ""m51@0.0020"", ""m52@0.0020"", ""m53@0.0020"", ""m54@0.0020"", ""m55@0.0020"", ""m56@0.0020"", ""m57@0.0020"", ""m58@0.0020"", ""m59@0.0020"", ""m60@0.0020"", ""m61@0.0020"", ""m62@0.0020"", ""m63@0.0020""]","[""C1"", 1000000, 0, 50000, [[400000, 700000]], 455509]"
syn_64_6_4_13,synthetic,64,6,4,0.16,proportional_risk,True,20214497,0.128,,2910200,,3952780506901887135,"[""m0@0.0020"", ""m1@0.0020"", ""m2@0.0020"", ""m3@0.0020"", ""m4@0.0020"", ""m5@0.0020"", ""m6@0.0020"", ""m7@0.0020"", ""m8@0.0020"", ""m9@0.0020"", ""m10@0.0020"", ""m11@0.0020"", ""m12@0.0020"", ""m13@0.0020"", ""m14@0.0020"", ""m15@0.0020"", ""m16@0.0020"", ""m17@0.0020"", ""m18@0.0020"", ""m19@0.0020"", ""m20@0.0020"", ""m21@0.0020"", ""m22@0.0020"", ""m23@0.0020"", ""m24@0.0020"", ""m25@0.0020"", ""m26@0.0020"", ""m27@0.0020"", ""m28@0.0020"", ""m29@0.0020"", ""m30@0.0020"", ""m31@0.0020"", ""m32@0.0020"", ""m33@0.0020"", ""m34@0.0020"", ""m35@0.0020"", ""m36@0.0020"", ""m37@0.0020"", ""m38@0.0020"", ""m39@0.0020"", ""m40@0.0020"", ""m41@0.0020"", ""m42@0.0020"", ""m43@0.0020"", ""m44@0.0020"", ""m45@0.0020"", ""m46@0.0020"", ""m47@0.0020"", ""m48@0.0020"", ""m49@0.0020"", ""m50@0.0020"", ""m51@0.0020"", ""m52@0.0020"", ""m53@0.0020"", ""m54@0.0020"", ""m55@0.0020"", ""m56@0.0020"", ""m57@0.0020"", ""m58@0.0020"", ""m59@0.0020"", ""m60@0.0020"", ""m61@0.0020"", ""m62@0.0020"", ""m63@0.0020""]","[""C1"", 1000000, 0, 50000, [[400000, 700000]], 455509]"
syn_64_6_4_13,synthetic,64,6,4,0.16,greedy_gate_catching,True,17076469,0.16,,250605800,,3952780506901887135,"[""m0@0.0020"", ""m1@0.0020"", ""m2@0.0020"", ""m3@0.0020"", ""m4@0.0020"", ""m5@0.0020"", ""m6@0.0020"", ""m7@0.0020"", ""m8@0.0020"", ""m9@0.0020"", ""m10@0.0020"", ""m11@0.0020"", ""m12@0.0020"", ""m13@0.0020"", ""m14@0.0020"", ""m15@0.0025"", ""m16@0.0020"", ""m17@0.0020"", ""m18@0.0020"", ""m19@0.0020"", ""m20@0.0020"", ""m21@0.0020"", ""m22@0.0020"", ""m23@0.0020"", ""m24@0.0020"", ""m25@0.0020"", ""m26@0.0020"", ""m27@0.0020"", ""m28@0.0020"", ""m29@0.0020"", ""m30@0.0020"", ""m31@0.0020"", ""m32@0.0020"", ""m33@0.0020"", ""m34@0.0020"", ""m35@0.0020"", ""m36@0.0020"", ""m37@0.0020"", ""m38@0.0020"", ""m39@0.0020"", ""m40@0.0020"", ""m41@0.0020"", ""m42@0.0020"", ""m43@0.0020"", ""m44@0.0020"", ""m45@0.0020"", ""m46@0.0020"", ""m47@0.0020"", ""m48@0.0020"", ""m49@0.0020"", ""m50@0.0020"", ""m51@0.0045"", ""m52@0.0045"", ""m53@0.0045"", ""m54@0.0045"", ""m55@0.0045"", ""m56@0.0045"", ""m57@0.0045"", ""m58@0.0045"", ""m59@0.0045"", ""m60@0.0035"", ""m61@0.0045"", ""m62@0.0045"", ""m63@0.0045""]","[""C1"", 1000000, 0, 50000, [[400000, 700000]], 455509]"
syn_64_6_4_14,synthetic,64,6,4,0.16,pareto_dp,True,13847005,0.16,966.0,277329900,,8627736389846553696,"[""m0@0.0020"", ""m1@0.0020"", ""m2@0.0020"", ""m3@0.0035"", ""m4@0.0020"", ""m5@0.0020"", ""m6@0.0020"", ""m7@0.0045"", ""m8@0.0020"", ""m9@0.0020"", ""m10@0.0040"", ""m11@0.0030"", ""m12@0.0020"", ""m13@0.0020"", ""m14@0.0030"", ""m15@0.0020"", ""m16@0.0020"", ""m17@0.0020"", ""m18@0.0020"", ""m19@0.0020"", ""m20@0.0020"", ""m21@0.0020"", ""m22@0.0020"", ""m23@0.0045"", ""m24@0.0020"", ""m25@0.0020"", ""m26@0.0020"", ""m27@0.0045"", ""m28@0.0020"", ""m29@0.0020"", ""m30@0.0020"", ""m31@0.0040"", ""m32@0.0020"", ""m33@0.0020"", ""m34@0.0020"", ""m35@0.0020"", ""m36@0.0020"", ""m37@0.0020"", ""m38@0.0020"", ""m39@0.0045"", ""m40@0.0020"", ""m41@0.0020"", ""m42@0.0020"", ""m43@0.0040"", ""m44@0.0020"", ""m45@0.0020"", ""m46@0.0020"", ""m47@0.0030"", ""m48@0.0020"", ""m49@0.0020"", ""m50@0.0020"", ""m51@0.0035"", ""m52@0.0020"", ""m53@0.0020"", ""m54@0.0040"", ""m55@0.0030"", ""m56@0.0020"", ""m57@0.0020"", ""m58@0.0040"", ""m59@0.0045"", ""m60@0.0020"", ""m61@0.0020"", ""m62@0.0025"", ""m63@0.0040""]","[""C1"", 1000000, 0, 50000, [[400000, 700000]], 455509]"
syn_64_6_4_14,synthetic,64,6,4,0.16,equal_risk,True,18778353,0.128,,1910900,,8627736389846553696,"[""m0@0.0020"", ""m1@0.0020"", ""m2@0.0020"", ""m3@0.0020"", ""m4@0.0020"", ""m5@0.0020"", ""m6@0.0020"", ""m7@0.0020"", ""m8@0.0020"", ""m9@0.0020"", ""m10@0.0020"", ""m11@0.0020"", ""m12@0.0020"", ""m13@0.0020"", ""m14@0.0020"", ""m15@0.0020"", ""m16@0.0020"", ""m17@0.0020"", ""m18@0.0020"", ""m19@0.0020"", ""m20@0.0020"", ""m21@0.0020"", ""m22@0.0020"", ""m23@0.0020"", ""m24@0.0020"", ""m25@0.0020"", ""m26@0.0020"", ""m27@0.0020"", ""m28@0.0020"", ""m29@0.0020"", ""m30@0.0020"", ""m31@0.0020"", ""m32@0.0020"", ""m33@0.0020"", ""m34@0.0020"", ""m35@0.0020"", ""m36@0.0020"", ""m37@0.0020"", ""m38@0.0020"", ""m39@0.0020"", ""m40@0.0020"", ""m41@0.0020"", ""m42@0.0020"", ""m43@0.0020"", ""m44@0.0020"", ""m45@0.0020"", ""m46@0.0020"", ""m47@0.0020"", ""m48@0.0020"", ""m49@0.0020"", ""m50@0.0020"", ""m51@0.0020"", ""m52@0.0020"", ""m53@0.0020"", ""m54@0.0020"", ""m55@0.0020"", ""m56@0.0020"", ""m57@0.0020"", ""m58@0.0020"", ""m59@0.0020"", ""m60@0.0020"", ""m61@0.0020"", ""m62@0.0020"", ""m63@0.0020""]","[""C1"", 1000000, 0, 50000, [[400000, 700000]], 455509]"
syn_64_6_4_14,synthetic,64,6,4,0.16,proportional_risk,True,18778353,0.128,,2927400,,8627736389846553696,"[""m0@0.0020"", ""m1@0.0020"", ""m2@0.0020"", ""m3@0.0020"", ""m4@0.0020"", ""m5@0.0020"", ""m6@0.0020"", ""m7@0.0020"", ""m8@0.0020"", ""m9@0.0020"", ""m10@0.0020"", ""m11@0.0020"", ""m12@0.0020"", ""m13@0.0020"", ""m14@0.0020"", ""m15@0.0020"", ""m16@0.0020"", ""m17@0.0020"", ""m18@0.0020"", ""m19@0.0020"", ""m20@0.0020"", ""m21@0.0020"", ""m22@0.0020"", ""m23@0.0020"", ""m24@0.0020"", ""m25@0.0020"", ""m26@0.0020"", ""m27@0.0020"", ""m28@0.0020"", ""m29@0.0020"", ""m30@0.0020"", ""m31@0.0020"", ""m32@0.0020"", ""m33@0.0020"", ""m34@0.0020"", ""m35@0.0020"", ""m36@0.0020"", ""m37@0.0020"", ""m38@0.0020"", ""m39@0.0020"", ""m40@0.0020"", ""m41@0.0020"", ""m42@0.0020"", ""m43@0.0020"", ""m44@0.0020"", ""m45@0.0020"", ""m46@0.0020"", ""m47@0.0020"", ""m48@0.0020"", ""m49@0.0020"", ""m50@0.0020"", ""m51@0.0020"", ""m52@0.0020"", ""m53@0.0020"", ""m54@0.0020"", ""m55@0.0020"", ""m56@0.0020"", ""m57@0.0020"", ""m58@0.0020"", ""m59@0.0020"", ""m60@0.0020"", ""m61@0.0020"", ""m62@0.0020"", ""m63@0.0020""]","[""C1"", 1000000, 0, 50000, [[400000, 700000]], 455509]"
syn_64_6_4_14,synthetic,64,6,4,0.16,greedy_gate_catching,True,17279578,0.16,,256409900,,8627736389846553696,"[""m0@0.0020"", ""m1@0.0020"", ""m2@0.0020"", ""m3@0.0020"", ""m4@0.0020"", ""m5@0.0020"", ""m6@0.0020"", ""m7@0.0020"", ""m8@0.0020"", ""m9@0.0020"", ""m10@0.0020"", ""m11@0.0020"", ""m12@0.0020"", ""m13@0.0020"", ""m14@0.0020"", ""m15@0.0020"", ""m16@0.0020"", ""m17@0.0020"", ""m18@0.0020"", ""m19@0.0020"", ""m20@0.0020"", ""m21@0.0020"", ""m22@0.0020"", ""m23@0.0020"", ""m24@0.0020"", ""m25@0.0020"", ""m26@0.0020"", ""m27@0.0020"", ""m28@0.0020"", ""m29@0.0020"", ""m30@0.0020"", ""m31@0.0020"", ""m32@0.0020"", ""m33@0.0020"", ""m34@0.0020"", ""m35@0.0020"", ""m36@0.0020"", ""m37@0.0020"", ""m38@0.0020"", ""m39@0.0020"", ""m40@0.0020"", ""m41@0.0020"", ""m42@0.0020"", ""m43@0.0020"", ""m44@0.0020"", ""m45@0.0020"", ""m46@0.0020"", ""m47@0.0020"", ""m48@0.0020"", ""m49@0.0020"", ""m50@0.0020"", ""m51@0.0045"", ""m52@0.0045"", ""m53@0.0045"", ""m54@0.0045"", ""m55@0.0045"", ""m56@0.0040"", ""m57@0.0045"", ""m58@0.0045"", ""m59@0.0045"", ""m60@0.0045"", ""m61@0.0045"", ""m62@0.0045"", ""m63@0.0045""]","[""C1"", 1000000, 0, 50000, [[400000, 700000]], 455509]"
syn_64_6_4_15,synthetic,64,6,4,0.16,pareto_dp,True,14535067,0.16,895.0,211550600,,56414328274478915,"[""m0@0.0020"", ""m1@0.0020"", ""m2@0.0045"", ""m3@0.0040"", ""m4@0.0020"", ""m5@0.0020"", ""m6@0.0020"", ""m7@0.0045"", ""m8@0.0020"", ""m9@0.0020"", ""m10@0.0035"", ""m11@0.0045"", ""m12@0.0020"", ""m13@0.0020"", ""m14@0.0020"", ""m15@0.0020"", ""m16@0.0020"", ""m17@0.0020"", ""m18@0.0020"", ""m19@0.0045"", ""m20@0.0020"", ""m21@0.0020"", ""m22@0.0020"", ""m23@0.0045"", ""m24@0.0020"", ""m25@0.0020"", ""m26@0.0020"", ""m27@0.0040"", ""m28@0.0020"", ""m29@0.0020"", ""m30@0.0020"", ""m31@0.0035"", ""m32@0.0020"", ""m33@0.0020"", ""m34@0.0025"", ""m35@0.0045"", ""m36@0.0020"", ""m37@0.0020"", ""m38@0.0020"", ""m39@0.0020"", ""m40@0.0020"", ""m41@0.0020"", ""m42@0.0020"", ""m43@0.0045"", ""m44@0.0020"", ""m45@0.0020"", ""m46@0.0020"", ""m47@0.0020"", ""m48@0.0020"", ""m49@0.0020"", ""m50@0.0020"", ""m51@0.0045"", ""m52@0.0020"", ""m53@0.0020"", ""m54@0.0020"", ""m55@0.0045"", ""m56@0.0020"", ""m57@0.0020"", ""m58@0.0020"", ""m59@0.0040"", ""m60@0.0020"", ""m61@0.0020"", ""m62@0.0020"", ""m63@0.0020""]","[""C1"", 1000000, 0, 50000, [[400000, 700000]], 455509]"
syn_64_6_4_15,synthetic,64,6,4,0.16,equal_risk,True,21537828,0.128,,1879000,,56414328274478915,"[""m0@0.0020"", ""m1@0.0020"", ""m2@0.0020"", ""m3@0.0020"", ""m4@0.0020"", ""m5@0.0020"", ""m6@0.0020"", ""m7@0.0020"", ""m8@0.0020"", ""m9@0.0020"", ""m10@0.0020"", ""m11@0.0020"", ""m12@0.0020"", ""m13@0.0020"", ""m14@0.0020"", ""m15@0.0020"", ""m16@0.0020"", ""m17@0.0020"", ""m18@0.0020"", ""m19@0.0020"", ""m20@0.0020"", ""m21@0.0020"", ""m22@0.0020"", ""m23@0.0020"", ""m24@0.0020"", ""m25@0.0020"", ""m26@0.0020"", ""m27@0.0020"", ""m28@0.0020"", ""m29@0.0020"", ""m30@0.0020"", ""m31@0.0020"", ""m32@0.0020"", ""m33@0.0020"", ""m34@0.0020"", ""m35@0.0020"", ""m36@0.0020"", ""m37@0.0020"", ""m38@0.0020"", ""m39@0.0020"", ""m40@0.0020"", ""m41@0.0020"", ""m42@0.0020"", ""m43@0.0020"", ""m44@0.0020"", ""m45@0.0020"", ""m46@0.0020"", ""m47@0.0020"", ""m48@0.0020"", ""m49@0.0020"", ""m50@0.0020"", ""m51@0.0020"", ""m52@0.0020"", ""m53@0.0020"", ""m54@0.0020"", ""m55@0.0020"", ""m56@0.0020"", ""m57@0.0020"", ""m58@0.0020"", ""m59@0.0020"", ""m60@0.0020"", ""m61@0.0020"", ""m62@0.0020"", ""m63@0.0020""]","[""C1"", 1000000, 0, 50000, [[400000, 700000]], 455509]"
syn_64_6_4_15,synthetic,64,6,4,0.16,proportional_risk,True,21537828,0.128,,2759300,,56414328274478915,"[""m0@0.0020"", ""m1@0.0020"", ""m2@0.0020"", ""m3@0.0020"", ""m4@0.0020"", ""m5@0.0020"", ""m6@0.0020"", ""m7@0.0020"", ""m8@0.0020"", ""m9@0.0020"", ""m10@0.0020"", ""m11@0.0020"", ""m12@0.0020"", ""m13@0.0020"", ""m14@0.0020"", ""m15@0.0020"", ""m16@0.0020"", ""m17@0.0020"", ""m18@0.0020"", ""m19@0.0020"", ""m20@0.0020"", ""m21@0.0020"", ""m22@0.0020"", ""m23@0.0020"", ""m24@0.0020"", ""m25@0.0020"", ""m26@0.0020"", ""m27@0.0020"", ""m28@0.0020"", ""m29@0.0020"", ""m30@0.0020"", ""m31@0.0020"", ""m32@0.0020"", ""m33@0.0020"", ""m34@0.0020"", ""m35@0.0020"", ""m36@0.0020"", ""m37@0.0020"", ""m38@0.0020"", ""m39@0.0020"", ""m40@0.0020"", ""m41@0.0020"", ""m42@0.0020"", ""m43@0.0020"", ""m44@0.0020"", ""m45@0.0020"", ""m46@0.0020"", ""m47@0.0020"", ""m48@0.0020"", ""m49@0.0020"", ""m50@0.0020"", ""m51@0.0020"", ""m52@0.0020"", ""m53@0.0020"", ""m54@0.0020"", ""m55@0.0020"", ""m56@0.0020"", ""m57@0.0020"", ""m58@0.0020"", ""m59@0.0020"", ""m60@0.0020"", ""m61@0.0020"", ""m62@0.0020"", ""m63@0.0020""]","[""C1"", 1000000, 0, 50000, [[400000, 700000]], 455509]"
syn_64_6_4_15,synthetic,64,6,4,0.16,greedy_gate_catching,True,19568125,0.16,,243786000,,56414328274478915,"[""m0@0.0020"", ""m1@0.0020"", ""m2@0.0020"", ""m3@0.0020"", ""m4@0.0020"", ""m5@0.0020"", ""m6@0.0020"", ""m7@0.0020"", ""m8@0.0020"", ""m9@0.0020"", ""m10@0.0020"", ""m11@0.0020"", ""m12@0.0020"", ""m13@0.0020"", ""m14@0.0020"", ""m15@0.0020"", ""m16@0.0020"", ""m17@0.0020"", ""m18@0.0020"", ""m19@0.0020"", ""m20@0.0020"", ""m21@0.0020"", ""m22@0.0020"", ""m23@0.0020"", ""m24@0.0020"", ""m25@0.0020"", ""m26@0.0020"", ""m27@0.0020"", ""m28@0.0020"", ""m29@0.0020"", ""m30@0.0020"", ""m31@0.0020"", ""m32@0.0020"", ""m33@0.0020"", ""m34@0.0020"", ""m35@0.0020"", ""m36@0.0020"", ""m37@0.0020"", ""m38@0.0020"", ""m39@0.0020"", ""m40@0.0020"", ""m41@0.0020"", ""m42@0.0020"", ""m43@0.0020"", ""m44@0.0020"", ""m45@0.0020"", ""m46@0.0020"", ""m47@0.0020"", ""m48@0.0020"", ""m49@0.0020"", ""m50@0.0020"", ""m51@0.0045"", ""m52@0.0045"", ""m53@0.0045"", ""m54@0.0045"", ""m55@0.0045"", ""m56@0.0045"", ""m57@0.0045"", ""m58@0.0045"", ""m59@0.0045"", ""m60@0.0040"", ""m61@0.0045"", ""m62@0.0045"", ""m63@0.0045""]","[""C1"", 1000000, 0, 50000, [[400000, 700000]], 455509]"
syn_64_6_4_16,synthetic,64,6,4,0.16,pareto_dp,True,13912614,0.16,1237.0,297483400,,6993106136109575780,"[""m0@0.0020"", ""m1@0.0020"", ""m2@0.0020"", ""m3@0.0045"", ""m4@0.0020"", ""m5@0.0020"", ""m6@0.0040"", ""m7@0.0020"", ""m8@0.0020"", ""m9@0.0020"", ""m10@0.0025"", ""m11@0.0045"", ""m12@0.0020"", ""m13@0.0020"", ""m14@0.0020"", ""m15@0.0045"", ""m16@0.0020"", ""m17@0.0020"", ""m18@0.0020"", ""m19@0.0035"", ""m20@0.0020"", ""m21@0.0020"", ""m22@0.0040"", ""m23@0.0040"", ""m24@0.0020"", ""m25@0.0020"", ""m26@0.0020"", ""m27@0.0045"", ""m28@0.0020"", ""m29@0.0020"", ""m30@0.0020"", ""m31@0.0045"", ""m32@0.0020"", ""m33@0.0020"", ""m34@0.0020"", ""m35@0.0020"", ""m36@0.0020"", ""m37@0.0020"", ""m38@0.0020"", ""m39@0.0040"", ""m40@0.0020"", ""m41@0.0020"", ""m42@0.0020"", ""m43@0.0040"", ""m44@0.0020"", ""m45@0.0020"", ""m46@0.0020"", ""m47@0.0020"", ""m48@0.0020"", ""m49@0.0020"", ""m50@0.0020"", ""m51@0.0040"", ""m52@0.0020"", ""m53@0.0020"", ""m54@0.0020"", ""m55@0.0035"", ""m56@0.0020"", ""m57@0.0020"", ""m58@0.0020"", ""m59@0.0045"", ""m60@0.0020"", ""m61@0.0020"", ""m62@0.0020"", ""m63@0.0035""]","[""C1"", 1000000, 0, 50000, [[400000, 700000]], 455509]"
syn_64_6_4_16,synthetic,64,6,4,0.16,equal_risk,True,18779494,0.128,,1932900,,6993106136109575780,"[""m0@0.0020"", ""m1@0.0020"", ""m2@0.0020"", ""m3@0.0020"", ""m4@0.0020"", ""m5@0.0020"", ""m6@0.0020"", ""m7@0.0020"", ""m8@0.0020"", ""m9@0.0020"", ""m10@0.0020"", ""m11@0.0020"", ""m12@0.0020"", ""m13@0.0020"", ""m14@0.0020"", ""m15@0.0020"", ""m16@0.0020"", ""m17@0.0020"", ""m18@0.0020"", ""m19@0.0020"", ""m20@0.0020"", ""m21@0.0020"", ""m22@0.0020"", ""m23@0.0020"", ""m24@0.0020"", ""m25@0.0020"", ""m26@0.0020"", ""m27@0.0020"", ""m28@0.0020"", ""m29@0.0020"", ""m30@0.0020"", ""m31@0.0020"", ""m32@0.0020"", ""m33@0.0020"", ""m34@0.0020"", ""m35@0.0020"", ""m36@0.0020"", ""m37@0.0020"", ""m38@0.0020"", ""m39@0.0020"", ""m40@0.0020"", ""m41@0.0020"", ""m42@0.0020"", ""m43@0.0020"", ""m44@0.0020"", ""m45@0.0020"", ""m46@0.0020"", ""m47@0.0020"", ""m48@0.0020"", ""m49@0.0020"", ""m50@0.0020"", ""m51@0.0020"", ""m52@0.0020"", ""m53@0.0020"", ""m54@0.0020"", ""m55@0.0020"", ""m56@0.0020"", ""m57@0.0020"", ""m58@0.0020"", ""m59@0.0020"", ""m60@0.0020"", ""m61@0.0020"", ""m62@0.0020"", ""m63@0.0020""]","[""C1"", 1000000, 0, 50000, [[400000, 700000]], 455509]"
syn_64_6_4_16,synthetic,64,6,4,0.16,proportional_risk,True,18779494,0.128,,2823900,,6993106136109575780,"[""m0@0.0020"", ""m1@0.0020"", ""m2@0.0020"", ""m3@0.0020"", ""m4@0.0020"", ""m5@0.0020"", ""m6@0.0020"", ""m7@0.0020"", ""m8@0.0020"", ""m9@0.0020"", ""m10@0.0020"", ""m11@0.0020"", ""m12@0.0020"", ""m13@0.0020"", ""m14@0.0020"", ""m15@0.0020"", ""m16@0.0020"", ""m17@0.0020"", ""m18@0.0020"", ""m19@0.0020"", ""m20@0.0020"", ""m21@0.0020"", ""m22@0.0020"", ""m23@0.0020"", ""m24@0.0020"", ""m25@0.0020"", ""m26@0.0020"", ""m27@0.0020"", ""m28@0.0020"", ""m29@0.0020"", ""m30@0.0020"", ""m31@0.0020"", ""m32@0.0020"", ""m33@0.0020"", ""m34@0.0020"", ""m35@0.0020"", ""m36@0.0020"", ""m37@0.0020"", ""m38@0.0020"", ""m39@0.0020"", ""m40@0.0020"", ""m41@0.0020"", ""m42@0.0020"", ""m43@0.0020"", ""m44@0.0020"", ""m45@0.0020"", ""m46@0.0020"", ""m47@0.0020"", ""m48@0.0020"", ""m49@0.0020"", ""m50@0.0020"", ""m51@0.0020"", ""m52@0.0020"", ""m53@0.0020"", ""m54@0.0020"", ""m55@0.0020"", ""m56@0.0020"", ""m57@0.0020"", ""m58@0.0020"", ""m59@0.0020"", ""m60@0.0020"", ""m61@0.0020"", ""m62@0.0020"", ""m63@0.0020""]","[""C1"", 1000000, 0, 50000, [[400000, 700000]], 455509]"
syn_64_6_4_16,synthetic,64,6,4,0.16,greedy_gate_catching,True,16789280,0.16,,245144000,,6993106136109575780,"[""m0@0.0020"", ""m1@0.0020"", ""m2@0.0020"", ""m3@0.0020"", ""m4@0.0020"", ""m5@0.0020"", ""m6@0.0020"", ""m7@0.0020"", ""m8@0.0020"", ""m9@0.0020"", ""m10@0.0020"", ""m11@0.0020"", ""m12@0.0020"", ""m13@0.0020"", ""m14@0.0020"", ""m15@0.0020"", ""m16@0.0020"", ""m17@0.0020"", ""m18@0.0020"", ""m19@0.0020"", ""m20@0.0020"", ""m21@0.0020"", ""m22@0.0020"", ""m23@0.0020"", ""m24@0.0020"", ""m25@0.0020"", ""m26@0.0020"", ""m27@0.0020"", ""m28@0.0020"", ""m29@0.0020"", ""m30@0.0020"", ""m31@0.0020"", ""m32@0.0020"", ""m33@0.0020"", ""m34@0.0020"", ""m35@0.0020"", ""m36@0.0020"", ""m37@0.0020"", ""m38@0.0020"", ""m39@0.0020"", ""m40@0.0020"", ""m41@0.0020"", ""m42@0.0020"", ""m43@0.0020"", ""m44@0.0020"", ""m45@0.0020"", ""m46@0.0020"", ""m47@0.0020"", ""m48@0.0020"", ""m49@0.0020"", ""m50@0.0020"", ""m51@0.0045"", ""m52@0.0045"", ""m53@0.0045"", ""m54@0.0045"", ""m55@0.0045"", ""m56@0.0045"", ""m57@0.0045"", ""m58@0.0045"", ""m59@0.0045"", ""m60@0.0040"", ""m61@0.0045"", ""m62@0.0045"", ""m63@0.0045""]","[""C1"", 1000000, 0, 50000, [[400000, 700000]], 455509]"
syn_64_6_4_17,synthetic,64,6,4,0.16,pareto_dp,True,13432498,0.16,1305.0,344619400,,7570468173143356126,"[""m0@0.0020"", ""m1@0.0020"", ""m2@0.0045"", ""m3@0.0040"", ""m4@0.0020"", ""m5@0.0020"", ""m6@0.0020"", ""m7@0.0045"", ""m8@0.0020"", ""m9@0.0020"", ""m10@0.0035"", ""m11@0.0020"", ""m12@0.0020"", ""m13@0.0020"", ""m14@0.0020"", ""m15@0.0045"", ""m16@0.0020"", ""m17@0.0020"", ""m18@0.0020"", ""m19@0.0020"", ""m20@0.0020"", ""m21@0.0020"", ""m22@0.0040"", ""m23@0.0020"", ""m24@0.0020"", ""m25@0.0020"", ""m26@0.0020"", ""m27@0.0045"", ""m28@0.0020"", ""m29@0.0020"", ""m30@0.0040"", ""m31@0.0030"", ""m32@0.0020"", ""m33@0.0020"", ""m34@0.0020"", ""m35@0.0040"", ""m36@0.0020"", ""m37@0.0020"", ""m38@0.0020"", ""m39@0.0020"", ""m40@0.0020"", ""m41@0.0020"", ""m42@0.0025"", ""m43@0.0045"", ""m44@0.0020"", ""m45@0.0020"", ""m46@0.0020"", ""m47@0.0045"", ""m48@0.0020"", ""m49@0.0020"", ""m50@0.0025"", ""m51@0.0025"", ""m52@0.0020"", ""m53@0.0020"", ""m54@0.0020"", ""m55@0.0045"", ""m56@0.0020"", ""m57@0.0020"", ""m58@0.0020"", ""m59@0.0045"", ""m60@0.0020"", ""m61@0.0020"", ""m62@0.0020"", ""m63@0.0020""]","[""C1"", 1000000, 0, 50000, [[400000, 700000]], 455509]"
syn_64_6_4_17,synthetic,64,6,4,0.16,equal_risk,True,18005980,0.128,,1902400,,7570468173143356126,"[""m0@0.0020"", ""m1@0.0020"", ""m2@0.0020"", ""m3@0.0020"", ""m4@0.0020"", ""m5@0.0020"", ""m6@0.0020"", ""m7@0.0020"", ""m8@0.0020"", ""m9@0.0020"", ""m10@0.0020"", ""m11@0.0020"", ""m12@0.0020"", ""m13@0.0020"", ""m14@0.0020"", ""m15@0.0020"", ""m16@0.0020"", ""m17@0.0020"", ""m18@0.0020"", ""m19@0.0020"", ""m20@0.0020"", ""m21@0.0020"", ""m22@0.0020"", ""m23@0.0020"", ""m24@0.0020"", ""m25@0.0020"", ""m26@0.0020"", ""m27@0.0020"", ""m28@0.0020"", ""m29@0.0020"", ""m30@0.0020"", ""m31@0.0020"", ""m32@0.0020"", ""m33@0.0020"", ""m34@0.0020"", ""m35@0.0020"", ""m36@0.0020"", ""m37@0.0020"", ""m38@0.0020"", ""m39@0.0020"", ""m40@0.0020"", ""m41@0.0020"", ""m42@0.0020"", ""m43@0.0020"", ""m44@0.0020"", ""m45@0.0020"", ""m46@0.0020"", ""m47@0.0020"", ""m48@0.0020"", ""m49@0.0020"", ""m50@0.0020"", ""m51@0.0020"", ""m52@0.0020"", ""m53@0.0020"", ""m54@0.0020"", ""m55@0.0020"", ""m56@0.0020"", ""m57@0.0020"", ""m58@0.0020"", ""m59@0.0020"", ""m60@0.0020"", ""m61@0.0020"", ""m62@0.0020"", ""m63@0.0020""]","[""C1"", 1000000, 0, 50000, [[400000, 700000]], 455509]"
syn_64_6_4_17,synthetic,64,6,4,0.16,proportional_risk,True,18005980,0.128,,2885300,,7570468173143356126,"[""m0@0.0020"", ""m1@0.0020"", ""m2@0.0020"", ""m3@0.0020"", ""m4@0.0020"", ""m5@0.0020"", ""m6@0.0020"", ""m7@0.0020"", ""m8@0.0020"", ""m9@0.0020"", ""m10@0.0020"", ""m11@0.0020"", ""m12@0.0020"", ""m13@0.0020"", ""m14@0.0020"", ""m15@0.0020"", ""m16@0.0020"", ""m17@0.0020"", ""m18@0.0020"", ""m19@0.0020"", ""m20@0.0020"", ""m21@0.0020"", ""m22@0.0020"", ""m23@0.0020"", ""m24@0.0020"", ""m25@0.0020"", ""m26@0.0020"", ""m27@0.0020"", ""m28@0.0020"", ""m29@0.0020"", ""m30@0.0020"", ""m31@0.0020"", ""m32@0.0020"", ""m33@0.0020"", ""m34@0.0020"", ""m35@0.0020"", ""m36@0.0020"", ""m37@0.0020"", ""m38@0.0020"", ""m39@0.0020"", ""m40@0.0020"", ""m41@0.0020"", ""m42@0.0020"", ""m43@0.0020"", ""m44@0.0020"", ""m45@0.0020"", ""m46@0.0020"", ""m47@0.0020"", ""m48@0.0020"", ""m49@0.0020"", ""m50@0.0020"", ""m51@0.0020"", ""m52@0.0020"", ""m53@0.0020"", ""m54@0.0020"", ""m55@0.0020"", ""m56@0.0020"", ""m57@0.0020"", ""m58@0.0020"", ""m59@0.0020"", ""m60@0.0020"", ""m61@0.0020"", ""m62@0.0020"", ""m63@0.0020""]","[""C1"", 1000000, 0, 50000, [[400000, 700000]], 455509]"
syn_64_6_4_17,synthetic,64,6,4,0.16,greedy_gate_catching,True,16284690,0.16,,249821500,,7570468173143356126,"[""m0@0.0020"", ""m1@0.0020"", ""m2@0.0020"", ""m3@0.0020"", ""m4@0.0020"", ""m5@0.0020"", ""m6@0.0020"", ""m7@0.0020"", ""m8@0.0020"", ""m9@0.0020"", ""m10@0.0020"", ""m11@0.0020"", ""m12@0.0020"", ""m13@0.0020"", ""m14@0.0020"", ""m15@0.0020"", ""m16@0.0020"", ""m17@0.0020"", ""m18@0.0020"", ""m19@0.0020"", ""m20@0.0020"", ""m21@0.0020"", ""m22@0.0020"", ""m23@0.0020"", ""m24@0.0020"", ""m25@0.0020"", ""m26@0.0020"", ""m27@0.0020"", ""m28@0.0020"", ""m29@0.0020"", ""m30@0.0020"", ""m31@0.0020"", ""m32@0.0020"", ""m33@0.0020"", ""m34@0.0020"", ""m35@0.0020"", ""m36@0.0020"", ""m37@0.0020"", ""m38@0.0020"", ""m39@0.0020"", ""m40@0.0020"", ""m41@0.0020"", ""m42@0.0020"", ""m43@0.0020"", ""m44@0.0020"", ""m45@0.0020"", ""m46@0.0020"", ""m47@0.0020"", ""m48@0.0020"", ""m49@0.0020"", ""m50@0.0020"", ""m51@0.0045"", ""m52@0.0040"", ""m53@0.0045"", ""m54@0.0045"", ""m55@0.0045"", ""m56@0.0045"", ""m57@0.0045"", ""m58@0.0045"", ""m59@0.0045"", ""m60@0.0045"", ""m61@0.0045"", ""m62@0.0045"", ""m63@0.0045""]","[""C1"", 1000000, 0, 50000, [[400000, 700000]], 455509]"
syn_64_6_4_18,synthetic,64,6,4,0.16,pareto_dp,True,13560867,0.16,995.0,319146000,,10200561077807842574,"[""m0@0.0020"", ""m1@0.0020"", ""m2@0.0020"", ""m3@0.0030"", ""m4@0.0020"", ""m5@0.0020"", ""m6@0.0020"", ""m7@0.0035"", ""m8@0.0020"", ""m9@0.0020"", ""m10@0.0020"", ""m11@0.0020"", ""m12@0.0020"", ""m13@0.0020"", ""m14@0.0020"", ""m15@0.0020"", ""m16@0.0020"", ""m17@0.0020"", ""m18@0.0020"", ""m19@0.0020"", ""m20@0.0020"", ""m21@0.0020"", ""m22@0.0020"", ""m23@0.0020"", ""m24@0.0020"", ""m25@0.0020"", ""m26@0.0020"", ""m27@0.0045"", ""m28@0.0020"", ""m29@0.0020"", ""m30@0.0025"", ""m31@0.0045"", ""m32@0.0020"", ""m33@0.0020"", ""m34@0.0020"", ""m35@0.0045"", ""m36@0.0020"", ""m37@0.0020"", ""m38@0.0045"", ""m39@0.0040"", ""m40@0.0020"", ""m41@0.0020"", ""m42@0.0020"", ""m43@0.0045"", ""m44@0.0020"", ""m45@0.0020"", ""m46@0.0020"", ""m47@0.0045"", ""m48@0.0020"", ""m49@0.0020"", ""m50@0.0040"", ""m51@0.0045"", ""m52@0.0020"", ""m53@0.0020"", ""m54@0.0025"", ""m55@0.0035"", ""m56@0.0020"", ""m57@0.0020"", ""m58@0.0045"", ""m59@0.0045"", ""m60@0.0020"", ""m61@0.0020"", ""m62@0.0025"", ""m63@0.0020""]","[""C1"", 1000000, 0, 50000, [[400000, 700000]], 455509]"
syn_64_6_4_18,synthetic,64,6,4,0.16,equal_risk,True,18677087,0.128,,1929800,,10200561077807842574,"[""m0@0.0020"", ""m1@0.0020"", ""m2@0.0020"", ""m3@0.0020"", ""m4@0.0020"", ""m5@0.0020"", ""m6@0.0020"", ""m7@0.0020"", ""m8@0.0020"", ""m9@0.0020"", ""m10@0.0020"", ""m11@0.0020"", ""m12@0.0020"", ""m13@0.0020"", ""m14@0.0020"", ""m15@0.0020"", ""m16@0.0020"", ""m17@0.0020"", ""m18@0.0020"", ""m19@0.0020"", ""m20@0.0020"", ""m21@0.0020"", ""m22@0.0020"", ""m23@0.0020"", ""m24@0.0020"", ""m25@0.0020"", ""m26@0.0020"", ""m27@0.0020"", ""m28@0.0020"", ""m29@0.0020"", ""m30@0.0020"", ""m31@0.0020"", ""m32@0.0020"", ""m33@0.0020"", ""m34@0.0020"", ""m35@0.0020"", ""m36@0.0020"", ""m37@0.0020"", ""m38@0.0020"", ""m39@0.0020"", ""m40@0.0020"", ""m41@0.0020"", ""m42@0.0020"", ""m43@0.0020"", ""m44@0.0020"", ""m45@0.0020"", ""m46@0.0020"", ""m47@0.0020"", ""m48@0.0020"", ""m49@0.0020"", ""m50@0.0020"", ""m51@0.0020"", ""m52@0.0020"", ""m53@0.0020"", ""m54@0.0020"", ""m55@0.0020"", ""m56@0.0020"", ""m57@0.0020"", ""m58@0.0020"", ""m59@0.0020"", ""m60@0.0020"", ""m61@0.0020"", ""m62@0.0020"", ""m63@0.0020""]","[""C1"", 1000000, 0, 50000, [[400000, 700000]], 455509]"
syn_64_6_4_18,synthetic,64,6,4,0.16,proportional_risk,True,18677087,0.128,,2869000,,10200561077807842574,"[""m0@0.0020"", ""m1@0.0020"", ""m2@0.0020"", ""m3@0.0020"", ""m4@0.0020"", ""m5@0.0020"", ""m6@0.0020"", ""m7@0.0020"", ""m8@0.0020"", ""m9@0.0020"", ""m10@0.0020"", ""m11@0.0020"", ""m12@0.0020"", ""m13@0.0020"", ""m14@0.0020"", ""m15@0.0020"", ""m16@0.0020"", ""m17@0.0020"", ""m18@0.0020"", ""m19@0.0020"", ""m20@0.0020"", ""m21@0.0020"", ""m22@0.0020"", ""m23@0.0020"", ""m24@0.0020"", ""m25@0.0020"", ""m26@0.0020"", ""m27@0.0020"", ""m28@0.0020"", ""m29@0.0020"", ""m30@0.0020"", ""m31@0.0020"", ""m32@0.0020"", ""m33@0.0020"", ""m34@0.0020"", ""m35@0.0020"", ""m36@0.0020"", ""m37@0.0020"", ""m38@0.0020"", ""m39@0.0020"", ""m40@0.0020"", ""m41@0.0020"", ""m42@0.0020"", ""m43@0.0020"", ""m44@0.0020"", ""m45@0.0020"", ""m46@0.0020"", ""m47@0.0020"", ""m48@0.0020"", ""m49@0.0020"", ""m50@0.0020"", ""m51@0.0020"", ""m52@0.0020"", ""m53@0.0020"", ""m54@0.0020"", ""m55@0.0020"", ""m56@0.0020"", ""m57@0.0020"", ""m58@0.0020"", ""m59@0.0020"", ""m60@0.0020"", ""m61@0.0020"", ""m62@0.0020"", ""m63@0.0020""]","[""C1"", 1000000, 0, 50000, [[400000, 700000]], 455509]"
syn_64_6_4_18,synthetic,64,6,4,0.16,greedy_gate_catching,True,16574748,0.16,,255799700,,10200561077807842574,"[""m0@0.0020"", ""m1@0.0020"", ""m2@0.0020"", ""m3@0.0020"", ""m4@0.0020"", ""m5@0.0020"", ""m6@0.0020"", ""m7@0.0020"", ""m8@0.0020"", ""m9@0.0020"", ""m10@0.0020"", ""m11@0.0020"", ""m12@0.0020"", ""m13@0.0020"", ""m14@0.0020"", ""m15@0.0020"", ""m16@0.0020"", ""m17@0.0020"", ""m18@0.0020"", ""m19@0.0020"", ""m20@0.0020"", ""m21@0.0020"", ""m22@0.0020"", ""m23@0.0020"", ""m24@0.0020"", ""m25@0.0020"", ""m26@0.0020"", ""m27@0.0020"", ""m28@0.0020"", ""m29@0.0020"", ""m30@0.0020"", ""m31@0.0020"", ""m32@0.0020"", ""m33@0.0020"", ""m34@0.0020"", ""m35@0.0020"", ""m36@0.0020"", ""m37@0.0020"", ""m38@0.0020"", ""m39@0.0020"", ""m40@0.0020"", ""m41@0.0020"", ""m42@0.0020"", ""m43@0.0020"", ""m44@0.0020"", ""m45@0.0020"", ""m46@0.0020"", ""m47@0.0020"", ""m48@0.0020"", ""m49@0.0020"", ""m50@0.0020"", ""m51@0.0045"", ""m52@0.0045"", ""m53@0.0045"", ""m54@0.0045"", ""m55@0.0045"", ""m56@0.0045"", ""m57@0.0045"", ""m58@0.0045"", ""m59@0.0045"", ""m60@0.0040"", ""m61@0.0045"", ""m62@0.0045"", ""m63@0.0045""]","[""C1"", 1000000, 0, 50000, [[400000, 700000]], 455509]"
syn_64_6_4_19,synthetic,64,6,4,0.16,pareto_dp,True,14087816,0.16,1146.0,350861400,,13543822923688922972,"[""m0@0.0020"", ""m1@0.0020"", ""m2@0.0020"", ""m3@0.0035"", ""m4@0.0020"", ""m5@0.0020"", ""m6@0.0030"", ""m7@0.0045"", ""m8@0.0020"", ""m9@0.0020"", ""m10@0.0040"", ""m11@0.0045"", ""m12@0.0020"", ""m13@0.0020"", ""m14@0.0040"", ""m15@0.0045"", ""m16@0.0020"", ""m17@0.0020"", ""m18@0.0040"", ""m19@0.0020"", ""m20@0.0020"", ""m21@0.0020"", ""m22@0.0020"", ""m23@0.0045"", ""m24@0.0020"", ""m25@0.0020"", ""m26@0.0045"", ""m27@0.0020"", ""m28@0.0020"", ""m29@0.0020"", ""m30@0.0040"", ""m31@0.0025"", ""m32@0.0020"", ""m33@0.0020"", ""m34@0.0020"", ""m35@0.0040"", ""m36@0.0020"", ""m37@0.0020"", ""m38@0.0020"", ""m39@0.0045"", ""m40@0.0020"", ""m41@0.0020"", ""m42@0.0020"", ""m43@0.0020"", ""m44@0.0020"", ""m45@0.0020"", ""m46@0.0020"", ""m47@0.0020"", ""m48@0.0020"", ""m49@0.0020"", ""m50@0.0020"", ""m51@0.0020"", ""m52@0.0020"", ""m53@0.0020"", ""m54@0.0020"", ""m55@0.0030"", ""m56@0.0020"", ""m57@0.0020"", ""m58@0.0020"", ""m59@0.0025"", ""m60@0.0020"", ""m61@0.0020"", ""m62@0.0020"", ""m63@0.0045""]","[""C1"", 1000000, 0, 50000, [[400000, 700000]], 455509]"
syn_64_6_4_19,synthetic,64,6,4,0.16,equal_risk,True,19503459,0.128,,1919200,,13543822923688922972,"[""m0@0.0020"", ""m1@0.0020"", ""m2@0.0020"", ""m3@0.0020"", ""m4@0.0020"", ""m5@0.0020"", ""m6@0.0020"", ""m7@0.0020"", ""m8@0.0020"", ""m9@0.0020"", ""m10@0.0020"", ""m11@0.0020"", ""m12@0.0020"", ""m13@0.0020"", ""m14@0.0020"", ""m15@0.0020"", ""m16@0.0020"", ""m17@0.0020"", ""m18@0.0020"", ""m19@0.0020"", ""m20@0.0020"", ""m21@0.0020"", ""m22@0.0020"", ""m23@0.0020"", ""m24@0.0020"", ""m25@0.0020"", ""m26@0.0020"", ""m27@0.0020"", ""m28@0.0020"", ""m29@0.0020"", ""m30@0.0020"", ""m31@0.0020"", ""m32@0.0020"", ""m33@0.0020"", ""m34@0.0020"", ""m35@0.0020"", ""m36@0.0020"", ""m37@0.0020"", ""m38@0.0020"", ""m39@0.0020"", ""m40@0.0020"", ""m41@0.0020"", ""m42@0.0020"", ""m43@0.0020"", ""m44@0.0020"", ""m45@0.0020"", ""m46@0.0020"", ""m47@0.0020"", ""m48@0.0020"", ""m49@0.0020"", ""m50@0.0020"", ""m51@0.0020"", ""m52@0.0020"", ""m53@0.0020"", ""m54@0.0020"", ""m55@0.0020"", ""m56@0.0020"", ""m57@0.0020"", ""m58@0.0020"", ""m59@0.0020"", ""m60@0.0020"", ""m61@0.0020"", ""m62@0.0020"", ""m63@0.0020""]","[""C1"", 1000000, 0, 50000, [[400000, 700000]], 455509]"
syn_64_6_4_19,synthetic,64,6,4,0.16,proportional_risk,True,19503459,0.128,,2939500,,13543822923688922972,"[""m0@0.0020"", ""m1@0.0020"", ""m2@0.0020"", ""m3@0.0020"", ""m4@0.0020"", ""m5@0.0020"", ""m6@0.0020"", ""m7@0.0020"", ""m8@0.0020"", ""m9@0.0020"", ""m10@0.0020"", ""m11@0.0020"", ""m12@0.0020"", ""m13@0.0020"", ""m14@0.0020"", ""m15@0.0020"", ""m16@0.0020"", ""m17@0.0020"", ""m18@0.0020"", ""m19@0.0020"", ""m20@0.0020"", ""m21@0.0020"", ""m22@0.0020"", ""m23@0.0020"", ""m24@0.0020"", ""m25@0.0020"", ""m26@0.0020"", ""m27@0.0020"", ""m28@0.0020"", ""m29@0.0020"", ""m30@0.0020"", ""m31@0.0020"", ""m32@0.0020"", ""m33@0.0020"", ""m34@0.0020"", ""m35@0.0020"", ""m36@0.0020"", ""m37@0.0020"", ""m38@0.0020"", ""m39@0.0020"", ""m40@0.0020"", ""m41@0.0020"", ""m42@0.0020"", ""m43@0.0020"", ""m44@0.0020"", ""m45@0.0020"", ""m46@0.0020"", ""m47@0.0020"", ""m48@0.0020"", ""m49@0.0020"", ""m50@0.0020"", ""m51@0.0020"", ""m52@0.0020"", ""m53@0.0020"", ""m54@0.0020"", ""m55@0.0020"", ""m56@0.0020"", ""m57@0.0020"", ""m58@0.0020"", ""m59@0.0020"", ""m60@0.0020"", ""m61@0.0020"", ""m62@0.0020"", ""m63@0.0020""]","[""C1"", 1000000, 0, 50000, [[400000, 700000]], 455509]"
syn_64_6_4_19,synthetic,64,6,4,0.16,greedy_gate_catching,True,16604999,0.16,,250610700,,13543822923688922972,"[""m0@0.0020"", ""m1@0.0020"", ""m2@0.0020"", ""m3@0.0020"", ""m4@0.0020"", ""m5@0.0020"", ""m6@0.0020"", ""m7@0.0020"", ""m8@0.0020"", ""m9@0.0020"", ""m10@0.0020"", ""m11@0.0020"", ""m12@0.0020"", ""m13@0.0020"", ""m14@0.0020"", ""m15@0.0020"", ""m16@0.0020"", ""m17@0.0020"", ""m18@0.0020"", ""m19@0.0020"", ""m20@0.0020"", ""m21@0.0020"", ""m22@0.0020"", ""m23@0.0020"", ""m24@0.0020"", ""m25@0.0020"", ""m26@0.0020"", ""m27@0.0020"", ""m28@0.0020"", ""m29@0.0020"", ""m30@0.0020"", ""m31@0.0020"", ""m32@0.0020"", ""m33@0.0020"", ""m34@0.0020"", ""m35@0.0020"", ""m36@0.0020"", ""m37@0.0020"", ""m38@0.0020"", ""m39@0.0035"", ""m40@0.0020"", ""m41@0.0020"", ""m42@0.0020"", ""m43@0.0025"", ""m44@0.0020"", ""m45@0.0020"", ""m46@0.0020"", ""m47@0.0020"", ""m48@0.0020"", ""m49@0.0020"", ""m50@0.0020"", ""m51@0.0045"", ""m52@0.0040"", ""m53@0.0045"", ""m54@0.0045"", ""m55@0.0045"", ""m56@0.0045"", ""m57@0.0040"", ""m58@0.0045"", ""m59@0.0045"", ""m60@0.0030"", ""m61@0.0045"", ""m62@0.0045"", ""m63@0.0045""]","[""C1"", 1000000, 0, 50000, [[400000, 700000]], 455509]"
