phase_ns,run_id,instance_id,eligibility_ns,predicted_cycle,observed_cycle,reference_match,phase_bound_ns,maxwait_bound_ns,observed_e2e_ns,wait_ns,observed_wait_ns,reschedule_count,sweep
0,9001,32,32131651,32,32,True,557687,1039337,557687,268349,327305,0,coarse
0,9001,33,33127151,33,33,True,564318,1041468,564318,272849,331820,0,coarse
0,9001,34,34131035,34,34,True,566666,1047700,566666,268965,327118,0,coarse
0,9001,35,35126898,35,35,True,572669,1049566,572669,273102,331602,0,coarse
0,9001,36,36130904,36,36,True,567577,1048480,567577,269096,327391,0,coarse
0,9001,37,37130177,37,37,True,569913,1050089,569913,269823,327985,0,coarse
0,9001,38,38135335,38,38,True,569984,1055318,569984,264665,323032,0,coarse
0,9001,39,39131043,39,39,True,571026,1052068,571026,268957,327097,0,coarse
0,9002,32,215140424,215,215,True,572323,1062746,572323,259576,317695,0,coarse
0,9002,33,216132115,216,216,True,579998,1062112,579998,267885,325834,0,coarse
0,9002,34,217134652,217,217,True,577404,1062055,577404,265348,323482,0,coarse
0,9002,35,218130912,218,218,True,585126,1066037,585126,269088,327258,0,coarse
0,9002,36,219132940,219,219,True,578287,1061226,578287,267060,325716,0,coarse
0,9002,37,220132150,220,220,True,575011,1057160,575011,267850,326037,0,coarse
0,9002,38,221135722,221,221,True,568924,1054645,568924,264278,322458,0,coarse
0,9002,39,222130920,222,222,True,572880,1053799,572880,269080,328891,0,coarse
0,9003,32,374128627,374,374,True,572019,1050645,572019,271373,330568,0,coarse
0,9003,33,375140022,375,375,True,585251,1075272,585251,259978,324212,0,coarse
0,9003,34,376136043,376,376,True,576359,1062401,576359,263957,323753,0,coarse
0,9003,35,377138141,377,377,True,592467,1080607,592467,261859,326207,0,coarse
0,9003,36,378139320,378,378,True,584094,1073413,584094,260680,320201,0,coarse
0,9003,37,379138844,379,379,True,581130,1069973,581130,261156,319276,0,coarse
0,9003,38,380135564,380,380,True,583409,1068972,583409,264436,322675,0,coarse
0,9003,39,381140632,381,381,True,580073,1070704,580073,259368,317471,0,coarse
50000,9004,32,529219467,529,529,True,474543,1044009,474543,180533,236201,0,coarse
50000,9004,33,530216901,530,530,True,479053,1045953,479053,183099,237726,0,coarse
50000,9004,34,531219237,531,531,True,469682,1038918,469682,180763,235010,0,coarse
50000,9004,35,532219039,532,532,True,468848,1037886,468848,180961,235395,0,coarse
50000,9004,36,533216910,533,533,True,467440,1034349,467440,183090,238122,0,coarse
50000,9004,37,534218937,534,534,True,467854,1036790,467854,181063,236485,0,coarse
50000,9004,38,535221263,535,535,True,470498,1041760,470498,178737,234640,0,coarse
50000,9004,39,536225480,536,536,True,479282,1054761,479282,174520,231278,0,coarse
50000,9005,32,698229710,698,698,True,475013,1054722,475013,170290,229353,0,coarse
50000,9005,33,699230934,699,699,True,475442,1056375,475442,169066,228608,0,coarse
50000,9005,34,700227775,700,700,True,477230,1055004,477230,172225,231621,0,coarse
50000,9005,35,701229680,701,701,True,496621,1076300,496621,170320,235559,0,coarse
50000,9005,36,702233745,702,702,True,490400,1074144,490400,166255,229431,0,coarse
50000,9005,37,703228437,703,703,True,488832,1067268,488832,171563,230228,0,coarse
50000,9005,38,704228218,704,704,True,481423,1059640,481423,171782,229957,0,coarse
50000,9005,39,705228655,705,705,True,479120,1057774,479120,171345,229578,0,coarse
50000,9006,32,861234041,861,861,True,476408,1060448,476408,165959,228513,0,coarse
50000,9006,33,862231796,862,862,True,488297,1070092,488297,168204,230380,0,coarse
50000,9006,34,863226617,863,863,True,481152,1057768,481152,173383,230909,0,coarse
50000,9006,35,864225598,864,864,True,473478,1049075,473478,174402,230480,0,coarse
50000,9006,36,865224777,865,865,True,476568,1051344,476568,175223,231419,0,coarse
50000,9006,37,866221672,866,866,True,468623,1040294,468623,178328,233574,0,coarse
50000,9006,38,867223139,867,867,True,469410,1042548,469410,176861,232436,0,coarse
50000,9006,39,868223010,868,868,True,470697,1043706,470697,176990,233335,0,coarse
100000,9007,32,1075278286,1075,1075,True,424023,1052308,424023,121714,179772,0,coarse
100000,9007,33,1076278119,1076,1076,True,424122,1052240,424122,121881,179974,0,coarse
100000,9007,34,1077279879,1077,1077,True,430317,1060195,430317,120121,178149,0,coarse
100000,9007,35,1078278248,1078,1078,True,429518,1057765,429518,121752,179821,0,coarse
100000,9007,36,1079278438,1079,1079,True,432706,1061143,432706,121562,179633,0,coarse
100000,9007,37,1080277377,1080,1080,True,467360,1094736,467360,122623,180754,0,coarse
100000,9007,38,1081278692,1081,1081,True,430705,1059396,430705,121308,179420,0,coarse
100000,9007,39,1082280225,1082,1082,True,2875778,3506002,2875778,119775,177785,0,coarse
100000,9008,32,1245277746,1245,1245,True,420594,1048339,420594,122254,178954,0,coarse
100000,9008,33,1246276883,1246,1246,True,422031,1048913,422031,123117,180539,0,coarse
100000,9008,34,1247277057,1247,1247,True,422407,1049463,422407,122943,180279,0,coarse
100000,9008,35,1248278602,1248,1248,True,423146,1051747,423146,121398,179679,0,coarse
100000,9008,36,1249278231,1249,1249,True,424956,1053186,424956,121769,180031,0,coarse
100000,9008,37,1250278441,1250,1250,True,423413,1051853,423413,121559,179800,0,coarse
100000,9008,38,1251278521,1251,1251,True,422880,1051400,422880,121479,179749,0,coarse
100000,9008,39,1252278229,1252,1252,True,423013,1051241,423013,121771,179978,0,coarse
100000,9009,32,1415276952,1415,1415,True,424864,1051815,424864,123048,181165,0,coarse
100000,9009,33,1416276824,1416,1416,True,424328,1051151,424328,123176,181407,0,coarse
100000,9009,34,1417277368,1417,1417,True,422851,1050218,422851,122632,180774,0,coarse
100000,9009,35,1418286351,1418,1418,True,447581,1083931,447581,113649,178999,0,coarse
100000,9009,36,1419279503,1419,1419,True,3866308,4495810,3866308,120497,180787,0,coarse
100000,9009,37,1420279960,1420,1420,True,2879263,3509222,2879263,120040,178334,0,coarse
100000,9009,38,1421280535,1421,1421,True,1885512,2516046,1885512,119465,177740,0,coarse
100000,9009,39,1422280326,1422,1422,True,890005,1520330,890005,119674,177740,0,coarse
150000,9010,32,1578325360,1578,1578,True,370363,1045722,370363,74640,131426,0,coarse
150000,9010,33,1579327641,1579,1579,True,372371,1050011,372371,72359,129633,0,coarse
150000,9010,34,1580328299,1580,1580,True,373434,1051732,373434,71701,130068,0,coarse
150000,9010,35,1581330049,1581,1581,True,373670,1053718,373670,69951,128265,0,coarse
150000,9010,36,1582328676,1582,1582,True,374213,1052888,374213,71324,129682,0,coarse
150000,9010,37,1583328259,1583,1583,True,373181,1051439,373181,71741,129906,0,coarse
150000,9010,38,1584328740,1584,1584,True,374616,1053355,374616,71260,129466,0,coarse
150000,9010,39,1585328172,1585,1585,True,375288,1053459,375288,71828,130975,0,coarse
150000,9011,32,1741326542,1741,1741,True,374583,1051124,374583,73458,130697,0,coarse
150000,9011,33,1742328508,1742,1742,True,374623,1053130,374623,71492,129611,0,coarse
150000,9011,34,1743329049,1743,1743,True,374064,1053112,374064,70951,129127,0,coarse
150000,9011,35,1744328314,1744,1744,True,373811,1052124,373811,71686,129838,0,coarse
150000,9011,36,1745328204,1745,1745,True,373965,1052168,373965,71796,130023,0,coarse
150000,9011,37,1746327219,1746,1746,True,373199,1050417,373199,72781,130917,0,coarse
150000,9011,38,1747329148,1747,1747,True,374178,1053325,374178,70852,129130,0,coarse
150000,9011,39,1748328265,1748,1748,True,374131,1052395,374131,71735,129916,0,coarse
150000,9012,32,1910326394,1910,1910,True,390586,1066979,390586,73606,134746,0,coarse
150000,9012,33,1911318932,1911,1911,True,373253,1042184,373253,81068,136527,0,coarse
150000,9012,34,1912321534,1912,1912,True,369464,1040997,369464,78466,135430,0,coarse
150000,9012,35,1913320846,1913,1913,True,368047,1038892,368047,79154,133907,0,coarse
150000,9012,36,1914320395,1914,1914,True,369991,1040385,369991,79605,135237,0,coarse
150000,9012,37,1915348624,1915,1915,True,346949,1045572,346949,51376,107359,0,coarse
150000,9012,38,1916327483,1916,1916,True,369095,1046577,369095,72517,129098,0,coarse
150000,9012,39,1917324917,1917,1917,True,373255,1048171,373255,75083,132415,0,coarse
200000,9013,32,2070378669,2070,2070,True,333716,1062384,333716,21331,79335,0,coarse
200000,9013,33,2071377883,2071,2071,True,332219,1060101,332219,22117,80217,0,coarse
200000,9013,34,2072378356,2072,2072,True,327597,1055952,327597,21644,79744,0,coarse
200000,9013,35,2073377502,2073,2073,True,324253,1051754,324253,22498,80646,0,coarse
200000,9013,36,2074377989,2074,2074,True,323573,1051561,323573,22011,80102,0,coarse
200000,9013,37,2075379334,2075,2075,True,322969,1052302,322969,20666,79327,0,coarse
200000,9013,38,2076377165,2076,2076,True,324138,1051302,324138,22835,80987,0,coarse
200000,9013,39,2077378511,2077,2077,True,327964,1056474,327964,21489,79644,0,coarse
200000,9014,32,2233377538,2233,2233,True,325040,1052577,325040,22462,81486,0,coarse
200000,9014,33,2234377603,2234,2234,True,325623,1053225,325623,22397,81704,0,coarse
200000,9014,34,2235377339,2235,2235,True,326959,1054297,326959,22661,80689,0,coarse
200000,9014,35,2236380159,2236,2236,True,323605,1053763,323605,19841,77973,0,coarse
200000,9014,36,2237376346,2237,2237,True,323808,1050153,323808,23654,81791,0,coarse
200000,9014,37,2238379184,2238,2238,True,322080,1051263,322080,20816,78877,0,coarse
200000,9014,38,2239379259,2239,2239,True,330368,1059626,330368,20741,78837,0,coarse
200000,9014,39,2240383991,2240,2240,True,337454,1071444,337454,16009,78407,0,coarse
200000,9015,32,2442371442,2442,2442,True,327980,1049421,327980,28558,82744,0,coarse
200000,9015,33,2443369585,2443,2443,True,324576,1044160,324576,30415,84304,0,coarse
200000,9015,34,2444368447,2444,2444,True,319043,1037489,319043,31553,84837,0,coarse
200000,9015,35,2445366839,2445,2445,True,317238,1034076,317238,33161,86593,0,coarse
200000,9015,36,2446372912,2446,2446,True,309036,1031947,309036,27088,79576,0,coarse
200000,9015,37,2447366508,2447,2447,True,316489,1032996,316489,33492,85700,0,coarse
200000,9015,38,2448366825,2448,2448,True,308643,1025467,308643,33175,85153,0,coarse
200000,9015,39,2449363916,2449,2449,True,309891,1023806,309891,36084,87878,0,coarse
250000,9016,32,2594426362,2594,2594,True,300961,1050960,300961,0,58222,0,coarse
250000,9016,33,2595427292,2595,2595,True,301758,1051757,301758,0,58152,0,coarse
250000,9016,34,2596427577,2596,2596,True,301855,1051854,301855,0,58155,0,coarse
250000,9016,35,2597428874,2597,2597,True,303873,1053872,303873,0,58227,0,coarse
250000,9016,36,2598430933,2598,2598,True,305995,1055994,305995,0,58157,0,coarse
250000,9016,37,2599429435,2599,2599,True,316665,1066664,316665,0,58147,0,coarse
250000,9016,38,2600428167,2600,2600,True,308326,1058325,308326,0,58185,0,coarse
250000,9016,39,2601429937,2601,2601,True,311081,1061080,311081,0,58954,0,coarse
250000,9017,32,2759427530,2759,2759,True,302101,1052100,302101,0,58122,0,coarse
250000,9017,33,2760426738,2760,2760,True,302052,1052051,302052,0,58209,0,coarse
250000,9017,34,2761427769,2761,2761,True,302029,1052028,302029,0,58232,0,coarse
250000,9017,35,2762427735,2762,2762,True,301499,1051498,301499,0,58112,0,coarse
250000,9017,36,2763428056,2763,2763,True,302581,1052580,302581,0,58163,0,coarse
250000,9017,37,2764427155,2764,2764,True,300472,1050471,300472,0,58139,0,coarse
250000,9017,38,2765427684,2765,2765,True,301408,1051407,301408,0,58185,0,coarse
250000,9017,39,2766427415,2766,2766,True,301669,1051668,301669,0,58191,0,coarse
250000,9018,32,2925428885,2925,2925,True,319186,1069185,319186,0,59100,0,coarse
250000,9018,33,2926426783,2926,2926,True,313909,1063908,313909,0,58196,0,coarse
250000,9018,34,2927427094,2927,2927,True,316868,1066867,316868,0,58192,0,coarse
250000,9018,35,2928428155,2928,2928,True,312197,1062196,312197,0,58164,0,coarse
250000,9018,36,2929427362,2929,2929,True,306700,1056699,306700,0,57100,0,coarse
250000,9018,37,2930424372,2930,2930,True,298844,1048843,298844,0,57460,0,coarse
250000,9018,38,2931426353,2931,2931,True,298794,1048793,298794,0,57220,0,coarse
250000,9018,39,2932427095,2932,2932,True,301729,1051728,301729,0,58092,0,coarse
300000,9019,32,3102475217,3102,3102,True,294703,1044702,294703,0,55992,0,coarse
300000,9019,33,3103476053,3103,3103,True,295408,1045407,295408,0,56541,0,coarse
300000,9019,34,3104476995,3104,3104,True,294778,1044777,294778,0,55953,0,coarse
300000,9019,35,3105475945,3105,3105,True,294438,1044437,294438,0,55835,0,coarse
300000,9019,36,3106475357,3106,3106,True,291916,1041915,291916,0,55464,0,coarse
300000,9019,37,3110375121,3110,3110,True,3230960,3956080,3230960,24879,82826,0,coarse
300000,9019,38,3110594474,3110,3111,True,3227443,3977442,3227443,0,865856,1,coarse
300000,9019,39,3111580721,3111,3111,True,2394311,3144310,2394311,0,56032,0,coarse
300000,9020,32,3279475317,3279,3279,True,292638,1042637,292638,0,55952,0,coarse
300000,9020,33,3280475538,3280,3280,True,294963,1044962,294963,0,56567,0,coarse
300000,9020,34,3281476744,3281,3281,True,299492,1049491,299492,0,57282,0,coarse
300000,9020,35,3282476860,3282,3282,True,300293,1050292,300293,0,58111,0,coarse
300000,9020,36,3283476217,3283,3283,True,300000,1049999,300000,0,58367,0,coarse
300000,9020,37,3284492719,3284,3284,True,340021,1090020,340021,0,69941,0,coarse
300000,9020,38,3285485767,3285,3285,True,329813,1079812,329813,0,69330,0,coarse
300000,9020,39,3286477769,3286,3286,True,319209,1069208,319209,0,58067,0,coarse
300000,9021,32,3443476019,3443,3443,True,292711,1042710,292711,0,54357,0,coarse
300000,9021,33,3444474787,3444,3444,True,288378,1038377,288378,0,54340,0,coarse
300000,9021,34,3445474002,3445,3445,True,290903,1040902,290903,0,54430,0,coarse
300000,9021,35,3446475168,3446,3446,True,302670,1052669,302670,0,54687,0,coarse
300000,9021,36,3447475385,3447,3447,True,299811,1049810,299811,0,54132,0,coarse
300000,9021,37,3448473600,3448,3448,True,291506,1041505,291506,0,53592,0,coarse
300000,9021,38,3449473081,3449,3449,True,287369,1037368,287369,0,53566,0,coarse
300000,9021,39,3450473584,3450,3450,True,284730,1034729,284730,0,52950,0,coarse
350000,9022,32,3595528062,3595,3595,True,297990,1047989,297990,0,56504,0,coarse
350000,9022,33,3596526623,3596,3596,True,296703,1046702,296703,0,56512,0,coarse
350000,9022,34,3597523434,3597,3597,True,291541,1041540,291541,0,55439,0,coarse
350000,9022,35,3598526709,3598,3598,True,296359,1046358,296359,0,56749,0,coarse
350000,9022,36,3599525690,3599,3599,True,295257,1045256,295257,0,56503,0,coarse
350000,9022,37,3600529590,3600,3600,True,2403514,3153513,2403514,0,57071,0,coarse
350000,9022,38,3601528579,3601,3601,True,1427752,2177751,1427752,0,58132,0,coarse
350000,9022,39,3602529637,3602,3602,True,435138,1185137,435138,0,58110,0,coarse
350000,9023,32,3768531298,3768,3768,True,305744,1055743,305744,0,58181,0,coarse
350000,9023,33,3769529181,3769,3769,True,1775123,2525122,1775123,0,57960,0,coarse
350000,9023,34,3770528040,3770,3770,True,787965,1537964,787965,0,57298,0,coarse
350000,9023,35,3771528385,3771,3771,True,314028,1064027,314028,0,58732,0,coarse
350000,9023,36,3772528836,3772,3772,True,306914,1056913,306914,0,58249,0,coarse
350000,9023,37,3773526989,3773,3773,True,304568,1054567,304568,0,58313,0,coarse
350000,9023,38,3774528767,3774,3774,True,311146,1061145,311146,0,58183,0,coarse
350000,9023,39,3775528728,3775,3775,True,315118,1065117,315118,0,58779,0,coarse
350000,9024,32,3988521810,3988,3988,True,274245,1024244,274245,0,51933,0,coarse
350000,9024,33,3989522404,3989,3989,True,283174,1033173,283174,0,51686,0,coarse
350000,9024,34,3990520505,3990,3990,True,278033,1028032,278033,0,51811,0,coarse
350000,9024,35,3991521119,3991,3991,True,277400,1027399,277400,0,51930,0,coarse
350000,9024,36,3992520738,3992,3992,True,277865,1027864,277865,0,52084,0,coarse
350000,9024,37,3993520844,3993,3993,True,278203,1028202,278203,0,52278,0,coarse
350000,9024,38,3994521745,3994,3994,True,279820,1029819,279820,0,52493,0,coarse
350000,9024,39,3995522492,3995,3995,True,280292,1030291,280292,0,52653,0,coarse
400000,9025,32,4143576966,4143,4143,True,301680,1051679,301680,0,58144,0,coarse
400000,9025,33,4144577111,4144,4144,True,301073,1051072,301073,0,58074,0,coarse
400000,9025,34,4145578562,4145,4145,True,300585,1050584,300585,0,58062,0,coarse
400000,9025,35,4146577553,4146,4146,True,301505,1051504,301505,0,58087,0,coarse
400000,9025,36,4147580605,4147,4147,True,317755,1067754,317755,0,59868,0,coarse
400000,9025,37,4148580843,4148,4148,True,318961,1068960,318961,0,61851,0,coarse
400000,9025,38,4149705588,4150,4150,True,1140306,1195893,1140306,694412,756540,0,coarse
400000,9025,39,4150590942,4150,4150,True,315339,1065338,315339,0,58652,0,coarse
400000,9026,32,4303579056,4303,4303,True,302222,1052221,302222,0,57990,0,coarse
400000,9026,33,4304578902,4304,4304,True,307865,1057864,307865,0,61849,0,coarse
400000,9026,34,4305578748,4305,4305,True,303536,1053535,303536,0,58222,0,coarse
400000,9026,35,4306578703,4306,4306,True,303294,1053293,303294,0,58282,0,coarse
400000,9026,36,4307577614,4307,4307,True,301664,1051663,301664,0,58112,0,coarse
400000,9026,37,4308578296,4308,4308,True,303800,1053799,303800,0,58386,0,coarse
400000,9026,38,4309578731,4309,4309,True,302972,1052971,302972,0,59125,0,coarse
400000,9026,39,4310577875,4310,4310,True,305331,1055330,305331,0,58179,0,coarse
400000,9027,32,4513574145,4513,4513,True,287635,1037634,287635,0,54435,0,coarse
400000,9027,33,4514574707,4514,4514,True,288776,1038775,288776,0,54724,0,coarse
400000,9027,34,4515575202,4515,4515,True,290899,1040898,290899,0,55050,0,coarse
400000,9027,35,4516575602,4516,4516,True,291297,1041296,291297,0,55421,0,coarse
400000,9027,36,4517576669,4517,4517,True,296503,1046502,296503,0,56517,0,coarse
400000,9027,37,4518575661,4518,4518,True,295797,1045796,295797,0,56615,0,coarse
400000,9027,38,4519576022,4519,4519,True,298250,1048249,298250,0,57213,0,coarse
400000,9027,39,4520577377,4520,4520,True,301735,1051734,301735,0,58193,0,coarse
450000,9028,32,4678616815,4678,4679,True,1069884,1819883,1069884,0,841960,1,coarse
450000,9028,33,4679617180,4679,4680,True,1079584,1829583,1079584,0,842167,1,coarse
450000,9028,34,4680620968,4680,4681,True,1070159,1820158,1070159,0,837907,1,coarse
450000,9028,35,4681618933,4681,4682,True,1069907,1819906,1069907,0,839859,1,coarse
450000,9028,36,4682617999,4682,4683,True,1071864,1821863,1071864,0,841110,1,coarse
450000,9028,37,4683617485,4683,4684,True,1071992,1821991,1071992,0,842044,1,coarse
450000,9028,38,4684615968,4684,4685,True,1071777,1821776,1071777,0,842311,1,coarse
450000,9028,39,4685615307,4685,4686,True,1067530,1817529,1067530,0,843897,1,coarse
450000,9029,32,4841619859,4841,4842,True,1070413,1820412,1070413,0,839338,1,coarse
450000,9029,33,4842620948,4842,4843,True,1071894,1821893,1071894,0,838258,1,coarse
450000,9029,34,4843621737,4843,4844,True,1074145,1824144,1074145,0,838005,1,coarse
450000,9029,35,4844624027,4844,4845,True,1073365,1823364,1073365,0,835275,1,coarse
450000,9029,36,4845623240,4845,4846,True,1076225,1826224,1076225,0,835460,1,coarse
450000,9029,37,4846625875,4846,4847,True,1073420,1823419,1073420,0,832522,1,coarse
450000,9029,38,4847624877,4847,4848,True,1074357,1824356,1074357,0,833168,1,coarse
450000,9029,39,4848626821,4848,4849,True,1075506,1825505,1075506,0,833205,1,coarse
450000,9030,32,5009624536,5009,5010,True,1076847,1826846,1076847,0,835202,1,coarse
450000,9030,33,5010624096,5010,5011,True,1076132,1826131,1076132,0,834842,1,coarse
450000,9030,34,5011624644,5011,5012,True,1082691,1832690,1082691,0,834588,1,coarse
450000,9030,35,5012626628,5012,5013,True,1084525,1834524,1084525,0,834104,1,coarse
450000,9030,36,5013624917,5013,5014,True,1084576,1834575,1084576,0,835006,1,coarse
450000,9030,37,5014627999,5014,5015,True,1084053,1834052,1084053,0,832627,1,coarse
450000,9030,38,5015627794,5015,5016,True,1084904,1834903,1084904,0,831462,1,coarse
450000,9030,39,5016626268,5016,5017,True,1087514,1837513,1087514,0,834055,1,coarse
500000,9031,32,5178667820,5179,5179,True,1020320,1038139,1020320,732180,791217,0,coarse
500000,9031,33,5179669489,5180,5180,True,1021417,1040905,1021417,730511,789374,0,coarse
500000,9031,34,5180670375,5181,5181,True,1024312,1044686,1024312,729625,789089,0,coarse
500000,9031,35,5181670956,5182,5182,True,1024428,1045383,1024428,729044,788093,0,coarse
500000,9031,36,5182673446,5183,5183,True,1024430,1047875,1024430,726554,785441,0,coarse
500000,9031,37,5183673930,5184,5184,True,1026518,1050447,1026518,726070,784813,0,coarse
500000,9031,38,5184674573,5185,5185,True,1033118,1057690,1033118,725427,784716,0,coarse
500000,9031,39,5185675387,5186,5186,True,1033382,1058768,1033382,724613,784225,0,coarse
500000,9032,32,5387670693,5388,5388,True,1024527,1045219,1024527,729307,788807,0,coarse
500000,9032,33,5388669625,5389,5389,True,1021333,1040957,1021333,730375,789471,0,coarse
500000,9032,34,5389669329,5390,5390,True,1014329,1033657,1014329,730671,789257,0,coarse
500000,9032,35,5390715662,5391,5391,True,969194,1034855,969194,684338,742756,0,coarse
500000,9032,36,5391668228,5392,5392,True,1015030,1033257,1015030,731772,790562,0,coarse
500000,9032,37,5392665448,5393,5393,True,1022397,1037844,1022397,734552,793555,0,coarse
500000,9032,38,5393664519,5394,5394,True,1014888,1029406,1014888,735481,794234,0,coarse
500000,9032,39,5394665341,5395,5395,True,1017771,1033111,1017771,734659,795022,0,coarse
500000,9033,32,5546671680,5547,5547,True,1019768,1041447,1019768,728320,788029,0,coarse
500000,9033,33,5547668143,5548,5548,True,1020255,1038397,1020255,731857,791104,0,coarse
500000,9033,34,5548670605,5549,5549,True,1022407,1043011,1022407,729395,788589,0,coarse
500000,9033,35,5549672347,5550,5550,True,1021779,1044125,1021779,727653,786779,0,coarse
500000,9033,36,5550672199,5551,5551,True,1022745,1044943,1022745,727801,786825,0,coarse
500000,9033,37,5551673463,5552,5552,True,1025434,1048896,1025434,726537,786102,0,coarse
500000,9033,38,5552675017,5553,5553,True,1026953,1051969,1026953,724983,784337,0,coarse
500000,9033,39,5553864710,5554,5554,True,842503,1057212,842503,535290,594636,0,coarse
550000,9034,32,5708726933,5709,5709,True,976923,1053855,976923,673067,732021,0,coarse
550000,9034,33,5709727107,5710,5710,True,977090,1054196,977090,672893,732735,0,coarse
550000,9034,34,5710727672,5711,5711,True,983254,1060925,983254,672328,730945,0,coarse
550000,9034,35,5711728684,5712,5712,True,981117,1059800,981117,671316,730463,0,coarse
550000,9034,36,5712728668,5713,5713,True,978426,1057093,978426,671332,729901,0,coarse
550000,9034,37,5713727455,5714,5714,True,975892,1053346,975892,672545,732312,0,coarse
550000,9034,38,5714728563,5715,5715,True,976476,1055038,976476,671437,731305,0,coarse
550000,9034,39,5715725495,5716,5716,True,974601,1050095,974601,674505,734721,0,coarse
550000,9035,32,5877723852,5878,5878,True,1039338,1113189,1039338,676148,735763,0,coarse
550000,9035,33,5878723087,5879,5879,True,980916,1054002,980916,676913,736346,0,coarse
550000,9035,34,5879725212,5880,5880,True,973533,1048744,973533,674788,734137,0,coarse
550000,9035,35,5880723684,5881,5881,True,974633,1048316,974633,676316,735573,0,coarse
550000,9035,36,5881724864,5882,5882,True,973988,1048851,973988,675136,733580,0,coarse
550000,9035,37,5882725290,5883,5883,True,975991,1051280,975991,674710,733893,0,coarse
550000,9035,38,5883727008,5884,5884,True,977258,1054265,977258,672992,731977,0,coarse
550000,9035,39,5884726557,5885,5885,True,978851,1055407,978851,673443,734425,0,coarse
550000,9036,32,6086724803,6087,6087,True,976275,1051077,976275,675197,733805,0,coarse
550000,9036,33,6087724532,6088,6088,True,975393,1049924,975393,675468,734536,0,coarse
550000,9036,34,6088723909,6089,6089,True,975762,1049670,975762,676091,735144,0,coarse
550000,9036,35,6089724387,6090,6090,True,985583,1059969,985583,675613,735358,0,coarse
550000,9036,36,6090725520,6091,6091,True,981617,1057136,981617,674480,733716,0,coarse
550000,9036,37,6091724908,6092,6092,True,978398,1053305,978398,675092,735049,0,coarse
550000,9036,38,6092726146,6093,6093,True,975157,1051302,975157,673854,733240,0,coarse
550000,9036,39,6093724563,6094,6094,True,977429,1051991,977429,675437,735862,0,coarse
600000,9037,32,6254777511,6255,6255,True,933326,1060836,933326,622489,681712,0,coarse
600000,9037,33,6255776015,6256,6256,True,929948,1055962,929948,623985,683372,0,coarse
600000,9037,34,6256776974,6257,6257,True,940205,1067178,940205,623026,682209,0,coarse
600000,9037,35,6257775730,6258,6258,True,937269,1062998,937269,624270,683859,0,coarse
600000,9037,36,6258778614,6259,6259,True,933061,1061674,933061,621386,679935,0,coarse
600000,9037,37,6259773323,6260,6260,True,922767,1046089,922767,626677,686330,0,coarse
600000,9037,38,6260771956,6261,6261,True,934158,1056113,934158,628044,687748,0,coarse
600000,9037,39,6261771009,6262,6262,True,921138,1042146,921138,628991,688658,0,coarse
600000,9038,32,6413777218,6414,6414,True,943856,1071073,943856,622782,684575,0,coarse
600000,9038,33,6414775700,6415,6415,True,935141,1060840,935141,624300,685045,0,coarse
600000,9038,34,6415773892,6416,6416,True,930696,1054587,930696,626108,686585,0,coarse
600000,9038,35,6416775061,6417,6417,True,922685,1047745,922685,624939,684363,0,coarse
600000,9038,36,6417774411,6418,6418,True,922367,1046777,922367,625589,684867,0,coarse
600000,9038,37,6418772473,6419,6419,True,924454,1046926,924454,627527,686762,0,coarse
600000,9038,38,6419774627,6420,6420,True,931723,1056349,931723,625373,684744,0,coarse
600000,9038,39,6420774960,6421,6421,True,938285,1063244,938285,625040,685885,0,coarse
600000,9039,32,6572768900,6573,6573,True,920850,1039749,920850,631100,689489,0,coarse
600000,9039,33,6573769794,6574,6574,True,921909,1041702,921909,630206,688787,0,coarse
600000,9039,34,6574770990,6575,6575,True,920878,1041867,920878,629010,687397,0,coarse
600000,9039,35,6575772506,6576,6576,True,922152,1044657,922152,627494,686329,0,coarse
600000,9039,36,6576773682,6577,6577,True,927012,1050693,927012,626318,685525,0,coarse
600000,9039,37,6577778560,6578,6578,True,925063,1053622,925063,621440,679811,0,coarse
600000,9039,38,6578775660,6579,6579,True,927532,1053191,927532,624340,683130,0,coarse
600000,9039,39,6579775933,6580,6580,True,935642,1061574,935642,624067,684455,0,coarse
650000,9040,32,6732815311,6733,6733,True,868002,1033312,868002,584689,644033,0,coarse
650000,9040,33,6733815562,6734,6734,True,868940,1034501,868940,584438,643852,0,coarse
650000,9040,34,6734816139,6735,6735,True,869260,1035398,869260,583861,642475,0,coarse
650000,9040,35,6735817719,6736,6736,True,871203,1038921,871203,582281,637611,0,coarse
650000,9040,36,6736818375,6737,6737,True,871387,1039761,871387,581625,641683,0,coarse
650000,9040,37,6737819584,6738,6738,True,872513,1042096,872513,580416,639810,0,coarse
650000,9040,38,6738821106,6739,6739,True,873836,1044941,873836,578894,638347,0,coarse
650000,9040,39,6739822579,6740,6740,True,877113,1049691,877113,577421,637663,0,coarse
650000,9041,32,6900825821,6901,6901,True,951729,1127549,951729,574179,633006,0,coarse
650000,9041,33,6901825979,6902,6902,True,878595,1054573,878595,574021,632449,0,coarse
650000,9041,34,6902826065,6903,6903,True,874605,1050669,874605,573935,632433,0,coarse
650000,9041,35,6903825418,6904,6904,True,875606,1051023,875606,574582,633091,0,coarse
650000,9041,36,6904824632,6905,6905,True,874594,1049225,874594,575368,634792,0,coarse
650000,9041,37,6905823713,6906,6906,True,875466,1049178,875466,576287,634838,0,coarse
650000,9041,38,6906825003,6907,6907,True,882036,1057038,882036,574997,634858,0,coarse
650000,9041,39,6907825758,6908,6908,True,898529,1074286,898529,574242,647701,0,coarse
650000,9042,32,7060816254,7061,7061,True,944482,1110735,944482,583746,643030,0,coarse
650000,9042,33,7061816868,7062,7062,True,951243,1118110,951243,583132,642200,0,coarse
650000,9042,34,7062819002,7063,7063,True,871091,1040092,871091,580998,640271,0,coarse
650000,9042,35,7063819736,7064,7064,True,869303,1039038,869303,580264,639141,0,coarse
650000,9042,36,7064820435,7065,7065,True,872901,1043335,872901,579565,638606,0,coarse
650000,9042,37,7065820564,7066,7066,True,873233,1043796,873233,579436,638721,0,coarse
650000,9042,38,7066821964,7067,7067,True,875294,1047257,875294,578036,637162,0,coarse
650000,9042,39,7067823747,7068,7068,True,885860,1059606,885860,576253,638595,0,coarse
700000,9043,32,7267869411,7268,7268,True,805632,1025042,805632,530589,588935,0,coarse
700000,9043,33,7268870293,7269,7269,True,805036,1025328,805036,529707,587719,0,coarse
700000,9043,34,7269869358,7270,7270,True,806434,1025791,806434,530642,588945,0,coarse
700000,9043,35,7270862533,7271,7271,True,806110,1018642,806110,537467,595645,0,coarse
700000,9043,36,7271868575,7272,7272,True,807205,1025779,807205,531425,590300,0,coarse
700000,9043,37,7272868638,7273,7273,True,807173,1025810,807173,531362,590351,0,coarse
700000,9043,38,7273868634,7274,7274,True,810369,1029002,810369,531366,590110,0,coarse
700000,9043,39,7274869149,7275,7275,True,808671,1027819,808671,530851,589654,0,coarse
700000,9044,32,7469871156,7470,7470,True,821816,1042971,821816,528844,587834,0,coarse
700000,9044,33,7470870018,7471,7471,True,816621,1036638,816621,529982,589087,0,coarse
700000,9044,34,7471865223,7472,7472,True,814392,1029614,814392,534777,593672,0,coarse
700000,9044,35,7472870022,7473,7473,True,815501,1035522,815501,529978,588844,0,coarse
700000,9044,36,7473870421,7474,7474,True,813699,1034119,813699,529579,588510,0,coarse
700000,9044,37,7474863105,7475,7475,True,810450,1023554,810450,536895,595557,0,coarse
700000,9044,38,7475870112,7476,7476,True,825580,1045691,825580,529888,588518,0,coarse
700000,9044,39,7476868966,7477,7477,True,885760,1104725,885760,531034,591104,0,coarse
700000,9045,32,7630875315,7631,7631,True,827494,1052808,827494,524685,584617,0,coarse
700000,9045,33,7631876426,7632,7632,True,825275,1051700,825275,523574,582508,0,coarse
700000,9045,34,7632877754,7633,7633,True,826369,1054122,826369,522246,582656,0,coarse
700000,9045,35,7633876930,7634,7634,True,826486,1053415,826486,523070,582706,0,coarse
700000,9045,36,7634876886,7635,7635,True,825737,1052622,825737,523114,583258,0,coarse
700000,9045,37,7635876656,7636,7636,True,826564,1053219,826564,523344,582690,0,coarse
700000,9045,38,7636878130,7637,7637,True,823780,1051909,823780,521870,580255,0,coarse
700000,9045,39,7637876731,7638,7638,True,825767,1052497,825767,523269,583310,0,coarse
750000,9046,32,7850924814,7851,7851,True,775308,1050121,775308,475186,533437,0,coarse
750000,9046,33,7851924946,7852,7852,True,774607,1049552,774607,475054,533703,0,coarse
750000,9046,34,7852925534,7853,7853,True,779605,1055138,779605,474466,533638,0,coarse
750000,9046,35,7853929313,7854,7854,True,775836,1055148,775836,470687,530673,0,coarse
750000,9046,36,7854927211,7855,7855,True,783871,1061081,783871,472789,531514,0,coarse
750000,9046,37,7855928689,7856,7856,True,787782,1066470,787782,471311,531663,0,coarse
750000,9046,38,7856926441,7857,7857,True,788925,1065365,788925,473559,533802,0,coarse
750000,9046,39,7857927975,7858,7858,True,790392,1068366,790392,472025,532833,0,coarse
750000,9047,32,8066926916,8067,8067,True,775386,1052301,775386,473084,532220,0,coarse
750000,9047,33,8067925655,8068,8068,True,774919,1050573,774919,474345,532647,0,coarse
750000,9047,34,8068925644,8069,8069,True,775106,1050749,775106,474356,532716,0,coarse
750000,9047,35,8069925545,8070,8070,True,776949,1052493,776949,474455,534686,0,coarse
750000,9047,36,8070927401,8071,8071,True,774144,1051544,774144,472599,531023,0,coarse
750000,9047,37,8071924580,8072,8072,True,775557,1050136,775557,475420,534707,0,coarse
750000,9047,38,8072924668,8073,8073,True,775987,1050654,775987,475332,534374,0,coarse
750000,9047,39,8073924822,8074,8074,True,784743,1059564,784743,475178,535215,0,coarse
750000,9048,32,8244929279,8245,8245,True,778271,1057549,778271,470721,530234,0,coarse
750000,9048,33,8245928151,8246,8246,True,775893,1054043,775893,471849,531342,0,coarse
750000,9048,34,8246926714,8247,8247,True,777490,1054203,777490,473286,534043,0,coarse
750000,9048,35,8247926974,8248,8248,True,773962,1050935,773962,473026,533710,0,coarse
750000,9048,36,8248925783,8249,8249,True,773925,1049707,773925,474217,535299,0,coarse
750000,9048,37,8249925231,8250,8250,True,769816,1045046,769816,474769,533769,0,coarse
750000,9048,38,8250923113,8251,8251,True,771408,1044520,771408,476887,536968,0,coarse
750000,9048,39,8251922779,8252,8252,True,772417,1045195,772417,477221,537208,0,coarse
800000,9049,32,8415975447,8416,8416,True,724763,1050209,724763,424553,482967,0,coarse
800000,9049,33,8416975923,8417,8417,True,723831,1049753,723831,424077,482907,0,coarse
800000,9049,34,8417975034,8418,8418,True,724843,1049876,724843,424966,484230,0,coarse
800000,9049,35,8418974481,8419,8419,True,726414,1050894,726414,425519,485265,0,coarse
800000,9049,36,8419974669,8420,8420,True,727253,1051921,727253,425331,485782,0,coarse
800000,9049,37,8420974327,8421,8421,True,724728,1049054,724728,425673,484966,0,coarse
800000,9049,38,8421973921,8422,8422,True,3176583,3500503,3176583,426079,486920,0,coarse
800000,9049,39,8422976803,8423,8423,True,2192100,2518902,2192100,423197,484024,0,coarse
800000,9050,32,8581978342,8582,8582,True,725292,1053633,725292,421658,481170,0,coarse
800000,9050,33,8582979311,8583,8583,True,3166694,3496004,3166694,420689,479686,0,coarse
800000,9050,34,8583978065,8584,8584,True,2182581,2510645,2182581,421935,481855,0,coarse
800000,9050,35,8584977789,8585,8585,True,1190678,1518466,1190678,422211,481277,0,coarse
800000,9050,36,8585976888,8586,8586,True,732625,1059512,732625,423112,482977,0,coarse
800000,9050,37,8586978198,8587,8587,True,745079,1073276,745079,421802,481810,0,coarse
800000,9050,38,8587977925,8588,8588,True,728217,1056141,728217,422075,481351,0,coarse
800000,9050,39,8588975618,8589,8589,True,740919,1066536,740919,424382,484639,0,coarse
800000,9051,32,8743971230,8744,8744,True,718435,1039664,718435,428770,488501,0,coarse
800000,9051,33,8744967144,8745,8745,True,720044,1037187,720044,432856,491984,0,coarse
800000,9051,34,8745971469,8746,8746,True,717701,1039169,717701,428531,488026,0,coarse
800000,9051,35,8746971364,8747,8747,True,717950,1039313,717950,428636,487743,0,coarse
800000,9051,36,8747970584,8748,8748,True,713964,1034547,713964,429416,488124,0,coarse
800000,9051,37,8748970727,8749,8749,True,717593,1038319,717593,429273,488441,0,coarse
800000,9051,38,8749970859,8750,8750,True,718664,1039522,718664,429141,488382,0,coarse
800000,9051,39,8750972226,8751,8751,True,720510,1042735,720510,427774,488079,0,coarse
850000,9052,32,8958033224,8958,8958,True,674033,1057256,674033,366776,425576,0,coarse
850000,9052,33,8959031870,8959,8959,True,677130,1058999,677130,368130,427804,0,coarse
850000,9052,34,8960034809,8960,8960,True,680271,1065079,680271,365191,425193,0,coarse
850000,9052,35,8961032991,8961,8961,True,691465,1074455,691465,367009,427045,0,coarse
850000,9052,36,8962041488,8962,8962,True,673963,1065450,673963,358512,417953,0,coarse
850000,9052,37,8963037391,8963,8963,True,685123,1072513,685123,362609,422211,0,coarse
850000,9052,38,8964031316,8964,8964,True,690064,1071379,690064,368684,428616,0,coarse
850000,9052,39,8965034984,8965,8965,True,696892,1081875,696892,365016,429219,0,coarse
850000,9053,32,9138035023,9138,9138,True,690317,1075339,690317,364977,428991,0,coarse
850000,9053,33,9139041014,9139,9139,True,678348,1069361,678348,358986,419544,0,coarse
850000,9053,34,9140269698,9140,9140,True,685348,1305045,685348,130302,190750,0,coarse
850000,9053,35,9141036323,9141,9141,True,686139,1072461,686139,363677,423383,0,coarse
850000,9053,36,9142030659,9142,9142,True,688883,1069541,688883,369341,428249,0,coarse
850000,9053,37,9143038648,9143,9143,True,684540,1073187,684540,361352,419973,0,coarse
850000,9053,38,9144028828,9144,9144,True,680776,1059603,680776,371172,430176,0,coarse
850000,9053,39,9145030923,9145,9145,True,678397,1059319,678397,369077,428284,0,coarse
850000,9054,32,9294027222,9294,9294,True,670228,1047449,670228,372778,431513,0,coarse
850000,9054,33,9295028032,9295,9295,True,671257,1049288,671257,371968,430669,0,coarse
850000,9054,34,9296028857,9296,9296,True,697231,1076087,697231,371143,429684,0,coarse
850000,9054,35,9297033174,9297,9297,True,679112,1062285,679112,366826,425987,0,coarse
850000,9054,36,9298032398,9298,9298,True,678694,1061091,678694,367602,429528,0,coarse
850000,9054,37,9299031254,9299,9299,True,676252,1057505,676252,368746,427041,0,coarse
850000,9054,38,9300032183,9300,9300,True,674638,1056820,674638,367817,426703,0,coarse
850000,9054,39,9301028300,9301,9301,True,675781,1054080,675781,371700,430403,0,coarse
900000,9055,32,9503075797,9503,9503,True,618964,1044760,618964,324203,383273,0,coarse
900000,9055,33,9504076409,9504,9504,True,618979,1045387,618979,323591,382412,0,coarse
900000,9055,34,9505077208,9505,9505,True,619506,1046713,619506,322792,381666,0,coarse
900000,9055,35,9506077494,9506,9506,True,622188,1049681,622188,322506,381483,0,coarse
900000,9055,36,9507077509,9507,9507,True,622063,1049571,622063,322491,380772,0,coarse
900000,9055,37,9508077979,9508,9508,True,623217,1051195,623217,322021,380357,0,coarse
900000,9055,38,9509080560,9509,9509,True,634185,1064744,634185,319440,377543,0,coarse
900000,9055,39,9510107826,9510,9510,True,634198,1092023,634198,292174,350587,0,coarse
900000,9056,32,9713072603,9713,9713,True,624602,1047204,624602,327397,385530,0,coarse
900000,9056,33,9714073709,9714,9714,True,619401,1043109,619401,326291,384416,0,coarse
900000,9056,34,9715076625,9715,9715,True,621365,1047989,621365,323375,382448,0,coarse
900000,9056,35,9716077511,9716,9716,True,626349,1053859,626349,322489,381840,0,coarse
900000,9056,36,9717076864,9717,9717,True,628129,1054992,628129,323136,382530,0,coarse
900000,9056,37,9718075636,9718,9718,True,628886,1054521,628886,324364,383334,0,coarse
900000,9056,38,9719075322,9719,9719,True,629527,1054848,629527,324678,383842,0,coarse
900000,9056,39,9720074135,9720,9720,True,630710,1054844,630710,325865,385563,0,coarse
900000,9057,32,9871067672,9871,9871,True,1715641,2133312,1715641,332328,391277,0,coarse
900000,9057,33,9872066493,9872,9872,True,721302,1137794,721302,333507,392522,0,coarse
900000,9057,34,9873073342,9873,9873,True,618977,1042318,618977,326658,385544,0,coarse
900000,9057,35,9874072892,9874,9874,True,617680,1040571,617680,327108,385373,0,coarse
900000,9057,36,9875073358,9875,9875,True,614445,1037802,614445,326642,384851,0,coarse
900000,9057,37,9876073412,9876,9876,True,616094,1039505,616094,326588,384739,0,coarse
900000,9057,38,9877069888,9877,9877,True,619240,1039127,619240,330112,388262,0,coarse
900000,9057,39,9878082491,9878,9878,True,609856,1042346,609856,317509,376268,0,coarse
950000,9058,32,10036128426,10036,10036,True,567896,1046321,567896,271574,329776,0,coarse
950000,9058,33,10037127377,10037,10037,True,569528,1046904,569528,272623,330793,0,coarse
950000,9058,34,10038129417,10038,10038,True,569968,1049384,569968,270583,328722,0,coarse
950000,9058,35,10039131310,10039,10039,True,568673,1049982,568673,268690,326985,0,coarse
950000,9058,36,10040129312,10040,10040,True,572898,1052209,572898,270688,329683,0,coarse
950000,9058,37,10041148364,10041,10041,True,579932,1078295,579932,251636,311500,0,coarse
950000,9058,38,10042143801,10042,10042,True,566565,1060365,566565,256199,315466,0,coarse
950000,9058,39,10043165139,10043,10043,True,580246,1095384,580246,234861,294373,0,coarse
950000,9059,32,10252134344,10252,10252,True,574553,1058896,574553,265656,324267,0,coarse
950000,9059,33,10253144047,10253,10253,True,564574,1058620,564574,255953,314542,0,coarse
950000,9059,34,10254140523,10254,10254,True,577932,1068454,577932,259477,317818,0,coarse
950000,9059,35,10255136142,10255,10255,True,570360,1056501,570360,263858,322139,0,coarse
950000,9059,36,10256132264,10256,10256,True,571722,1053985,571722,267736,326896,0,coarse
950000,9059,37,10257133059,10257,10257,True,571407,1054465,571407,266941,326215,0,coarse
950000,9059,38,10258137573,10258,10258,True,580645,1068217,580645,262427,321362,0,coarse
950000,9059,39,10259133711,10259,10259,True,566974,1050684,566974,266289,325073,0,coarse
950000,9060,32,10410128087,10410,10410,True,568801,1046887,568801,271913,330910,0,coarse
950000,9060,33,10411126833,10411,10411,True,569661,1046493,569661,273167,332038,0,coarse
950000,9060,34,10412129642,10412,10412,True,569145,1048786,569145,270358,329278,0,coarse
950000,9060,35,10413127770,10413,10413,True,572014,1049783,572014,272230,330418,0,coarse
950000,9060,36,10414129445,10414,10414,True,580453,1059897,580453,270555,329339,0,coarse
950000,9060,37,10415130926,10415,10415,True,581407,1062332,581407,269074,327217,0,coarse
950000,9060,38,10416145624,10416,10416,True,571637,1067260,571637,254376,311619,0,coarse
950000,9060,39,10417131519,10417,10417,True,579455,1060973,579455,268481,327222,0,coarse
445042,9061,32,10614616321,10614,10615,True,1079688,1829687,1079688,0,842516,1,fine
445042,9061,33,10615618124,10615,10616,True,1080114,1830113,1080114,0,841655,1,fine
445042,9061,34,10616620603,10616,10617,True,1079646,1829645,1079646,0,838688,1,fine
445042,9061,35,10617619259,10617,10618,True,1079457,1829456,1079457,0,839089,1,fine
445042,9061,36,10618619994,10618,10619,True,1104518,1854517,1104518,0,840156,1,fine
445042,9061,37,10619622986,10619,10620,True,1052190,1802189,1052190,0,806160,1,fine
445042,9061,38,10620619876,10620,10621,True,1083397,1833396,1083397,0,839684,1,fine
445042,9061,39,10621623324,10621,10622,True,1090348,1840347,1090348,0,836548,1,fine
445042,9062,32,10828622232,10828,10829,True,3110610,3860609,3110610,0,842289,1,fine
445042,9062,33,10829606316,10829,10830,True,3095399,3845398,3095399,0,854874,1,fine
445042,9062,34,10830600445,10830,10831,True,3110532,3860531,3110532,0,865729,1,fine
445042,9062,35,10831624375,10831,10832,True,3097435,3847434,3097435,0,837265,1,fine
445042,9062,36,10832598928,10832,10833,True,3092842,3842841,3092842,0,859758,1,fine
445042,9062,37,10833581198,10833,10833,True,2262735,3012734,2262735,0,56977,0,fine
445042,9062,38,10833756995,10834,10838,True,6111170,6218164,6111170,643005,4703772,1,fine
445042,9062,39,10838604878,10838,10839,True,6099783,6849782,6099783,0,857920,1,fine
445042,9063,32,10997584484,10997,10997,True,1263784,2013783,1263784,0,59173,0,fine
445042,9063,33,10997765706,10998,10998,True,1079482,1195187,1079482,634294,693304,0,fine
445042,9063,34,10998621727,10998,10999,True,1079473,1829472,1079473,0,836488,1,fine
445042,9063,35,10999619806,10999,11000,True,1080345,1830344,1080345,0,839159,1,fine
445042,9063,36,11000619371,11000,11001,True,1080774,1830773,1080774,0,839482,1,fine
445042,9063,37,11001619660,11001,11002,True,1081639,1831638,1081639,0,839476,1,fine
445042,9063,38,11002620253,11002,11003,True,1081640,1831639,1081640,0,839595,1,fine
445042,9063,39,11003621266,11003,11004,True,1081466,1831465,1081466,0,839054,1,fine
445042,9064,32,11163615386,11163,11164,True,1076298,1826297,1076298,0,843557,1,fine
445042,9064,33,11164616036,11164,11165,True,1086342,1836341,1086342,0,841690,1,fine
445042,9064,34,11165628592,11165,11166,True,1076132,1826131,1076132,0,830012,1,fine
445042,9064,35,11166620873,11166,11167,True,1084543,1834542,1084543,0,839897,1,fine
445042,9064,36,11167617427,11167,11168,True,1083084,1833083,1083084,0,840735,1,fine
445042,9064,37,11168615976,11168,11169,True,1083042,1833041,1083042,0,842140,1,fine
445042,9064,38,11169614432,11169,11170,True,1075366,1825365,1075366,0,843943,1,fine
445042,9064,39,11170612522,11170,11171,True,1076782,1826781,1076782,0,846311,1,fine
445042,9065,32,11320618909,11320,11321,True,1082832,1832831,1082832,0,839890,1,fine
445042,9065,33,11321619888,11321,11322,True,1079954,1829953,1079954,0,838400,1,fine
445042,9065,34,11322621213,11322,11323,True,1092243,1842242,1092243,0,842981,1,fine
445042,9065,35,11323627103,11323,11324,True,1087660,1837659,1087660,0,835682,1,fine
445042,9065,36,11324640340,11324,11325,True,1090869,1840868,1090869,0,819426,1,fine
445042,9065,37,11325619763,11325,11326,True,1095371,1845370,1095371,0,839146,1,fine
445042,9065,38,11326619875,11326,11327,True,1090837,1840836,1090837,0,839729,1,fine
445042,9065,39,11327619551,11327,11328,True,1092377,1842376,1092377,0,840558,1,fine
447042,9066,32,11484614189,11484,11485,True,1072982,1822981,1072982,0,844955,1,fine
447042,9066,33,11485613565,11485,11486,True,1077834,1827833,1077834,0,850550,1,fine
447042,9066,34,11486614660,11486,11487,True,1072850,1822849,1072850,0,844455,1,fine
447042,9066,35,11487617118,11487,11488,True,1071905,1821904,1071905,0,842213,1,fine
447042,9066,36,11488616321,11488,11489,True,1075193,1825192,1075193,0,842527,1,fine
447042,9066,37,11489617703,11489,11490,True,1076810,1826809,1076810,0,841569,1,fine
447042,9066,38,11490617609,11490,11491,True,1080120,1830119,1080120,0,841301,1,fine
447042,9066,39,11491616459,11491,11492,True,1081205,1831204,1081205,0,842372,1,fine
447042,9067,32,11646621490,11646,11647,True,1079103,1829102,1079103,0,836972,1,fine
447042,9067,33,11647621077,11647,11648,True,1078657,1828656,1078657,0,837984,1,fine
447042,9067,34,11648623535,11648,11649,True,1078440,1828439,1078440,0,835579,1,fine
447042,9067,35,11649621998,11649,11650,True,1079180,1829179,1079180,0,836996,1,fine
447042,9067,36,11650621885,11650,11651,True,1078920,1828919,1078920,0,836552,1,fine
447042,9067,37,11651621295,11651,11652,True,1078878,1828877,1078878,0,837912,1,fine
447042,9067,38,11652621002,11652,11653,True,1079501,1829500,1079501,0,838410,1,fine
447042,9067,39,11653621733,11653,11654,True,1080701,1830700,1080701,0,838184,1,fine
447042,9068,32,11854616125,11854,11855,True,1070134,1820133,1070134,0,842985,1,fine
447042,9068,33,11855614953,11855,11856,True,1077049,1827048,1077049,0,846080,1,fine
447042,9068,34,11856617329,11856,11857,True,1073355,1823354,1073355,0,843599,1,fine
447042,9068,35,11857613467,11857,11858,True,1076036,1826035,1076036,0,845900,1,fine
447042,9068,36,11858617492,11858,11859,True,1072743,1822742,1072743,0,841109,1,fine
447042,9068,37,11859618815,11859,11860,True,1073551,1823550,1073551,0,839648,1,fine
447042,9068,38,11860618380,11860,11861,True,1068378,1818377,1068378,0,834900,1,fine
447042,9068,39,11861620047,11861,11862,True,1492714,2242713,1492714,0,839084,1,fine
447042,9069,32,12059622912,12059,12060,True,1076305,1826304,1076305,0,835271,1,fine
447042,9069,33,12060621936,12060,12061,True,1078223,1828222,1078223,0,837001,1,fine
447042,9069,34,12061623753,12061,12062,True,1078063,1828062,1078063,0,835762,1,fine
447042,9069,35,12062622914,12062,12063,True,1079770,1829769,1079770,0,836176,1,fine
447042,9069,36,12063623291,12063,12064,True,1078686,1828685,1078686,0,835082,1,fine
447042,9069,37,12064623624,12064,12065,True,1077649,1827648,1077649,0,835637,1,fine
447042,9069,38,12065623193,12065,12066,True,1092181,1842180,1092181,0,845102,1,fine
447042,9069,39,12066629219,12066,12067,True,1085478,1835477,1085478,0,832111,1,fine
447042,9070,32,12230622744,12230,12231,True,1089941,1839940,1089941,0,836862,1,fine
447042,9070,33,12231621486,12231,12232,True,1089052,1839051,1089052,0,837718,1,fine
447042,9070,34,12232621634,12232,12233,True,1082828,1832827,1082828,0,837854,1,fine
447042,9070,35,12233618851,12233,12234,True,1080355,1830354,1080355,0,842087,1,fine
447042,9070,36,12234617781,12234,12235,True,1073937,1823936,1073937,0,841133,1,fine
447042,9070,37,12235616505,12235,12236,True,1075634,1825633,1075634,0,841976,1,fine
447042,9070,38,12236619296,12236,12237,True,1078282,1828281,1078282,0,839965,1,fine
447042,9070,39,12237620458,12237,12238,True,1091532,1841531,1091532,0,840678,1,fine
449042,9071,32,12449615812,12449,12450,True,1068751,1818750,1068751,0,843559,1,fine
449042,9071,33,12450616145,12450,12451,True,1070979,1820978,1070979,0,842432,1,fine
449042,9071,34,12451617534,12451,12452,True,1075000,1824999,1075000,0,842029,1,fine
449042,9071,35,12452620067,12452,12453,True,1124442,1874441,1124442,0,839468,1,fine
449042,9071,36,12453619565,12453,12454,True,1075418,1825417,1075418,0,841416,1,fine
449042,9071,37,12454623898,12454,12455,True,1074271,1824270,1074271,0,835471,1,fine
449042,9071,38,12455622011,12455,12456,True,1079696,1829695,1079696,0,838674,1,fine
449042,9071,39,12456625840,12456,12457,True,1080123,1830122,1080123,0,836192,1,fine
449042,9072,32,12655623293,12655,12656,True,1078118,1828117,1078118,0,836163,1,fine
449042,9072,33,12656623678,12656,12657,True,1092447,1842446,1092447,0,835682,1,fine
449042,9072,34,12657626633,12657,12658,True,1087321,1837320,1087321,0,835973,1,fine
449042,9072,35,12658627391,12658,12659,True,1081142,1831141,1081142,0,830988,1,fine
449042,9072,36,12659625153,12659,12660,True,1092897,1842896,1092897,0,833304,1,fine
449042,9072,37,12660625406,12660,12661,True,1089358,1839357,1089358,0,832889,1,fine
449042,9072,38,12661624018,12661,12662,True,1102611,1852610,1102611,0,834977,1,fine
449042,9072,39,12662624488,12662,12663,True,2580326,3330325,2580326,0,836021,1,fine
449042,9073,32,12814623249,12814,12815,True,1077340,1827339,1077340,0,835498,1,fine
449042,9073,33,12815623380,12815,12816,True,1076785,1826784,1076785,0,836036,1,fine
449042,9073,34,12816624234,12816,12817,True,1112838,1862837,1112838,0,836913,1,fine
449042,9073,35,12817624666,12817,12818,True,1078004,1828003,1078004,0,835124,1,fine
449042,9073,36,12818624402,12818,12819,True,1085600,1835599,1085600,0,834890,1,fine
449042,9073,37,12819625701,12819,12820,True,1084256,1834255,1084256,0,833800,1,fine
449042,9073,38,12820624508,12820,12821,True,1083571,1833570,1083571,0,836086,1,fine
449042,9073,39,12821623992,12821,12822,True,1091537,1841536,1091537,0,837080,1,fine
449042,9074,32,12976624264,12976,12977,True,1079475,1829474,1079475,0,836348,1,fine
449042,9074,33,12977625052,12977,12978,True,1076814,1826813,1076814,0,834107,1,fine
449042,9074,34,12978623466,12978,12979,True,1077261,1827260,1077261,0,835659,1,fine
449042,9074,35,12979624515,12979,12980,True,1075485,1825484,1075485,0,834895,1,fine
449042,9074,36,12980630351,12980,12981,True,1087449,1837448,1087449,0,836874,1,fine
449042,9074,37,12981636861,12981,12982,True,1100098,1850097,1100098,0,835492,1,fine
449042,9074,38,12982626876,12982,12983,True,1090483,1840482,1090483,0,832458,1,fine
449042,9074,39,12983625719,12983,12984,True,1091360,1841359,1091360,0,833822,1,fine
449042,9075,32,13144624441,13144,13145,True,1092011,1842010,1092011,0,835865,1,fine
449042,9075,33,13145626735,13145,13146,True,1089509,1839508,1089509,0,832169,1,fine
449042,9075,34,13146626079,13146,13147,True,1089134,1839133,1089134,0,834926,1,fine
449042,9075,35,13147626081,13147,13148,True,1091890,1841889,1091890,0,833549,1,fine
449042,9075,36,13148626174,13148,13149,True,1078509,1828508,1078509,0,833158,1,fine
449042,9075,37,13149624533,13149,13150,True,1077300,1827299,1077300,0,834457,1,fine
449042,9075,38,13150623587,13150,13151,True,1076465,1826464,1076465,0,835642,1,fine
449042,9075,39,13151623394,13151,13152,True,1090998,1840997,1090998,0,837268,1,fine
451042,9076,32,13359626449,13359,13360,True,1075470,1825469,1075470,0,832768,1,fine
451042,9076,33,13360625527,13360,13361,True,1075923,1825922,1075923,0,834557,1,fine
451042,9076,34,13361626873,13361,13362,True,1075439,1825438,1075439,0,832422,1,fine
451042,9076,35,13362626458,13362,13363,True,1078511,1828510,1078511,0,832669,1,fine
451042,9076,36,13363627541,13363,13364,True,1081999,1831998,1081999,0,832109,1,fine
451042,9076,37,13364627726,13364,13365,True,1086501,1836500,1086501,0,831587,1,fine
451042,9076,38,13365626913,13365,13366,True,1087741,1837740,1087741,0,833632,1,fine
451042,9076,39,13366627285,13366,13367,True,1085482,1835481,1085482,0,833189,1,fine
451042,9077,32,13520619372,13520,13523,True,3081988,3831987,3081988,0,2844075,1,fine
451042,9077,33,13523586354,13523,13523,True,2246179,2996178,2246179,0,54348,0,fine
451042,9077,34,13523751644,13524,13524,True,2066927,2168570,2066927,648356,706968,0,fine
451042,9077,35,13524569799,13524,13524,True,1226377,1976376,1226377,0,53384,0,fine
451042,9077,36,13524732681,13525,13525,True,1062454,1145134,1062454,667319,728511,0,fine
451042,9077,37,13525616046,13525,13526,True,1065902,1815901,1065902,0,843211,1,fine
451042,9077,38,13526616008,13526,13527,True,1066738,1816737,1066738,0,843373,1,fine
451042,9077,39,13527617199,13527,13528,True,1067249,1817248,1067249,0,842285,1,fine
451042,9078,32,13683617477,13683,13684,True,1067842,1817841,1067842,0,842125,1,fine
451042,9078,33,13684616958,13684,13685,True,1069343,1819342,1069343,0,842374,1,fine
451042,9078,34,13685617798,13685,13686,True,1067592,1817591,1067592,0,841232,1,fine
451042,9078,35,13686618091,13686,13687,True,1067659,1817658,1067659,0,841048,1,fine
451042,9078,36,13687619121,13687,13688,True,1075152,1825151,1075152,0,840033,1,fine
451042,9078,37,13688620943,13688,13689,True,1075910,1825909,1075910,0,838369,1,fine
451042,9078,38,13689621308,13689,13693,True,4076860,4826859,4076860,0,3835097,2,fine
451042,9078,39,13693592781,13693,13693,True,3252259,4002258,3252259,0,55108,0,fine
451042,9079,32,13861619989,13861,13862,True,1071344,1821343,1071344,0,839436,1,fine
451042,9079,33,13862620812,13862,13863,True,1072967,1822966,1072967,0,838714,1,fine
451042,9079,34,13863623237,13863,13864,True,1072583,1822582,1072583,0,835885,1,fine
451042,9079,35,13864623972,13864,13865,True,1072691,1822690,1072691,0,834407,1,fine
451042,9079,36,13865624057,13865,13866,True,1076623,1826622,1076623,0,835655,1,fine
451042,9079,37,13866627762,13866,13867,True,1074298,1824297,1074298,0,830856,1,fine
451042,9079,38,13867626035,13867,13868,True,1072529,1822528,1072529,0,832445,1,fine
451042,9079,39,13868626381,13868,13869,True,1077448,1827447,1077448,0,834554,1,fine
451042,9080,32,14071626681,14071,14072,True,1074941,1824940,1074941,0,832622,1,fine
451042,9080,33,14072626325,14072,14073,True,1074793,1824792,1074793,0,832704,1,fine
451042,9080,34,14073625542,14073,14074,True,1075034,1825033,1075034,0,833489,1,fine
451042,9080,35,14074625743,14074,14075,True,1253027,2003026,1253027,0,990553,1,fine
451042,9080,36,14075755721,14076,14076,True,1078029,1183749,1078029,644279,704557,0,fine
451042,9080,37,14076626853,14076,14077,True,1918122,2668121,1918122,0,834763,1,fine
451042,9080,38,14077627614,14077,14078,True,1079967,1829966,1079967,0,832300,1,fine
451042,9080,39,14078627837,14078,14079,True,1086529,1836528,1086529,0,832340,1,fine
453042,9081,32,14234629369,14234,14235,True,1086850,1836849,1086850,0,829562,1,fine
453042,9081,33,14235631202,14235,14236,True,1087236,1837235,1087236,0,826926,1,fine
453042,9081,34,14236629753,14236,14237,True,1085202,1835201,1085202,0,829562,1,fine
453042,9081,35,14237629449,14237,14238,True,1082795,1832794,1082795,0,829624,1,fine
453042,9081,36,14238627155,14238,14239,True,1080009,1830008,1080009,0,832149,1,fine
453042,9081,37,14239626632,14239,14240,True,1069924,1819923,1069924,0,833023,1,fine
453042,9081,38,14240624107,14240,14241,True,1075204,1825203,1075204,0,835201,1,fine
453042,9081,39,14241623430,14241,14242,True,1071636,1821635,1071636,0,836003,1,fine
453042,9082,32,14403625031,14403,14404,True,2510793,3260792,2510793,0,834321,1,fine
453042,9082,33,14404622812,14404,14405,True,1514032,2264031,1514032,0,836330,1,fine
453042,9082,34,14405622631,14405,14406,True,1069095,1819094,1069095,0,836877,1,fine
453042,9082,35,14406620899,14406,14407,True,1061114,1811113,1061114,0,838114,1,fine
453042,9082,36,14407621519,14407,14408,True,1066157,1816156,1066157,0,837024,1,fine
453042,9082,37,14408622269,14408,14409,True,1070832,1820831,1070832,0,839123,1,fine
453042,9082,38,14409622775,14409,14410,True,1068322,1818321,1068322,0,835445,1,fine
453042,9082,39,14410626465,14410,14411,True,1068172,1818171,1068172,0,833236,1,fine
453042,9083,32,14570628759,14570,14571,True,1075717,1825716,1075717,0,832004,1,fine
453042,9083,33,14571628542,14571,14572,True,1073740,1823739,1073740,0,831030,1,fine
453042,9083,34,14572629338,14572,14573,True,1077251,1827250,1077251,0,831494,1,fine
453042,9083,35,14573629739,14573,14574,True,1074294,1824293,1074294,0,829827,1,fine
453042,9083,36,14574628946,14574,14575,True,1074514,1824513,1074514,0,831346,1,fine
453042,9083,37,14575629332,14575,14576,True,1072460,1822459,1072460,0,829554,1,fine
453042,9083,38,14576627680,14576,14577,True,1077925,1827924,1077925,0,833546,1,fine
453042,9083,39,14577628828,14577,14578,True,1241918,1991917,1241918,0,981169,1,fine
453042,9084,32,14737629809,14737,14738,True,1088583,1838582,1088583,0,829455,1,fine
453042,9084,33,14738630051,14738,14739,True,1086241,1836240,1086241,0,829588,1,fine
453042,9084,34,14739630287,14739,14740,True,1085144,1835143,1085144,0,828722,1,fine
453042,9084,35,14740629081,14740,14741,True,1080025,1830024,1080025,0,830708,1,fine
453042,9084,36,14741627457,14741,14742,True,1072247,1822246,1072247,0,831550,1,fine
453042,9084,37,14742628419,14742,14743,True,1071897,1821896,1071897,0,830561,1,fine
453042,9084,38,14743627684,14743,14744,True,1070613,1820612,1070613,0,831773,1,fine
453042,9084,39,14744628090,14744,14745,True,1076301,1826300,1076301,0,832135,1,fine
453042,9085,32,14951628610,14951,14952,True,1072694,1822693,1072694,0,830335,1,fine
453042,9085,33,14952630264,14952,14953,True,1240709,1990708,1240709,0,982429,1,fine
453042,9085,34,14953746039,14954,14954,True,1077993,1174031,1077993,653961,714153,0,fine
453042,9085,35,14954630463,14954,14955,True,1084148,1834147,1084148,0,829684,1,fine
453042,9085,36,14955629882,14955,14956,True,1080018,1830017,1080018,0,828783,1,fine
453042,9085,37,14956630402,14956,14957,True,1086155,1836154,1086155,0,828742,1,fine
453042,9085,38,14957627933,14957,14958,True,1088771,1838770,1088771,0,832063,1,fine
453042,9085,39,14958627880,14958,14959,True,1084082,1834081,1084082,0,831869,1,fine
455042,9086,32,15121631436,15121,15122,True,1070483,1820482,1070483,0,827303,1,fine
455042,9086,33,15122629511,15122,15123,True,1069986,1819985,1069986,0,829410,1,fine
455042,9086,34,15123630691,15123,15124,True,1070665,1820664,1070665,0,828316,1,fine
455042,9086,35,15124634875,15124,15125,True,1081824,1831823,1081824,0,823941,1,fine
455042,9086,36,15125629921,15125,15126,True,1121776,1871775,1121776,0,829887,1,fine
455042,9086,37,15126631382,15126,15127,True,1080117,1830116,1080117,0,827137,1,fine
455042,9086,38,15127630654,15127,15128,True,1073832,1823831,1073832,0,829924,1,fine
455042,9086,39,15128629862,15128,15129,True,1072293,1822292,1072293,0,830422,1,fine
455042,9087,32,15291630554,15291,15292,True,1071442,1821441,1071442,0,828379,1,fine
455042,9087,33,15292631568,15292,15293,True,1068741,1818740,1068741,0,826673,1,fine
455042,9087,34,15293629628,15293,15294,True,1069704,1819703,1069704,0,828551,1,fine
455042,9087,35,15294629481,15294,15295,True,1069978,1819977,1069978,0,828713,1,fine
455042,9087,36,15295628968,15295,15296,True,1075989,1825988,1075989,0,830372,1,fine
455042,9087,37,15296629994,15296,15297,True,1076371,1826370,1076371,0,829647,1,fine
455042,9087,38,15297630931,15297,15298,True,1079069,1829068,1079069,0,828918,1,fine
455042,9087,39,15298631037,15298,15299,True,1078743,1828742,1078743,0,828411,1,fine
455042,9088,32,15456629843,15456,15457,True,1071623,1821622,1071623,0,829587,1,fine
455042,9088,33,15457629577,15457,15458,True,1072196,1822195,1072196,0,830412,1,fine
455042,9088,34,15458634716,15458,15459,True,1072586,1822585,1072586,0,825229,1,fine
455042,9088,35,15459633723,15459,15460,True,1082571,1832570,1082571,0,825541,1,fine
455042,9088,36,15460631684,15460,15461,True,1082165,1832164,1082165,0,827869,1,fine
455042,9088,37,15461631575,15461,15462,True,1091478,1841477,1091478,0,828006,1,fine
455042,9088,38,15462631771,15462,15463,True,1083691,1833690,1083691,0,826567,1,fine
455042,9088,39,15463630550,15463,15464,True,1080892,1830891,1080892,0,829522,1,fine
455042,9089,32,15612631140,15612,15613,True,1075131,1825130,1075131,0,830397,1,fine
455042,9089,33,15614246474,15614,15614,True,478203,1074676,478203,153526,211723,0,fine
455042,9089,34,15614633563,15614,15615,True,1084438,1834437,1084438,0,825432,1,fine
455042,9089,35,15615632782,15615,15616,True,1085839,1835838,1085839,0,826567,1,fine
455042,9089,36,15616634521,15616,15617,True,1080433,1830432,1080433,0,824004,1,fine
455042,9089,37,15617631341,15617,15618,True,1079485,1829484,1079485,0,828421,1,fine
455042,9089,38,15618629850,15618,15619,True,1078365,1828364,1078365,0,829568,1,fine
455042,9089,39,15619628617,15619,15620,True,1071721,1821720,1071721,0,828115,1,fine
455042,9090,32,15832628373,15832,15833,True,1072876,1822875,1072876,0,831052,1,fine
455042,9090,33,15833625884,15833,15834,True,1066778,1816777,1066778,0,834145,1,fine
455042,9090,34,15834623913,15834,15835,True,1077334,1827333,1077334,0,836287,1,fine
455042,9090,35,15835623016,15835,15836,True,3736674,4486673,3736674,0,831591,1,fine
455042,9090,36,15836621795,15836,15837,True,2746466,3496465,2746466,0,837550,1,fine
455042,9090,37,15837620830,15837,15838,True,1748299,2498298,1748299,0,989070,1,fine
455042,9090,38,15838728532,15839,15839,True,1162089,1240620,1162089,671468,725657,0,fine
455042,9090,39,15839614999,15839,15840,True,1152397,1902396,1152397,0,844337,1,fine
457042,9091,32,15999623294,15999,16000,True,1069222,1819221,1069222,0,835849,1,fine
457042,9091,33,16000622237,16000,16001,True,1060727,1810726,1060727,0,837069,1,fine
457042,9091,34,16001622204,16001,16002,True,1062349,1812348,1062349,0,837982,1,fine
457042,9091,35,16002623345,16002,16003,True,1061287,1811286,1061287,0,834987,1,fine
457042,9091,36,16003623707,16003,16004,True,1063045,1813044,1063045,0,835322,1,fine
457042,9091,37,16004625671,16004,16005,True,1062178,1812177,1062178,0,832360,1,fine
457042,9091,38,16005626026,16005,16006,True,1064686,1814685,1064686,0,833945,1,fine
457042,9091,39,16006629256,16006,16007,True,1059843,1809842,1059843,0,829644,1,fine
457042,9092,32,16159630396,16159,16160,True,1070363,1820362,1070363,0,828796,1,fine
457042,9092,33,16160633367,16160,16161,True,1069436,1819435,1069436,0,826483,1,fine
457042,9092,34,16161633575,16161,16162,True,1068600,1818599,1068600,0,826400,1,fine
457042,9092,35,16162632700,16162,16163,True,1067542,1817541,1067542,0,826668,1,fine
457042,9092,36,16163631702,16163,16164,True,1068395,1818394,1068395,0,826880,1,fine
457042,9092,37,16164630884,16164,16165,True,1067709,1817708,1067709,0,828223,1,fine
457042,9092,38,16165631339,16165,16166,True,1072826,1822825,1072826,0,830853,1,fine
457042,9092,39,16166633213,16166,16167,True,1075847,1825846,1075847,0,826812,1,fine
457042,9093,32,16323634097,16323,16324,True,1075232,1825231,1075232,0,826103,1,fine
457042,9093,33,16324632347,16324,16325,True,1069977,1819976,1069977,0,826554,1,fine
457042,9093,34,16325630970,16325,16326,True,1078231,1828230,1078231,0,829266,1,fine
457042,9093,35,16326629401,16326,16327,True,1069826,1819825,1069826,0,829545,1,fine
457042,9093,36,16327627592,16327,16328,True,1062438,1812437,1062438,0,831849,1,fine
457042,9093,37,16328624113,16328,16329,True,1069080,1819079,1069080,0,835437,1,fine
457042,9093,38,16329627298,16329,16330,True,1059837,1809836,1059837,0,829165,1,fine
457042,9093,39,16330627240,16330,16331,True,1064287,1814286,1064287,0,829738,1,fine
457042,9094,32,16535627131,16535,16536,True,1064316,1814315,1064316,0,832390,1,fine
457042,9094,33,16536627181,16536,16537,True,1068568,1818567,1068568,0,831787,1,fine
457042,9094,34,16537628712,16537,16538,True,1065391,1815390,1065391,0,830779,1,fine
457042,9094,35,16538629296,16538,16539,True,1066571,1816570,1066571,0,829874,1,fine
457042,9094,36,16539629882,16539,16540,True,1066904,1816903,1066904,0,828934,1,fine
457042,9094,37,16540630216,16540,16541,True,1070506,1820505,1070506,0,829373,1,fine
457042,9094,38,16541632058,16541,16542,True,1068632,1818631,1068632,0,826278,1,fine
457042,9094,39,16542631706,16542,16543,True,1071511,1821510,1071511,0,828528,1,fine
457042,9095,32,16701632847,16701,16702,True,1073271,1823270,1073271,0,827033,1,fine
457042,9095,33,16702632112,16702,16703,True,1073499,1823498,1073499,0,829275,1,fine
457042,9095,34,16703633685,16703,16704,True,1079827,1829826,1079827,0,828150,1,fine
457042,9095,35,16704632504,16704,16705,True,1085327,1835326,1085327,0,827198,1,fine
457042,9095,36,16705632267,16705,16706,True,1082931,1832930,1082931,0,826799,1,fine
457042,9095,37,16706632644,16706,16707,True,1083035,1833034,1083035,0,827247,1,fine
457042,9095,38,16707632537,16707,16708,True,1076436,1826435,1076436,0,826223,1,fine
457042,9095,39,16708630641,16708,16709,True,1079614,1829613,1079614,0,829377,1,fine
459042,9096,32,16874627600,16874,16875,True,1065055,1815054,1065055,0,831378,1,fine
459042,9096,33,16875629623,16875,16876,True,1058336,1808335,1058336,0,829167,1,fine
459042,9096,34,16876629614,16876,16877,True,1063930,1813929,1063930,0,829931,1,fine
459042,9096,35,16877631213,16877,16878,True,1062568,1812567,1062568,0,827837,1,fine
459042,9096,36,16878631590,16878,16879,True,1063747,1813746,1063747,0,827655,1,fine
459042,9096,37,16879632469,16879,16880,True,1066312,1816311,1066312,0,827684,1,fine
459042,9096,38,16880633588,16880,16881,True,1066993,1816992,1066993,0,825705,1,fine
459042,9096,39,16881634289,16881,16882,True,1068905,1818904,1068905,0,826596,1,fine
459042,9097,32,17085631921,17085,17086,True,1063741,1813740,1063741,0,827063,1,fine
459042,9097,33,17086632403,17086,17087,True,1065835,1815834,1065835,0,826485,1,fine
459042,9097,34,17087632681,17087,17088,True,1065625,1815624,1065625,0,825808,1,fine
459042,9097,35,17088633625,17088,17089,True,1066360,1816359,1066360,0,825574,1,fine
459042,9097,36,17089633689,17089,17090,True,1080404,1830403,1080404,0,825760,1,fine
459042,9097,37,17090635848,17090,17091,True,1079905,1829904,1079905,0,827704,1,fine
459042,9097,38,17091643858,17091,17092,True,1074243,1824242,1074243,0,816319,1,fine
459042,9097,39,17092635008,17092,17093,True,1078363,1828362,1078363,0,825179,1,fine
459042,9098,32,17251622898,17251,17252,True,1049435,1799434,1049435,0,835961,1,fine
459042,9098,33,17252621442,17252,17253,True,1048987,1798986,1048987,0,837295,1,fine
459042,9098,34,17253621027,17253,17254,True,1049281,1799280,1049281,0,837558,1,fine
459042,9098,35,17254621027,17254,17255,True,1048397,1798396,1048397,0,837420,1,fine
459042,9098,36,17255620867,17255,17256,True,1048199,1798198,1048199,0,837538,1,fine
459042,9098,37,17256621416,17256,17257,True,1048363,1798362,1048363,0,836834,1,fine
459042,9098,38,17257620907,17257,17258,True,1047032,1797031,1047032,0,837372,1,fine
459042,9098,39,17258620207,17258,17259,True,1048530,1798529,1048530,0,838959,1,fine
459042,9099,32,17447627977,17447,17448,True,1060655,1810654,1060655,0,830242,1,fine
459042,9099,33,17448628414,17448,17449,True,1061946,1811945,1061946,0,830054,1,fine
459042,9099,34,17449628499,17449,17450,True,1062928,1812927,1062928,0,830054,1,fine
459042,9099,35,17450630144,17450,17451,True,1062654,1812653,1062654,0,828427,1,fine
459042,9099,36,17451631131,17451,17452,True,1065661,1815660,1065661,0,828190,1,fine
459042,9099,37,17452633773,17452,17453,True,1065180,1815179,1065180,0,824826,1,fine
459042,9099,38,17453632173,17453,17454,True,1065853,1815852,1065853,0,826930,1,fine
459042,9099,39,17454632373,17454,17455,True,1068394,1818393,1068394,0,827839,1,fine
459042,9100,32,17656633511,17656,17657,True,1073854,1823853,1073854,0,825980,1,fine
459042,9100,33,17657638552,17657,17658,True,1067205,1817204,1067205,0,820484,1,fine
459042,9100,34,17658629378,17658,17659,True,1063959,1813958,1063959,0,829672,1,fine
459042,9100,35,17659629031,17659,17660,True,1065509,1815508,1065509,0,830024,1,fine
459042,9100,36,17660628155,17660,17661,True,1053569,1803568,1053569,0,826333,1,fine
459042,9100,37,17661626148,17661,17662,True,1050051,1800050,1050051,0,828179,1,fine
459042,9100,38,17662626275,17662,17663,True,1059231,1809230,1059231,0,832860,1,fine
459042,9100,39,17663626619,17663,17664,True,1056661,1806660,1056661,0,832268,1,fine
461042,9101,32,17874628294,17874,17875,True,1128779,1878778,1128779,0,830678,1,fine
461042,9101,33,17875629006,17875,17876,True,1059487,1809486,1059487,0,830064,1,fine
461042,9101,34,17876629096,17876,17877,True,1058938,1808937,1058938,0,829802,1,fine
461042,9101,35,17877630171,17877,17878,True,1059148,1809147,1059148,0,829055,1,fine
461042,9101,36,17878630480,17878,17879,True,1059962,1809961,1059962,0,827841,1,fine
461042,9101,37,17879632372,17879,17880,True,1061745,1811744,1061745,0,826332,1,fine
461042,9101,38,17880632690,17880,17881,True,1062091,1812090,1062091,0,825485,1,fine
461042,9101,39,17881634631,17881,17882,True,1067584,1817583,1067584,0,824754,1,fine
461042,9102,32,18042636688,18042,18043,True,2513282,3263281,2513282,0,822759,1,fine
461042,9102,33,18043639034,18043,18044,True,1517527,2267526,1517527,0,821054,1,fine
461042,9102,34,18044636693,18044,18045,True,1072379,1822378,1072379,0,822681,1,fine
461042,9102,35,18045635325,18045,18046,True,1068858,1818857,1068858,0,824358,1,fine
461042,9102,36,18046636270,18046,18047,True,1200347,1950346,1200347,0,823369,1,fine
461042,9102,37,18047637444,18047,18048,True,1072875,1822874,1072875,0,822073,1,fine
461042,9102,38,18048637027,18048,18049,True,1078571,1828570,1078571,0,822431,1,fine
461042,9102,39,18049638547,18049,18050,True,1080566,1830565,1080566,0,827379,1,fine
461042,9103,32,18208635858,18208,18209,True,1065657,1815656,1065657,0,822643,1,fine
461042,9103,33,18209636006,18209,18210,True,1063705,1813704,1063705,0,823004,1,fine
461042,9103,34,18210637386,18210,18211,True,1063904,1813903,1063904,0,821629,1,fine
461042,9103,35,18211636424,18211,18212,True,1064647,1814646,1064647,0,822374,1,fine
461042,9103,36,18212635234,18212,18213,True,1064842,1814841,1064842,0,823170,1,fine
461042,9103,37,18213636598,18213,18214,True,1068842,1818841,1068842,0,824481,1,fine
461042,9103,38,18214638404,18214,18215,True,1065310,1815309,1065310,0,820697,1,fine
461042,9103,39,18215636824,18215,18216,True,1069121,1819120,1069121,0,825160,1,fine
461042,9104,32,18376627540,18376,18377,True,1057369,1807368,1057369,0,830644,1,fine
461042,9104,33,18377628750,18377,18378,True,1057565,1807564,1057565,0,829491,1,fine
461042,9104,34,18378629435,18378,18379,True,1057454,1807453,1057454,0,828842,1,fine
461042,9104,35,18379630851,18379,18380,True,1058332,1808331,1058332,0,827342,1,fine
461042,9104,36,18380631941,18380,18381,True,1061696,1811695,1061696,0,827041,1,fine
461042,9104,37,18381617280,18381,18382,True,1078240,1828239,1078240,0,841238,1,fine
461042,9104,38,18382634945,18382,18383,True,1063811,1813810,1063811,0,823932,1,fine
461042,9104,39,18383636135,18383,18384,True,1069563,1819562,1069563,0,825210,1,fine
461042,9105,32,18548637076,18548,18549,True,1066415,1816414,1066415,0,822275,1,fine
461042,9105,33,18549638141,18549,18550,True,1065084,1815083,1065084,0,820556,1,fine
461042,9105,34,18550637292,18550,18551,True,1064311,1814310,1064311,0,821105,1,fine
461042,9105,35,18551638270,18551,18552,True,1064379,1814378,1064379,0,820041,1,fine
461042,9105,36,18552610621,18552,18553,True,1089402,1839401,1089402,0,848072,1,fine
461042,9105,37,18553636024,18553,18554,True,1063350,1813349,1063350,0,823046,1,fine
461042,9105,38,18554635824,18554,18555,True,1066038,1816037,1066038,0,824657,1,fine
461042,9105,39,18555638768,18555,18556,True,1063958,1813957,1063958,0,821218,1,fine
463042,9106,32,18715631372,18715,18716,True,1055220,1805219,1055220,0,827722,1,fine
463042,9106,33,18716631937,18716,18717,True,1054937,1804936,1054937,0,826992,1,fine
463042,9106,34,18717632574,18717,18718,True,1056289,1806288,1056289,0,826321,1,fine
463042,9106,35,18718633573,18718,18719,True,1058159,1808158,1058159,0,825225,1,fine
463042,9106,36,18719635202,18719,18720,True,1061336,1811335,1061336,0,825744,1,fine
463042,9106,37,18720637115,18720,18721,True,1061130,1811129,1061130,0,821138,1,fine
463042,9106,38,18721635891,18721,18722,True,1060305,1810304,1060305,0,822288,1,fine
463042,9106,39,18722636797,18722,18723,True,1071609,1821608,1071609,0,823395,1,fine
463042,9107,32,18927635307,18927,18928,True,1061232,1811231,1061232,0,824116,1,fine
463042,9107,33,18928636221,18928,18929,True,1059887,1809886,1059887,0,822652,1,fine
463042,9107,34,18929635908,18929,18930,True,1062591,1812590,1062591,0,823678,1,fine
463042,9107,35,18930637949,18930,18931,True,1060930,1810929,1060930,0,820699,1,fine
463042,9107,36,18931637958,18931,18932,True,1061779,1811778,1061779,0,821182,1,fine
463042,9107,37,18932637943,18932,18933,True,1065346,1815345,1065346,0,823520,1,fine
463042,9107,38,18933640418,18933,18934,True,1062280,1812279,1062280,0,818586,1,fine
463042,9107,39,18934638259,18934,18935,True,1068058,1818057,1068058,0,824846,1,fine
463042,9108,32,19141640643,19141,19142,True,1068313,1818312,1068313,0,820655,1,fine
463042,9108,33,19142639859,19142,19143,True,4498090,5248089,4498090,0,819607,1,fine
463042,9108,34,19143636749,19143,19144,True,3519276,4269275,3519276,0,824960,1,fine
463042,9108,35,19144633613,19144,19145,True,2525614,3275613,2525614,0,824137,1,fine
463042,9108,36,19145630847,19145,19146,True,1533573,2283572,1533573,0,829432,1,fine
463042,9108,37,19146635197,19146,19147,True,1062615,1812614,1062615,0,824201,1,fine
463042,9108,38,19147635172,19147,19148,True,1060889,1810888,1060889,0,824229,1,fine
463042,9108,39,19148635632,19148,19149,True,1063516,1813515,1063516,0,824284,1,fine
463042,9109,32,19351586481,19351,19351,True,1240749,1990748,1240749,0,58357,0,fine
463042,9109,33,19351768812,19352,19352,True,1059441,1178252,1059441,631188,690147,0,fine
463042,9109,34,19352638679,19352,19353,True,1063250,1813249,1063250,0,821463,1,fine
463042,9109,35,19353639395,19353,19354,True,1062629,1812628,1062629,0,820092,1,fine
463042,9109,36,19354638480,19354,19355,True,1062058,1812057,1062058,0,820481,1,fine
463042,9109,37,19355639441,19355,19356,True,1060668,1810667,1060668,0,819490,1,fine
463042,9109,38,19356638685,19356,19357,True,1061321,1811320,1061321,0,820316,1,fine
463042,9109,39,19357638486,19357,19358,True,1065033,1815032,1065033,0,823336,1,fine
463042,9110,32,19512631587,19512,19513,True,1057441,1807440,1057441,0,827242,1,fine
463042,9110,33,19513631797,19513,19514,True,1059161,1809160,1059161,0,827074,1,fine
463042,9110,34,19514632924,19514,19515,True,1059431,1809430,1059431,0,826043,1,fine
463042,9110,35,19515633730,19515,19516,True,1063229,1813228,1063229,0,826630,1,fine
463042,9110,36,19516637154,19516,19517,True,1058478,1808477,1058478,0,821590,1,fine
463042,9110,37,19517634730,19517,19518,True,1061764,1811763,1061764,0,824577,1,fine
463042,9110,38,19518636888,19518,19519,True,1061469,1811468,1061469,0,821444,1,fine
463042,9110,39,19519639553,19519,19520,True,1061338,1811337,1061338,0,820000,1,fine
465042,9111,32,19672640857,19672,19673,True,1060544,1810543,1060544,0,817825,1,fine
465042,9111,33,19673641474,19673,19674,True,1059358,1809357,1059358,0,816874,1,fine
465042,9111,34,19674639271,19674,19675,True,1057921,1807920,1057921,0,819613,1,fine
465042,9111,35,19675638830,19675,19676,True,1062516,1812515,1062516,0,821132,1,fine
465042,9111,36,19676648369,19676,19677,True,1058006,1808005,1058006,0,811054,1,fine
465042,9111,37,19677644230,19677,19678,True,1059639,1809638,1059639,0,814731,1,fine
465042,9111,38,19678641022,19678,19679,True,1059749,1809748,1059749,0,817967,1,fine
465042,9111,39,19679640352,19679,19680,True,1063397,1813396,1063397,0,820644,1,fine
465042,9112,32,19892632936,19892,19893,True,1055016,1805015,1055016,0,827090,1,fine
465042,9112,33,19893633818,19893,19894,True,1055352,1805351,1055352,0,824990,1,fine
465042,9112,34,19894635908,19894,19895,True,1439088,2189087,1439088,0,822617,1,fine
465042,9112,35,19895635547,19895,19896,True,1062915,1812914,1062915,0,823934,1,fine
465042,9112,36,19896636433,19896,19897,True,1044135,1794134,1044135,0,808472,1,fine
465042,9112,37,19897637860,19897,19898,True,1059928,1809927,1059928,0,821323,1,fine
465042,9112,38,19898639579,19898,19899,True,1062164,1812163,1062164,0,819909,1,fine
465042,9112,39,19899642311,19899,19900,True,1061623,1811622,1061623,0,817752,1,fine
465042,9113,32,20065640934,20065,20066,True,1068009,1818008,1068009,0,818249,1,fine
465042,9113,33,20066642302,20066,20067,True,1066389,1816388,1066389,0,817438,1,fine
465042,9113,34,20067641178,20067,20068,True,1067104,1817103,1067104,0,818096,1,fine
465042,9113,35,20068641555,20068,20069,True,1064709,1814708,1064709,0,817307,1,fine
465042,9113,36,20069640922,20069,20070,True,1063124,1813123,1063124,0,819202,1,fine
465042,9113,37,20070642359,20070,20071,True,1627847,2377846,1627847,0,818898,1,fine
465042,9113,38,20071642351,20071,20072,True,1063157,1813156,1063157,0,816887,1,fine
465042,9113,39,20072642184,20072,20073,True,1066761,1816760,1066761,0,818676,1,fine
465042,9114,32,20234640671,20234,20235,True,1058764,1808763,1058764,0,817422,1,fine
465042,9114,33,20235640191,20235,20236,True,1058795,1808794,1058795,0,818356,1,fine
465042,9114,34,20236639686,20236,20237,True,1059919,1809918,1059919,0,819378,1,fine
465042,9114,35,20237639026,20237,20238,True,1127695,1877694,1127695,0,820023,1,fine
465042,9114,36,20238639562,20238,20239,True,1069467,1819466,1069467,0,819721,1,fine
465042,9114,37,20239641286,20239,20240,True,1039300,1789299,1039300,0,818056,1,fine
465042,9114,38,20240641353,20240,20241,True,1069243,1819242,1069243,0,819661,1,fine
465042,9114,39,20241641686,20241,20242,True,1070194,1820193,1070194,0,818546,1,fine
465042,9115,32,20447640647,20447,20448,True,1060721,1810720,1060721,0,818597,1,fine
465042,9115,33,20448640533,20448,20449,True,1058961,1808960,1058961,0,818130,1,fine
465042,9115,34,20449639631,20449,20450,True,1059439,1809438,1059439,0,818798,1,fine
465042,9115,35,20450641385,20450,20451,True,1059082,1809081,1059082,0,816821,1,fine
465042,9115,36,20451640022,20451,20452,True,1060704,1810703,1060704,0,818713,1,fine
465042,9115,37,20452640279,20452,20453,True,1060625,1810624,1060625,0,818731,1,fine
465042,9115,38,20453639513,20453,20454,True,1062376,1812375,1062376,0,821033,1,fine
465042,9115,39,20454641930,20454,20455,True,1063135,1813134,1063135,0,819074,1,fine
467042,9116,32,20609644936,20609,20610,True,1059755,1809754,1059755,0,814501,1,fine
467042,9116,33,20610644526,20610,20611,True,1061540,1811539,1061540,0,817174,1,fine
467042,9116,34,20611644854,20611,20612,True,1063405,1813404,1063405,0,816103,1,fine
467042,9116,35,20612644169,20612,20613,True,1061545,1811544,1061545,0,817100,1,fine
467042,9116,36,20613643660,20613,20614,True,1060738,1810737,1060738,0,817163,1,fine
467042,9116,37,20614643215,20614,20615,True,1059534,1809533,1059534,0,817959,1,fine
467042,9116,38,20615642533,20615,20616,True,1059409,1809408,1059409,0,819118,1,fine
467042,9116,39,20616639782,20616,20617,True,1060007,1810006,1060007,0,821551,1,fine
467042,9117,32,20761642445,20761,20762,True,1062053,1812052,1062053,0,816923,1,fine
467042,9117,33,20762658252,20763,20763,True,1048144,1056395,1048144,741748,802465,0,fine
467042,9117,34,20763646557,20763,20764,True,1058996,1808995,1058996,0,813311,1,fine
467042,9117,35,20764644826,20764,20765,True,1061092,1811091,1061092,0,814836,1,fine
467042,9117,36,20765644972,20765,20766,True,1059011,1809010,1059011,0,814455,1,fine
467042,9117,37,20766644613,20766,20767,True,1059351,1809350,1059351,0,814696,1,fine
467042,9117,38,20767644042,20767,20768,True,1060513,1810512,1060513,0,815842,1,fine
467042,9117,39,20768643271,20768,20769,True,1060424,1810423,1060424,0,817860,1,fine
467042,9118,32,20975645184,20975,20976,True,1060115,1810114,1060115,0,814280,1,fine
467042,9118,33,20976645069,20976,20977,True,1061704,1811703,1061704,0,815040,1,fine
467042,9118,34,20977646495,20977,20978,True,1055951,1805950,1055951,0,812707,1,fine
467042,9118,35,20978642354,20978,20979,True,1058026,1808025,1058026,0,816947,1,fine
467042,9118,36,20979642890,20979,20980,True,1058907,1808906,1058907,0,817770,1,fine
467042,9118,37,20980642468,20980,20981,True,1059646,1809645,1059646,0,818241,1,fine
467042,9118,38,20981643481,20981,20982,True,1058343,1808342,1058343,0,815587,1,fine
467042,9118,39,20982644037,20982,20983,True,1066759,1816758,1066759,0,816013,1,fine
467042,9119,32,21142643559,21142,21143,True,1057936,1807935,1057936,0,814786,1,fine
467042,9119,33,21143642707,21143,21144,True,1059272,1809271,1059272,0,816603,1,fine
467042,9119,34,21144643725,21144,21145,True,1057701,1807700,1057701,0,816009,1,fine
467042,9119,35,21145644196,21145,21146,True,1057769,1807768,1057769,0,814705,1,fine
467042,9119,36,21146642810,21146,21147,True,1060993,1810992,1060993,0,817405,1,fine
467042,9119,37,21147642794,21147,21148,True,1059378,1809377,1059378,0,817150,1,fine
467042,9119,38,21148642971,21148,21149,True,1058382,1808381,1058382,0,816725,1,fine
467042,9119,39,21149642991,21149,21150,True,1061133,1811132,1061133,0,818650,1,fine
467042,9120,32,21310635300,21310,21311,True,1055171,1805170,1055171,0,823516,1,fine
467042,9120,33,21311636506,21311,21312,True,1051047,1801046,1051047,0,822068,1,fine
467042,9120,34,21312637531,21312,21313,True,1054561,1804560,1054561,0,821217,1,fine
467042,9120,35,21313638718,21313,21314,True,1049393,1799392,1049393,0,819633,1,fine
467042,9120,36,21314638328,21314,21315,True,1057009,1807008,1057009,0,822122,1,fine
467042,9120,37,21315640919,21315,21316,True,1053865,1803864,1053865,0,818489,1,fine
467042,9120,38,21316639283,21316,21317,True,1058540,1808539,1058540,0,819179,1,fine
467042,9120,39,21317640955,21317,21318,True,1062476,1812475,1062476,0,820082,1,fine
469042,9121,32,21518638316,21518,21519,True,1051305,1801304,1051305,0,820746,1,fine
469042,9121,33,21519638892,21519,21520,True,1051513,1801512,1051513,0,820110,1,fine
469042,9121,34,21520640596,21520,21521,True,1054696,1804695,1054696,0,820723,1,fine
469042,9121,35,21521642076,21521,21522,True,1054941,1804940,1054941,0,817165,1,fine
469042,9121,36,21522641601,21522,21523,True,1055234,1805233,1055234,0,817532,1,fine
469042,9121,37,21523642876,21523,21524,True,1056628,1806627,1056628,0,818119,1,fine
469042,9121,38,21524641911,21524,21525,True,1067091,1817090,1067091,0,819990,1,fine
469042,9121,39,21525645791,21525,21526,True,1062196,1812195,1062196,0,813021,1,fine
469042,9122,32,21678642048,21678,21679,True,1050389,1800388,1050389,0,816537,1,fine
469042,9122,33,21679640409,21679,21680,True,1048092,1798091,1048092,0,818035,1,fine
469042,9122,34,21680639216,21680,21681,True,1049549,1799548,1049549,0,819058,1,fine
469042,9122,35,21681638948,21681,21682,True,1051471,1801470,1051471,0,821339,1,fine
469042,9122,36,21682640021,21682,21683,True,1052274,1802273,1052274,0,819327,1,fine
469042,9122,37,21683639312,21683,21684,True,1154398,1904397,1154398,0,828845,1,fine
469042,9122,38,21684642591,21684,21685,True,1062292,1812291,1062292,0,818587,1,fine
469042,9122,39,21685640827,21685,21686,True,1052683,1802682,1052683,0,818421,1,fine
469042,9123,32,21842635728,21842,21843,True,1050513,1800512,1050513,0,823473,1,fine
469042,9123,33,21843636419,21843,21844,True,1051370,1801369,1051370,0,822741,1,fine
469042,9123,34,21844638021,21844,21845,True,1050589,1800588,1050589,0,821044,1,fine
469042,9123,35,21845638228,21845,21846,True,1053013,1803012,1053013,0,822277,1,fine
469042,9123,36,21846639737,21846,21847,True,1054415,1804414,1054415,0,819304,1,fine
469042,9123,37,21847641522,21847,21848,True,1053816,1803815,1053816,0,817349,1,fine
469042,9123,38,21848641251,21848,21849,True,1057839,1807838,1057839,0,817726,1,fine
469042,9123,39,21849644689,21849,21850,True,1058568,1808567,1058568,0,814520,1,fine
469042,9124,32,22054645317,22054,22055,True,1056094,1806093,1056094,0,813752,1,fine
469042,9124,33,22055644406,22055,22056,True,1056961,1806960,1056961,0,815090,1,fine
469042,9124,34,22056643749,22056,22057,True,1059320,1809319,1059320,0,816535,1,fine
469042,9124,35,22057644806,22057,22058,True,1055636,1805635,1055636,0,814574,1,fine
469042,9124,36,22058644085,22058,22059,True,1055779,1805778,1055779,0,815367,1,fine
469042,9124,37,22059644529,22059,22060,True,1055072,1805071,1055072,0,814423,1,fine
469042,9124,38,22060643323,22060,22061,True,1056297,1806296,1056297,0,815616,1,fine
469042,9124,39,22061644106,22061,22062,True,1061264,1811263,1061264,0,817517,1,fine
469042,9125,32,22264644209,22264,22265,True,1055881,1805880,1055881,0,814491,1,fine
469042,9125,33,22265643333,22265,22266,True,1056991,1806990,1056991,0,815514,1,fine
469042,9125,34,22266643210,22266,22267,True,1056711,1806710,1056711,0,815889,1,fine
469042,9125,35,22267643520,22267,22268,True,1054756,1804755,1054756,0,815780,1,fine
469042,9125,36,22268643652,22268,22269,True,1061503,1811502,1061503,0,818827,1,fine
469042,9125,37,22269649886,22269,22270,True,1058079,1808078,1058079,0,810230,1,fine
469042,9125,38,22270645573,22270,22271,True,1057176,1807175,1057176,0,814166,1,fine
469042,9125,39,22271645232,22271,22272,True,1061868,1811867,1061868,0,815767,1,fine
471042,9126,32,22426642551,22426,22427,True,1051715,1801714,1051715,0,816714,1,fine
471042,9126,33,22427642876,22427,22428,True,1044743,1794742,1044743,0,816120,1,fine
471042,9126,34,22428640596,22428,22429,True,1051094,1801093,1051094,0,818392,1,fine
471042,9126,35,22429640440,22429,22430,True,1048027,1798026,1048027,0,819121,1,fine
471042,9126,36,22430639051,22430,22431,True,1048675,1798674,1048675,0,820051,1,fine
471042,9126,37,22431640487,22431,22432,True,1049795,1799794,1049795,0,818154,1,fine
471042,9126,38,22432641613,22432,22433,True,1051529,1801528,1051529,0,816669,1,fine
471042,9126,39,22433643595,22433,22434,True,1054163,1804162,1054163,0,815363,1,fine
471042,9127,32,22634645850,22634,22635,True,1069794,1819793,1069794,0,813561,1,fine
471042,9127,33,22635646706,22635,22636,True,1059893,1809892,1059893,0,813171,1,fine
471042,9127,34,22636645883,22636,22637,True,1061346,1811345,1061346,0,812626,1,fine
471042,9127,35,22637646356,22637,22638,True,1068347,1818346,1068347,0,813197,1,fine
471042,9127,36,22638644806,22638,22639,True,1067211,1817210,1067211,0,814397,1,fine
471042,9127,37,22639645123,22639,22640,True,1059472,1809471,1059472,0,814184,1,fine
471042,9127,38,22640643107,22640,22641,True,1058663,1808662,1058663,0,816325,1,fine
471042,9127,39,22641643233,22641,22642,True,1054490,1804489,1054490,0,817000,1,fine
471042,9128,32,22800648029,22800,22801,True,1058498,1808497,1058498,0,812504,1,fine
471042,9128,33,22801649729,22801,22802,True,1055963,1805962,1055963,0,809545,1,fine
471042,9128,34,22802651137,22803,22803,True,1054016,1055152,1054016,748863,807368,0,fine
471042,9128,35,22803650170,22804,22804,True,1059165,1059334,1059165,749830,810976,0,fine
471042,9128,36,22804647495,22804,22805,True,1055623,1805622,1055623,0,813783,1,fine
471042,9128,37,22805648216,22805,22806,True,1053996,1803995,1053996,0,810960,1,fine
471042,9128,38,22806646796,22806,22807,True,1056147,1806146,1056147,0,812729,1,fine
471042,9128,39,22807647413,22807,22808,True,1057181,1807180,1057181,0,813177,1,fine
471042,9129,32,23012645647,23012,23013,True,1055755,1805754,1055755,0,815431,1,fine
471042,9129,33,23013644281,23013,23014,True,1069072,1819071,1069072,0,819109,1,fine
471042,9129,34,23014643621,23014,23015,True,1055905,1805904,1055905,0,816468,1,fine
471042,9129,35,23015641431,23015,23016,True,1046658,1796657,1046658,0,817478,1,fine
471042,9129,36,23016639716,23016,23017,True,1046503,1796502,1046503,0,818690,1,fine
471042,9129,37,23017640016,23017,23018,True,1046378,1796377,1046378,0,818377,1,fine
471042,9129,38,23018640365,23018,23019,True,1047755,1797754,1047755,0,817892,1,fine
471042,9129,39,23019641994,23019,23020,True,1051292,1801291,1051292,0,817572,1,fine
471042,9130,32,23167648692,23167,23168,True,1063232,1813231,1063232,0,809608,1,fine
471042,9130,33,23168646923,23168,23169,True,1063227,1813226,1063227,0,811546,1,fine
471042,9130,34,23169647064,23169,23170,True,1058639,1808638,1058639,0,811136,1,fine
471042,9130,35,23170643763,23170,23171,True,4248776,4998775,4248776,0,815166,1,fine
471042,9130,36,23171641261,23171,23172,True,3262043,4012042,3262043,0,817925,1,fine
471042,9130,37,23172641268,23172,23173,True,2263899,3013898,2263899,0,818042,1,fine
471042,9130,38,23173638809,23173,23174,True,1266072,2016071,1266072,0,820540,1,fine
471042,9130,39,23174637707,23174,23175,True,1043542,1793541,1043542,0,820954,1,fine
473042,9131,32,23318648447,23318,23319,True,1052485,1802484,1052485,0,810174,1,fine
473042,9131,33,23319648491,23319,23320,True,1060628,1810627,1060628,0,811595,1,fine
473042,9131,34,23320650704,23321,23321,True,1061769,1062472,1061769,749296,809554,0,fine
473042,9131,35,23321649048,23321,23322,True,1054420,1804419,1054420,0,810936,1,fine
473042,9131,36,23322648149,23322,23323,True,1053743,1803742,1053743,0,810808,1,fine
473042,9131,37,23323648760,23323,23324,True,1053456,1803455,1053456,0,810723,1,fine
473042,9131,38,23324649267,23324,23325,True,1053282,1803281,1053282,0,810033,1,fine
473042,9131,39,23325649650,23325,23326,True,1054292,1804291,1054292,0,810423,1,fine
473042,9132,32,23538648789,23538,23539,True,1052481,1802480,1052481,0,809610,1,fine
473042,9132,33,23539647876,23539,23540,True,1052318,1802317,1052318,0,811022,1,fine
473042,9132,34,23540647636,23540,23541,True,1052687,1802686,1052687,0,811817,1,fine
473042,9132,35,23541648161,23541,23542,True,1051438,1801437,1051438,0,811208,1,fine
473042,9132,36,23542647104,23542,23543,True,1052582,1802581,1052582,0,811413,1,fine
473042,9132,37,23543647192,23543,23544,True,1052843,1802842,1052843,0,811728,1,fine
473042,9132,38,23544648267,23544,23545,True,1051578,1801577,1051578,0,810641,1,fine
473042,9132,39,23545647103,23545,23546,True,1056117,1806116,1056117,0,813954,1,fine
473042,9133,32,23745649346,23745,23746,True,1063181,1813180,1063181,0,810170,1,fine
473042,9133,33,23746650546,23747,23747,True,1059469,1060014,1059469,749454,811671,0,fine
473042,9133,34,23747653649,23748,23748,True,1062391,1066039,1062391,746351,807929,0,fine
473042,9133,35,23748652160,23749,23749,True,1056790,1058949,1056790,747840,806498,0,fine
473042,9133,36,23749651099,23750,23750,True,1060540,1061638,1060540,748901,807804,0,fine
473042,9133,37,23750650237,23751,23751,True,1084129,1084365,1084129,749763,810577,0,fine
473042,9133,38,23751652682,23752,23752,True,1067384,1070065,1067384,747318,806569,0,fine
473042,9133,39,23752651036,23753,23753,True,1063545,1064580,1063545,748964,809634,0,fine
473042,9134,32,23965645074,23965,23966,True,1050425,1800424,1050425,0,813119,1,fine
473042,9134,33,23966646461,23966,23967,True,1060206,1810205,1060206,0,813050,1,fine
473042,9134,34,23967650380,23968,23968,True,1053190,1053569,1053190,749620,810451,0,fine
473042,9134,35,23968649310,23968,23969,True,1050687,1800686,1050687,0,811609,1,fine
473042,9134,36,23969647331,23969,23970,True,1051985,1801984,1051985,0,813080,1,fine
473042,9134,37,23970649567,23970,23971,True,1054610,1804609,1054610,0,809713,1,fine
473042,9134,38,23971649567,23971,23972,True,1055159,1805158,1055159,0,811353,1,fine
473042,9134,39,23972649911,23972,23973,True,1055303,1805302,1055303,0,810939,1,fine
473042,9135,32,24185646695,24185,24186,True,1052594,1802593,1052594,0,811566,1,fine
473042,9135,33,24186647056,24186,24187,True,1055391,1805390,1055391,0,812020,1,fine
473042,9135,34,24187647652,24187,24188,True,1053581,1803580,1053581,0,812051,1,fine
473042,9135,35,24188649628,24188,24189,True,1052071,1802070,1052071,0,809575,1,fine
473042,9135,36,24189648367,24189,24190,True,1051341,1801340,1051341,0,809931,1,fine
473042,9135,37,24190646722,24190,24191,True,1053146,1803145,1053146,0,812110,1,fine
473042,9135,38,24191647515,24191,24192,True,1053545,1803544,1053545,0,812114,1,fine
473042,9135,39,24192648856,24192,24193,True,1053758,1803757,1053758,0,811462,1,fine
475042,9136,32,24356649677,24356,24357,True,1050596,1800595,1050596,0,808481,1,fine
475042,9136,33,24357649189,24357,24358,True,1053003,1803002,1053003,0,810512,1,fine
475042,9136,34,24358651491,24359,24359,True,1127280,1128770,1127280,748509,807535,0,fine
475042,9136,35,24359651336,24360,24360,True,1122545,1123880,1122545,748664,807950,0,fine
475042,9136,36,24360649644,24360,24361,True,1052820,1802819,1052820,0,809024,1,fine
475042,9136,37,24361649831,24361,24362,True,1060566,1810565,1060566,0,809455,1,fine
475042,9136,38,24362650106,24363,24363,True,1052157,1052262,1052157,749894,810007,0,fine
475042,9136,39,24363651416,24364,24364,True,1065045,1066460,1065045,748584,808139,0,fine
475042,9137,32,24516647754,24516,24517,True,1049279,1799278,1049279,0,811804,1,fine
475042,9137,33,24517647026,24517,24518,True,1046197,1796196,1046197,0,813729,1,fine
475042,9137,34,24518647044,24518,24519,True,1046563,1796562,1046563,0,812838,1,fine
475042,9137,35,24519644373,24519,24520,True,1044175,1794174,1044175,0,814741,1,fine
475042,9137,36,24520642644,24520,24521,True,1045173,1795172,1045173,0,816844,1,fine
475042,9137,37,24521642364,24521,24522,True,1042789,1792788,1042789,0,817681,1,fine
475042,9137,38,24522641023,24522,24523,True,1039642,1789641,1039642,0,814993,1,fine
475042,9137,39,24523644660,24523,24524,True,1048655,1798654,1048655,0,817574,1,fine
475042,9138,32,24671645464,24671,24672,True,1311137,2061136,1311137,0,814007,1,fine
475042,9138,33,24672646593,24672,24673,True,1048652,1798651,1048652,0,812536,1,fine
475042,9138,34,24673647808,24673,24674,True,1052302,1802301,1052302,0,811907,1,fine
475042,9138,35,24674651274,24675,24675,True,1053066,1054339,1053066,748726,808300,0,fine
475042,9138,36,24675652072,24676,24676,True,1052058,1054129,1052058,747928,807462,0,fine
475042,9138,37,24676650991,24677,24677,True,1050774,1051764,1050774,749009,807681,0,fine
475042,9138,38,24677650454,24678,24678,True,1052456,1052909,1052456,749546,808415,0,fine
475042,9138,39,24678652347,24679,24679,True,1056956,1059302,1056956,747653,808783,0,fine
475042,9139,32,24839649802,24839,24840,True,1051831,1801830,1051831,0,811077,1,fine
475042,9139,33,24840651059,24841,24841,True,1050057,1051115,1050057,748941,808536,0,fine
475042,9139,34,24841650915,24842,24842,True,1049582,1050496,1049582,749085,808252,0,fine
475042,9139,35,24842650178,24843,24843,True,1049358,1049535,1049358,749822,809251,0,fine
475042,9139,36,24843649907,24843,24844,True,1050725,1800724,1050725,0,809076,1,fine
475042,9139,37,24844648742,24844,24845,True,1050612,1800611,1050612,0,810413,1,fine
475042,9139,38,24845649724,24845,24846,True,1050639,1800638,1050639,0,809441,1,fine
475042,9139,39,24846649356,24846,24847,True,1052625,1802624,1052625,0,810648,1,fine
475042,9140,32,25005651617,25006,25006,True,1051837,1053453,1051837,748383,807244,0,fine
475042,9140,33,25006651383,25007,25007,True,1052509,1053891,1052509,748617,808318,0,fine
475042,9140,34,25007651020,25008,25008,True,1053107,1054126,1053107,748980,808816,0,fine
475042,9140,35,25008650595,25009,25009,True,1050776,1051370,1050776,749405,808850,0,fine
475042,9140,36,25009650123,25010,25010,True,1050582,1050704,1050582,749877,808881,0,fine
475042,9140,37,25010650595,25011,25011,True,1049152,1049746,1049152,749405,808596,0,fine
475042,9140,38,25011649597,25011,25012,True,1048380,1798379,1048380,0,809485,1,fine
475042,9140,39,25012648492,25012,25013,True,1044588,1794587,1044588,0,809054,1,fine
477042,9141,32,25218653995,25219,25219,True,1049479,1053473,1049479,746005,805176,0,fine
477042,9141,33,25219653380,25220,25220,True,1048482,1051861,1048482,746620,805635,0,fine
477042,9141,34,25220653346,25221,25221,True,1048979,1052324,1048979,746654,806455,0,fine
477042,9141,35,25221652470,25222,25222,True,1048985,1051454,1048985,747530,807010,0,fine
477042,9141,36,25222653389,25223,25223,True,1048298,1051686,1048298,746611,806616,0,fine
477042,9141,37,25223652926,25224,25224,True,1048779,1051704,1048779,747074,805772,0,fine
477042,9141,38,25224653607,25225,25225,True,1048055,1051661,1048055,746393,806746,0,fine
477042,9141,39,25225651311,25226,25226,True,1073434,1074744,1073434,748689,808688,0,fine
477042,9142,32,25385651643,25386,25386,True,1049289,1050931,1049289,748357,807812,0,fine
477042,9142,33,25386652843,25387,25387,True,1050245,1053087,1050245,747157,808114,0,fine
477042,9142,34,25387653616,25388,25388,True,1048572,1052187,1048572,746384,806019,0,fine
477042,9142,35,25388653598,25389,25389,True,1049688,1053285,1049688,746402,805405,0,fine
477042,9142,36,25389653773,25390,25390,True,1048862,1052634,1048862,746227,804555,0,fine
477042,9142,37,25390653326,25391,25391,True,1047737,1051062,1047737,746674,805785,0,fine
477042,9142,38,25391653463,25392,25392,True,1048755,1052217,1048755,746537,805228,0,fine
477042,9142,39,25392653590,25393,25393,True,1055372,1058961,1055372,746410,806562,0,fine
477042,9143,32,25549648780,25549,25550,True,1047888,1797887,1047888,0,810811,1,fine
477042,9143,33,25550650595,25551,25551,True,1049709,1050303,1049709,749405,809024,0,fine
477042,9143,34,25551651854,25552,25552,True,1048029,1049882,1048029,748146,807689,0,fine
477042,9143,35,25552649966,25552,25553,True,1048662,1798661,1048662,0,809490,1,fine
477042,9143,36,25553649107,25553,25554,True,1045217,1795216,1045217,0,810172,1,fine
477042,9143,37,25554649641,25554,25555,True,1043568,1793567,1043568,0,809528,1,fine
477042,9143,38,25555647671,25555,25556,True,1048657,1798656,1048657,0,812925,1,fine
477042,9143,39,25556647274,25556,25557,True,1049015,1799014,1049015,0,813032,1,fine
477042,9144,32,25730653346,25731,25731,True,1049531,1052876,1049531,746654,806429,0,fine
477042,9144,33,25731653992,25732,25732,True,1054281,1058272,1054281,746008,808309,0,fine
477042,9144,34,25732655960,25733,25733,True,1051227,1057186,1051227,744040,805186,0,fine
477042,9144,35,25733655056,25734,25734,True,1053138,1058193,1053138,744944,806092,0,fine
477042,9144,36,25734654717,25735,25735,True,1049081,1053797,1049081,745283,804147,0,fine
477042,9144,37,25735652183,25736,25736,True,1048477,1050659,1048477,747817,806307,0,fine
477042,9144,38,25736653591,25737,25737,True,1047436,1051026,1047436,746409,804708,0,fine
477042,9144,39,25737653327,25738,25738,True,1051495,1054821,1051495,746673,807559,0,fine
477042,9145,32,25899651676,25900,25900,True,1053043,1054718,1053043,748324,809261,0,fine
477042,9145,33,25900654738,25901,25901,True,1051680,1056417,1051680,745262,805126,0,fine
477042,9145,34,25901654410,25902,25902,True,1052074,1056483,1052074,745590,806305,0,fine
477042,9145,35,25902653142,25903,25903,True,1051514,1054655,1051514,746858,807503,0,fine
477042,9145,36,25903653700,25904,25904,True,1050688,1054387,1050688,746300,807095,0,fine
477042,9145,37,25904653434,25905,25905,True,1050547,1053980,1050547,746566,807059,0,fine
477042,9145,38,25905653728,25906,25906,True,1049873,1053600,1049873,746272,806522,0,fine
477042,9145,39,25906654254,25907,25907,True,1052436,1056689,1052436,745746,806030,0,fine
479042,9146,32,26117657063,26118,26118,True,2039747,2046809,2039747,742937,802561,0,fine
479042,9146,33,26118656695,26119,26119,True,1045617,1052311,1045617,743305,802939,0,fine
479042,9146,34,26119652797,26120,26120,True,1047211,1050007,1047211,747203,807164,0,fine
479042,9146,35,26120654585,26121,26121,True,1049204,1053788,1049204,745415,806092,0,fine
479042,9146,36,26121655381,26122,26122,True,1046279,1051659,1046279,744619,803085,0,fine
479042,9146,37,26122654444,26123,26123,True,1047831,1052274,1047831,745556,804517,0,fine
479042,9146,38,26123654118,26124,26124,True,1048932,1053049,1048932,745882,805175,0,fine
479042,9146,39,26124655635,26125,26125,True,1050440,1056074,1050440,744365,804936,0,fine
479042,9147,32,26285653347,26286,26286,True,1117333,1120679,1117333,746653,806037,0,fine
479042,9147,33,26286654226,26287,26287,True,1120700,1124925,1120700,745774,804798,0,fine
479042,9147,34,26287653660,26288,26288,True,1050701,1054360,1050701,746340,805549,0,fine
479042,9147,35,26288654644,26289,26289,True,1050391,1055034,1050391,745356,806129,0,fine
479042,9147,36,26289655043,26290,26290,True,1046266,1051308,1046266,744957,804633,0,fine
479042,9147,37,26290654518,26291,26291,True,1046319,1050836,1046319,745482,804634,0,fine
479042,9147,38,26291654203,26292,26292,True,1046744,1050946,1046744,745797,805142,0,fine
479042,9147,39,26292653580,26293,26293,True,1049852,1053431,1049852,746420,807400,0,fine
479042,9148,32,26503648947,26503,26504,True,1046563,1796562,1046563,0,809909,1,fine
479042,9148,33,26504647661,26504,26505,True,1044807,1794806,1044807,0,811555,1,fine
479042,9148,34,26505647185,26505,26506,True,1045412,1795411,1045412,0,812014,1,fine
479042,9148,35,26506645791,26506,26507,True,1041698,1791697,1041698,0,813201,1,fine
479042,9148,36,26507644562,26507,26508,True,1035628,1785627,1035628,0,815038,1,fine
479042,9148,37,26508643350,26508,26509,True,1038895,1788894,1038895,0,815510,1,fine
479042,9148,38,26509643608,26509,26510,True,1193489,1943488,1193489,0,818595,1,fine
479042,9148,39,26510869475,26511,26511,True,823506,1042980,823506,530525,582850,0,fine
479042,9149,32,26728653387,26729,26733,True,5137797,5141183,5137797,746613,4807913,1,fine
479042,9149,33,26733610190,26733,26734,True,5135196,5885195,5135196,0,851643,1,fine
479042,9149,34,26734596096,26734,26735,True,5128047,5878046,5128047,0,863867,1,fine
479042,9149,35,26735584416,26735,26735,True,4230836,4980835,4230836,0,58180,0,fine
479042,9149,36,26735766174,26736,26736,True,4050200,4166373,4050200,633826,693963,0,fine
479042,9149,37,26736585918,26736,26736,True,3245745,3995744,3245745,0,58115,0,fine
479042,9149,38,26736772296,26737,26737,True,3048555,3170850,3048555,627704,687408,0,fine
479042,9149,39,26737583920,26737,26737,True,2227198,2977197,2227198,0,58204,0,fine
479042,9150,32,26939655435,26940,26940,True,1054049,1059483,1054049,744565,803931,0,fine
479042,9150,33,26940654818,26941,26941,True,1053753,1058570,1053753,745182,805730,0,fine
479042,9150,34,26941655965,26942,26942,True,1053191,1059155,1053191,744035,803752,0,fine
479042,9150,35,26942655109,26943,26943,True,1051188,1056296,1051188,744891,803998,0,fine
479042,9150,36,26943654131,26944,26944,True,1052720,1056850,1052720,745869,804361,0,fine
479042,9150,37,26944653961,26945,26945,True,1054230,1058190,1054230,746039,805885,0,fine
479042,9150,38,26945657149,26946,26946,True,1052690,1059838,1052690,742851,802611,0,fine
479042,9150,39,26946655461,26947,26947,True,1055112,1060572,1055112,744539,805046,0,fine
481042,9151,32,27155653478,27156,27156,True,1045871,1049348,1045871,746522,805689,0,fine
481042,9151,33,27156653194,27157,27157,True,1054137,1057330,1054137,746806,806642,0,fine
481042,9151,34,27157653640,27158,27158,True,1043434,1047073,1043434,746360,805944,0,fine
481042,9151,35,27158653363,27159,27159,True,1037734,1041096,1037734,746637,805195,0,fine
481042,9151,36,27159651103,27160,27160,True,1041568,1042670,1041568,748897,808701,0,fine
481042,9151,37,27160654515,27161,27161,True,1039428,1043942,1039428,745485,804050,0,fine
481042,9151,38,27161652915,27162,27162,True,1041092,1044006,1041092,747085,805577,0,fine
481042,9151,39,27162653285,27163,27163,True,1044532,1047816,1044532,746715,807151,0,fine
481042,9152,32,27328645818,27328,27329,True,1034401,1784400,1034401,0,813236,1,fine
481042,9152,33,27329645698,27329,27330,True,1034901,1784900,1034901,0,813332,1,fine
481042,9152,34,27330646357,27330,27331,True,1036146,1786145,1036146,0,811852,1,fine
481042,9152,35,27331647069,27331,27332,True,1033955,1783954,1033955,0,812107,1,fine
481042,9152,36,27332651490,27333,27333,True,1035217,1036706,1035217,748510,808315,0,fine
481042,9152,37,27333649796,27333,27334,True,1032430,1782429,1032430,0,804771,1,fine
481042,9152,38,27334649547,27334,27335,True,1036815,1786814,1036815,0,808953,1,fine
481042,9152,39,27335649018,27335,27336,True,1036871,1786870,1036871,0,810827,1,fine
481042,9153,32,27486658413,27487,27487,True,1041834,1050246,1041834,741587,799968,0,fine
481042,9153,33,27487655283,27488,27488,True,1047859,1053141,1047859,744717,804126,0,fine
481042,9153,34,27488657045,27489,27489,True,1053844,1060888,1053844,742955,802569,0,fine
481042,9153,35,27489658232,27490,27490,True,1051697,1059928,1051697,741768,801507,0,fine
481042,9153,36,27490658071,27491,27491,True,1046151,1054221,1046151,741929,800902,0,fine
481042,9153,37,27491656098,27492,27492,True,1046975,1053072,1046975,743902,805085,0,fine
481042,9153,38,27492656533,27493,27493,True,1046811,1053343,1046811,743467,802674,0,fine
481042,9153,39,27493657298,27494,27494,True,1047443,1054740,1047443,742702,803200,0,fine
481042,9154,32,27650656858,27651,27651,True,1044021,1050878,1044021,743142,802493,0,fine
481042,9154,33,27651656545,27652,27652,True,1050626,1057170,1050626,743455,803147,0,fine
481042,9154,34,27652657555,27653,27653,True,1051233,1058787,1051233,742445,803014,0,fine
481042,9154,35,27653657445,27654,27654,True,1052547,1059991,1052547,742555,801126,0,fine
481042,9154,36,27654657317,27655,27655,True,1060123,1067439,1060123,742683,801892,0,fine
481042,9154,37,27655657707,27656,27656,True,1054846,1062552,1054846,742293,801390,0,fine
481042,9154,38,27656657222,27657,27657,True,1050485,1057706,1050485,742778,801989,0,fine
481042,9154,39,27657655950,27658,27658,True,1043869,1049818,1043869,744050,803687,0,fine
481042,9155,32,27819656395,27820,27820,True,1047337,1053731,1047337,743605,804164,0,fine
481042,9155,33,27820656672,27821,27821,True,1050962,1057633,1050962,743328,804324,0,fine
481042,9155,34,27821657422,27822,27822,True,1044162,1051583,1044162,742578,803521,0,fine
481042,9155,35,27822655234,27823,27823,True,1045975,1051208,1045975,744766,805358,0,fine
481042,9155,36,27823654945,27824,27824,True,1041808,1046752,1041808,745055,804495,0,fine
481042,9155,37,27824654142,27825,27825,True,1048216,1052357,1048216,745858,806782,0,fine
481042,9155,38,27825655631,27826,27826,True,1047596,1053226,1047596,744369,804947,0,fine
481042,9155,39,27826657755,27827,27827,True,1055237,1062991,1055237,742245,802611,0,fine
483042,9156,32,28030657232,28031,28031,True,1042961,1050192,1042961,742768,801929,0,fine
483042,9156,33,28031658073,28032,28032,True,1040316,1048388,1040316,741927,800481,0,fine
483042,9156,34,28032657066,28033,28033,True,1041495,1048560,1041495,742934,802313,0,fine
483042,9156,35,28033657377,28034,28034,True,1041808,1049184,1041808,742623,801715,0,fine
483042,9156,36,28034657429,28035,28035,True,1042154,1049582,1042154,742571,801770,0,fine
483042,9156,37,28035657900,28036,28036,True,1044021,1051920,1044021,742100,802058,0,fine
483042,9156,38,28036659389,28037,28037,True,1042263,1051651,1042263,740611,799813,0,fine
483042,9156,39,28037657797,28038,28038,True,1046135,1053931,1046135,742203,802879,0,fine
483042,9157,32,28205660394,28206,28206,True,1043250,1053643,1043250,739606,798691,0,fine
483042,9157,33,28206659130,28207,28207,True,1044332,1053461,1044332,740870,800358,0,fine
483042,9157,34,28207660138,28208,28208,True,1044445,1054582,1044445,739862,798930,0,fine
483042,9157,35,28208659601,28209,28209,True,1046302,1055902,1046302,740399,801131,0,fine
483042,9157,36,28209657986,28210,28210,True,1043005,1050990,1043005,742014,801227,0,fine
483042,9157,37,28210658097,28211,28211,True,1042977,1051073,1042977,741903,801163,0,fine
483042,9157,38,28211657425,28212,28212,True,1041473,1048897,1041473,742575,801832,0,fine
483042,9157,39,28212657591,28213,28213,True,1046212,1053802,1046212,742409,804639,0,fine
483042,9158,32,28381658841,28382,28382,True,1049169,1058009,1049169,741159,800670,0,fine
483042,9158,33,28382659846,28383,28383,True,1045747,1055592,1045747,740154,801030,0,fine
483042,9158,34,28383659908,28384,28384,True,1045135,1055042,1045135,740092,801261,0,fine
483042,9158,35,28384661233,28385,28385,True,1043860,1055092,1043860,738767,798248,0,fine
483042,9158,36,28385660027,28386,28386,True,1042770,1052796,1042770,739973,799451,0,fine
483042,9158,37,28386658805,28387,28387,True,1047300,1056104,1047300,741195,801983,0,fine
483042,9158,38,28387660851,28388,28388,True,1043359,1054209,1043359,739149,798772,0,fine
483042,9158,39,28388659395,28389,28389,True,1048349,1057743,1048349,740605,801538,0,fine
483042,9159,32,28547658636,28548,28548,True,2429242,2437877,2429242,741364,800751,0,fine
483042,9159,33,28548659529,28549,28549,True,1450508,1460036,1450508,740471,800316,0,fine
483042,9159,34,28549658514,28550,28550,True,1048013,1056526,1048013,741486,801352,0,fine
483042,9159,35,28550658809,28551,28551,True,3482938,3491746,3482938,741191,800926,0,fine
483042,9159,36,28551658910,28552,28552,True,2501066,2509975,2501066,741090,801155,0,fine
483042,9159,37,28552658721,28553,28553,True,1505629,1514349,1505629,741279,801159,0,fine
483042,9159,38,28553658542,28554,28554,True,1052050,1060591,1052050,741458,804598,0,fine
483042,9159,39,28554658748,28555,28556,True,2105502,2114249,2105502,741252,1800782,1,fine
483042,9160,32,28710661274,28711,28711,True,1047864,1059137,1047864,738726,801145,0,fine
483042,9160,33,28711660557,28712,28712,True,1049833,1060389,1049833,739443,798840,0,fine
483042,9160,34,28712659878,28713,28713,True,1043544,1053421,1043544,740122,798995,0,fine
483042,9160,35,28713659002,28714,28714,True,1043942,1052943,1043942,740998,800631,0,fine
483042,9160,36,28714659934,28715,28715,True,1042125,1052058,1042125,740066,799254,0,fine
483042,9160,37,28715659027,28716,28716,True,1040494,1049520,1040494,740973,799506,0,fine
483042,9160,38,28716658136,28717,28717,True,1038850,1046985,1038850,741864,800983,0,fine
483042,9160,39,28717655888,28718,28718,True,1039618,1045505,1039618,744112,804103,0,fine
485042,9161,32,28869668700,28870,28870,True,1041604,1060303,1041604,731300,791150,0,fine
485042,9161,33,28870662087,28871,28871,True,1040984,1053070,1040984,737913,796976,0,fine
485042,9161,34,28871661913,28872,28872,True,1043886,1055798,1043886,738087,798970,0,fine
485042,9161,35,28872660665,28873,28873,True,1040742,1051406,1040742,739335,798214,0,fine
485042,9161,36,28873659472,28874,28874,True,1040037,1049508,1040037,740528,799574,0,fine
485042,9161,37,28874659612,28875,28875,True,1041115,1050726,1041115,740388,799707,0,fine
485042,9161,38,28875660125,28876,28876,True,1040581,1050705,1040581,739875,799261,0,fine
485042,9161,39,28876659751,28877,28877,True,1043605,1053355,1043605,740249,800353,0,fine
485042,9162,32,29070658741,29071,29071,True,1044503,1053243,1044503,741259,801949,0,fine
485042,9162,33,29071657715,29072,29072,True,1038804,1046518,1038804,742285,801618,0,fine
485042,9162,34,29072655938,29073,29073,True,1051806,1057743,1051806,744062,816089,0,fine
485042,9162,35,29073657321,29074,29074,True,1039214,1046534,1039214,742679,802101,0,fine
485042,9162,36,29074658611,29075,29075,True,1038386,1046996,1038386,741389,800507,0,fine
485042,9162,37,29075659942,29076,29076,True,1040840,1050781,1040840,740058,799116,0,fine
485042,9162,38,29076659314,29077,29077,True,1039906,1049219,1039906,740686,799751,0,fine
485042,9162,39,29077659556,29078,29078,True,1041323,1050878,1041323,740444,800717,0,fine
485042,9163,32,29281660354,29282,29282,True,1043329,1053682,1043329,739646,798756,0,fine
485042,9163,33,29282658994,29283,29283,True,1041513,1050506,1041513,741006,800322,0,fine
485042,9163,34,29283659623,29284,29284,True,1040626,1050248,1040626,740377,799192,0,fine
485042,9163,35,29284660233,29285,29285,True,1043307,1053539,1043307,739767,800516,0,fine
485042,9163,36,29285660862,29286,29286,True,1046129,1056990,1046129,739138,800569,0,fine
485042,9163,37,29286660919,29287,29287,True,1043276,1054194,1043276,739081,798467,0,fine
485042,9163,38,29287660208,29288,29288,True,1040781,1050988,1040781,739792,798947,0,fine
485042,9163,39,29288658773,29289,29289,True,1047722,1056494,1047722,741227,803160,0,fine
485042,9164,32,29448662023,29449,29449,True,1050219,1062241,1050219,737977,796901,0,fine
485042,9164,33,29449661365,29450,29450,True,1049574,1060938,1049574,738635,798352,0,fine
485042,9164,34,29450661562,29451,29451,True,1051477,1063038,1051477,738438,799579,0,fine
485042,9164,35,29451660387,29452,29452,True,1051268,1061654,1051268,739613,799668,0,fine
485042,9164,36,29452662200,29453,29453,True,1051888,1064087,1051888,737800,797202,0,fine
485042,9164,37,29453662769,29454,29454,True,1046206,1058974,1046206,737231,797056,0,fine
485042,9164,38,29454661531,29455,29455,True,1052300,1063830,1052300,738469,798009,0,fine
485042,9164,39,29455660912,29456,29456,True,1048865,1059776,1048865,739088,799792,0,fine
485042,9165,32,29611659896,29612,29612,True,1043437,1053332,1043437,740104,800975,0,fine
485042,9165,33,29612661112,29613,29613,True,1041545,1052656,1041545,738888,798634,0,fine
485042,9165,34,29613660591,29614,29614,True,1039263,1049853,1039263,739409,798452,0,fine
485042,9165,35,29614660150,29615,29615,True,1039099,1049248,1039099,739850,799027,0,fine
485042,9165,36,29615659199,29616,29616,True,1039354,1048552,1039354,740801,799645,0,fine
485042,9165,37,29616660092,29617,29617,True,1043055,1053146,1043055,739908,800121,0,fine
485042,9165,38,29617660980,29618,29618,True,1042115,1053094,1042115,739020,798134,0,fine
485042,9165,39,29618661474,29619,29619,True,1042172,1053645,1042172,738526,798655,0,fine
487042,9166,32,29820657984,29821,29821,True,1036569,1044552,1036569,742016,801097,0,fine
487042,9166,33,29821659336,29822,29822,True,1046570,1055905,1046570,740664,800690,0,fine
487042,9166,34,29822662696,29823,29823,True,1039966,1052661,1039966,737304,796061,0,fine
487042,9166,35,29823662833,29824,29824,True,1035936,1048768,1035936,737167,798135,0,fine
487042,9166,36,29824658077,29825,29825,True,1041216,1049292,1041216,741923,801834,0,fine
487042,9166,37,29825661306,29826,29826,True,1038765,1050070,1038765,738694,798593,0,fine
487042,9166,38,29826661887,29827,29827,True,1039748,1051634,1039748,738113,797684,0,fine
487042,9166,39,29827663604,29828,29828,True,1041727,1055330,1041727,736396,796462,0,fine
487042,9167,32,30026662984,30027,30027,True,1040458,1053441,1040458,737016,796528,0,fine
487042,9167,33,30027663982,30028,30028,True,1037836,1051817,1037836,736018,794407,0,fine
487042,9167,34,30028662509,30029,30029,True,1046807,1059315,1046807,737491,796546,0,fine
487042,9167,35,30029663902,30030,30030,True,1039769,1053670,1039769,736098,796033,0,fine
487042,9167,36,30030662428,30031,30031,True,1040389,1052816,1040389,737572,796637,0,fine
487042,9167,37,30031663485,30032,30032,True,1039091,1052575,1039091,736515,795634,0,fine
487042,9167,38,30032663312,30033,30033,True,1038701,1052012,1038701,736688,796028,0,fine
487042,9167,39,30033663019,30034,30034,True,1039141,1052159,1039141,736981,796393,0,fine
487042,9168,32,30192657238,30193,30193,True,1036519,1043756,1036519,742762,803109,0,fine
487042,9168,33,30193659453,30194,30194,True,1036286,1045738,1036286,740547,799790,0,fine
487042,9168,34,30194658846,30195,30195,True,1038433,1047278,1038433,741154,800385,0,fine
487042,9168,35,30195659819,30196,30196,True,1038524,1048342,1038524,740181,799081,0,fine
487042,9168,36,30196661721,30197,30197,True,1040037,1051757,1040037,738279,797525,0,fine
487042,9168,37,30197664031,30198,30198,True,1039591,1053621,1039591,735969,795345,0,fine
487042,9168,38,30198664552,30199,30199,True,1037613,1052164,1037613,735448,794328,0,fine
487042,9168,39,30199662746,30200,30200,True,1039925,1052670,1039925,737254,797043,0,fine
487042,9169,32,30371661349,30372,30372,True,1037419,1048767,1037419,738651,797692,0,fine
487042,9169,33,30372662271,30373,30373,True,1037112,1049382,1037112,737729,796134,0,fine
487042,9169,34,30373661262,30374,30374,True,1039206,1050467,1039206,738738,797145,0,fine
487042,9169,35,30374662106,30375,30375,True,1039110,1051215,1039110,737894,796316,0,fine
487042,9169,36,30375661402,30376,30376,True,1055779,1067180,1055779,738598,801786,0,fine
487042,9169,37,30376676189,30377,30377,True,1041113,1067301,1041113,723811,784333,0,fine
487042,9169,38,30377674737,30378,30378,True,1044461,1069197,1044461,725263,788515,0,fine
487042,9169,39,30378679597,30379,30379,True,1042467,1072063,1042467,720403,784993,0,fine
487042,9170,32,30535652012,30536,30536,True,1022282,1024293,1022282,747988,801413,0,fine
487042,9170,33,30536646657,30536,30537,True,1024246,1774245,1024246,0,807564,1,fine
487042,9170,34,30537646925,30537,30538,True,1037926,1787925,1037926,0,812315,1,fine
487042,9170,35,30538651936,30539,30539,True,1026859,1028794,1026859,748064,807275,0,fine
487042,9170,36,30539650443,30540,30540,True,1026193,1026635,1026193,749557,808567,0,fine
487042,9170,37,30540649903,30540,30541,True,1027727,1777726,1027727,0,809523,1,fine
487042,9170,38,30541650004,30542,30542,True,1028556,1028559,1028556,749996,809359,0,fine
487042,9170,39,30542651033,30543,30543,True,1028607,1029639,1028607,748967,809184,0,fine
489042,9171,32,30693667042,30694,30694,True,1040117,1057158,1040117,732958,793815,0,fine
489042,9171,33,30694667877,30695,30695,True,1037667,1055543,1037667,732123,791819,0,fine
489042,9171,34,30695665014,30696,30696,True,1037993,1053006,1037993,734986,795317,0,fine
489042,9171,35,30696665119,30697,30697,True,1046750,1061868,1046750,734881,794748,0,fine
489042,9171,36,30697663660,30698,30698,True,1047365,1061024,1047365,736340,795821,0,fine
489042,9171,37,30698664109,30699,30699,True,1044249,1058357,1044249,735891,794710,0,fine
489042,9171,38,30699665300,30700,30700,True,1043518,1058817,1043518,734700,793620,0,fine
489042,9171,39,30700664520,30701,30701,True,1051289,1065808,1051289,735480,795306,0,fine
489042,9172,32,30857658207,30858,30858,True,1710041,1718247,1710041,741793,801224,0,fine
489042,9172,33,30858657126,30859,30859,True,1026967,1034092,1026967,742874,801490,0,fine
489042,9172,34,30859656009,30860,30860,True,1025943,1031951,1025943,743991,804178,0,fine
489042,9172,35,30860655896,30861,30861,True,1029084,1034979,1029084,744104,803809,0,fine
489042,9172,36,30861654238,30862,30862,True,1035889,1040126,1035889,745762,805417,0,fine
489042,9172,37,30862653449,30863,30863,True,1029258,1032706,1029258,746551,805969,0,fine
489042,9172,38,30863653820,30864,30864,True,1029853,1033672,1029853,746180,805426,0,fine
489042,9172,39,30864654717,30865,30865,True,1031607,1036323,1031607,745283,806646,0,fine
489042,9173,32,31021660976,31022,31022,True,1033403,1044378,1033403,739024,797433,0,fine
489042,9173,33,31022662799,31023,31023,True,1033944,1046742,1033944,737201,796082,0,fine
489042,9173,34,31023661707,31024,31024,True,1033664,1045370,1033664,738293,796618,0,fine
489042,9173,35,31024663053,31025,31025,True,1036133,1049185,1036133,736947,796722,0,fine
489042,9173,36,31025665261,31026,31026,True,1035789,1051049,1035789,734739,793475,0,fine
489042,9173,37,31026663612,31027,31027,True,1036432,1050043,1036432,736388,795561,0,fine
489042,9173,38,31027663794,31028,31028,True,1036871,1050664,1036871,736206,795293,0,fine
489042,9173,39,31028663895,31029,31029,True,1038209,1052103,1038209,736105,796137,0,fine
489042,9174,32,31191662451,31192,31192,True,1104743,1117193,1104743,737549,797688,0,fine
489042,9174,33,31192660293,31193,31193,True,1107889,1118181,1107889,739707,798736,0,fine
489042,9174,34,31193661549,31194,31194,True,1131951,1143499,1131951,738451,798592,0,fine
489042,9174,35,31194664069,31195,31195,True,1114783,1128851,1114783,735931,794751,0,fine
489042,9174,36,31195664253,31196,31196,True,1111646,1125898,1111646,735747,795663,0,fine
489042,9174,37,31196665562,31197,31197,True,1038321,1053882,1038321,734438,793434,0,fine
489042,9174,38,31197664952,31198,31198,True,1036094,1051045,1036094,735048,794687,0,fine
489042,9174,39,31198663736,31199,31199,True,1040415,1054150,1040415,736264,796847,0,fine
489042,9175,32,31405663792,31406,31406,True,1039019,1052810,1039019,736208,797321,0,fine
489042,9175,33,31406663886,31407,31407,True,1039747,1053632,1039747,736114,795430,0,fine
489042,9175,34,31407663799,31408,31408,True,1036819,1050617,1036819,736201,795474,0,fine
489042,9175,35,31408664616,31409,31409,True,1039097,1053712,1039097,735384,794905,0,fine
489042,9175,36,31409665787,31410,31410,True,1037990,1053776,1037990,734213,793157,0,fine
489042,9175,37,31410664476,31411,31411,True,1038428,1052903,1038428,735524,794562,0,fine
489042,9175,38,31411666318,31412,31412,True,1034669,1050986,1034669,733682,792193,0,fine
489042,9175,39,31412665494,31413,31413,True,1038336,1053829,1038336,734506,794934,0,fine
491042,9176,32,31575662407,31576,31576,True,1037236,1049642,1037236,737593,797459,0,fine
491042,9176,33,31576664521,31577,31577,True,1034951,1049471,1034951,735479,794042,0,fine
491042,9176,34,31577664939,31578,31578,True,1040940,1055878,1040940,735061,794707,0,fine
491042,9176,35,31578665177,31579,31579,True,1058365,1073541,1058365,734823,800446,0,fine
491042,9176,36,31579673233,31580,31580,True,1040177,1063409,1040177,726767,786379,0,fine
491042,9176,37,31580666804,31581,31581,True,1036318,1053121,1036318,733196,792544,0,fine
491042,9176,38,31581666782,31582,31582,True,1051728,1068509,1051728,733218,801584,0,fine
491042,9176,39,31582665917,31583,31583,True,1036568,1052484,1036568,734083,794045,0,fine
491042,9177,32,31749662483,31750,31750,True,1031890,1044372,1031890,737517,796767,0,fine
491042,9177,33,31750662910,31751,31751,True,1030712,1043621,1030712,737090,797451,0,fine
491042,9177,34,31751664094,31752,31752,True,1032918,1047011,1032918,735906,794989,0,fine
491042,9177,35,31752664474,31753,31753,True,1034893,1049366,1034893,735526,795421,0,fine
491042,9177,36,31753665541,31754,31754,True,1036084,1051624,1036084,734459,793543,0,fine
491042,9177,37,31754667309,31755,31755,True,1037467,1054775,1037467,732691,792478,0,fine
491042,9177,38,31755667877,31756,31756,True,1034290,1052166,1034290,732123,790808,0,fine
491042,9177,39,31756666514,31757,31757,True,1037058,1053571,1037058,733486,794215,0,fine
491042,9178,32,31927666240,31928,31928,True,1034863,1051102,1034863,733760,792030,0,fine
491042,9178,33,31928665436,31929,31929,True,1036164,1051599,1036164,734564,794373,0,fine
491042,9178,34,31929668044,31930,31930,True,1034006,1052049,1034006,731956,791538,0,fine
491042,9178,35,31930666565,31931,31931,True,1034334,1050898,1034334,733435,792142,0,fine
491042,9178,36,31931666285,31932,31932,True,1034944,1051228,1034944,733715,793489,0,fine
491042,9178,37,31932666773,31933,31933,True,1033872,1050644,1033872,733227,792253,0,fine
491042,9178,38,31933665251,31934,31934,True,1034982,1050232,1034982,734749,793590,0,fine
491042,9178,39,31934665524,31935,31935,True,1037000,1052523,1037000,734476,794579,0,fine
491042,9179,32,32150657124,32151,32151,True,1029647,1036770,1029647,742876,804104,0,fine
491042,9179,33,32151657806,32152,32152,True,1029424,1037229,1029424,742194,802638,0,fine
491042,9179,34,32152658385,32153,32153,True,1027807,1036191,1027807,741615,799996,0,fine
491042,9179,35,32153658325,32154,32154,True,1030502,1038826,1030502,741675,800561,0,fine
491042,9179,36,32154660752,32155,32155,True,1030300,1041051,1030300,739248,798779,0,fine
491042,9179,37,32155662345,32156,32156,True,1030743,1043087,1030743,737655,796696,0,fine
491042,9179,38,32156662056,32157,32157,True,1034393,1046448,1034393,737944,796453,0,fine
491042,9179,39,32157664528,32158,32158,True,1036435,1050962,1036435,735472,796737,0,fine
491042,9180,32,32362666196,32363,32363,True,1041855,1058050,1041855,733804,792273,0,fine
491042,9180,33,32363665426,32364,32364,True,1036063,1051488,1036063,734574,794423,0,fine
491042,9180,34,32364664411,32365,32365,True,1034642,1049052,1034642,735589,794279,0,fine
491042,9180,35,32365664543,32366,32366,True,1033463,1048005,1033463,735457,794816,0,fine
491042,9180,36,32366665306,32367,32367,True,1037808,1053113,1037808,734694,795130,0,fine
491042,9180,37,32367664737,32368,32368,True,1034469,1049205,1034469,735263,794634,0,fine
491042,9180,38,32368665323,32369,32369,True,1035045,1050367,1035045,734677,793412,0,fine
491042,9180,39,32369666577,32370,32370,True,1036216,1052792,1036216,733423,793788,0,fine
493042,9181,32,32577671036,32578,32578,True,1043116,1064151,1043116,728964,787353,0,fine
493042,9181,33,32578672669,32579,32579,True,1045045,1067713,1045045,727331,785658,0,fine
493042,9181,34,32579668820,32580,32580,True,1035649,1054468,1035649,731180,789558,0,fine
493042,9181,35,32580665459,32581,32581,True,1033518,1048976,1033518,734541,793843,0,fine
493042,9181,36,32581665398,32582,32582,True,1030388,1045785,1030388,734602,794578,0,fine
493042,9181,37,32582664853,32583,32583,True,1039699,1054551,1039699,735147,794784,0,fine
493042,9181,38,32583666238,32584,32584,True,1031461,1047698,1031461,733762,792273,0,fine
493042,9181,39,32584664472,32585,32585,True,1038229,1052700,1038229,735528,796614,0,fine
493042,9182,32,32745662097,32746,32746,True,1023793,1035889,1023793,737903,797129,0,fine
493042,9182,33,32746661418,32747,32747,True,1026166,1037583,1026166,738582,797102,0,fine
493042,9182,34,32747663468,32748,32748,True,1027495,1040962,1027495,736532,795083,0,fine
493042,9182,35,32748663105,32749,32749,True,1027852,1040956,1027852,736895,795810,0,fine
493042,9182,36,32749664052,32750,32750,True,1028394,1042445,1028394,735948,794810,0,fine
493042,9182,37,32750664177,32751,32751,True,1030407,1044583,1030407,735823,794331,0,fine
493042,9182,38,32751665732,32752,32752,True,1032415,1048146,1032415,734268,793409,0,fine
493042,9182,39,32752666084,32753,32753,True,1040921,1057004,1040921,733916,793502,0,fine
493042,9183,32,32958668685,32959,32959,True,1042428,1061112,1042428,731315,790744,0,fine
493042,9183,33,32959668869,32960,32960,True,1041560,1060428,1041560,731131,791525,0,fine
493042,9183,34,32960669893,32961,32961,True,1036240,1056132,1036240,730107,791956,0,fine
493042,9183,35,32961670379,32962,32962,True,1032560,1052938,1032560,729621,789197,0,fine
493042,9183,36,32962669216,32963,32963,True,1036375,1055590,1036375,730784,791849,0,fine
493042,9183,37,32963670330,32964,32964,True,1036378,1056707,1036378,729670,788260,0,fine
493042,9183,38,32964669386,32965,32965,True,1039417,1058802,1039417,730614,791284,0,fine
493042,9183,39,32965671466,32966,32966,True,1033292,1054757,1033292,728534,787842,0,fine
493042,9184,32,33123667547,33124,33124,True,1031833,1049379,1031833,732453,791006,0,fine
493042,9184,33,33124666662,33125,33125,True,1033666,1050327,1033666,733338,792391,0,fine
493042,9184,34,33125667504,33126,33126,True,1037119,1054622,1037119,732496,793624,0,fine
493042,9184,35,33126669142,33127,33127,True,1033603,1052744,1033603,730858,789809,0,fine
493042,9184,36,33127668155,33128,33128,True,1034208,1052362,1034208,731845,791593,0,fine
493042,9184,37,33128669204,33129,33129,True,1033727,1052930,1033727,730796,789857,0,fine
493042,9184,38,33129668701,33130,33130,True,1033797,1052497,1033797,731299,791691,0,fine
493042,9184,39,33130668138,33131,33131,True,1036722,1054859,1036722,731862,793662,0,fine
493042,9185,32,33292667848,33293,33293,True,1033117,1050964,1033117,732152,791162,0,fine
493042,9185,33,33293668368,33294,33294,True,1042574,1060941,1042574,731632,790816,0,fine
493042,9185,34,33294668597,33295,33295,True,1039566,1058162,1039566,731403,791652,0,fine
493042,9185,35,33295669440,33296,33296,True,1034456,1053895,1034456,730560,789632,0,fine
493042,9185,36,33296669898,33297,33297,True,1045383,1065280,1045383,730102,789720,0,fine
493042,9185,37,33297669622,33298,33298,True,1033969,1053590,1033969,730378,789678,0,fine
493042,9185,38,33298668293,33299,33299,True,1036250,1054542,1036250,731707,793035,0,fine
493042,9185,39,33299670366,33300,33300,True,1037462,1057827,1037462,729634,791825,0,fine
495042,9186,32,33452665737,33453,33453,True,1028302,1044038,1028302,734263,792492,0,fine
495042,9186,33,33453666763,33454,33454,True,1029761,1046523,1029761,733237,794450,0,fine
495042,9186,34,33454669265,33455,33455,True,1029815,1049079,1029815,730735,791408,0,fine
495042,9186,35,33455668494,33456,33456,True,1041238,1059731,1041238,731506,790749,0,fine
495042,9186,36,33456669230,33457,33457,True,1032008,1051237,1032008,730770,791369,0,fine
495042,9186,37,33457671507,33458,33458,True,1029885,1051391,1029885,728493,787683,0,fine
495042,9186,38,33458671439,33459,33459,True,1030600,1052038,1030600,728561,787256,0,fine
495042,9186,39,33459669644,33460,33460,True,1036001,1055644,1036001,730356,791540,0,fine
495042,9187,32,33661662911,33662,33662,True,1024544,1037454,1024544,737089,795756,0,fine
495042,9187,33,33662664213,33663,33663,True,3078969,3093181,3078969,735787,795043,0,fine
495042,9187,34,33663665441,33664,33664,True,2092476,2107916,2092476,734559,794483,0,fine
495042,9187,35,33664666072,33665,33665,True,1096498,1112569,1096498,733928,793430,0,fine
495042,9187,36,33665665178,33666,33666,True,1027046,1042223,1027046,734822,794172,0,fine
495042,9187,37,33666663984,33667,33667,True,1030522,1044505,1030522,736016,796280,0,fine
495042,9187,38,33667664556,33668,33668,True,1029077,1043632,1029077,735444,795867,0,fine
495042,9187,39,33668664073,33669,33669,True,1024350,1038422,1024350,735927,796143,0,fine
495042,9188,32,33828661490,33829,33829,True,1192003,1203492,1192003,738510,797578,0,fine
495042,9188,33,33829659998,33830,33830,True,1027367,1037364,1027367,740002,798679,0,fine
495042,9188,34,33830660382,33831,33831,True,1017152,1027533,1017152,739618,798265,0,fine
495042,9188,35,33831660360,33832,33832,True,1019113,1029472,1019113,739640,798566,0,fine
495042,9188,36,33832659408,33833,33833,True,1025389,1034796,1025389,740592,799668,0,fine
495042,9188,37,33833658770,33834,33834,True,1020108,1028877,1020108,741230,800228,0,fine
495042,9188,38,33834658961,33835,33835,True,1019107,1028067,1019107,741039,799812,0,fine
495042,9188,39,33835659291,33836,33836,True,1024919,1034209,1024919,740709,801060,0,fine
495042,9189,32,33992672607,33993,33993,True,1045428,1068034,1045428,727393,789584,0,fine
495042,9189,33,33993672510,33994,33994,True,1109528,1132037,1109528,727490,787350,0,fine
495042,9189,34,33994672757,33995,33995,True,1121588,1144344,1121588,727243,786602,0,fine
495042,9189,35,33995671978,33996,33996,True,1113843,1135820,1113843,728022,790142,0,fine
495042,9189,36,33996673985,33997,33997,True,1057836,1081820,1057836,726015,786600,0,fine
495042,9189,37,33997671972,33998,33998,True,1034003,1055974,1034003,728028,787735,0,fine
495042,9189,38,33998670604,33999,33999,True,1030985,1051588,1030985,729396,788038,0,fine
495042,9189,39,33999670466,34000,34000,True,1034651,1055116,1034651,729534,790159,0,fine
495042,9190,32,34207671204,34208,34208,True,1029036,1050239,1029036,728796,787884,0,fine
495042,9190,33,34208668445,34209,34209,True,1030490,1048934,1030490,731555,792966,0,fine
495042,9190,34,34209667646,34210,34210,True,1029924,1047569,1029924,732354,793963,0,fine
495042,9190,35,34210666929,34211,34211,True,1025073,1042001,1025073,733071,792368,0,fine
495042,9190,36,34211664319,34212,34212,True,1025939,1040257,1025939,735681,796231,0,fine
495042,9190,37,34212663802,34213,34213,True,1020853,1034654,1020853,736198,796395,0,fine
495042,9190,38,34213662583,34214,34214,True,1021465,1034047,1021465,737417,796778,0,fine
495042,9190,39,34214662271,34215,34215,True,1023515,1035785,1023515,737729,798332,0,fine
497042,9191,32,34414672435,34415,34415,True,1033326,1055760,1033326,727565,786665,0,fine
497042,9191,33,34415672061,34416,34416,True,1029041,1051101,1029041,727939,787155,0,fine
497042,9191,34,34416673080,34417,34417,True,1031110,1054189,1031110,726920,786748,0,fine
497042,9191,35,34417673558,34418,34418,True,1028761,1052318,1028761,726442,785439,0,fine
497042,9191,36,34418671972,34419,34419,True,1027905,1049876,1027905,728028,786496,0,fine
497042,9191,37,34419671144,34420,34420,True,1028992,1050135,1028992,728856,788685,0,fine
497042,9191,38,34420672822,34421,34421,True,1041971,1064792,1041971,727178,788291,0,fine
497042,9191,39,34421672143,34422,34422,True,1047422,1069564,1047422,727857,787975,0,fine
497042,9192,32,34577669377,34578,34578,True,1028635,1048011,1028635,730623,790268,0,fine
497042,9192,33,34578667716,34579,34579,True,1036519,1054234,1036519,732284,791312,0,fine
497042,9192,34,34579666165,34580,34580,True,1026089,1042253,1026089,733835,793037,0,fine
497042,9192,35,34580663653,34581,34581,True,1023721,1037373,1023721,736347,795106,0,fine
497042,9192,36,34581664491,34582,34582,True,1020337,1034827,1020337,735509,790788,0,fine
497042,9192,37,34582665214,34583,34583,True,1017482,1032695,1017482,734786,793346,0,fine
497042,9192,38,34583666557,34584,34584,True,1017173,1033729,1017173,733443,791745,0,fine
497042,9192,39,34585414207,34585,34585,True,291493,1041492,291493,0,53655,0,fine
497042,9193,32,34792672167,34793,34793,True,1029266,1051432,1029266,727833,787248,0,fine
497042,9193,33,34793672240,34794,34794,True,1031602,1053841,1031602,727760,788253,0,fine
497042,9193,34,34794671919,34795,34795,True,1039383,1061301,1039383,728081,790149,0,fine
497042,9193,35,34795673975,34796,34796,True,1030592,1054566,1030592,726025,785334,0,fine
497042,9193,36,34796673009,34797,34797,True,1034818,1057826,1034818,726991,785961,0,fine
497042,9193,37,34797673141,34798,34798,True,1033066,1056206,1033066,726859,787387,0,fine
497042,9193,38,34798673953,34799,34799,True,1031505,1055457,1031505,726047,787188,0,fine
497042,9193,39,34799676114,34800,34800,True,1031893,1058006,1031893,723886,784812,0,fine
497042,9194,32,35010669860,35011,35011,True,1024188,1044047,1024188,730140,789428,0,fine
497042,9194,33,35011667339,35012,35012,True,1023648,1040986,1023648,732661,791888,0,fine
497042,9194,34,35012666225,35013,35013,True,1018909,1035133,1018909,733775,792518,0,fine
497042,9194,35,35013667784,35014,35014,True,1018104,1035887,1018104,732216,792789,0,fine
497042,9194,36,35014666660,35015,35015,True,1020354,1037013,1020354,733340,792037,0,fine
497042,9194,37,35015665210,35016,35016,True,1018268,1033477,1018268,734790,793445,0,fine
497042,9194,38,35016663762,35017,35017,True,1013877,1027638,1013877,736238,794489,0,fine
497042,9194,39,35017662106,35018,35018,True,1020682,1032787,1020682,737894,797043,0,fine
497042,9195,32,35172667147,35173,35173,True,1023325,1040471,1023325,732853,792223,0,fine
497042,9195,33,35173667145,35174,35174,True,1025770,1042914,1025770,732855,792452,0,fine
497042,9195,34,35174668311,35175,35175,True,1029456,1047766,1029456,731689,792504,0,fine
497042,9195,35,35175670654,35176,35176,True,1030447,1051100,1030447,729346,790650,0,fine
497042,9195,36,35176671960,35177,35177,True,1033662,1055621,1033662,728040,789937,0,fine
497042,9195,37,35177673924,35178,35178,True,1035177,1059100,1035177,726076,788603,0,fine
497042,9195,38,35178673396,35179,35179,True,1033577,1056972,1033577,726604,788524,0,fine
497042,9195,39,35179673440,35180,35180,True,1031368,1054807,1031368,726560,787697,0,fine
499042,9196,32,35345674943,35346,35346,True,1026888,1051830,1026888,725057,784623,0,fine
499042,9196,33,35346674332,35347,35347,True,1029339,1053670,1029339,725668,785999,0,fine
499042,9196,34,35347682541,35348,35348,True,1029836,1062376,1029836,717459,778167,0,fine
499042,9196,35,35348674858,35349,35349,True,1027516,1052373,1027516,725142,785472,0,fine
499042,9196,36,35349674129,35350,35350,True,1027763,1051891,1027763,725871,785073,0,fine
499042,9196,37,35350673695,35351,35351,True,1025873,1049567,1025873,726305,785298,0,fine
499042,9196,38,35351674328,35352,35352,True,1026846,1051173,1026846,725672,784702,0,fine
499042,9196,39,35352674268,35353,35353,True,1029060,1053327,1029060,725732,785735,0,fine
499042,9197,32,35557663956,35558,35558,True,1016507,1030462,1016507,736044,795610,0,fine
499042,9197,33,35558664383,35559,35559,True,1012808,1027190,1012808,735617,795071,0,fine
499042,9197,34,35559665193,35560,35560,True,1019112,1034304,1019112,734807,795359,0,fine
499042,9197,35,35560665259,35561,35561,True,1022435,1037693,1022435,734741,793941,0,fine
499042,9197,36,35561665489,35562,35562,True,1016393,1031881,1016393,734511,794013,0,fine
499042,9197,37,35562663762,35563,35563,True,1016505,1030266,1016505,736238,795409,0,fine
499042,9197,38,35563664202,35564,35564,True,1016451,1030652,1016451,735798,795257,0,fine
499042,9197,39,35564663676,35565,35565,True,1021101,1034776,1021101,736324,796809,0,fine
499042,9198,32,35727674304,35728,35728,True,1027146,1051449,1027146,725696,784245,0,fine
499042,9198,33,35728674928,35729,35729,True,1029651,1054578,1029651,725072,786040,0,fine
499042,9198,34,35729676316,35730,35730,True,1026615,1052930,1026615,723684,782894,0,fine
499042,9198,35,35730673274,35731,35731,True,1026875,1050148,1026875,726726,786230,0,fine
499042,9198,36,35731673278,35732,35732,True,1027020,1050297,1027020,726722,786439,0,fine
499042,9198,37,35732675315,35733,35733,True,1036470,1061784,1036470,724685,786053,0,fine
499042,9198,38,35733676194,35734,35734,True,1027289,1053482,1027289,723806,783439,0,fine
499042,9198,39,35734675535,35735,35735,True,1028330,1053864,1028330,724465,785832,0,fine
499042,9199,32,35942675285,35943,35943,True,1025503,1050787,1025503,724715,783761,0,fine
499042,9199,33,35943676529,35944,35944,True,1024883,1051411,1024883,723471,782691,0,fine
499042,9199,34,35944676549,35945,35945,True,1038094,1064642,1038094,723451,786280,0,fine
499042,9199,35,35945877034,35946,35946,True,1029576,1256609,1029576,522966,583618,0,fine
499042,9199,36,35946674820,35947,35947,True,1025540,1050359,1025540,725180,784399,0,fine
499042,9199,37,35947675447,35948,35948,True,1030181,1055627,1030181,724553,784803,0,fine
499042,9199,38,35948676178,35949,35949,True,1027230,1053407,1027230,723822,784024,0,fine
499042,9199,39,35949674753,35950,35950,True,1026664,1051416,1026664,725247,785632,0,fine
499042,9200,32,36114669984,36115,36115,True,1020701,1040684,1020701,730016,788636,0,fine
499042,9200,33,36115670727,36116,36116,True,1021252,1041978,1021252,729273,786332,0,fine
499042,9200,34,36116670144,36117,36117,True,1023803,1043946,1023803,729856,788277,0,fine
499042,9200,35,36117670557,36118,36118,True,1022307,1042863,1022307,729443,787965,0,fine
499042,9200,36,36118672019,36119,36119,True,1031198,1053216,1031198,727981,787222,0,fine
499042,9200,37,36119673011,36120,36120,True,1029197,1052207,1029197,726989,787651,0,fine
499042,9200,38,36120673270,36121,36121,True,1025034,1048303,1025034,726730,786215,0,fine
499042,9200,39,36121673160,36122,36122,True,1028305,1051464,1028305,726840,787754,0,fine
501042,9201,32,36334675587,36335,36335,True,1031852,1057438,1031852,724413,785106,0,fine
501042,9201,33,36335677951,36336,36336,True,1024999,1052949,1024999,722049,780927,0,fine
501042,9201,34,36336676875,36337,36337,True,1028613,1055487,1028613,723125,783056,0,fine
501042,9201,35,36337677269,36338,36338,True,1043847,1071115,1043847,722731,782409,0,fine
501042,9201,36,36338676586,36339,36339,True,1023850,1050435,1023850,723414,782902,0,fine
501042,9201,37,36339676440,36340,36340,True,1022615,1049054,1022615,723560,782121,0,fine
501042,9201,38,36340676690,36341,36341,True,1026240,1052929,1026240,723310,782745,0,fine
501042,9201,39,36341677978,36342,36342,True,1034106,1062083,1034106,722022,782350,0,fine
501042,9202,32,36548648650,36548,36549,True,1049055,1799054,1049055,0,810079,1,fine
501042,9202,33,36549675337,36550,36550,True,1013700,1039036,1013700,724663,780981,0,fine
501042,9202,34,36550671102,36551,36551,True,1020844,1041945,1020844,728898,787951,0,fine
501042,9202,35,36551670448,36552,36552,True,1016984,1037431,1016984,729552,788843,0,fine
501042,9202,36,36552668728,36553,36553,True,1019378,1038105,1019378,731272,790574,0,fine
501042,9202,37,36553667240,36554,36554,True,1018016,1035255,1018016,732760,791112,0,fine
501042,9202,38,36554666703,36555,36555,True,1014257,1030959,1014257,733297,792565,0,fine
501042,9202,39,36555665476,36556,36556,True,1014554,1030029,1014554,734524,793781,0,fine
501042,9203,32,36699667087,36700,36700,True,1022025,1039111,1022025,732913,791805,0,fine
501042,9203,33,36700671850,36701,36701,True,1022441,1044290,1022441,728150,791166,0,fine
501042,9203,34,36701674080,36702,36702,True,1022948,1047027,1022948,725920,785525,0,fine
501042,9203,35,36702673173,36703,36703,True,1020959,1044131,1020959,726827,786374,0,fine
501042,9203,36,36703673984,36704,36704,True,1021331,1045314,1021331,726016,785162,0,fine
501042,9203,37,36704674045,36705,36705,True,1022746,1046790,1022746,725955,785053,0,fine
501042,9203,38,36705676410,36706,36706,True,1023620,1050029,1023620,723590,782297,0,fine
501042,9203,39,36706675479,36707,36707,True,1025789,1051267,1025789,724521,784234,0,fine
501042,9204,32,36869677680,36870,36870,True,1023916,1051595,1023916,722320,781196,0,fine
501042,9204,33,36870676843,36871,36871,True,1026635,1053477,1026635,723157,782712,0,fine
501042,9204,34,36871679877,36872,36872,True,1025086,1054962,1025086,720123,780914,0,fine
501042,9204,35,36872679738,36873,36873,True,1026075,1055812,1026075,720262,781087,0,fine
501042,9204,36,36873676717,36874,36874,True,1023664,1050380,1023664,723283,784545,0,fine
501042,9204,37,36874674891,36875,36875,True,1019946,1044836,1019946,725109,784261,0,fine
501042,9204,38,36875673518,36876,36876,True,1024145,1047662,1024145,726482,789465,0,fine
501042,9204,39,36876673252,36877,36877,True,1018441,1041692,1018441,726748,787408,0,fine
501042,9205,32,37029672380,37030,37030,True,1019357,1041736,1019357,727620,787202,0,fine
501042,9205,33,37030673662,37031,37031,True,1019153,1042814,1019153,726338,785982,0,fine
501042,9205,34,37031671315,37032,37032,True,992936,1014250,992936,728685,761776,0,fine
501042,9205,35,37032670343,37033,37033,True,1018252,1038594,1018252,729657,788756,0,fine
501042,9205,36,37033672037,37034,37034,True,1022000,1044036,1022000,727963,787565,0,fine
501042,9205,37,37034671326,37035,37035,True,1024409,1045734,1024409,728674,788765,0,fine
501042,9205,38,37035675930,37036,37036,True,1021216,1047145,1021216,724070,783876,0,fine
501042,9205,39,37036675191,37037,37037,True,1022057,1047247,1022057,724809,784203,0,fine
503042,9206,32,37238671458,37239,37239,True,1013543,1035000,1013543,728542,787407,0,fine
503042,9206,33,37239671395,37240,37240,True,1015937,1037331,1015937,728605,787363,0,fine
503042,9206,34,37240673057,37241,37241,True,1023426,1046482,1023426,726943,786407,0,fine
503042,9206,35,37241671973,37242,37242,True,1016202,1038174,1016202,728027,787649,0,fine
503042,9206,36,37242670268,37243,37243,True,1015342,1035609,1015342,729732,788265,0,fine
503042,9206,37,37243670228,37244,37244,True,1014263,1034490,1014263,729772,790237,0,fine
503042,9206,38,37244668139,37245,37245,True,1014266,1032404,1014266,731861,791440,0,fine
503042,9206,39,37245668992,37246,37246,True,1011858,1030849,1011858,731008,790045,0,fine
503042,9207,32,37384679101,37385,37385,True,1031836,1060936,1031836,720899,783255,0,fine
503042,9207,33,37385680753,37386,37386,True,1031302,1062054,1031302,719247,780075,0,fine
503042,9207,34,37386679198,37387,37387,True,1022888,1052085,1022888,720802,779352,0,fine
503042,9207,35,37387679026,37388,37388,True,1023928,1052953,1023928,720974,779598,0,fine
503042,9207,36,37388678718,37389,37389,True,1021516,1050233,1021516,721282,779842,0,fine
503042,9207,37,37389679629,37390,37390,True,1019829,1049457,1019829,720371,779032,0,fine
503042,9207,38,37390677464,37391,37391,True,1018742,1046205,1018742,722536,781043,0,fine
503042,9207,39,37391675462,37392,37392,True,1019081,1044542,1019081,724538,785357,0,fine
503042,9208,32,37545670741,37546,37546,True,1018037,1038777,1018037,729259,792066,0,fine
503042,9208,33,37546664676,37547,37547,True,1020203,1034878,1020203,735324,795644,0,fine
503042,9208,34,37547668510,37548,37548,True,1012632,1031141,1012632,731490,790760,0,fine
503042,9208,35,37548667628,37549,37549,True,1012990,1030617,1012990,732372,791284,0,fine
503042,9208,36,37549667444,37550,37550,True,1011872,1029315,1011872,732556,791497,0,fine
503042,9208,37,37550666198,37551,37551,True,1016846,1033043,1016846,733802,792878,0,fine
503042,9208,38,37551666803,37552,37552,True,1006288,1023090,1006288,733197,793002,0,fine
503042,9208,39,37552665326,37553,37553,True,1004932,1020257,1004932,734674,793778,0,fine
503042,9209,32,37695667825,37696,37696,True,1012880,1030704,1012880,732175,790730,0,fine
503042,9209,33,37696669351,37697,37697,True,1016031,1035381,1016031,730649,789677,0,fine
503042,9209,34,37697666726,37698,37698,True,1016928,1033653,1016928,733274,789119,0,fine
503042,9209,35,37698671821,37699,37699,True,1017458,1039278,1017458,728179,787201,0,fine
503042,9209,36,37699672584,37700,37700,True,1020542,1043125,1020542,727416,788532,0,fine
503042,9209,37,37700673308,37701,37701,True,1020319,1043626,1020319,726692,785982,0,fine
503042,9209,38,37701675167,37702,37702,True,1020360,1045526,1020360,724833,784099,0,fine
503042,9209,39,37702675474,37703,37703,True,1024081,1049554,1024081,724526,785421,0,fine
503042,9210,32,37862676889,37863,37863,True,1017951,1044839,1017951,723111,782101,0,fine
503042,9210,33,37863675927,37864,37864,True,1021234,1047160,1021234,724073,785415,0,fine
503042,9210,34,37864678971,37865,37865,True,1018806,1047776,1018806,721029,781446,0,fine
503042,9210,35,37865679495,37866,37866,True,1020167,1049661,1020167,720505,779541,0,fine
503042,9210,36,37866677195,37867,37867,True,1022266,1049460,1022266,722805,782234,0,fine
503042,9210,37,37867678399,37868,37868,True,1022434,1050832,1022434,721601,780918,0,fine
503042,9210,38,37868678750,37869,37869,True,1041561,1070310,1041561,721250,780689,0,fine
503042,9210,39,37869678153,37870,37870,True,1025154,1053306,1025154,721847,780858,0,fine
505042,9211,32,38030679732,38031,38031,True,1020679,1050410,1020679,720268,780368,0,fine
505042,9211,33,38031681065,38032,38032,True,1025196,1056260,1025196,718935,779277,0,fine
505042,9211,34,38032679715,38033,38033,True,1024420,1054134,1024420,720285,781031,0,fine
505042,9211,35,38033681635,38034,38034,True,1020506,1052140,1020506,718365,777113,0,fine
505042,9211,36,38034680480,38035,38035,True,1020336,1050815,1020336,719520,777968,0,fine
505042,9211,37,38035679785,38036,38036,True,1020044,1049828,1020044,720215,778748,0,fine
505042,9211,38,38036680454,38037,38037,True,1020186,1050639,1020186,719546,778956,0,fine
505042,9211,39,38037680508,38038,38038,True,1020807,1051314,1020807,719492,779894,0,fine
505042,9212,32,38194674488,38195,38195,True,1012747,1037234,1012747,725512,784995,0,fine
505042,9212,33,38195672676,38196,38196,True,1012711,1035386,1012711,727324,786361,0,fine
505042,9212,34,38196672523,38197,38197,True,1014411,1036933,1014411,727477,786514,0,fine
505042,9212,35,38197673944,38198,38198,True,1016030,1039973,1016030,726056,785452,0,fine
505042,9212,36,38198674251,38199,38199,True,1016013,1040263,1016013,725749,784816,0,fine
505042,9212,37,38199675925,38200,38200,True,1016218,1042142,1016218,724075,783727,0,fine
505042,9212,38,38200675764,38201,38201,True,1021121,1046884,1021121,724236,783326,0,fine
505042,9212,39,38201679647,38202,38202,True,998430,1028076,998430,720353,760067,0,fine
505042,9213,32,38402682299,38403,38403,True,1028625,1060923,1028625,717701,778522,0,fine
505042,9213,33,38403684060,38404,38404,True,1033979,1068038,1033979,715940,776384,0,fine
505042,9213,34,38404682207,38405,38405,True,1029485,1061691,1029485,717793,779358,0,fine
505042,9213,35,38405682619,38406,38406,True,1025487,1058105,1025487,717381,778772,0,fine
505042,9213,36,38406679633,38407,38407,True,1022870,1052502,1022870,720367,781132,0,fine
505042,9213,37,38407678785,38408,38408,True,1017222,1046006,1017222,721215,781300,0,fine
505042,9213,38,38408677121,38409,38409,True,1016295,1043415,1016295,722879,782034,0,fine
505042,9213,39,38409677325,38410,38410,True,1020826,1048150,1020826,722675,784387,0,fine
505042,9214,32,38571670943,38572,38572,True,1013296,1034238,1013296,729057,788398,0,fine
505042,9214,33,38572672923,38573,38573,True,1013146,1036068,1013146,727077,785726,0,fine
505042,9214,34,38573673060,38574,38574,True,1013990,1037049,1013990,726940,785542,0,fine
505042,9214,35,38574673616,38575,38575,True,1016541,1040156,1016541,726384,785111,0,fine
505042,9214,36,38575676337,38576,38576,True,1018329,1044665,1018329,723663,783504,0,fine
505042,9214,37,38576676621,38577,38577,True,1018122,1044742,1018122,723379,781199,0,fine
505042,9214,38,38577681117,38578,38578,True,1029788,1060904,1029788,718883,779062,0,fine
505042,9214,39,38578680323,38579,38579,True,1025378,1055700,1025378,719677,781191,0,fine
505042,9215,32,38741678508,38742,38742,True,1016669,1045176,1016669,721492,782072,0,fine
505042,9215,33,38742677319,38743,38743,True,1013227,1040545,1013227,722681,781956,0,fine
505042,9215,34,38743674857,38744,38744,True,1013472,1038328,1013472,725143,785261,0,fine
505042,9215,35,38744673859,38745,38745,True,1013507,1037365,1013507,726141,786305,0,fine
505042,9215,36,38745671789,38746,38746,True,1015972,1037760,1015972,728211,791482,0,fine
505042,9215,37,38746671569,38747,38747,True,1012038,1033606,1012038,728431,787214,0,fine
505042,9215,38,38747670940,38748,38748,True,1011699,1032638,1011699,729060,788283,0,fine
505042,9215,39,38748670325,38749,38749,True,1008909,1029233,1008909,729675,788377,0,fine
