experiment_id,dgp_id,repetition,menu_family_content_failure,stage_upper_noncoverage_family,any_diagnostic_triggered,nominal_all_stage_supported,unsafe_nominal_pass,unsafe_pipeline_upgrade,event_inclusion_violations
e01-tds1,IID,0,False,False,False,False,False,False,0
e01-tds1,IID,1,False,False,False,False,False,False,0
e01-tds1,IID,2,False,False,False,True,False,False,0
e01-tds1,IID,3,False,False,False,False,False,False,0
e01-tds1,IID,4,False,False,False,True,False,False,0
e01-tds1,IID,5,False,False,False,False,False,False,0
e01-tds1,IID,6,False,False,False,False,False,False,0
e01-tds1,IID,7,False,False,False,True,False,False,0
e01-tds1,IID,8,False,False,False,False,False,False,0
e01-tds1,IID,9,False,False,False,False,False,False,0
e01-tds1,IID,10,False,False,False,False,False,False,0
e01-tds1,IID,11,False,False,False,False,False,False,0
e01-tds1,IID,12,False,False,False,False,False,False,0
e01-tds1,IID,13,False,False,False,True,False,False,0
e01-tds1,IID,14,False,False,False,False,False,False,0
e01-tds1,IID,15,False,False,False,False,False,False,0
e01-tds1,IID,16,False,False,False,False,False,False,0
e01-tds1,IID,17,False,False,False,False,False,False,0
e01-tds1,IID,18,False,False,False,False,False,False,0
e01-tds1,IID,19,False,False,False,False,False,False,0
e01-tds1,IID,20,False,False,False,False,False,False,0
e01-tds1,IID,21,False,False,False,True,False,False,0
e01-tds1,IID,22,False,False,False,False,False,False,0
e01-tds1,IID,23,False,False,False,False,False,False,0
e01-tds1,IID,24,False,False,False,False,False,False,0
e01-tds1,IID,25,False,False,False,False,False,False,0
e01-tds1,IID,26,False,False,False,False,False,False,0
e01-tds1,IID,27,False,False,False,False,False,False,0
e01-tds1,IID,28,False,False,False,True,False,False,0
e01-tds1,IID,29,True,False,False,False,False,False,0
e01-tds1,IID,30,False,False,False,True,False,False,0
e01-tds1,IID,31,False,False,False,False,False,False,0
e01-tds1,IID,32,False,False,False,False,False,False,0
e01-tds1,IID,33,False,False,False,False,False,False,0
e01-tds1,IID,34,False,False,False,True,False,False,0
e01-tds1,IID,35,False,False,False,False,False,False,0
e01-tds1,IID,36,False,False,False,False,False,False,0
e01-tds1,IID,37,False,False,False,False,False,False,0
e01-tds1,IID,38,False,False,False,False,False,False,0
e01-tds1,IID,39,False,False,False,False,False,False,0
e01-tds1,IID,40,False,False,False,False,False,False,0
e01-tds1,IID,41,False,False,False,True,False,False,0
e01-tds1,IID,42,False,False,False,False,False,False,0
e01-tds1,IID,43,False,False,False,True,False,False,0
e01-tds1,IID,44,False,False,False,False,False,False,0
e01-tds1,IID,45,False,False,False,False,False,False,0
e01-tds1,IID,46,False,False,False,True,False,False,0
e01-tds1,IID,47,False,False,False,False,False,False,0
e01-tds1,IID,48,False,False,False,False,False,False,0
e01-tds1,IID,49,False,False,False,False,False,False,0
e01-tds1,IID,50,False,False,False,False,False,False,0
e01-tds1,IID,51,False,False,False,False,False,False,0
e01-tds1,IID,52,False,False,False,False,False,False,0
e01-tds1,IID,53,False,False,False,False,False,False,0
e01-tds1,IID,54,False,False,False,False,False,False,0
e01-tds1,IID,55,False,False,False,False,False,False,0
e01-tds1,IID,56,False,False,False,False,False,False,0
e01-tds1,IID,57,False,False,False,False,False,False,0
e01-tds1,IID,58,False,False,False,False,False,False,0
e01-tds1,IID,59,False,False,False,True,False,False,0
e01-tds1,IID,60,False,False,False,False,False,False,0
e01-tds1,IID,61,False,False,False,False,False,False,0
e01-tds1,IID,62,False,False,False,False,False,False,0
e01-tds1,IID,63,False,False,False,False,False,False,0
e01-tds1,IID,64,False,False,False,False,False,False,0
e01-tds1,IID,65,False,False,False,False,False,False,0
e01-tds1,IID,66,False,False,False,False,False,False,0
e01-tds1,IID,67,False,False,False,False,False,False,0
e01-tds1,IID,68,False,False,False,False,False,False,0
e01-tds1,IID,69,False,False,False,False,False,False,0
e01-tds1,IID,70,False,False,False,False,False,False,0
e01-tds1,IID,71,False,False,False,False,False,False,0
e01-tds1,IID,72,False,False,False,False,False,False,0
e01-tds1,IID,73,False,False,False,False,False,False,0
e01-tds1,IID,74,False,False,False,False,False,False,0
e01-tds1,IID,75,False,False,False,False,False,False,0
e01-tds1,IID,76,False,False,False,False,False,False,0
e01-tds1,IID,77,False,False,False,False,False,False,0
e01-tds1,IID,78,False,False,False,False,False,False,0
e01-tds1,IID,79,False,False,False,True,False,False,0
e01-tds1,IID,80,False,False,False,False,False,False,0
e01-tds1,IID,81,False,False,False,False,False,False,0
e01-tds1,IID,82,False,False,False,False,False,False,0
e01-tds1,IID,83,False,False,False,False,False,False,0
e01-tds1,IID,84,False,False,False,False,False,False,0
e01-tds1,IID,85,False,False,False,True,False,False,0
e01-tds1,IID,86,False,False,False,False,False,False,0
e01-tds1,IID,87,False,False,False,False,False,False,0
e01-tds1,IID,88,False,False,False,False,False,False,0
e01-tds1,IID,89,False,False,False,True,False,False,0
e01-tds1,IID,90,False,False,False,False,False,False,0
e01-tds1,IID,91,False,False,False,False,False,False,0
e01-tds1,IID,92,False,False,False,False,False,False,0
e01-tds1,IID,93,False,False,False,False,False,False,0
e01-tds1,IID,94,False,False,False,False,False,False,0
e01-tds1,IID,95,False,False,False,False,False,False,0
e01-tds1,IID,96,False,False,False,True,False,False,0
e01-tds1,IID,97,False,False,False,False,False,False,0
e01-tds1,IID,98,False,False,False,False,False,False,0
e01-tds1,IID,99,False,False,False,False,False,False,0
e01-tds1,IID,100,False,False,False,False,False,False,0
e01-tds1,IID,101,False,False,False,False,False,False,0
e01-tds1,IID,102,False,False,False,False,False,False,0
e01-tds1,IID,103,False,False,False,False,False,False,0
e01-tds1,IID,104,False,False,False,False,False,False,0
e01-tds1,IID,105,False,False,False,False,False,False,0
e01-tds1,IID,106,False,False,False,False,False,False,0
e01-tds1,IID,107,False,False,False,True,False,False,0
e01-tds1,IID,108,False,False,False,False,False,False,0
e01-tds1,IID,109,False,False,False,False,False,False,0
e01-tds1,IID,110,False,False,False,False,False,False,0
e01-tds1,IID,111,False,False,False,False,False,False,0
e01-tds1,IID,112,False,False,False,False,False,False,0
e01-tds1,IID,113,False,False,False,False,False,False,0
e01-tds1,IID,114,False,False,False,False,False,False,0
e01-tds1,IID,115,False,False,False,False,False,False,0
e01-tds1,IID,116,False,False,False,False,False,False,0
e01-tds1,IID,117,False,False,False,False,False,False,0
e01-tds1,IID,118,False,False,False,False,False,False,0
e01-tds1,IID,119,False,False,False,False,False,False,0
e01-tds1,IID,120,False,False,False,False,False,False,0
e01-tds1,IID,121,False,False,False,True,False,False,0
e01-tds1,IID,122,False,False,False,False,False,False,0
e01-tds1,IID,123,False,False,False,False,False,False,0
e01-tds1,IID,124,False,False,False,False,False,False,0
e01-tds1,IID,125,False,False,False,False,False,False,0
e01-tds1,IID,126,False,False,False,True,False,False,0
e01-tds1,IID,127,False,False,False,False,False,False,0
e01-tds1,IID,128,False,False,False,True,False,False,0
e01-tds1,IID,129,False,False,False,False,False,False,0
e01-tds1,IID,130,False,False,False,True,False,False,0
e01-tds1,IID,131,False,False,False,False,False,False,0
e01-tds1,IID,132,False,False,False,False,False,False,0
e01-tds1,IID,133,False,False,False,False,False,False,0
e01-tds1,IID,134,False,False,False,False,False,False,0
e01-tds1,IID,135,False,False,False,False,False,False,0
e01-tds1,IID,136,False,False,False,False,False,False,0
e01-tds1,IID,137,False,False,False,True,False,False,0
e01-tds1,IID,138,False,False,False,False,False,False,0
e01-tds1,IID,139,False,False,False,False,False,False,0
e01-tds1,IID,140,False,False,False,False,False,False,0
e01-tds1,IID,141,False,False,False,True,False,False,0
e01-tds1,IID,142,False,False,False,False,False,False,0
e01-tds1,IID,143,False,False,False,False,False,False,0
e01-tds1,IID,144,False,False,False,True,False,False,0
e01-tds1,IID,145,False,False,False,False,False,False,0
e01-tds1,IID,146,False,False,False,True,False,False,0
e01-tds1,IID,147,False,False,False,False,False,False,0
e01-tds1,IID,148,False,False,False,False,False,False,0
e01-tds1,IID,149,False,False,False,False,False,False,0
e01-tds1,IID,150,False,False,False,False,False,False,0
e01-tds1,IID,151,False,False,False,True,False,False,0
e01-tds1,IID,152,False,False,False,False,False,False,0
e01-tds1,IID,153,False,False,False,False,False,False,0
e01-tds1,IID,154,False,False,False,False,False,False,0
e01-tds1,IID,155,False,False,False,True,False,False,0
e01-tds1,IID,156,False,False,False,False,False,False,0
e01-tds1,IID,157,False,False,False,False,False,False,0
e01-tds1,IID,158,False,False,False,False,False,False,0
e01-tds1,IID,159,False,False,False,False,False,False,0
e01-tds1,IID,160,False,False,False,False,False,False,0
e01-tds1,IID,161,False,False,False,True,False,False,0
e01-tds1,IID,162,True,False,False,False,False,False,0
e01-tds1,IID,163,False,False,False,False,False,False,0
e01-tds1,IID,164,False,False,False,True,False,False,0
e01-tds1,IID,165,False,False,False,True,False,False,0
e01-tds1,IID,166,False,False,False,False,False,False,0
e01-tds1,IID,167,False,False,False,False,False,False,0
e01-tds1,IID,168,False,False,False,True,False,False,0
e01-tds1,IID,169,False,False,False,False,False,False,0
e01-tds1,IID,170,False,False,False,False,False,False,0
e01-tds1,IID,171,False,False,False,False,False,False,0
e01-tds1,IID,172,False,False,False,False,False,False,0
e01-tds1,IID,173,False,False,False,False,False,False,0
e01-tds1,IID,174,False,False,False,False,False,False,0
e01-tds1,IID,175,False,False,False,True,False,False,0
e01-tds1,IID,176,False,False,False,False,False,False,0
e01-tds1,IID,177,False,False,False,False,False,False,0
e01-tds1,IID,178,False,False,False,False,False,False,0
e01-tds1,IID,179,False,False,False,False,False,False,0
e01-tds1,IID,180,False,False,False,True,False,False,0
e01-tds1,IID,181,False,False,False,False,False,False,0
e01-tds1,IID,182,False,False,False,False,False,False,0
e01-tds1,IID,183,False,False,False,True,False,False,0
e01-tds1,IID,184,False,False,False,False,False,False,0
e01-tds1,IID,185,False,False,False,False,False,False,0
e01-tds1,IID,186,False,False,False,True,False,False,0
e01-tds1,IID,187,False,False,False,False,False,False,0
e01-tds1,IID,188,False,False,False,False,False,False,0
e01-tds1,IID,189,False,False,False,False,False,False,0
e01-tds1,IID,190,False,False,False,False,False,False,0
e01-tds1,IID,191,True,False,False,False,False,False,0
e01-tds1,IID,192,False,False,False,False,False,False,0
e01-tds1,IID,193,False,False,False,False,False,False,0
e01-tds1,IID,194,False,False,False,False,False,False,0
e01-tds1,IID,195,False,False,False,False,False,False,0
e01-tds1,IID,196,False,False,False,True,False,False,0
e01-tds1,IID,197,False,False,False,False,False,False,0
e01-tds1,IID,198,False,False,False,False,False,False,0
e01-tds1,IID,199,False,False,False,True,False,False,0
e01-tds1,IID,200,False,False,False,False,False,False,0
e01-tds1,IID,201,False,False,False,False,False,False,0
e01-tds1,IID,202,False,False,False,True,False,False,0
e01-tds1,IID,203,False,False,False,False,False,False,0
e01-tds1,IID,204,False,False,False,False,False,False,0
e01-tds1,IID,205,False,False,False,False,False,False,0
e01-tds1,IID,206,False,False,False,False,False,False,0
e01-tds1,IID,207,False,False,False,False,False,False,0
e01-tds1,IID,208,False,False,False,False,False,False,0
e01-tds1,IID,209,True,False,False,False,False,False,0
e01-tds1,IID,210,False,False,False,False,False,False,0
e01-tds1,IID,211,False,False,False,False,False,False,0
e01-tds1,IID,212,False,False,False,False,False,False,0
e01-tds1,IID,213,False,False,False,False,False,False,0
e01-tds1,IID,214,False,False,False,False,False,False,0
e01-tds1,IID,215,False,False,False,False,False,False,0
e01-tds1,IID,216,False,False,False,False,False,False,0
e01-tds1,IID,217,False,False,False,False,False,False,0
e01-tds1,IID,218,False,False,False,False,False,False,0
e01-tds1,IID,219,False,False,False,False,False,False,0
e01-tds1,IID,220,False,False,False,False,False,False,0
e01-tds1,IID,221,False,False,False,False,False,False,0
e01-tds1,IID,222,False,False,False,False,False,False,0
e01-tds1,IID,223,False,False,False,True,False,False,0
e01-tds1,IID,224,False,False,False,False,False,False,0
e01-tds1,IID,225,False,False,False,False,False,False,0
e01-tds1,IID,226,False,False,False,False,False,False,0
e01-tds1,IID,227,False,False,False,False,False,False,0
e01-tds1,IID,228,False,False,False,True,False,False,0
e01-tds1,IID,229,False,False,False,False,False,False,0
e01-tds1,IID,230,False,False,False,False,False,False,0
e01-tds1,IID,231,False,False,False,False,False,False,0
e01-tds1,IID,232,False,False,False,True,False,False,0
e01-tds1,IID,233,False,False,False,True,False,False,0
e01-tds1,IID,234,False,False,False,False,False,False,0
e01-tds1,IID,235,False,False,False,False,False,False,0
e01-tds1,IID,236,False,False,False,True,False,False,0
e01-tds1,IID,237,False,False,False,False,False,False,0
e01-tds1,IID,238,False,False,False,False,False,False,0
e01-tds1,IID,239,False,False,False,False,False,False,0
e01-tds1,IID,240,True,False,False,False,False,False,0
e01-tds1,IID,241,False,False,False,True,False,False,0
e01-tds1,IID,242,False,False,False,False,False,False,0
e01-tds1,IID,243,False,False,False,False,False,False,0
e01-tds1,IID,244,False,False,False,True,False,False,0
e01-tds1,IID,245,False,False,False,False,False,False,0
e01-tds1,IID,246,False,False,False,False,False,False,0
e01-tds1,IID,247,False,False,False,True,False,False,0
e01-tds1,IID,248,False,False,False,False,False,False,0
e01-tds1,IID,249,False,False,False,True,False,False,0
e01-tds1,IID,250,False,False,False,True,False,False,0
e01-tds1,IID,251,False,False,False,False,False,False,0
e01-tds1,IID,252,False,False,False,False,False,False,0
e01-tds1,IID,253,False,False,False,False,False,False,0
e01-tds1,IID,254,False,False,False,False,False,False,0
e01-tds1,IID,255,False,False,False,False,False,False,0
e01-tds1,IID,256,False,False,False,True,False,False,0
e01-tds1,IID,257,False,False,False,False,False,False,0
e01-tds1,IID,258,False,False,False,False,False,False,0
e01-tds1,IID,259,False,False,False,False,False,False,0
e01-tds1,IID,260,False,False,False,False,False,False,0
e01-tds1,IID,261,False,False,False,False,False,False,0
e01-tds1,IID,262,False,False,False,False,False,False,0
e01-tds1,IID,263,False,False,False,False,False,False,0
e01-tds1,IID,264,False,False,False,True,False,False,0
e01-tds1,IID,265,False,False,False,False,False,False,0
e01-tds1,IID,266,False,False,False,False,False,False,0
e01-tds1,IID,267,False,False,False,True,False,False,0
e01-tds1,IID,268,False,False,False,False,False,False,0
e01-tds1,IID,269,False,False,False,True,False,False,0
e01-tds1,IID,270,False,False,False,True,False,False,0
e01-tds1,IID,271,False,False,False,False,False,False,0
e01-tds1,IID,272,False,False,False,False,False,False,0
e01-tds1,IID,273,False,False,False,False,False,False,0
e01-tds1,IID,274,False,False,False,False,False,False,0
e01-tds1,IID,275,False,False,False,False,False,False,0
e01-tds1,IID,276,False,False,False,True,False,False,0
e01-tds1,IID,277,False,False,False,False,False,False,0
e01-tds1,IID,278,False,False,False,False,False,False,0
e01-tds1,IID,279,False,False,False,False,False,False,0
e01-tds1,IID,280,False,False,False,False,False,False,0
e01-tds1,IID,281,False,False,False,False,False,False,0
e01-tds1,IID,282,False,False,False,False,False,False,0
e01-tds1,IID,283,False,False,False,True,False,False,0
e01-tds1,IID,284,False,False,False,False,False,False,0
e01-tds1,IID,285,False,False,False,False,False,False,0
e01-tds1,IID,286,False,False,False,False,False,False,0
e01-tds1,IID,287,False,False,False,False,False,False,0
e01-tds1,IID,288,False,False,False,False,False,False,0
e01-tds1,IID,289,False,False,False,True,False,False,0
e01-tds1,IID,290,False,False,False,False,False,False,0
e01-tds1,IID,291,False,False,False,False,False,False,0
e01-tds1,IID,292,False,False,False,False,False,False,0
e01-tds1,IID,293,False,False,False,False,False,False,0
e01-tds1,IID,294,False,False,False,False,False,False,0
e01-tds1,IID,295,False,False,False,False,False,False,0
e01-tds1,IID,296,False,False,False,True,False,False,0
e01-tds1,IID,297,False,False,False,False,False,False,0
e01-tds1,IID,298,False,False,False,False,False,False,0
e01-tds1,IID,299,False,False,False,False,False,False,0
e01-tds1,IID,300,False,False,False,False,False,False,0
e01-tds1,IID,301,False,False,False,False,False,False,0
e01-tds1,IID,302,False,False,False,False,False,False,0
e01-tds1,IID,303,False,False,False,False,False,False,0
e01-tds1,IID,304,False,False,False,False,False,False,0
e01-tds1,IID,305,True,False,False,False,False,False,0
e01-tds1,IID,306,False,False,False,True,False,False,0
e01-tds1,IID,307,False,False,False,False,False,False,0
e01-tds1,IID,308,False,False,False,False,False,False,0
e01-tds1,IID,309,False,False,False,False,False,False,0
e01-tds1,IID,310,False,False,False,True,False,False,0
e01-tds1,IID,311,False,False,False,True,False,False,0
e01-tds1,IID,312,False,False,False,False,False,False,0
e01-tds1,IID,313,False,False,False,False,False,False,0
e01-tds1,IID,314,False,False,False,True,False,False,0
e01-tds1,IID,315,False,False,False,False,False,False,0
e01-tds1,IID,316,False,False,False,False,False,False,0
e01-tds1,IID,317,False,False,False,False,False,False,0
e01-tds1,IID,318,False,False,False,False,False,False,0
e01-tds1,IID,319,False,False,False,False,False,False,0
e01-tds1,IID,320,False,False,False,False,False,False,0
e01-tds1,IID,321,False,False,False,False,False,False,0
e01-tds1,IID,322,False,False,False,True,False,False,0
e01-tds1,IID,323,False,False,False,True,False,False,0
e01-tds1,IID,324,False,False,False,False,False,False,0
e01-tds1,IID,325,False,False,False,False,False,False,0
e01-tds1,IID,326,False,False,False,True,False,False,0
e01-tds1,IID,327,False,False,False,False,False,False,0
e01-tds1,IID,328,False,False,False,False,False,False,0
e01-tds1,IID,329,False,False,False,True,False,False,0
e01-tds1,IID,330,False,False,False,True,False,False,0
e01-tds1,IID,331,False,False,False,True,False,False,0
e01-tds1,IID,332,False,False,False,False,False,False,0
e01-tds1,IID,333,False,False,False,False,False,False,0
e01-tds1,IID,334,False,False,False,False,False,False,0
e01-tds1,IID,335,False,False,False,False,False,False,0
e01-tds1,IID,336,False,False,False,False,False,False,0
e01-tds1,IID,337,False,False,False,False,False,False,0
e01-tds1,IID,338,False,False,False,False,False,False,0
e01-tds1,IID,339,False,False,False,False,False,False,0
e01-tds1,IID,340,False,False,False,False,False,False,0
e01-tds1,IID,341,False,False,False,False,False,False,0
e01-tds1,IID,342,False,False,False,False,False,False,0
e01-tds1,IID,343,False,False,False,False,False,False,0
e01-tds1,IID,344,False,False,False,False,False,False,0
e01-tds1,IID,345,False,False,False,False,False,False,0
e01-tds1,IID,346,False,False,False,False,False,False,0
e01-tds1,IID,347,False,False,False,False,False,False,0
e01-tds1,IID,348,False,False,False,True,False,False,0
e01-tds1,IID,349,False,False,False,False,False,False,0
e01-tds1,IID,350,False,False,False,False,False,False,0
e01-tds1,IID,351,False,False,False,False,False,False,0
e01-tds1,IID,352,False,False,False,False,False,False,0
e01-tds1,IID,353,False,False,False,False,False,False,0
e01-tds1,IID,354,False,False,False,True,False,False,0
e01-tds1,IID,355,False,False,False,True,False,False,0
e01-tds1,IID,356,False,False,False,False,False,False,0
e01-tds1,IID,357,False,False,False,False,False,False,0
e01-tds1,IID,358,False,False,False,True,False,False,0
e01-tds1,IID,359,False,False,False,False,False,False,0
e01-tds1,IID,360,False,False,False,False,False,False,0
e01-tds1,IID,361,False,False,False,False,False,False,0
e01-tds1,IID,362,False,False,False,False,False,False,0
e01-tds1,IID,363,False,False,False,True,False,False,0
e01-tds1,IID,364,False,False,False,False,False,False,0
e01-tds1,IID,365,False,False,False,False,False,False,0
e01-tds1,IID,366,False,False,False,True,False,False,0
e01-tds1,IID,367,False,False,False,False,False,False,0
e01-tds1,IID,368,False,False,False,True,False,False,0
e01-tds1,IID,369,False,False,False,False,False,False,0
e01-tds1,IID,370,False,False,False,True,False,False,0
e01-tds1,IID,371,False,False,False,False,False,False,0
e01-tds1,IID,372,False,False,False,False,False,False,0
e01-tds1,IID,373,False,False,False,False,False,False,0
e01-tds1,IID,374,False,False,False,True,False,False,0
e01-tds1,IID,375,False,False,False,False,False,False,0
e01-tds1,IID,376,False,False,False,False,False,False,0
e01-tds1,IID,377,False,False,False,False,False,False,0
e01-tds1,IID,378,False,False,False,True,False,False,0
e01-tds1,IID,379,False,False,False,False,False,False,0
e01-tds1,IID,380,False,False,False,False,False,False,0
e01-tds1,IID,381,False,False,False,False,False,False,0
e01-tds1,IID,382,False,False,False,False,False,False,0
e01-tds1,IID,383,False,False,False,True,False,False,0
e01-tds1,IID,384,True,False,False,False,False,False,0
e01-tds1,IID,385,False,False,False,False,False,False,0
e01-tds1,IID,386,False,False,False,False,False,False,0
e01-tds1,IID,387,False,False,False,False,False,False,0
e01-tds1,IID,388,False,False,False,True,False,False,0
e01-tds1,IID,389,True,False,False,False,False,False,0
e01-tds1,IID,390,True,False,False,False,False,False,0
e01-tds1,IID,391,False,False,False,False,False,False,0
e01-tds1,IID,392,False,False,False,True,False,False,0
e01-tds1,IID,393,False,False,False,False,False,False,0
e01-tds1,IID,394,False,False,False,False,False,False,0
e01-tds1,IID,395,False,False,False,False,False,False,0
e01-tds1,IID,396,False,False,False,False,False,False,0
e01-tds1,IID,397,False,False,False,False,False,False,0
e01-tds1,IID,398,False,False,False,True,False,False,0
e01-tds1,IID,399,False,False,False,False,False,False,0
e01-tds1,IID,400,False,False,False,True,False,False,0
e01-tds1,IID,401,False,False,False,False,False,False,0
e01-tds1,IID,402,False,False,False,False,False,False,0
e01-tds1,IID,403,False,False,False,True,False,False,0
e01-tds1,IID,404,False,False,False,False,False,False,0
e01-tds1,IID,405,False,False,False,False,False,False,0
e01-tds1,IID,406,False,False,False,False,False,False,0
e01-tds1,IID,407,False,False,False,False,False,False,0
e01-tds1,IID,408,False,False,False,False,False,False,0
e01-tds1,IID,409,False,False,False,False,False,False,0
e01-tds1,IID,410,False,False,False,False,False,False,0
e01-tds1,IID,411,False,False,False,False,False,False,0
e01-tds1,IID,412,False,False,False,False,False,False,0
e01-tds1,IID,413,False,False,False,False,False,False,0
e01-tds1,IID,414,False,False,False,False,False,False,0
e01-tds1,IID,415,False,False,False,False,False,False,0
e01-tds1,IID,416,False,False,False,True,False,False,0
e01-tds1,IID,417,False,False,False,True,False,False,0
e01-tds1,IID,418,False,False,False,False,False,False,0
e01-tds1,IID,419,False,False,False,False,False,False,0
e01-tds1,IID,420,False,False,False,False,False,False,0
e01-tds1,IID,421,False,False,False,False,False,False,0
e01-tds1,IID,422,False,False,False,False,False,False,0
e01-tds1,IID,423,False,False,False,True,False,False,0
e01-tds1,IID,424,False,False,False,False,False,False,0
e01-tds1,IID,425,False,False,False,False,False,False,0
e01-tds1,IID,426,False,False,False,True,False,False,0
e01-tds1,IID,427,False,False,False,False,False,False,0
e01-tds1,IID,428,False,False,False,False,False,False,0
e01-tds1,IID,429,False,False,False,True,False,False,0
e01-tds1,IID,430,False,False,False,False,False,False,0
e01-tds1,IID,431,False,False,False,True,False,False,0
e01-tds1,IID,432,False,False,False,False,False,False,0
e01-tds1,IID,433,False,False,False,False,False,False,0
e01-tds1,IID,434,False,False,False,False,False,False,0
e01-tds1,IID,435,False,False,False,False,False,False,0
e01-tds1,IID,436,False,False,False,False,False,False,0
e01-tds1,IID,437,False,False,False,True,False,False,0
e01-tds1,IID,438,False,False,False,False,False,False,0
e01-tds1,IID,439,False,False,False,False,False,False,0
e01-tds1,IID,440,False,False,False,False,False,False,0
e01-tds1,IID,441,False,False,False,False,False,False,0
e01-tds1,IID,442,False,False,False,False,False,False,0
e01-tds1,IID,443,False,False,False,False,False,False,0
e01-tds1,IID,444,False,False,False,False,False,False,0
e01-tds1,IID,445,False,False,False,False,False,False,0
e01-tds1,IID,446,False,False,False,True,False,False,0
e01-tds1,IID,447,False,False,False,False,False,False,0
e01-tds1,IID,448,False,False,False,False,False,False,0
e01-tds1,IID,449,False,False,False,False,False,False,0
e01-tds1,IID,450,False,False,False,False,False,False,0
e01-tds1,IID,451,False,False,False,False,False,False,0
e01-tds1,IID,452,False,False,False,False,False,False,0
e01-tds1,IID,453,False,False,False,False,False,False,0
e01-tds1,IID,454,False,False,False,False,False,False,0
e01-tds1,IID,455,True,False,False,False,False,False,0
e01-tds1,IID,456,False,False,False,False,False,False,0
e01-tds1,IID,457,False,False,False,False,False,False,0
e01-tds1,IID,458,False,False,False,False,False,False,0
e01-tds1,IID,459,False,False,False,False,False,False,0
e01-tds1,IID,460,False,False,False,False,False,False,0
e01-tds1,IID,461,False,False,False,False,False,False,0
e01-tds1,IID,462,False,False,False,False,False,False,0
e01-tds1,IID,463,False,False,False,False,False,False,0
e01-tds1,IID,464,False,False,False,False,False,False,0
e01-tds1,IID,465,False,False,False,False,False,False,0
e01-tds1,IID,466,False,False,False,False,False,False,0
e01-tds1,IID,467,False,False,False,True,False,False,0
e01-tds1,IID,468,False,False,False,False,False,False,0
e01-tds1,IID,469,True,False,False,False,False,False,0
e01-tds1,IID,470,False,False,False,False,False,False,0
e01-tds1,IID,471,False,False,False,False,False,False,0
e01-tds1,IID,472,False,False,False,False,False,False,0
e01-tds1,IID,473,False,False,False,False,False,False,0
e01-tds1,IID,474,False,False,False,False,False,False,0
e01-tds1,IID,475,False,False,False,False,False,False,0
e01-tds1,IID,476,False,False,False,False,False,False,0
e01-tds1,IID,477,False,False,False,True,False,False,0
e01-tds1,IID,478,False,False,False,False,False,False,0
e01-tds1,IID,479,False,False,False,False,False,False,0
e01-tds1,IID,480,False,False,False,False,False,False,0
e01-tds1,IID,481,False,False,False,False,False,False,0
e01-tds1,IID,482,False,False,False,False,False,False,0
e01-tds1,IID,483,False,False,False,False,False,False,0
e01-tds1,IID,484,False,False,False,True,False,False,0
e01-tds1,IID,485,False,False,False,True,False,False,0
e01-tds1,IID,486,False,False,False,False,False,False,0
e01-tds1,IID,487,False,False,False,False,False,False,0
e01-tds1,IID,488,False,False,False,False,False,False,0
e01-tds1,IID,489,False,False,False,False,False,False,0
e01-tds1,IID,490,False,False,False,False,False,False,0
e01-tds1,IID,491,False,False,False,False,False,False,0
e01-tds1,IID,492,False,False,False,False,False,False,0
e01-tds1,IID,493,False,False,False,False,False,False,0
e01-tds1,IID,494,False,False,False,False,False,False,0
e01-tds1,IID,495,False,False,False,False,False,False,0
e01-tds1,IID,496,False,False,False,False,False,False,0
e01-tds1,IID,497,False,False,False,False,False,False,0
e01-tds1,IID,498,False,False,False,False,False,False,0
e01-tds1,IID,499,False,False,False,False,False,False,0
e01-tds1,IID,500,False,False,False,False,False,False,0
e01-tds1,IID,501,False,False,False,False,False,False,0
e01-tds1,IID,502,False,False,False,True,False,False,0
e01-tds1,IID,503,False,False,False,False,False,False,0
e01-tds1,IID,504,False,False,False,False,False,False,0
e01-tds1,IID,505,True,False,False,False,False,False,0
e01-tds1,IID,506,False,False,False,True,False,False,0
e01-tds1,IID,507,False,False,False,True,False,False,0
e01-tds1,IID,508,False,False,False,False,False,False,0
e01-tds1,IID,509,False,False,False,False,False,False,0
e01-tds1,IID,510,False,False,False,True,False,False,0
e01-tds1,IID,511,False,False,False,False,False,False,0
e01-tds1,IID,512,False,False,False,True,False,False,0
e01-tds1,IID,513,False,False,False,False,False,False,0
e01-tds1,IID,514,False,False,False,False,False,False,0
e01-tds1,IID,515,False,False,False,False,False,False,0
e01-tds1,IID,516,False,False,False,False,False,False,0
e01-tds1,IID,517,False,False,False,False,False,False,0
e01-tds1,IID,518,False,False,False,False,False,False,0
e01-tds1,IID,519,False,False,False,False,False,False,0
e01-tds1,IID,520,False,False,False,False,False,False,0
e01-tds1,IID,521,False,False,False,False,False,False,0
e01-tds1,IID,522,False,False,False,False,False,False,0
e01-tds1,IID,523,False,False,False,False,False,False,0
e01-tds1,IID,524,False,False,False,False,False,False,0
e01-tds1,IID,525,False,False,False,False,False,False,0
e01-tds1,IID,526,False,False,False,False,False,False,0
e01-tds1,IID,527,False,False,False,False,False,False,0
e01-tds1,IID,528,False,False,False,False,False,False,0
e01-tds1,IID,529,False,False,False,False,False,False,0
e01-tds1,IID,530,False,False,False,True,False,False,0
e01-tds1,IID,531,False,False,False,False,False,False,0
e01-tds1,IID,532,False,False,False,False,False,False,0
e01-tds1,IID,533,False,False,False,False,False,False,0
e01-tds1,IID,534,False,False,False,False,False,False,0
e01-tds1,IID,535,False,False,False,False,False,False,0
e01-tds1,IID,536,False,False,False,True,False,False,0
e01-tds1,IID,537,False,False,False,False,False,False,0
e01-tds1,IID,538,True,False,False,False,False,False,0
e01-tds1,IID,539,False,False,False,False,False,False,0
e01-tds1,IID,540,False,False,False,False,False,False,0
e01-tds1,IID,541,False,False,False,False,False,False,0
e01-tds1,IID,542,False,False,False,False,False,False,0
e01-tds1,IID,543,False,False,False,False,False,False,0
e01-tds1,IID,544,False,False,False,False,False,False,0
e01-tds1,IID,545,False,False,False,False,False,False,0
e01-tds1,IID,546,False,False,False,False,False,False,0
e01-tds1,IID,547,False,False,False,False,False,False,0
e01-tds1,IID,548,False,False,False,True,False,False,0
e01-tds1,IID,549,False,False,False,False,False,False,0
e01-tds1,IID,550,False,False,False,False,False,False,0
e01-tds1,IID,551,False,False,False,False,False,False,0
e01-tds1,IID,552,False,False,False,True,False,False,0
e01-tds1,IID,553,False,False,False,False,False,False,0
e01-tds1,IID,554,False,False,False,False,False,False,0
e01-tds1,IID,555,False,False,False,False,False,False,0
e01-tds1,IID,556,False,False,False,False,False,False,0
e01-tds1,IID,557,False,False,False,False,False,False,0
e01-tds1,IID,558,False,False,False,True,False,False,0
e01-tds1,IID,559,False,False,False,False,False,False,0
e01-tds1,IID,560,False,False,False,False,False,False,0
e01-tds1,IID,561,False,False,False,False,False,False,0
e01-tds1,IID,562,False,False,False,False,False,False,0
e01-tds1,IID,563,False,False,False,False,False,False,0
e01-tds1,IID,564,False,False,False,False,False,False,0
e01-tds1,IID,565,False,False,False,False,False,False,0
e01-tds1,IID,566,True,False,False,False,False,False,0
e01-tds1,IID,567,False,False,False,False,False,False,0
e01-tds1,IID,568,False,False,False,False,False,False,0
e01-tds1,IID,569,False,False,False,False,False,False,0
e01-tds1,IID,570,False,False,False,False,False,False,0
e01-tds1,IID,571,False,False,False,False,False,False,0
e01-tds1,IID,572,False,False,False,True,False,False,0
e01-tds1,IID,573,False,False,False,False,False,False,0
e01-tds1,IID,574,False,False,False,True,False,False,0
e01-tds1,IID,575,False,False,False,False,False,False,0
e01-tds1,IID,576,False,False,False,True,False,False,0
e01-tds1,IID,577,False,False,False,False,False,False,0
e01-tds1,IID,578,False,False,False,False,False,False,0
e01-tds1,IID,579,False,False,False,False,False,False,0
e01-tds1,IID,580,False,False,False,False,False,False,0
e01-tds1,IID,581,False,False,False,True,False,False,0
e01-tds1,IID,582,False,False,False,False,False,False,0
e01-tds1,IID,583,False,False,False,False,False,False,0
e01-tds1,IID,584,False,False,False,False,False,False,0
e01-tds1,IID,585,False,False,False,False,False,False,0
e01-tds1,IID,586,False,False,False,False,False,False,0
e01-tds1,IID,587,False,False,False,True,False,False,0
e01-tds1,IID,588,False,False,False,True,False,False,0
e01-tds1,IID,589,False,True,False,False,False,False,0
e01-tds1,IID,590,False,False,False,False,False,False,0
e01-tds1,IID,591,False,False,False,False,False,False,0
e01-tds1,IID,592,False,False,False,False,False,False,0
e01-tds1,IID,593,False,False,False,False,False,False,0
e01-tds1,IID,594,False,False,False,True,False,False,0
e01-tds1,IID,595,False,False,False,False,False,False,0
e01-tds1,IID,596,False,False,False,False,False,False,0
e01-tds1,IID,597,False,False,False,False,False,False,0
e01-tds1,IID,598,False,False,False,False,False,False,0
e01-tds1,IID,599,False,False,False,True,False,False,0
e01-tds1,IID,600,False,False,False,False,False,False,0
e01-tds1,IID,601,False,False,False,True,False,False,0
e01-tds1,IID,602,False,False,False,False,False,False,0
e01-tds1,IID,603,False,False,False,False,False,False,0
e01-tds1,IID,604,False,False,False,False,False,False,0
e01-tds1,IID,605,False,False,False,True,False,False,0
e01-tds1,IID,606,False,False,False,False,False,False,0
e01-tds1,IID,607,False,False,False,True,False,False,0
e01-tds1,IID,608,False,False,False,False,False,False,0
e01-tds1,IID,609,False,False,False,False,False,False,0
e01-tds1,IID,610,False,False,False,False,False,False,0
e01-tds1,IID,611,False,False,False,False,False,False,0
e01-tds1,IID,612,False,False,False,False,False,False,0
e01-tds1,IID,613,False,False,False,False,False,False,0
e01-tds1,IID,614,False,False,False,True,False,False,0
e01-tds1,IID,615,False,False,False,False,False,False,0
e01-tds1,IID,616,False,False,False,False,False,False,0
e01-tds1,IID,617,False,False,False,True,False,False,0
e01-tds1,IID,618,False,False,False,False,False,False,0
e01-tds1,IID,619,False,False,False,False,False,False,0
e01-tds1,IID,620,False,False,False,True,False,False,0
e01-tds1,IID,621,False,False,False,False,False,False,0
e01-tds1,IID,622,False,False,False,False,False,False,0
e01-tds1,IID,623,False,False,False,False,False,False,0
e01-tds1,IID,624,False,False,False,True,False,False,0
e01-tds1,IID,625,False,False,False,False,False,False,0
e01-tds1,IID,626,False,False,False,False,False,False,0
e01-tds1,IID,627,False,False,False,False,False,False,0
e01-tds1,IID,628,False,False,False,False,False,False,0
e01-tds1,IID,629,False,False,False,False,False,False,0
e01-tds1,IID,630,False,False,False,False,False,False,0
e01-tds1,IID,631,False,False,False,False,False,False,0
e01-tds1,IID,632,False,False,False,False,False,False,0
e01-tds1,IID,633,False,False,False,True,False,False,0
e01-tds1,IID,634,False,False,False,False,False,False,0
e01-tds1,IID,635,False,False,False,False,False,False,0
e01-tds1,IID,636,False,False,False,False,False,False,0
e01-tds1,IID,637,False,False,False,False,False,False,0
e01-tds1,IID,638,False,False,False,False,False,False,0
e01-tds1,IID,639,False,False,False,False,False,False,0
e01-tds1,IID,640,False,False,False,False,False,False,0
e01-tds1,IID,641,False,False,False,True,False,False,0
e01-tds1,IID,642,False,False,False,False,False,False,0
e01-tds1,IID,643,False,False,False,True,False,False,0
e01-tds1,IID,644,False,False,False,True,False,False,0
e01-tds1,IID,645,False,False,False,False,False,False,0
e01-tds1,IID,646,False,False,False,False,False,False,0
e01-tds1,IID,647,False,False,False,False,False,False,0
e01-tds1,IID,648,False,False,False,False,False,False,0
e01-tds1,IID,649,False,False,False,True,False,False,0
e01-tds1,IID,650,False,False,False,False,False,False,0
e01-tds1,IID,651,False,False,False,True,False,False,0
e01-tds1,IID,652,False,False,False,False,False,False,0
e01-tds1,IID,653,False,False,False,False,False,False,0
e01-tds1,IID,654,False,False,False,True,False,False,0
e01-tds1,IID,655,False,False,False,False,False,False,0
e01-tds1,IID,656,False,False,False,False,False,False,0
e01-tds1,IID,657,False,False,False,False,False,False,0
e01-tds1,IID,658,False,False,False,False,False,False,0
e01-tds1,IID,659,False,False,False,False,False,False,0
e01-tds1,IID,660,False,False,False,True,False,False,0
e01-tds1,IID,661,False,False,False,False,False,False,0
e01-tds1,IID,662,False,False,False,False,False,False,0
e01-tds1,IID,663,False,False,False,False,False,False,0
e01-tds1,IID,664,False,False,False,False,False,False,0
e01-tds1,IID,665,False,False,False,False,False,False,0
e01-tds1,IID,666,False,False,False,False,False,False,0
e01-tds1,IID,667,False,False,False,False,False,False,0
e01-tds1,IID,668,False,False,False,False,False,False,0
e01-tds1,IID,669,True,False,False,False,False,False,0
e01-tds1,IID,670,False,False,False,False,False,False,0
e01-tds1,IID,671,False,False,False,True,False,False,0
e01-tds1,IID,672,False,False,False,False,False,False,0
e01-tds1,IID,673,False,False,False,True,False,False,0
e01-tds1,IID,674,False,False,False,False,False,False,0
e01-tds1,IID,675,False,False,False,True,False,False,0
e01-tds1,IID,676,False,False,False,True,False,False,0
e01-tds1,IID,677,False,False,False,False,False,False,0
e01-tds1,IID,678,False,False,False,True,False,False,0
e01-tds1,IID,679,False,False,False,False,False,False,0
e01-tds1,IID,680,False,False,False,False,False,False,0
e01-tds1,IID,681,False,False,False,False,False,False,0
e01-tds1,IID,682,False,False,False,False,False,False,0
e01-tds1,IID,683,False,False,False,False,False,False,0
e01-tds1,IID,684,False,False,False,False,False,False,0
e01-tds1,IID,685,False,False,False,False,False,False,0
e01-tds1,IID,686,False,False,False,False,False,False,0
e01-tds1,IID,687,False,False,False,False,False,False,0
e01-tds1,IID,688,False,False,False,False,False,False,0
e01-tds1,IID,689,False,False,False,False,False,False,0
e01-tds1,IID,690,False,False,False,True,False,False,0
e01-tds1,IID,691,False,False,False,False,False,False,0
e01-tds1,IID,692,False,False,False,False,False,False,0
e01-tds1,IID,693,False,False,False,False,False,False,0
e01-tds1,IID,694,False,False,False,False,False,False,0
e01-tds1,IID,695,False,False,False,False,False,False,0
e01-tds1,IID,696,False,False,False,False,False,False,0
e01-tds1,IID,697,False,False,False,False,False,False,0
e01-tds1,IID,698,False,False,False,True,False,False,0
e01-tds1,IID,699,False,False,False,False,False,False,0
e01-tds1,IID,700,False,False,False,True,False,False,0
e01-tds1,IID,701,False,False,False,False,False,False,0
e01-tds1,IID,702,False,False,False,False,False,False,0
e01-tds1,IID,703,False,False,False,False,False,False,0
e01-tds1,IID,704,False,False,False,False,False,False,0
e01-tds1,IID,705,False,False,False,False,False,False,0
e01-tds1,IID,706,False,False,False,True,False,False,0
e01-tds1,IID,707,False,False,False,False,False,False,0
e01-tds1,IID,708,False,False,False,False,False,False,0
e01-tds1,IID,709,False,False,False,False,False,False,0
e01-tds1,IID,710,False,False,False,True,False,False,0
e01-tds1,IID,711,False,False,False,False,False,False,0
e01-tds1,IID,712,False,False,False,False,False,False,0
e01-tds1,IID,713,False,False,False,True,False,False,0
e01-tds1,IID,714,False,False,False,False,False,False,0
e01-tds1,IID,715,False,False,False,False,False,False,0
e01-tds1,IID,716,False,False,False,False,False,False,0
e01-tds1,IID,717,False,False,False,False,False,False,0
e01-tds1,IID,718,False,False,False,True,False,False,0
e01-tds1,IID,719,False,False,False,False,False,False,0
e01-tds1,IID,720,False,False,False,False,False,False,0
e01-tds1,IID,721,False,False,False,True,False,False,0
e01-tds1,IID,722,False,False,False,False,False,False,0
e01-tds1,IID,723,False,False,False,True,False,False,0
e01-tds1,IID,724,False,False,False,False,False,False,0
e01-tds1,IID,725,False,False,False,False,False,False,0
e01-tds1,IID,726,False,False,False,True,False,False,0
e01-tds1,IID,727,False,False,False,False,False,False,0
e01-tds1,IID,728,False,False,False,False,False,False,0
e01-tds1,IID,729,False,False,False,True,False,False,0
e01-tds1,IID,730,False,False,False,False,False,False,0
e01-tds1,IID,731,False,False,False,True,False,False,0
e01-tds1,IID,732,False,False,False,False,False,False,0
e01-tds1,IID,733,False,False,False,True,False,False,0
e01-tds1,IID,734,False,False,False,False,False,False,0
e01-tds1,IID,735,False,False,False,False,False,False,0
e01-tds1,IID,736,False,False,False,False,False,False,0
e01-tds1,IID,737,False,False,False,True,False,False,0
e01-tds1,IID,738,False,False,False,False,False,False,0
e01-tds1,IID,739,False,False,False,False,False,False,0
e01-tds1,IID,740,False,False,False,False,False,False,0
e01-tds1,IID,741,False,False,False,True,False,False,0
e01-tds1,IID,742,False,False,False,False,False,False,0
e01-tds1,IID,743,False,False,False,True,False,False,0
e01-tds1,IID,744,False,False,False,False,False,False,0
e01-tds1,IID,745,False,False,False,False,False,False,0
e01-tds1,IID,746,False,False,False,False,False,False,0
e01-tds1,IID,747,False,False,False,False,False,False,0
e01-tds1,IID,748,False,False,False,True,False,False,0
e01-tds1,IID,749,False,False,False,False,False,False,0
e01-tds1,IID,750,False,False,False,False,False,False,0
e01-tds1,IID,751,False,False,False,False,False,False,0
e01-tds1,IID,752,False,False,False,True,False,False,0
e01-tds1,IID,753,False,False,False,False,False,False,0
e01-tds1,IID,754,False,False,False,False,False,False,0
e01-tds1,IID,755,False,False,False,False,False,False,0
e01-tds1,IID,756,False,False,False,False,False,False,0
e01-tds1,IID,757,False,False,False,True,False,False,0
e01-tds1,IID,758,False,False,False,False,False,False,0
e01-tds1,IID,759,False,False,False,True,False,False,0
e01-tds1,IID,760,False,False,False,False,False,False,0
e01-tds1,IID,761,False,False,False,False,False,False,0
e01-tds1,IID,762,False,False,False,False,False,False,0
e01-tds1,IID,763,False,False,False,False,False,False,0
e01-tds1,IID,764,False,False,False,False,False,False,0
e01-tds1,IID,765,False,False,False,False,False,False,0
e01-tds1,IID,766,False,False,False,False,False,False,0
e01-tds1,IID,767,False,False,False,True,False,False,0
e01-tds1,IID,768,False,False,False,True,False,False,0
e01-tds1,IID,769,False,False,False,False,False,False,0
e01-tds1,IID,770,False,False,False,False,False,False,0
e01-tds1,IID,771,False,False,False,False,False,False,0
e01-tds1,IID,772,False,False,False,False,False,False,0
e01-tds1,IID,773,False,False,False,False,False,False,0
e01-tds1,IID,774,False,False,False,False,False,False,0
e01-tds1,IID,775,False,False,False,True,False,False,0
e01-tds1,IID,776,False,False,False,False,False,False,0
e01-tds1,IID,777,False,False,False,False,False,False,0
e01-tds1,IID,778,False,False,False,False,False,False,0
e01-tds1,IID,779,False,False,False,False,False,False,0
e01-tds1,IID,780,False,False,False,False,False,False,0
e01-tds1,IID,781,False,False,False,False,False,False,0
e01-tds1,IID,782,False,False,False,False,False,False,0
e01-tds1,IID,783,False,False,False,False,False,False,0
e01-tds1,IID,784,False,False,False,False,False,False,0
e01-tds1,IID,785,False,False,False,False,False,False,0
e01-tds1,IID,786,False,False,False,False,False,False,0
e01-tds1,IID,787,False,False,False,False,False,False,0
e01-tds1,IID,788,False,False,False,False,False,False,0
e01-tds1,IID,789,False,False,False,False,False,False,0
e01-tds1,IID,790,False,False,False,False,False,False,0
e01-tds1,IID,791,False,False,False,False,False,False,0
e01-tds1,IID,792,False,False,False,False,False,False,0
e01-tds1,IID,793,False,False,False,True,False,False,0
e01-tds1,IID,794,False,False,False,False,False,False,0
e01-tds1,IID,795,False,False,False,False,False,False,0
e01-tds1,IID,796,False,False,False,False,False,False,0
e01-tds1,IID,797,False,False,False,False,False,False,0
e01-tds1,IID,798,False,False,False,False,False,False,0
e01-tds1,IID,799,False,False,False,False,False,False,0
e01-tds1,IID,800,False,False,False,False,False,False,0
e01-tds1,IID,801,False,False,False,False,False,False,0
e01-tds1,IID,802,False,False,False,False,False,False,0
e01-tds1,IID,803,False,False,False,False,False,False,0
e01-tds1,IID,804,False,False,False,False,False,False,0
e01-tds1,IID,805,False,False,False,False,False,False,0
e01-tds1,IID,806,False,False,False,False,False,False,0
e01-tds1,IID,807,False,False,False,False,False,False,0
e01-tds1,IID,808,False,False,False,False,False,False,0
e01-tds1,IID,809,False,False,False,False,False,False,0
e01-tds1,IID,810,False,False,False,False,False,False,0
e01-tds1,IID,811,False,False,False,False,False,False,0
e01-tds1,IID,812,False,False,False,True,False,False,0
e01-tds1,IID,813,False,False,False,True,False,False,0
e01-tds1,IID,814,False,False,False,False,False,False,0
e01-tds1,IID,815,False,False,False,False,False,False,0
e01-tds1,IID,816,False,False,False,True,False,False,0
e01-tds1,IID,817,False,False,False,False,False,False,0
e01-tds1,IID,818,False,False,False,False,False,False,0
e01-tds1,IID,819,False,False,False,False,False,False,0
e01-tds1,IID,820,False,False,False,False,False,False,0
e01-tds1,IID,821,False,False,False,False,False,False,0
e01-tds1,IID,822,False,False,False,False,False,False,0
e01-tds1,IID,823,False,False,False,False,False,False,0
e01-tds1,IID,824,False,False,False,False,False,False,0
e01-tds1,IID,825,False,False,False,False,False,False,0
e01-tds1,IID,826,False,False,False,False,False,False,0
e01-tds1,IID,827,False,False,False,False,False,False,0
e01-tds1,IID,828,False,False,False,False,False,False,0
e01-tds1,IID,829,False,False,False,False,False,False,0
e01-tds1,IID,830,False,False,False,False,False,False,0
e01-tds1,IID,831,False,False,False,False,False,False,0
e01-tds1,IID,832,False,False,False,False,False,False,0
e01-tds1,IID,833,False,False,False,True,False,False,0
e01-tds1,IID,834,False,False,False,False,False,False,0
e01-tds1,IID,835,False,False,False,False,False,False,0
e01-tds1,IID,836,False,False,False,False,False,False,0
e01-tds1,IID,837,False,False,False,False,False,False,0
e01-tds1,IID,838,False,False,False,False,False,False,0
e01-tds1,IID,839,False,False,False,False,False,False,0
e01-tds1,IID,840,False,False,False,False,False,False,0
e01-tds1,IID,841,False,False,False,False,False,False,0
e01-tds1,IID,842,False,False,False,False,False,False,0
e01-tds1,IID,843,False,False,False,True,False,False,0
e01-tds1,IID,844,False,False,False,True,False,False,0
e01-tds1,IID,845,False,False,False,False,False,False,0
e01-tds1,IID,846,False,False,False,False,False,False,0
e01-tds1,IID,847,False,False,False,False,False,False,0
e01-tds1,IID,848,False,False,False,True,False,False,0
e01-tds1,IID,849,False,False,False,False,False,False,0
e01-tds1,IID,850,False,False,False,True,False,False,0
e01-tds1,IID,851,False,False,False,True,False,False,0
e01-tds1,IID,852,False,False,False,False,False,False,0
e01-tds1,IID,853,False,False,False,False,False,False,0
e01-tds1,IID,854,False,False,False,False,False,False,0
e01-tds1,IID,855,False,False,False,True,False,False,0
e01-tds1,IID,856,False,False,False,False,False,False,0
e01-tds1,IID,857,False,False,False,False,False,False,0
e01-tds1,IID,858,False,False,False,False,False,False,0
e01-tds1,IID,859,False,False,False,True,False,False,0
e01-tds1,IID,860,False,True,False,True,False,False,0
e01-tds1,IID,861,False,False,False,False,False,False,0
e01-tds1,IID,862,False,False,False,False,False,False,0
e01-tds1,IID,863,False,False,False,False,False,False,0
e01-tds1,IID,864,False,False,False,True,False,False,0
e01-tds1,IID,865,False,False,False,True,False,False,0
e01-tds1,IID,866,False,False,False,False,False,False,0
e01-tds1,IID,867,False,False,False,True,False,False,0
e01-tds1,IID,868,False,False,False,False,False,False,0
e01-tds1,IID,869,False,False,False,False,False,False,0
e01-tds1,IID,870,True,False,False,False,False,False,0
e01-tds1,IID,871,False,False,False,False,False,False,0
e01-tds1,IID,872,False,False,False,False,False,False,0
e01-tds1,IID,873,False,False,False,False,False,False,0
e01-tds1,IID,874,False,False,False,False,False,False,0
e01-tds1,IID,875,False,False,False,False,False,False,0
e01-tds1,IID,876,False,False,False,False,False,False,0
e01-tds1,IID,877,False,False,False,True,False,False,0
e01-tds1,IID,878,False,False,False,False,False,False,0
e01-tds1,IID,879,False,False,False,False,False,False,0
e01-tds1,IID,880,False,False,False,False,False,False,0
e01-tds1,IID,881,False,False,False,False,False,False,0
e01-tds1,IID,882,False,False,False,False,False,False,0
e01-tds1,IID,883,False,False,False,False,False,False,0
e01-tds1,IID,884,False,False,False,False,False,False,0
e01-tds1,IID,885,False,False,False,False,False,False,0
e01-tds1,IID,886,False,False,False,False,False,False,0
e01-tds1,IID,887,False,False,False,False,False,False,0
e01-tds1,IID,888,False,False,False,False,False,False,0
e01-tds1,IID,889,False,False,False,False,False,False,0
e01-tds1,IID,890,False,False,False,False,False,False,0
e01-tds1,IID,891,False,False,False,False,False,False,0
e01-tds1,IID,892,False,False,False,False,False,False,0
e01-tds1,IID,893,False,False,False,False,False,False,0
e01-tds1,IID,894,False,False,False,False,False,False,0
e01-tds1,IID,895,False,False,False,False,False,False,0
e01-tds1,IID,896,False,False,False,False,False,False,0
e01-tds1,IID,897,False,False,False,False,False,False,0
e01-tds1,IID,898,False,False,False,False,False,False,0
e01-tds1,IID,899,False,False,False,False,False,False,0
e01-tds1,IID,900,False,False,False,False,False,False,0
e01-tds1,IID,901,False,False,False,False,False,False,0
e01-tds1,IID,902,False,False,False,False,False,False,0
e01-tds1,IID,903,False,False,False,True,False,False,0
e01-tds1,IID,904,False,False,False,False,False,False,0
e01-tds1,IID,905,False,False,False,False,False,False,0
e01-tds1,IID,906,False,False,False,False,False,False,0
e01-tds1,IID,907,False,False,False,True,False,False,0
e01-tds1,IID,908,False,False,False,False,False,False,0
e01-tds1,IID,909,False,False,False,False,False,False,0
e01-tds1,IID,910,False,False,False,True,False,False,0
e01-tds1,IID,911,False,False,False,False,False,False,0
e01-tds1,IID,912,False,False,False,True,False,False,0
e01-tds1,IID,913,False,False,False,False,False,False,0
e01-tds1,IID,914,False,False,False,False,False,False,0
e01-tds1,IID,915,False,False,False,False,False,False,0
e01-tds1,IID,916,False,False,False,False,False,False,0
e01-tds1,IID,917,False,False,False,False,False,False,0
e01-tds1,IID,918,False,False,False,False,False,False,0
e01-tds1,IID,919,False,False,False,True,False,False,0
e01-tds1,IID,920,False,False,False,True,False,False,0
e01-tds1,IID,921,False,False,False,False,False,False,0
e01-tds1,IID,922,False,False,False,False,False,False,0
e01-tds1,IID,923,False,False,False,False,False,False,0
e01-tds1,IID,924,False,False,False,True,False,False,0
e01-tds1,IID,925,False,False,False,False,False,False,0
e01-tds1,IID,926,False,False,False,False,False,False,0
e01-tds1,IID,927,False,False,False,False,False,False,0
e01-tds1,IID,928,False,False,False,False,False,False,0
e01-tds1,IID,929,False,False,False,False,False,False,0
e01-tds1,IID,930,False,False,False,False,False,False,0
e01-tds1,IID,931,False,False,False,False,False,False,0
e01-tds1,IID,932,False,False,False,False,False,False,0
e01-tds1,IID,933,False,False,False,False,False,False,0
e01-tds1,IID,934,False,False,False,False,False,False,0
e01-tds1,IID,935,False,False,False,False,False,False,0
e01-tds1,IID,936,False,False,False,True,False,False,0
e01-tds1,IID,937,False,False,False,True,False,False,0
e01-tds1,IID,938,False,False,False,True,False,False,0
e01-tds1,IID,939,False,False,False,False,False,False,0
e01-tds1,IID,940,False,False,False,False,False,False,0
e01-tds1,IID,941,False,False,False,False,False,False,0
e01-tds1,IID,942,False,False,False,False,False,False,0
e01-tds1,IID,943,False,False,False,False,False,False,0
e01-tds1,IID,944,False,False,False,True,False,False,0
e01-tds1,IID,945,True,False,False,False,False,False,0
e01-tds1,IID,946,False,False,False,False,False,False,0
e01-tds1,IID,947,False,False,False,False,False,False,0
e01-tds1,IID,948,False,False,False,False,False,False,0
e01-tds1,IID,949,False,False,False,False,False,False,0
e01-tds1,IID,950,False,False,False,True,False,False,0
e01-tds1,IID,951,False,False,False,True,False,False,0
e01-tds1,IID,952,False,False,False,False,False,False,0
e01-tds1,IID,953,False,False,False,False,False,False,0
e01-tds1,IID,954,False,False,False,False,False,False,0
e01-tds1,IID,955,False,False,False,False,False,False,0
e01-tds1,IID,956,False,False,False,False,False,False,0
e01-tds1,IID,957,False,False,False,False,False,False,0
e01-tds1,IID,958,False,False,False,False,False,False,0
e01-tds1,IID,959,False,False,False,False,False,False,0
e01-tds1,IID,960,False,False,False,True,False,False,0
e01-tds1,IID,961,False,False,False,False,False,False,0
e01-tds1,IID,962,False,False,False,False,False,False,0
e01-tds1,IID,963,False,False,False,False,False,False,0
e01-tds1,IID,964,False,False,False,False,False,False,0
e01-tds1,IID,965,False,False,False,False,False,False,0
e01-tds1,IID,966,False,False,False,False,False,False,0
e01-tds1,IID,967,False,False,False,False,False,False,0
e01-tds1,IID,968,False,False,False,True,False,False,0
e01-tds1,IID,969,False,False,False,False,False,False,0
e01-tds1,IID,970,False,False,False,False,False,False,0
e01-tds1,IID,971,False,False,False,False,False,False,0
e01-tds1,IID,972,False,False,False,False,False,False,0
e01-tds1,IID,973,False,False,False,False,False,False,0
e01-tds1,IID,974,False,False,False,False,False,False,0
e01-tds1,IID,975,False,False,False,False,False,False,0
e01-tds1,IID,976,False,False,False,False,False,False,0
e01-tds1,IID,977,False,False,False,False,False,False,0
e01-tds1,IID,978,False,False,False,False,False,False,0
e01-tds1,IID,979,False,False,False,False,False,False,0
e01-tds1,IID,980,False,False,False,False,False,False,0
e01-tds1,IID,981,False,False,False,False,False,False,0
e01-tds1,IID,982,False,False,False,False,False,False,0
e01-tds1,IID,983,False,False,False,False,False,False,0
e01-tds1,IID,984,False,False,False,True,False,False,0
e01-tds1,IID,985,False,False,False,False,False,False,0
e01-tds1,IID,986,False,False,False,False,False,False,0
e01-tds1,IID,987,False,False,False,False,False,False,0
e01-tds1,IID,988,True,False,False,False,False,False,0
e01-tds1,IID,989,False,False,False,False,False,False,0
e01-tds1,IID,990,False,False,False,False,False,False,0
e01-tds1,IID,991,False,False,False,False,False,False,0
e01-tds1,IID,992,False,False,False,False,False,False,0
e01-tds1,IID,993,False,False,False,False,False,False,0
e01-tds1,IID,994,False,False,False,False,False,False,0
e01-tds1,IID,995,False,False,False,False,False,False,0
e01-tds1,IID,996,False,False,False,True,False,False,0
e01-tds1,IID,997,False,False,False,False,False,False,0
e01-tds1,IID,998,False,False,False,False,False,False,0
e01-tds1,IID,999,False,False,False,False,False,False,0
e01-tds1,IID,1000,False,False,False,False,False,False,0
e01-tds1,IID,1001,False,False,False,False,False,False,0
e01-tds1,IID,1002,False,False,False,False,False,False,0
e01-tds1,IID,1003,False,False,False,False,False,False,0
e01-tds1,IID,1004,False,False,False,False,False,False,0
e01-tds1,IID,1005,False,False,False,True,False,False,0
e01-tds1,IID,1006,False,False,False,False,False,False,0
e01-tds1,IID,1007,False,False,False,False,False,False,0
e01-tds1,IID,1008,False,False,False,False,False,False,0
e01-tds1,IID,1009,False,False,False,False,False,False,0
e01-tds1,IID,1010,False,False,False,False,False,False,0
e01-tds1,IID,1011,False,False,False,True,False,False,0
e01-tds1,IID,1012,False,False,False,False,False,False,0
e01-tds1,IID,1013,False,False,False,False,False,False,0
e01-tds1,IID,1014,False,False,False,False,False,False,0
e01-tds1,IID,1015,False,False,False,False,False,False,0
e01-tds1,IID,1016,False,False,False,True,False,False,0
e01-tds1,IID,1017,False,False,False,False,False,False,0
e01-tds1,IID,1018,False,False,False,False,False,False,0
e01-tds1,IID,1019,False,False,False,False,False,False,0
e01-tds1,IID,1020,False,False,False,False,False,False,0
e01-tds1,IID,1021,False,False,False,False,False,False,0
e01-tds1,IID,1022,False,False,False,True,False,False,0
e01-tds1,IID,1023,False,False,False,False,False,False,0
e01-tds1,IID,1024,False,False,False,False,False,False,0
e01-tds1,IID,1025,False,False,False,False,False,False,0
e01-tds1,IID,1026,False,False,False,False,False,False,0
e01-tds1,IID,1027,False,False,False,False,False,False,0
e01-tds1,IID,1028,False,False,False,False,False,False,0
e01-tds1,IID,1029,False,False,False,False,False,False,0
e01-tds1,IID,1030,False,False,False,False,False,False,0
e01-tds1,IID,1031,False,False,False,False,False,False,0
e01-tds1,IID,1032,False,False,False,False,False,False,0
e01-tds1,IID,1033,False,False,False,False,False,False,0
e01-tds1,IID,1034,False,False,False,True,False,False,0
e01-tds1,IID,1035,False,False,False,True,False,False,0
e01-tds1,IID,1036,True,False,False,False,False,False,0
e01-tds1,IID,1037,False,True,False,True,False,False,0
e01-tds1,IID,1038,False,False,False,True,False,False,0
e01-tds1,IID,1039,False,False,False,False,False,False,0
e01-tds1,IID,1040,False,False,False,False,False,False,0
e01-tds1,IID,1041,False,False,False,False,False,False,0
e01-tds1,IID,1042,True,False,False,False,False,False,0
e01-tds1,IID,1043,False,False,False,False,False,False,0
e01-tds1,IID,1044,False,False,False,False,False,False,0
e01-tds1,IID,1045,False,False,False,False,False,False,0
e01-tds1,IID,1046,False,False,False,False,False,False,0
e01-tds1,IID,1047,False,False,False,False,False,False,0
e01-tds1,IID,1048,False,False,False,True,False,False,0
e01-tds1,IID,1049,False,False,False,True,False,False,0
e01-tds1,IID,1050,False,False,False,True,False,False,0
e01-tds1,IID,1051,False,False,False,False,False,False,0
e01-tds1,IID,1052,False,False,False,False,False,False,0
e01-tds1,IID,1053,False,False,False,True,False,False,0
e01-tds1,IID,1054,False,False,False,False,False,False,0
e01-tds1,IID,1055,False,False,False,False,False,False,0
e01-tds1,IID,1056,False,False,False,False,False,False,0
e01-tds1,IID,1057,False,False,False,False,False,False,0
e01-tds1,IID,1058,False,False,False,False,False,False,0
e01-tds1,IID,1059,False,False,False,False,False,False,0
e01-tds1,IID,1060,False,False,False,False,False,False,0
e01-tds1,IID,1061,False,False,False,False,False,False,0
e01-tds1,IID,1062,False,False,False,False,False,False,0
e01-tds1,IID,1063,False,False,False,False,False,False,0
e01-tds1,IID,1064,False,False,False,True,False,False,0
e01-tds1,IID,1065,False,False,False,True,False,False,0
e01-tds1,IID,1066,False,False,False,True,False,False,0
e01-tds1,IID,1067,False,False,False,False,False,False,0
e01-tds1,IID,1068,False,False,False,True,False,False,0
e01-tds1,IID,1069,False,False,False,False,False,False,0
e01-tds1,IID,1070,True,False,False,False,False,False,0
e01-tds1,IID,1071,False,False,False,False,False,False,0
e01-tds1,IID,1072,False,False,False,True,False,False,0
e01-tds1,IID,1073,False,False,False,False,False,False,0
e01-tds1,IID,1074,False,False,False,False,False,False,0
e01-tds1,IID,1075,False,False,False,False,False,False,0
e01-tds1,IID,1076,False,False,False,False,False,False,0
e01-tds1,IID,1077,False,False,False,False,False,False,0
e01-tds1,IID,1078,False,False,False,True,False,False,0
e01-tds1,IID,1079,False,False,False,False,False,False,0
e01-tds1,IID,1080,False,False,False,False,False,False,0
e01-tds1,IID,1081,False,False,False,False,False,False,0
e01-tds1,IID,1082,False,False,False,False,False,False,0
e01-tds1,IID,1083,False,False,False,False,False,False,0
e01-tds1,IID,1084,False,False,False,False,False,False,0
e01-tds1,IID,1085,False,False,False,False,False,False,0
e01-tds1,IID,1086,False,False,False,False,False,False,0
e01-tds1,IID,1087,False,False,False,False,False,False,0
e01-tds1,IID,1088,False,False,False,True,False,False,0
e01-tds1,IID,1089,False,False,False,False,False,False,0
e01-tds1,IID,1090,False,False,False,False,False,False,0
e01-tds1,IID,1091,False,False,False,True,False,False,0
e01-tds1,IID,1092,False,False,False,False,False,False,0
e01-tds1,IID,1093,False,False,False,False,False,False,0
e01-tds1,IID,1094,False,False,False,False,False,False,0
e01-tds1,IID,1095,False,False,False,False,False,False,0
e01-tds1,IID,1096,False,False,False,False,False,False,0
e01-tds1,IID,1097,False,False,False,True,False,False,0
e01-tds1,IID,1098,False,False,False,False,False,False,0
e01-tds1,IID,1099,False,False,False,False,False,False,0
e01-tds1,IID,1100,False,False,False,False,False,False,0
e01-tds1,IID,1101,False,False,False,False,False,False,0
e01-tds1,IID,1102,False,False,False,False,False,False,0
e01-tds1,IID,1103,False,False,False,True,False,False,0
e01-tds1,IID,1104,False,False,False,True,False,False,0
e01-tds1,IID,1105,False,False,False,False,False,False,0
e01-tds1,IID,1106,False,False,False,False,False,False,0
e01-tds1,IID,1107,False,False,False,False,False,False,0
e01-tds1,IID,1108,False,False,False,False,False,False,0
e01-tds1,IID,1109,False,False,False,True,False,False,0
e01-tds1,IID,1110,False,False,False,False,False,False,0
e01-tds1,IID,1111,False,False,False,False,False,False,0
e01-tds1,IID,1112,False,False,False,False,False,False,0
e01-tds1,IID,1113,False,False,False,False,False,False,0
e01-tds1,IID,1114,False,False,False,False,False,False,0
e01-tds1,IID,1115,False,False,False,False,False,False,0
e01-tds1,IID,1116,False,False,False,True,False,False,0
e01-tds1,IID,1117,False,False,False,False,False,False,0
e01-tds1,IID,1118,False,False,False,False,False,False,0
e01-tds1,IID,1119,False,False,False,False,False,False,0
e01-tds1,IID,1120,False,False,False,False,False,False,0
e01-tds1,IID,1121,False,False,False,True,False,False,0
e01-tds1,IID,1122,False,False,False,False,False,False,0
e01-tds1,IID,1123,False,False,False,False,False,False,0
e01-tds1,IID,1124,False,False,False,False,False,False,0
e01-tds1,IID,1125,False,False,False,True,False,False,0
e01-tds1,IID,1126,True,False,False,False,False,False,0
e01-tds1,IID,1127,False,False,False,False,False,False,0
e01-tds1,IID,1128,False,False,False,False,False,False,0
e01-tds1,IID,1129,False,False,False,False,False,False,0
e01-tds1,IID,1130,False,False,False,False,False,False,0
e01-tds1,IID,1131,False,False,False,False,False,False,0
e01-tds1,IID,1132,False,False,False,False,False,False,0
e01-tds1,IID,1133,False,False,False,False,False,False,0
e01-tds1,IID,1134,False,False,False,False,False,False,0
e01-tds1,IID,1135,False,False,False,False,False,False,0
e01-tds1,IID,1136,False,False,False,False,False,False,0
e01-tds1,IID,1137,False,False,False,False,False,False,0
e01-tds1,IID,1138,False,False,False,False,False,False,0
e01-tds1,IID,1139,False,False,False,False,False,False,0
e01-tds1,IID,1140,False,False,False,False,False,False,0
e01-tds1,IID,1141,False,False,False,False,False,False,0
e01-tds1,IID,1142,False,False,False,False,False,False,0
e01-tds1,IID,1143,False,False,False,True,False,False,0
e01-tds1,IID,1144,False,False,False,False,False,False,0
e01-tds1,IID,1145,False,False,False,False,False,False,0
e01-tds1,IID,1146,False,False,False,False,False,False,0
e01-tds1,IID,1147,False,False,False,False,False,False,0
e01-tds1,IID,1148,False,False,False,False,False,False,0
e01-tds1,IID,1149,False,False,False,False,False,False,0
e01-tds1,IID,1150,False,False,False,False,False,False,0
e01-tds1,IID,1151,False,False,False,True,False,False,0
e01-tds1,IID,1152,False,False,False,False,False,False,0
e01-tds1,IID,1153,False,False,False,False,False,False,0
e01-tds1,IID,1154,False,False,False,False,False,False,0
e01-tds1,IID,1155,False,False,False,False,False,False,0
e01-tds1,IID,1156,False,False,False,False,False,False,0
e01-tds1,IID,1157,False,False,False,True,False,False,0
e01-tds1,IID,1158,False,False,False,False,False,False,0
e01-tds1,IID,1159,False,False,False,False,False,False,0
e01-tds1,IID,1160,False,False,False,False,False,False,0
e01-tds1,IID,1161,False,False,False,True,False,False,0
e01-tds1,IID,1162,False,False,False,True,False,False,0
e01-tds1,IID,1163,False,False,False,False,False,False,0
e01-tds1,IID,1164,False,False,False,False,False,False,0
e01-tds1,IID,1165,False,False,False,False,False,False,0
e01-tds1,IID,1166,False,False,False,False,False,False,0
e01-tds1,IID,1167,False,False,False,False,False,False,0
e01-tds1,IID,1168,False,False,False,False,False,False,0
e01-tds1,IID,1169,False,False,False,True,False,False,0
e01-tds1,IID,1170,False,False,False,False,False,False,0
e01-tds1,IID,1171,False,False,False,False,False,False,0
e01-tds1,IID,1172,False,False,False,False,False,False,0
e01-tds1,IID,1173,False,False,False,True,False,False,0
e01-tds1,IID,1174,False,False,False,False,False,False,0
e01-tds1,IID,1175,False,False,False,False,False,False,0
e01-tds1,IID,1176,False,False,False,False,False,False,0
e01-tds1,IID,1177,False,False,False,False,False,False,0
e01-tds1,IID,1178,False,False,False,False,False,False,0
e01-tds1,IID,1179,False,False,False,False,False,False,0
e01-tds1,IID,1180,False,False,False,False,False,False,0
e01-tds1,IID,1181,False,False,False,False,False,False,0
e01-tds1,IID,1182,False,False,False,False,False,False,0
e01-tds1,IID,1183,False,False,False,False,False,False,0
e01-tds1,IID,1184,False,False,False,False,False,False,0
e01-tds1,IID,1185,False,False,False,False,False,False,0
e01-tds1,IID,1186,False,False,False,False,False,False,0
e01-tds1,IID,1187,False,False,False,False,False,False,0
e01-tds1,IID,1188,False,False,False,False,False,False,0
e01-tds1,IID,1189,False,False,False,False,False,False,0
e01-tds1,IID,1190,False,False,False,True,False,False,0
e01-tds1,IID,1191,False,False,False,True,False,False,0
e01-tds1,IID,1192,False,False,False,False,False,False,0
e01-tds1,IID,1193,False,False,False,False,False,False,0
e01-tds1,IID,1194,False,False,False,False,False,False,0
e01-tds1,IID,1195,False,False,False,False,False,False,0
e01-tds1,IID,1196,False,False,False,False,False,False,0
e01-tds1,IID,1197,False,False,False,False,False,False,0
e01-tds1,IID,1198,False,False,False,False,False,False,0
e01-tds1,IID,1199,False,False,False,False,False,False,0
e01-tds1,IID,1200,False,False,False,False,False,False,0
e01-tds1,IID,1201,False,False,False,False,False,False,0
e01-tds1,IID,1202,False,False,False,False,False,False,0
e01-tds1,IID,1203,False,False,False,False,False,False,0
e01-tds1,IID,1204,False,False,False,False,False,False,0
e01-tds1,IID,1205,False,False,False,True,False,False,0
e01-tds1,IID,1206,False,False,False,False,False,False,0
e01-tds1,IID,1207,False,False,False,False,False,False,0
e01-tds1,IID,1208,False,False,False,False,False,False,0
e01-tds1,IID,1209,False,False,False,False,False,False,0
e01-tds1,IID,1210,False,False,False,False,False,False,0
e01-tds1,IID,1211,False,False,False,False,False,False,0
e01-tds1,IID,1212,False,False,False,False,False,False,0
e01-tds1,IID,1213,False,False,False,True,False,False,0
e01-tds1,IID,1214,False,False,False,True,False,False,0
e01-tds1,IID,1215,False,False,False,False,False,False,0
e01-tds1,IID,1216,False,False,False,True,False,False,0
e01-tds1,IID,1217,False,False,False,False,False,False,0
e01-tds1,IID,1218,False,False,False,False,False,False,0
e01-tds1,IID,1219,False,False,False,False,False,False,0
e01-tds1,IID,1220,False,False,False,False,False,False,0
e01-tds1,IID,1221,False,False,False,False,False,False,0
e01-tds1,IID,1222,False,False,False,True,False,False,0
e01-tds1,IID,1223,False,False,False,False,False,False,0
e01-tds1,IID,1224,False,False,False,False,False,False,0
e01-tds1,IID,1225,False,False,False,False,False,False,0
e01-tds1,IID,1226,False,False,False,False,False,False,0
e01-tds1,IID,1227,False,False,False,False,False,False,0
e01-tds1,IID,1228,False,False,False,True,False,False,0
e01-tds1,IID,1229,False,False,False,False,False,False,0
e01-tds1,IID,1230,False,False,False,False,False,False,0
e01-tds1,IID,1231,False,False,False,False,False,False,0
e01-tds1,IID,1232,False,False,False,False,False,False,0
e01-tds1,IID,1233,False,False,False,False,False,False,0
e01-tds1,IID,1234,False,False,False,False,False,False,0
e01-tds1,IID,1235,False,False,False,True,False,False,0
e01-tds1,IID,1236,False,False,False,False,False,False,0
e01-tds1,IID,1237,False,False,False,False,False,False,0
e01-tds1,IID,1238,True,False,False,False,False,False,0
e01-tds1,IID,1239,False,False,False,True,False,False,0
e01-tds1,IID,1240,False,False,False,False,False,False,0
e01-tds1,IID,1241,False,False,False,False,False,False,0
e01-tds1,IID,1242,False,False,False,False,False,False,0
e01-tds1,IID,1243,False,False,False,False,False,False,0
e01-tds1,IID,1244,False,False,False,False,False,False,0
e01-tds1,IID,1245,False,False,False,False,False,False,0
e01-tds1,IID,1246,False,False,False,False,False,False,0
e01-tds1,IID,1247,False,False,False,False,False,False,0
e01-tds1,IID,1248,False,False,False,False,False,False,0
e01-tds1,IID,1249,False,False,False,False,False,False,0
e01-tds1,IID,1250,False,False,False,False,False,False,0
e01-tds1,IID,1251,False,False,False,False,False,False,0
e01-tds1,IID,1252,False,False,False,True,False,False,0
e01-tds1,IID,1253,False,False,False,False,False,False,0
e01-tds1,IID,1254,False,False,False,True,False,False,0
e01-tds1,IID,1255,False,False,False,False,False,False,0
e01-tds1,IID,1256,False,False,False,True,False,False,0
e01-tds1,IID,1257,False,False,False,False,False,False,0
e01-tds1,IID,1258,False,False,False,False,False,False,0
e01-tds1,IID,1259,False,False,False,False,False,False,0
e01-tds1,IID,1260,False,False,False,False,False,False,0
e01-tds1,IID,1261,False,False,False,False,False,False,0
e01-tds1,IID,1262,False,False,False,False,False,False,0
e01-tds1,IID,1263,False,False,False,False,False,False,0
e01-tds1,IID,1264,False,False,False,False,False,False,0
e01-tds1,IID,1265,False,False,False,False,False,False,0
e01-tds1,IID,1266,False,False,False,False,False,False,0
e01-tds1,IID,1267,False,False,False,False,False,False,0
e01-tds1,IID,1268,False,False,False,True,False,False,0
e01-tds1,IID,1269,False,False,False,False,False,False,0
e01-tds1,IID,1270,False,False,False,True,False,False,0
e01-tds1,IID,1271,False,False,False,False,False,False,0
e01-tds1,IID,1272,False,False,False,False,False,False,0
e01-tds1,IID,1273,False,False,False,False,False,False,0
e01-tds1,IID,1274,False,False,False,False,False,False,0
e01-tds1,IID,1275,False,False,False,False,False,False,0
e01-tds1,IID,1276,False,False,False,False,False,False,0
e01-tds1,IID,1277,False,False,False,False,False,False,0
e01-tds1,IID,1278,False,False,False,False,False,False,0
e01-tds1,IID,1279,False,False,False,False,False,False,0
e01-tds1,IID,1280,False,False,False,True,False,False,0
e01-tds1,IID,1281,False,False,False,False,False,False,0
e01-tds1,IID,1282,False,False,False,False,False,False,0
e01-tds1,IID,1283,False,False,False,False,False,False,0
e01-tds1,IID,1284,False,False,False,False,False,False,0
e01-tds1,IID,1285,False,False,False,False,False,False,0
e01-tds1,IID,1286,False,False,False,False,False,False,0
e01-tds1,IID,1287,False,False,False,False,False,False,0
e01-tds1,IID,1288,False,False,False,False,False,False,0
e01-tds1,IID,1289,False,False,False,False,False,False,0
e01-tds1,IID,1290,False,False,False,False,False,False,0
e01-tds1,IID,1291,False,False,False,False,False,False,0
e01-tds1,IID,1292,False,False,False,True,False,False,0
e01-tds1,IID,1293,False,False,False,False,False,False,0
e01-tds1,IID,1294,False,False,False,False,False,False,0
e01-tds1,IID,1295,False,False,False,True,False,False,0
e01-tds1,IID,1296,False,False,False,False,False,False,0
e01-tds1,IID,1297,False,False,False,True,False,False,0
e01-tds1,IID,1298,False,False,False,False,False,False,0
e01-tds1,IID,1299,False,False,False,True,False,False,0
e01-tds1,IID,1300,False,False,False,False,False,False,0
e01-tds1,IID,1301,False,False,False,False,False,False,0
e01-tds1,IID,1302,False,False,False,False,False,False,0
e01-tds1,IID,1303,False,False,False,False,False,False,0
e01-tds1,IID,1304,False,False,False,False,False,False,0
e01-tds1,IID,1305,False,False,False,False,False,False,0
e01-tds1,IID,1306,False,False,False,False,False,False,0
e01-tds1,IID,1307,False,False,False,False,False,False,0
e01-tds1,IID,1308,False,False,False,True,False,False,0
e01-tds1,IID,1309,False,False,False,False,False,False,0
e01-tds1,IID,1310,False,False,False,False,False,False,0
e01-tds1,IID,1311,False,False,False,False,False,False,0
e01-tds1,IID,1312,False,False,False,False,False,False,0
e01-tds1,IID,1313,False,False,False,False,False,False,0
e01-tds1,IID,1314,False,False,False,False,False,False,0
e01-tds1,IID,1315,False,False,False,False,False,False,0
e01-tds1,IID,1316,False,False,False,True,False,False,0
e01-tds1,IID,1317,False,False,False,False,False,False,0
e01-tds1,IID,1318,False,False,False,False,False,False,0
e01-tds1,IID,1319,False,False,False,False,False,False,0
e01-tds1,IID,1320,False,False,False,False,False,False,0
e01-tds1,IID,1321,False,False,False,True,False,False,0
e01-tds1,IID,1322,False,False,False,False,False,False,0
e01-tds1,IID,1323,False,False,False,False,False,False,0
e01-tds1,IID,1324,True,False,False,False,False,False,0
e01-tds1,IID,1325,False,False,False,False,False,False,0
e01-tds1,IID,1326,False,False,False,False,False,False,0
e01-tds1,IID,1327,False,False,False,False,False,False,0
e01-tds1,IID,1328,False,False,False,True,False,False,0
e01-tds1,IID,1329,False,False,False,True,False,False,0
e01-tds1,IID,1330,False,False,False,False,False,False,0
e01-tds1,IID,1331,False,False,False,False,False,False,0
e01-tds1,IID,1332,False,False,False,False,False,False,0
e01-tds1,IID,1333,False,False,False,False,False,False,0
e01-tds1,IID,1334,False,False,False,False,False,False,0
e01-tds1,IID,1335,False,False,False,False,False,False,0
e01-tds1,IID,1336,False,False,False,False,False,False,0
e01-tds1,IID,1337,False,False,False,True,False,False,0
e01-tds1,IID,1338,False,False,False,False,False,False,0
e01-tds1,IID,1339,False,False,False,False,False,False,0
e01-tds1,IID,1340,False,False,False,False,False,False,0
e01-tds1,IID,1341,False,False,False,False,False,False,0
e01-tds1,IID,1342,False,False,False,False,False,False,0
e01-tds1,IID,1343,False,False,False,False,False,False,0
e01-tds1,IID,1344,False,False,False,False,False,False,0
e01-tds1,IID,1345,False,False,False,True,False,False,0
e01-tds1,IID,1346,False,False,False,False,False,False,0
e01-tds1,IID,1347,True,False,False,False,False,False,0
e01-tds1,IID,1348,False,False,False,False,False,False,0
e01-tds1,IID,1349,False,False,False,False,False,False,0
e01-tds1,IID,1350,False,False,False,False,False,False,0
e01-tds1,IID,1351,False,False,False,False,False,False,0
e01-tds1,IID,1352,False,False,False,False,False,False,0
e01-tds1,IID,1353,False,False,False,False,False,False,0
e01-tds1,IID,1354,False,False,False,False,False,False,0
e01-tds1,IID,1355,False,False,False,False,False,False,0
e01-tds1,IID,1356,False,False,False,False,False,False,0
e01-tds1,IID,1357,True,False,False,False,False,False,0
e01-tds1,IID,1358,False,False,False,False,False,False,0
e01-tds1,IID,1359,False,False,False,False,False,False,0
e01-tds1,IID,1360,False,False,False,False,False,False,0
e01-tds1,IID,1361,False,False,False,False,False,False,0
e01-tds1,IID,1362,False,False,False,True,False,False,0
e01-tds1,IID,1363,False,False,False,False,False,False,0
e01-tds1,IID,1364,False,False,False,True,False,False,0
e01-tds1,IID,1365,False,False,False,False,False,False,0
e01-tds1,IID,1366,False,False,False,False,False,False,0
e01-tds1,IID,1367,True,False,False,False,False,False,0
e01-tds1,IID,1368,False,False,False,False,False,False,0
e01-tds1,IID,1369,False,True,False,False,False,False,0
e01-tds1,IID,1370,False,False,False,False,False,False,0
e01-tds1,IID,1371,False,False,False,True,False,False,0
e01-tds1,IID,1372,False,False,False,True,False,False,0
e01-tds1,IID,1373,False,False,False,False,False,False,0
e01-tds1,IID,1374,False,False,False,False,False,False,0
e01-tds1,IID,1375,False,False,False,False,False,False,0
e01-tds1,IID,1376,False,False,False,False,False,False,0
e01-tds1,IID,1377,False,False,False,False,False,False,0
e01-tds1,IID,1378,False,False,False,False,False,False,0
e01-tds1,IID,1379,False,False,False,False,False,False,0
e01-tds1,IID,1380,False,False,False,False,False,False,0
e01-tds1,IID,1381,False,False,False,False,False,False,0
e01-tds1,IID,1382,False,False,False,False,False,False,0
e01-tds1,IID,1383,False,False,False,False,False,False,0
e01-tds1,IID,1384,False,False,False,True,False,False,0
e01-tds1,IID,1385,False,False,False,False,False,False,0
e01-tds1,IID,1386,False,False,False,False,False,False,0
e01-tds1,IID,1387,False,False,False,False,False,False,0
e01-tds1,IID,1388,False,False,False,False,False,False,0
e01-tds1,IID,1389,False,False,False,False,False,False,0
e01-tds1,IID,1390,False,False,False,False,False,False,0
e01-tds1,IID,1391,False,False,False,False,False,False,0
e01-tds1,IID,1392,False,False,False,True,False,False,0
e01-tds1,IID,1393,False,False,False,False,False,False,0
e01-tds1,IID,1394,False,False,False,True,False,False,0
e01-tds1,IID,1395,False,False,False,False,False,False,0
e01-tds1,IID,1396,False,False,False,False,False,False,0
e01-tds1,IID,1397,False,False,False,False,False,False,0
e01-tds1,IID,1398,False,False,False,False,False,False,0
e01-tds1,IID,1399,False,False,False,True,False,False,0
e01-tds1,IID,1400,False,False,False,False,False,False,0
e01-tds1,IID,1401,False,False,False,False,False,False,0
e01-tds1,IID,1402,False,False,False,True,False,False,0
e01-tds1,IID,1403,False,False,False,False,False,False,0
e01-tds1,IID,1404,False,False,False,False,False,False,0
e01-tds1,IID,1405,False,False,False,False,False,False,0
e01-tds1,IID,1406,False,False,False,False,False,False,0
e01-tds1,IID,1407,False,False,False,False,False,False,0
e01-tds1,IID,1408,False,False,False,False,False,False,0
e01-tds1,IID,1409,False,False,False,False,False,False,0
e01-tds1,IID,1410,False,False,False,False,False,False,0
e01-tds1,IID,1411,False,False,False,False,False,False,0
e01-tds1,IID,1412,False,False,False,False,False,False,0
e01-tds1,IID,1413,False,False,False,True,False,False,0
e01-tds1,IID,1414,False,False,False,False,False,False,0
e01-tds1,IID,1415,False,False,False,False,False,False,0
e01-tds1,IID,1416,False,False,False,False,False,False,0
e01-tds1,IID,1417,False,False,False,False,False,False,0
e01-tds1,IID,1418,False,False,False,False,False,False,0
e01-tds1,IID,1419,False,False,False,False,False,False,0
e01-tds1,IID,1420,False,False,False,False,False,False,0
e01-tds1,IID,1421,False,False,False,False,False,False,0
e01-tds1,IID,1422,False,False,False,False,False,False,0
e01-tds1,IID,1423,False,False,False,False,False,False,0
e01-tds1,IID,1424,False,False,False,False,False,False,0
e01-tds1,IID,1425,False,False,False,False,False,False,0
e01-tds1,IID,1426,True,False,False,False,False,False,0
e01-tds1,IID,1427,False,False,False,False,False,False,0
e01-tds1,IID,1428,False,False,False,True,False,False,0
e01-tds1,IID,1429,False,False,False,False,False,False,0
e01-tds1,IID,1430,False,False,False,True,False,False,0
e01-tds1,IID,1431,False,False,False,False,False,False,0
e01-tds1,IID,1432,False,False,False,False,False,False,0
e01-tds1,IID,1433,False,False,False,False,False,False,0
e01-tds1,IID,1434,False,False,False,False,False,False,0
e01-tds1,IID,1435,False,False,False,False,False,False,0
e01-tds1,IID,1436,False,False,False,False,False,False,0
e01-tds1,IID,1437,False,False,False,False,False,False,0
e01-tds1,IID,1438,False,False,False,False,False,False,0
e01-tds1,IID,1439,False,False,False,False,False,False,0
e01-tds1,IID,1440,False,False,False,False,False,False,0
e01-tds1,IID,1441,False,False,False,True,False,False,0
e01-tds1,IID,1442,False,False,False,False,False,False,0
e01-tds1,IID,1443,False,False,False,True,False,False,0
e01-tds1,IID,1444,False,False,False,False,False,False,0
e01-tds1,IID,1445,False,False,False,False,False,False,0
e01-tds1,IID,1446,False,False,False,False,False,False,0
e01-tds1,IID,1447,False,False,False,False,False,False,0
e01-tds1,IID,1448,False,False,False,True,False,False,0
e01-tds1,IID,1449,False,False,False,False,False,False,0
e01-tds1,IID,1450,False,False,False,False,False,False,0
e01-tds1,IID,1451,True,False,False,False,False,False,0
e01-tds1,IID,1452,False,False,False,True,False,False,0
e01-tds1,IID,1453,False,False,False,False,False,False,0
e01-tds1,IID,1454,False,False,False,False,False,False,0
e01-tds1,IID,1455,False,False,False,False,False,False,0
e01-tds1,IID,1456,False,False,False,False,False,False,0
e01-tds1,IID,1457,False,False,False,True,False,False,0
e01-tds1,IID,1458,False,False,False,False,False,False,0
e01-tds1,IID,1459,False,False,False,True,False,False,0
e01-tds1,IID,1460,False,False,False,False,False,False,0
e01-tds1,IID,1461,False,False,False,False,False,False,0
e01-tds1,IID,1462,False,False,False,False,False,False,0
e01-tds1,IID,1463,False,False,False,False,False,False,0
e01-tds1,IID,1464,False,False,False,False,False,False,0
e01-tds1,IID,1465,False,False,False,False,False,False,0
e01-tds1,IID,1466,False,False,False,True,False,False,0
e01-tds1,IID,1467,False,False,False,False,False,False,0
e01-tds1,IID,1468,False,False,False,False,False,False,0
e01-tds1,IID,1469,False,False,False,False,False,False,0
e01-tds1,IID,1470,False,False,False,False,False,False,0
e01-tds1,IID,1471,False,False,False,True,False,False,0
e01-tds1,IID,1472,False,False,False,False,False,False,0
e01-tds1,IID,1473,False,False,False,True,False,False,0
e01-tds1,IID,1474,False,False,False,False,False,False,0
e01-tds1,IID,1475,False,False,False,True,False,False,0
e01-tds1,IID,1476,False,False,False,True,False,False,0
e01-tds1,IID,1477,False,False,False,False,False,False,0
e01-tds1,IID,1478,False,False,False,False,False,False,0
e01-tds1,IID,1479,False,False,False,False,False,False,0
e01-tds1,IID,1480,False,False,False,False,False,False,0
e01-tds1,IID,1481,False,False,False,True,False,False,0
e01-tds1,IID,1482,False,False,False,False,False,False,0
e01-tds1,IID,1483,False,False,False,False,False,False,0
e01-tds1,IID,1484,False,False,False,True,False,False,0
e01-tds1,IID,1485,False,False,False,False,False,False,0
e01-tds1,IID,1486,False,False,False,False,False,False,0
e01-tds1,IID,1487,False,False,False,False,False,False,0
e01-tds1,IID,1488,False,False,False,False,False,False,0
e01-tds1,IID,1489,False,False,False,True,False,False,0
e01-tds1,IID,1490,False,False,False,False,False,False,0
e01-tds1,IID,1491,False,False,False,True,False,False,0
e01-tds1,IID,1492,False,False,False,True,False,False,0
e01-tds1,IID,1493,False,False,False,False,False,False,0
e01-tds1,IID,1494,False,False,False,False,False,False,0
e01-tds1,IID,1495,False,False,False,False,False,False,0
e01-tds1,IID,1496,False,False,False,False,False,False,0
e01-tds1,IID,1497,False,False,False,True,False,False,0
e01-tds1,IID,1498,False,False,False,False,False,False,0
e01-tds1,IID,1499,False,False,False,False,False,False,0
e01-tds1,IID,1500,False,False,False,False,False,False,0
e01-tds1,IID,1501,False,False,False,False,False,False,0
e01-tds1,IID,1502,False,False,False,False,False,False,0
e01-tds1,IID,1503,False,False,False,False,False,False,0
e01-tds1,IID,1504,False,False,False,False,False,False,0
e01-tds1,IID,1505,False,False,False,False,False,False,0
e01-tds1,IID,1506,False,False,False,False,False,False,0
e01-tds1,IID,1507,False,False,False,False,False,False,0
e01-tds1,IID,1508,False,False,False,False,False,False,0
e01-tds1,IID,1509,False,False,False,False,False,False,0
e01-tds1,IID,1510,False,False,False,False,False,False,0
e01-tds1,IID,1511,False,False,False,False,False,False,0
e01-tds1,IID,1512,False,False,False,False,False,False,0
e01-tds1,IID,1513,False,False,False,False,False,False,0
e01-tds1,IID,1514,False,False,False,False,False,False,0
e01-tds1,IID,1515,False,False,False,False,False,False,0
e01-tds1,IID,1516,False,False,False,False,False,False,0
e01-tds1,IID,1517,False,False,False,False,False,False,0
e01-tds1,IID,1518,False,False,False,False,False,False,0
e01-tds1,IID,1519,False,False,False,False,False,False,0
e01-tds1,IID,1520,False,False,False,False,False,False,0
e01-tds1,IID,1521,False,False,False,False,False,False,0
e01-tds1,IID,1522,False,False,False,False,False,False,0
e01-tds1,IID,1523,False,False,False,False,False,False,0
e01-tds1,IID,1524,False,False,False,False,False,False,0
e01-tds1,IID,1525,False,False,False,False,False,False,0
e01-tds1,IID,1526,False,False,False,True,False,False,0
e01-tds1,IID,1527,False,False,False,False,False,False,0
e01-tds1,IID,1528,False,False,False,False,False,False,0
e01-tds1,IID,1529,False,False,False,True,False,False,0
e01-tds1,IID,1530,False,False,False,False,False,False,0
e01-tds1,IID,1531,False,False,False,False,False,False,0
e01-tds1,IID,1532,False,False,False,False,False,False,0
e01-tds1,IID,1533,False,False,False,True,False,False,0
e01-tds1,IID,1534,False,False,False,False,False,False,0
e01-tds1,IID,1535,False,False,False,False,False,False,0
e01-tds1,IID,1536,False,False,False,False,False,False,0
e01-tds1,IID,1537,False,False,False,False,False,False,0
e01-tds1,IID,1538,False,False,False,True,False,False,0
e01-tds1,IID,1539,False,False,False,False,False,False,0
e01-tds1,IID,1540,False,False,False,True,False,False,0
e01-tds1,IID,1541,False,False,False,False,False,False,0
e01-tds1,IID,1542,False,False,False,False,False,False,0
e01-tds1,IID,1543,False,False,False,False,False,False,0
e01-tds1,IID,1544,False,False,False,False,False,False,0
e01-tds1,IID,1545,False,False,False,False,False,False,0
e01-tds1,IID,1546,False,False,False,False,False,False,0
e01-tds1,IID,1547,False,False,False,False,False,False,0
e01-tds1,IID,1548,False,False,False,False,False,False,0
e01-tds1,IID,1549,False,False,False,False,False,False,0
e01-tds1,IID,1550,False,False,False,False,False,False,0
e01-tds1,IID,1551,False,False,False,True,False,False,0
e01-tds1,IID,1552,False,False,False,False,False,False,0
e01-tds1,IID,1553,False,False,False,False,False,False,0
e01-tds1,IID,1554,False,False,False,False,False,False,0
e01-tds1,IID,1555,False,False,False,True,False,False,0
e01-tds1,IID,1556,False,False,False,False,False,False,0
e01-tds1,IID,1557,False,False,False,False,False,False,0
e01-tds1,IID,1558,False,False,False,False,False,False,0
e01-tds1,IID,1559,False,False,False,False,False,False,0
e01-tds1,IID,1560,False,False,False,False,False,False,0
e01-tds1,IID,1561,False,False,False,True,False,False,0
e01-tds1,IID,1562,False,False,False,True,False,False,0
e01-tds1,IID,1563,False,False,False,False,False,False,0
e01-tds1,IID,1564,False,False,False,False,False,False,0
e01-tds1,IID,1565,False,False,False,False,False,False,0
e01-tds1,IID,1566,False,False,False,True,False,False,0
e01-tds1,IID,1567,False,False,False,False,False,False,0
e01-tds1,IID,1568,False,False,False,False,False,False,0
e01-tds1,IID,1569,False,False,False,False,False,False,0
e01-tds1,IID,1570,False,False,False,False,False,False,0
e01-tds1,IID,1571,False,False,False,True,False,False,0
e01-tds1,IID,1572,False,False,False,False,False,False,0
e01-tds1,IID,1573,False,False,False,False,False,False,0
e01-tds1,IID,1574,False,False,False,False,False,False,0
e01-tds1,IID,1575,False,False,False,False,False,False,0
e01-tds1,IID,1576,False,False,False,True,False,False,0
e01-tds1,IID,1577,False,False,False,False,False,False,0
e01-tds1,IID,1578,False,False,False,False,False,False,0
e01-tds1,IID,1579,False,False,False,False,False,False,0
e01-tds1,IID,1580,False,False,False,False,False,False,0
e01-tds1,IID,1581,False,False,False,True,False,False,0
e01-tds1,IID,1582,False,False,False,False,False,False,0
e01-tds1,IID,1583,False,False,False,False,False,False,0
e01-tds1,IID,1584,False,False,False,False,False,False,0
e01-tds1,IID,1585,False,False,False,False,False,False,0
e01-tds1,IID,1586,False,False,False,False,False,False,0
e01-tds1,IID,1587,False,False,False,False,False,False,0
e01-tds1,IID,1588,False,False,False,True,False,False,0
e01-tds1,IID,1589,False,False,False,False,False,False,0
e01-tds1,IID,1590,False,False,False,False,False,False,0
e01-tds1,IID,1591,False,False,False,False,False,False,0
e01-tds1,IID,1592,False,False,False,False,False,False,0
e01-tds1,IID,1593,False,False,False,True,False,False,0
e01-tds1,IID,1594,False,False,False,True,False,False,0
e01-tds1,IID,1595,False,False,False,True,False,False,0
e01-tds1,IID,1596,False,False,False,True,False,False,0
e01-tds1,IID,1597,False,False,False,True,False,False,0
e01-tds1,IID,1598,False,False,False,False,False,False,0
e01-tds1,IID,1599,False,False,False,False,False,False,0
e01-tds1,IID,1600,False,False,False,False,False,False,0
e01-tds1,IID,1601,False,False,False,False,False,False,0
e01-tds1,IID,1602,False,False,False,False,False,False,0
e01-tds1,IID,1603,False,False,False,False,False,False,0
e01-tds1,IID,1604,False,False,False,False,False,False,0
e01-tds1,IID,1605,False,False,False,False,False,False,0
e01-tds1,IID,1606,False,False,False,False,False,False,0
e01-tds1,IID,1607,False,False,False,True,False,False,0
e01-tds1,IID,1608,False,False,False,False,False,False,0
e01-tds1,IID,1609,False,False,False,False,False,False,0
e01-tds1,IID,1610,False,False,False,False,False,False,0
e01-tds1,IID,1611,False,False,False,False,False,False,0
e01-tds1,IID,1612,False,False,False,False,False,False,0
e01-tds1,IID,1613,False,False,False,False,False,False,0
e01-tds1,IID,1614,False,False,False,False,False,False,0
e01-tds1,IID,1615,False,False,False,False,False,False,0
e01-tds1,IID,1616,False,False,False,False,False,False,0
e01-tds1,IID,1617,False,False,False,True,False,False,0
e01-tds1,IID,1618,False,False,False,False,False,False,0
e01-tds1,IID,1619,False,False,False,False,False,False,0
e01-tds1,IID,1620,False,False,False,True,False,False,0
e01-tds1,IID,1621,False,False,False,False,False,False,0
e01-tds1,IID,1622,False,False,False,False,False,False,0
e01-tds1,IID,1623,False,False,False,True,False,False,0
e01-tds1,IID,1624,False,False,False,True,False,False,0
e01-tds1,IID,1625,False,True,False,True,False,False,0
e01-tds1,IID,1626,False,False,False,True,False,False,0
e01-tds1,IID,1627,False,False,False,False,False,False,0
e01-tds1,IID,1628,False,False,False,False,False,False,0
e01-tds1,IID,1629,False,False,False,False,False,False,0
e01-tds1,IID,1630,False,False,False,False,False,False,0
e01-tds1,IID,1631,False,False,False,True,False,False,0
e01-tds1,IID,1632,False,False,False,False,False,False,0
e01-tds1,IID,1633,False,False,False,True,False,False,0
e01-tds1,IID,1634,False,False,False,False,False,False,0
e01-tds1,IID,1635,False,False,False,False,False,False,0
e01-tds1,IID,1636,False,False,False,False,False,False,0
e01-tds1,IID,1637,False,False,False,False,False,False,0
e01-tds1,IID,1638,False,False,False,False,False,False,0
e01-tds1,IID,1639,False,False,False,False,False,False,0
e01-tds1,IID,1640,False,False,False,False,False,False,0
e01-tds1,IID,1641,False,False,False,False,False,False,0
e01-tds1,IID,1642,False,False,False,True,False,False,0
e01-tds1,IID,1643,False,False,False,False,False,False,0
e01-tds1,IID,1644,False,False,False,False,False,False,0
e01-tds1,IID,1645,False,False,False,False,False,False,0
e01-tds1,IID,1646,False,False,False,False,False,False,0
e01-tds1,IID,1647,False,False,False,False,False,False,0
e01-tds1,IID,1648,False,False,False,False,False,False,0
e01-tds1,IID,1649,False,False,False,False,False,False,0
e01-tds1,IID,1650,False,False,False,False,False,False,0
e01-tds1,IID,1651,False,False,False,False,False,False,0
e01-tds1,IID,1652,True,False,False,False,False,False,0
e01-tds1,IID,1653,False,False,False,False,False,False,0
e01-tds1,IID,1654,False,False,False,False,False,False,0
e01-tds1,IID,1655,False,False,False,False,False,False,0
e01-tds1,IID,1656,False,False,False,False,False,False,0
e01-tds1,IID,1657,False,False,False,False,False,False,0
e01-tds1,IID,1658,False,False,False,True,False,False,0
e01-tds1,IID,1659,False,False,False,False,False,False,0
e01-tds1,IID,1660,False,False,False,False,False,False,0
e01-tds1,IID,1661,False,False,False,False,False,False,0
e01-tds1,IID,1662,False,False,False,False,False,False,0
e01-tds1,IID,1663,False,False,False,False,False,False,0
e01-tds1,IID,1664,False,False,False,False,False,False,0
e01-tds1,IID,1665,False,False,False,True,False,False,0
e01-tds1,IID,1666,False,False,False,True,False,False,0
e01-tds1,IID,1667,False,False,False,False,False,False,0
e01-tds1,IID,1668,False,False,False,False,False,False,0
e01-tds1,IID,1669,False,False,False,False,False,False,0
e01-tds1,IID,1670,False,False,False,False,False,False,0
e01-tds1,IID,1671,False,False,False,True,False,False,0
e01-tds1,IID,1672,False,False,False,False,False,False,0
e01-tds1,IID,1673,False,False,False,False,False,False,0
e01-tds1,IID,1674,False,False,False,False,False,False,0
e01-tds1,IID,1675,False,False,False,False,False,False,0
e01-tds1,IID,1676,False,False,False,False,False,False,0
e01-tds1,IID,1677,False,False,False,False,False,False,0
e01-tds1,IID,1678,True,False,False,False,False,False,0
e01-tds1,IID,1679,False,False,False,False,False,False,0
e01-tds1,IID,1680,False,False,False,False,False,False,0
e01-tds1,IID,1681,False,False,False,True,False,False,0
e01-tds1,IID,1682,False,False,False,False,False,False,0
e01-tds1,IID,1683,False,False,False,False,False,False,0
e01-tds1,IID,1684,False,False,False,False,False,False,0
e01-tds1,IID,1685,False,False,False,True,False,False,0
e01-tds1,IID,1686,False,False,False,False,False,False,0
e01-tds1,IID,1687,False,False,False,False,False,False,0
e01-tds1,IID,1688,False,False,False,False,False,False,0
e01-tds1,IID,1689,False,False,False,False,False,False,0
e01-tds1,IID,1690,False,False,False,False,False,False,0
e01-tds1,IID,1691,False,False,False,False,False,False,0
e01-tds1,IID,1692,False,False,False,False,False,False,0
e01-tds1,IID,1693,False,False,False,False,False,False,0
e01-tds1,IID,1694,False,False,False,False,False,False,0
e01-tds1,IID,1695,False,False,False,False,False,False,0
e01-tds1,IID,1696,False,False,False,False,False,False,0
e01-tds1,IID,1697,False,False,False,True,False,False,0
e01-tds1,IID,1698,False,False,False,False,False,False,0
e01-tds1,IID,1699,False,False,False,False,False,False,0
e01-tds1,IID,1700,False,False,False,False,False,False,0
e01-tds1,IID,1701,False,False,False,False,False,False,0
e01-tds1,IID,1702,False,False,False,False,False,False,0
e01-tds1,IID,1703,False,False,False,False,False,False,0
e01-tds1,IID,1704,False,False,False,False,False,False,0
e01-tds1,IID,1705,False,False,False,False,False,False,0
e01-tds1,IID,1706,False,False,False,False,False,False,0
e01-tds1,IID,1707,False,False,False,False,False,False,0
e01-tds1,IID,1708,False,False,False,False,False,False,0
e01-tds1,IID,1709,False,False,False,False,False,False,0
e01-tds1,IID,1710,False,False,False,False,False,False,0
e01-tds1,IID,1711,False,False,False,False,False,False,0
e01-tds1,IID,1712,False,False,False,True,False,False,0
e01-tds1,IID,1713,False,False,False,True,False,False,0
e01-tds1,IID,1714,False,False,False,False,False,False,0
e01-tds1,IID,1715,False,False,False,False,False,False,0
e01-tds1,IID,1716,False,False,False,False,False,False,0
e01-tds1,IID,1717,False,False,False,False,False,False,0
e01-tds1,IID,1718,False,False,False,False,False,False,0
e01-tds1,IID,1719,False,False,False,True,False,False,0
e01-tds1,IID,1720,False,False,False,False,False,False,0
e01-tds1,IID,1721,False,False,False,False,False,False,0
e01-tds1,IID,1722,False,False,False,False,False,False,0
e01-tds1,IID,1723,False,False,False,False,False,False,0
e01-tds1,IID,1724,False,False,False,False,False,False,0
e01-tds1,IID,1725,False,False,False,False,False,False,0
e01-tds1,IID,1726,False,False,False,False,False,False,0
e01-tds1,IID,1727,False,False,False,False,False,False,0
e01-tds1,IID,1728,False,False,False,False,False,False,0
e01-tds1,IID,1729,False,False,False,False,False,False,0
e01-tds1,IID,1730,False,False,False,False,False,False,0
e01-tds1,IID,1731,False,False,False,False,False,False,0
e01-tds1,IID,1732,False,False,False,False,False,False,0
e01-tds1,IID,1733,False,False,False,False,False,False,0
e01-tds1,IID,1734,False,False,False,False,False,False,0
e01-tds1,IID,1735,False,False,False,False,False,False,0
e01-tds1,IID,1736,False,False,False,True,False,False,0
e01-tds1,IID,1737,False,False,False,True,False,False,0
e01-tds1,IID,1738,False,False,False,False,False,False,0
e01-tds1,IID,1739,False,False,False,False,False,False,0
e01-tds1,IID,1740,False,False,False,False,False,False,0
e01-tds1,IID,1741,False,False,False,False,False,False,0
e01-tds1,IID,1742,False,False,False,False,False,False,0
e01-tds1,IID,1743,False,False,False,True,False,False,0
e01-tds1,IID,1744,False,False,False,False,False,False,0
e01-tds1,IID,1745,False,False,False,False,False,False,0
e01-tds1,IID,1746,True,False,False,False,False,False,0
e01-tds1,IID,1747,False,False,False,False,False,False,0
e01-tds1,IID,1748,False,False,False,False,False,False,0
e01-tds1,IID,1749,False,False,False,False,False,False,0
e01-tds1,IID,1750,False,False,False,False,False,False,0
e01-tds1,IID,1751,False,False,False,False,False,False,0
e01-tds1,IID,1752,False,False,False,False,False,False,0
e01-tds1,IID,1753,False,False,False,True,False,False,0
e01-tds1,IID,1754,False,False,False,False,False,False,0
e01-tds1,IID,1755,False,False,False,False,False,False,0
e01-tds1,IID,1756,False,False,False,False,False,False,0
e01-tds1,IID,1757,False,False,False,True,False,False,0
e01-tds1,IID,1758,False,False,False,False,False,False,0
e01-tds1,IID,1759,False,False,False,False,False,False,0
e01-tds1,IID,1760,False,False,False,True,False,False,0
e01-tds1,IID,1761,False,False,False,True,False,False,0
e01-tds1,IID,1762,False,False,False,False,False,False,0
e01-tds1,IID,1763,False,False,False,False,False,False,0
e01-tds1,IID,1764,False,False,False,False,False,False,0
e01-tds1,IID,1765,False,False,False,False,False,False,0
e01-tds1,IID,1766,False,False,False,True,False,False,0
e01-tds1,IID,1767,False,False,False,False,False,False,0
e01-tds1,IID,1768,False,False,False,False,False,False,0
e01-tds1,IID,1769,False,False,False,False,False,False,0
e01-tds1,IID,1770,False,False,False,False,False,False,0
e01-tds1,IID,1771,False,False,False,False,False,False,0
e01-tds1,IID,1772,False,False,False,False,False,False,0
e01-tds1,IID,1773,False,False,False,False,False,False,0
e01-tds1,IID,1774,False,False,False,False,False,False,0
e01-tds1,IID,1775,False,False,False,False,False,False,0
e01-tds1,IID,1776,False,False,False,False,False,False,0
e01-tds1,IID,1777,False,False,False,False,False,False,0
e01-tds1,IID,1778,False,False,False,False,False,False,0
e01-tds1,IID,1779,False,False,False,False,False,False,0
e01-tds1,IID,1780,False,False,False,False,False,False,0
e01-tds1,IID,1781,False,False,False,False,False,False,0
e01-tds1,IID,1782,False,False,False,False,False,False,0
e01-tds1,IID,1783,False,False,False,False,False,False,0
e01-tds1,IID,1784,False,False,False,True,False,False,0
e01-tds1,IID,1785,False,False,False,False,False,False,0
e01-tds1,IID,1786,False,False,False,False,False,False,0
e01-tds1,IID,1787,False,False,False,False,False,False,0
e01-tds1,IID,1788,False,False,False,True,False,False,0
e01-tds1,IID,1789,False,False,False,True,False,False,0
e01-tds1,IID,1790,False,False,False,False,False,False,0
e01-tds1,IID,1791,False,False,False,False,False,False,0
e01-tds1,IID,1792,False,False,False,False,False,False,0
e01-tds1,IID,1793,True,False,False,False,False,False,0
e01-tds1,IID,1794,False,False,False,False,False,False,0
e01-tds1,IID,1795,False,False,False,False,False,False,0
e01-tds1,IID,1796,False,False,False,False,False,False,0
e01-tds1,IID,1797,False,False,False,False,False,False,0
e01-tds1,IID,1798,False,False,False,False,False,False,0
e01-tds1,IID,1799,False,False,False,False,False,False,0
e01-tds1,IID,1800,False,False,False,False,False,False,0
e01-tds1,IID,1801,True,False,False,False,False,False,0
e01-tds1,IID,1802,False,False,False,False,False,False,0
e01-tds1,IID,1803,False,False,False,False,False,False,0
e01-tds1,IID,1804,False,False,False,False,False,False,0
e01-tds1,IID,1805,False,False,False,False,False,False,0
e01-tds1,IID,1806,False,False,False,False,False,False,0
e01-tds1,IID,1807,False,False,False,False,False,False,0
e01-tds1,IID,1808,False,False,False,False,False,False,0
e01-tds1,IID,1809,False,False,False,False,False,False,0
e01-tds1,IID,1810,False,False,False,False,False,False,0
e01-tds1,IID,1811,False,False,False,False,False,False,0
e01-tds1,IID,1812,False,False,False,False,False,False,0
e01-tds1,IID,1813,False,False,False,False,False,False,0
e01-tds1,IID,1814,False,False,False,False,False,False,0
e01-tds1,IID,1815,False,False,False,False,False,False,0
e01-tds1,IID,1816,False,False,False,True,False,False,0
e01-tds1,IID,1817,False,False,False,False,False,False,0
e01-tds1,IID,1818,False,False,False,False,False,False,0
e01-tds1,IID,1819,False,False,False,False,False,False,0
e01-tds1,IID,1820,False,False,False,True,False,False,0
e01-tds1,IID,1821,False,False,False,False,False,False,0
e01-tds1,IID,1822,False,False,False,False,False,False,0
e01-tds1,IID,1823,False,False,False,True,False,False,0
e01-tds1,IID,1824,False,False,False,False,False,False,0
e01-tds1,IID,1825,False,False,False,False,False,False,0
e01-tds1,IID,1826,False,False,False,True,False,False,0
e01-tds1,IID,1827,False,False,False,False,False,False,0
e01-tds1,IID,1828,False,False,False,False,False,False,0
e01-tds1,IID,1829,False,False,False,False,False,False,0
e01-tds1,IID,1830,False,False,False,False,False,False,0
e01-tds1,IID,1831,False,False,False,True,False,False,0
e01-tds1,IID,1832,False,False,False,False,False,False,0
e01-tds1,IID,1833,False,False,False,True,False,False,0
e01-tds1,IID,1834,False,False,False,False,False,False,0
e01-tds1,IID,1835,False,False,False,False,False,False,0
e01-tds1,IID,1836,False,False,False,False,False,False,0
e01-tds1,IID,1837,False,False,False,False,False,False,0
e01-tds1,IID,1838,False,False,False,False,False,False,0
e01-tds1,IID,1839,False,False,False,False,False,False,0
e01-tds1,IID,1840,False,False,False,False,False,False,0
e01-tds1,IID,1841,False,False,False,False,False,False,0
e01-tds1,IID,1842,False,False,False,False,False,False,0
e01-tds1,IID,1843,False,False,False,False,False,False,0
e01-tds1,IID,1844,False,False,False,True,False,False,0
e01-tds1,IID,1845,False,False,False,False,False,False,0
e01-tds1,IID,1846,False,False,False,False,False,False,0
e01-tds1,IID,1847,False,False,False,False,False,False,0
e01-tds1,IID,1848,False,False,False,False,False,False,0
e01-tds1,IID,1849,False,False,False,True,False,False,0
e01-tds1,IID,1850,False,False,False,True,False,False,0
e01-tds1,IID,1851,False,False,False,False,False,False,0
e01-tds1,IID,1852,False,False,False,True,False,False,0
e01-tds1,IID,1853,False,False,False,False,False,False,0
e01-tds1,IID,1854,False,False,False,True,False,False,0
e01-tds1,IID,1855,False,False,False,False,False,False,0
e01-tds1,IID,1856,False,False,False,False,False,False,0
e01-tds1,IID,1857,False,False,False,False,False,False,0
e01-tds1,IID,1858,False,False,False,False,False,False,0
e01-tds1,IID,1859,False,False,False,False,False,False,0
e01-tds1,IID,1860,False,False,False,False,False,False,0
e01-tds1,IID,1861,False,False,False,False,False,False,0
e01-tds1,IID,1862,False,False,False,False,False,False,0
e01-tds1,IID,1863,False,False,False,False,False,False,0
e01-tds1,IID,1864,False,False,False,False,False,False,0
e01-tds1,IID,1865,False,False,False,False,False,False,0
e01-tds1,IID,1866,False,False,False,False,False,False,0
e01-tds1,IID,1867,False,False,False,False,False,False,0
e01-tds1,IID,1868,False,False,False,False,False,False,0
e01-tds1,IID,1869,False,False,False,False,False,False,0
e01-tds1,IID,1870,False,False,False,False,False,False,0
e01-tds1,IID,1871,False,False,False,False,False,False,0
e01-tds1,IID,1872,False,False,False,False,False,False,0
e01-tds1,IID,1873,False,False,False,False,False,False,0
e01-tds1,IID,1874,False,False,False,False,False,False,0
e01-tds1,IID,1875,False,False,False,False,False,False,0
e01-tds1,IID,1876,False,False,False,False,False,False,0
e01-tds1,IID,1877,False,False,False,False,False,False,0
e01-tds1,IID,1878,False,False,False,False,False,False,0
e01-tds1,IID,1879,False,False,False,False,False,False,0
e01-tds1,IID,1880,False,False,False,False,False,False,0
e01-tds1,IID,1881,False,False,False,True,False,False,0
e01-tds1,IID,1882,False,False,False,False,False,False,0
e01-tds1,IID,1883,False,False,False,False,False,False,0
e01-tds1,IID,1884,False,False,False,True,False,False,0
e01-tds1,IID,1885,False,False,False,False,False,False,0
e01-tds1,IID,1886,False,False,False,False,False,False,0
e01-tds1,IID,1887,False,False,False,False,False,False,0
e01-tds1,IID,1888,False,False,False,True,False,False,0
e01-tds1,IID,1889,False,False,False,False,False,False,0
e01-tds1,IID,1890,False,False,False,False,False,False,0
e01-tds1,IID,1891,False,False,False,False,False,False,0
e01-tds1,IID,1892,False,False,False,False,False,False,0
e01-tds1,IID,1893,False,False,False,False,False,False,0
e01-tds1,IID,1894,False,False,False,False,False,False,0
e01-tds1,IID,1895,False,False,False,False,False,False,0
e01-tds1,IID,1896,False,False,False,False,False,False,0
e01-tds1,IID,1897,False,False,False,True,False,False,0
e01-tds1,IID,1898,False,False,False,False,False,False,0
e01-tds1,IID,1899,False,False,False,False,False,False,0
e01-tds1,IID,1900,False,False,False,False,False,False,0
e01-tds1,IID,1901,False,False,False,False,False,False,0
e01-tds1,IID,1902,False,False,False,False,False,False,0
e01-tds1,IID,1903,False,False,False,False,False,False,0
e01-tds1,IID,1904,False,False,False,False,False,False,0
e01-tds1,IID,1905,False,False,False,False,False,False,0
e01-tds1,IID,1906,False,False,False,True,False,False,0
e01-tds1,IID,1907,False,False,False,False,False,False,0
e01-tds1,IID,1908,False,False,False,False,False,False,0
e01-tds1,IID,1909,False,False,False,False,False,False,0
e01-tds1,IID,1910,False,False,False,True,False,False,0
e01-tds1,IID,1911,False,False,False,False,False,False,0
e01-tds1,IID,1912,False,False,False,False,False,False,0
e01-tds1,IID,1913,False,False,False,False,False,False,0
e01-tds1,IID,1914,False,False,False,False,False,False,0
e01-tds1,IID,1915,False,False,False,True,False,False,0
e01-tds1,IID,1916,False,False,False,False,False,False,0
e01-tds1,IID,1917,False,False,False,False,False,False,0
e01-tds1,IID,1918,False,False,False,False,False,False,0
e01-tds1,IID,1919,False,False,False,False,False,False,0
e01-tds1,IID,1920,False,False,False,False,False,False,0
e01-tds1,IID,1921,False,False,False,False,False,False,0
e01-tds1,IID,1922,False,False,False,False,False,False,0
e01-tds1,IID,1923,False,False,False,False,False,False,0
e01-tds1,IID,1924,False,False,False,False,False,False,0
e01-tds1,IID,1925,False,False,False,False,False,False,0
e01-tds1,IID,1926,False,False,False,False,False,False,0
e01-tds1,IID,1927,False,False,False,False,False,False,0
e01-tds1,IID,1928,False,False,False,True,False,False,0
e01-tds1,IID,1929,False,False,False,True,False,False,0
e01-tds1,IID,1930,False,False,False,False,False,False,0
e01-tds1,IID,1931,False,False,False,False,False,False,0
e01-tds1,IID,1932,False,False,False,False,False,False,0
e01-tds1,IID,1933,False,False,False,False,False,False,0
e01-tds1,IID,1934,False,False,False,False,False,False,0
e01-tds1,IID,1935,False,False,False,False,False,False,0
e01-tds1,IID,1936,False,False,False,False,False,False,0
e01-tds1,IID,1937,False,False,False,False,False,False,0
e01-tds1,IID,1938,False,False,False,False,False,False,0
e01-tds1,IID,1939,False,False,False,False,False,False,0
e01-tds1,IID,1940,False,False,False,False,False,False,0
e01-tds1,IID,1941,False,False,False,False,False,False,0
e01-tds1,IID,1942,False,False,False,False,False,False,0
e01-tds1,IID,1943,False,False,False,True,False,False,0
e01-tds1,IID,1944,False,False,False,False,False,False,0
e01-tds1,IID,1945,False,False,False,False,False,False,0
e01-tds1,IID,1946,False,False,False,False,False,False,0
e01-tds1,IID,1947,False,False,False,False,False,False,0
e01-tds1,IID,1948,False,False,False,False,False,False,0
e01-tds1,IID,1949,False,False,False,True,False,False,0
e01-tds1,IID,1950,False,False,False,False,False,False,0
e01-tds1,IID,1951,False,False,False,False,False,False,0
e01-tds1,IID,1952,False,False,False,True,False,False,0
e01-tds1,IID,1953,False,False,False,False,False,False,0
e01-tds1,IID,1954,False,False,False,False,False,False,0
e01-tds1,IID,1955,False,False,False,True,False,False,0
e01-tds1,IID,1956,False,False,False,False,False,False,0
e01-tds1,IID,1957,False,False,False,False,False,False,0
e01-tds1,IID,1958,False,False,False,False,False,False,0
e01-tds1,IID,1959,False,False,False,True,False,False,0
e01-tds1,IID,1960,False,False,False,True,False,False,0
e01-tds1,IID,1961,False,False,False,False,False,False,0
e01-tds1,IID,1962,False,False,False,False,False,False,0
e01-tds1,IID,1963,False,False,False,False,False,False,0
e01-tds1,IID,1964,False,False,False,False,False,False,0
e01-tds1,IID,1965,False,False,False,True,False,False,0
e01-tds1,IID,1966,False,False,False,False,False,False,0
e01-tds1,IID,1967,False,False,False,False,False,False,0
e01-tds1,IID,1968,False,False,False,False,False,False,0
e01-tds1,IID,1969,False,False,False,True,False,False,0
e01-tds1,IID,1970,False,False,False,False,False,False,0
e01-tds1,IID,1971,False,False,False,True,False,False,0
e01-tds1,IID,1972,False,False,False,False,False,False,0
e01-tds1,IID,1973,False,False,False,False,False,False,0
e01-tds1,IID,1974,False,False,False,False,False,False,0
e01-tds1,IID,1975,False,False,False,False,False,False,0
e01-tds1,IID,1976,False,False,False,False,False,False,0
e01-tds1,IID,1977,False,False,False,False,False,False,0
e01-tds1,IID,1978,False,False,False,False,False,False,0
e01-tds1,IID,1979,False,False,False,False,False,False,0
e01-tds1,IID,1980,False,False,False,False,False,False,0
e01-tds1,IID,1981,False,False,False,False,False,False,0
e01-tds1,IID,1982,False,False,False,False,False,False,0
e01-tds1,IID,1983,False,False,False,False,False,False,0
e01-tds1,IID,1984,False,False,False,False,False,False,0
e01-tds1,IID,1985,False,False,False,False,False,False,0
e01-tds1,IID,1986,False,False,False,False,False,False,0
e01-tds1,IID,1987,False,False,False,False,False,False,0
e01-tds1,IID,1988,False,False,False,True,False,False,0
e01-tds1,IID,1989,False,False,False,False,False,False,0
e01-tds1,IID,1990,False,False,False,False,False,False,0
e01-tds1,IID,1991,False,False,False,True,False,False,0
e01-tds1,IID,1992,False,False,False,False,False,False,0
e01-tds1,IID,1993,False,False,False,False,False,False,0
e01-tds1,IID,1994,False,False,False,False,False,False,0
e01-tds1,IID,1995,False,False,False,False,False,False,0
e01-tds1,IID,1996,False,False,False,False,False,False,0
e01-tds1,IID,1997,False,False,False,False,False,False,0
e01-tds1,IID,1998,False,False,False,False,False,False,0
e01-tds1,IID,1999,False,False,False,False,False,False,0
e01-tds1,IID,2000,False,False,False,False,False,False,0
e01-tds1,IID,2001,False,False,False,False,False,False,0
e01-tds1,IID,2002,False,False,False,False,False,False,0
e01-tds1,IID,2003,False,False,False,True,False,False,0
e01-tds1,IID,2004,False,False,False,False,False,False,0
e01-tds1,IID,2005,False,False,False,False,False,False,0
e01-tds1,IID,2006,False,False,False,False,False,False,0
e01-tds1,IID,2007,False,False,False,False,False,False,0
e01-tds1,IID,2008,False,False,False,False,False,False,0
e01-tds1,IID,2009,False,False,False,False,False,False,0
e01-tds1,IID,2010,False,False,False,False,False,False,0
e01-tds1,IID,2011,False,False,False,False,False,False,0
e01-tds1,IID,2012,False,False,False,False,False,False,0
e01-tds1,IID,2013,False,False,False,False,False,False,0
e01-tds1,IID,2014,False,False,False,False,False,False,0
e01-tds1,IID,2015,False,False,False,False,False,False,0
e01-tds1,IID,2016,False,False,False,False,False,False,0
e01-tds1,IID,2017,False,False,False,False,False,False,0
e01-tds1,IID,2018,False,False,False,False,False,False,0
e01-tds1,IID,2019,False,False,False,False,False,False,0
e01-tds1,IID,2020,False,False,False,False,False,False,0
e01-tds1,IID,2021,False,False,False,False,False,False,0
e01-tds1,IID,2022,False,False,False,False,False,False,0
e01-tds1,IID,2023,False,False,False,False,False,False,0
e01-tds1,IID,2024,False,False,False,False,False,False,0
e01-tds1,IID,2025,False,False,False,True,False,False,0
e01-tds1,IID,2026,False,False,False,False,False,False,0
e01-tds1,IID,2027,False,False,False,True,False,False,0
e01-tds1,IID,2028,False,False,False,True,False,False,0
e01-tds1,IID,2029,False,False,False,False,False,False,0
e01-tds1,IID,2030,False,False,False,False,False,False,0
e01-tds1,IID,2031,False,False,False,False,False,False,0
e01-tds1,IID,2032,False,False,False,False,False,False,0
e01-tds1,IID,2033,False,False,False,True,False,False,0
e01-tds1,IID,2034,False,False,False,False,False,False,0
e01-tds1,IID,2035,False,False,False,False,False,False,0
e01-tds1,IID,2036,False,True,False,False,False,False,0
e01-tds1,IID,2037,False,False,False,False,False,False,0
e01-tds1,IID,2038,False,False,False,False,False,False,0
e01-tds1,IID,2039,False,False,False,True,False,False,0
e01-tds1,IID,2040,False,False,False,False,False,False,0
e01-tds1,IID,2041,False,False,False,False,False,False,0
e01-tds1,IID,2042,False,False,False,False,False,False,0
e01-tds1,IID,2043,False,False,False,False,False,False,0
e01-tds1,IID,2044,False,False,False,True,False,False,0
e01-tds1,IID,2045,False,False,False,False,False,False,0
e01-tds1,IID,2046,False,False,False,False,False,False,0
e01-tds1,IID,2047,False,False,False,True,False,False,0
e01-tds1,IID,2048,False,False,False,False,False,False,0
e01-tds1,IID,2049,False,False,False,False,False,False,0
e01-tds1,IID,2050,False,False,False,False,False,False,0
e01-tds1,IID,2051,False,False,False,False,False,False,0
e01-tds1,IID,2052,False,False,False,False,False,False,0
e01-tds1,IID,2053,False,False,False,False,False,False,0
e01-tds1,IID,2054,False,False,False,True,False,False,0
e01-tds1,IID,2055,False,False,False,False,False,False,0
e01-tds1,IID,2056,False,False,False,False,False,False,0
e01-tds1,IID,2057,False,False,False,False,False,False,0
e01-tds1,IID,2058,False,False,False,True,False,False,0
e01-tds1,IID,2059,False,False,False,False,False,False,0
e01-tds1,IID,2060,False,False,False,False,False,False,0
e01-tds1,IID,2061,False,False,False,False,False,False,0
e01-tds1,IID,2062,False,False,False,False,False,False,0
e01-tds1,IID,2063,False,False,False,False,False,False,0
e01-tds1,IID,2064,False,False,False,True,False,False,0
e01-tds1,IID,2065,False,False,False,True,False,False,0
e01-tds1,IID,2066,False,False,False,False,False,False,0
e01-tds1,IID,2067,False,False,False,False,False,False,0
e01-tds1,IID,2068,False,False,False,False,False,False,0
e01-tds1,IID,2069,False,False,False,False,False,False,0
e01-tds1,IID,2070,False,False,False,False,False,False,0
e01-tds1,IID,2071,False,False,False,False,False,False,0
e01-tds1,IID,2072,False,False,False,True,False,False,0
e01-tds1,IID,2073,False,False,False,False,False,False,0
e01-tds1,IID,2074,True,False,False,False,False,False,0
e01-tds1,IID,2075,True,False,False,False,False,False,0
e01-tds1,IID,2076,False,False,False,True,False,False,0
e01-tds1,IID,2077,False,False,False,False,False,False,0
e01-tds1,IID,2078,False,False,False,False,False,False,0
e01-tds1,IID,2079,False,False,False,False,False,False,0
e01-tds1,IID,2080,False,False,False,False,False,False,0
e01-tds1,IID,2081,False,False,False,False,False,False,0
e01-tds1,IID,2082,True,False,False,False,False,False,0
e01-tds1,IID,2083,False,False,False,True,False,False,0
e01-tds1,IID,2084,False,False,False,False,False,False,0
e01-tds1,IID,2085,False,False,False,False,False,False,0
e01-tds1,IID,2086,False,False,False,False,False,False,0
e01-tds1,IID,2087,False,False,False,False,False,False,0
e01-tds1,IID,2088,False,False,False,False,False,False,0
e01-tds1,IID,2089,False,False,False,False,False,False,0
e01-tds1,IID,2090,False,False,False,False,False,False,0
e01-tds1,IID,2091,False,False,False,False,False,False,0
e01-tds1,IID,2092,False,False,False,False,False,False,0
e01-tds1,IID,2093,False,False,False,False,False,False,0
e01-tds1,IID,2094,False,False,False,False,False,False,0
e01-tds1,IID,2095,False,False,False,False,False,False,0
e01-tds1,IID,2096,False,True,False,False,False,False,0
e01-tds1,IID,2097,False,False,False,True,False,False,0
e01-tds1,IID,2098,False,False,False,False,False,False,0
e01-tds1,IID,2099,False,False,False,False,False,False,0
e01-tds1,IID,2100,True,False,False,False,False,False,0
e01-tds1,IID,2101,False,False,False,False,False,False,0
e01-tds1,IID,2102,False,False,False,False,False,False,0
e01-tds1,IID,2103,False,False,False,False,False,False,0
e01-tds1,IID,2104,False,False,False,False,False,False,0
e01-tds1,IID,2105,False,False,False,False,False,False,0
e01-tds1,IID,2106,False,False,False,False,False,False,0
e01-tds1,IID,2107,False,False,False,False,False,False,0
e01-tds1,IID,2108,False,False,False,False,False,False,0
e01-tds1,IID,2109,False,False,False,False,False,False,0
e01-tds1,IID,2110,False,False,False,False,False,False,0
e01-tds1,IID,2111,False,False,False,False,False,False,0
e01-tds1,IID,2112,False,False,False,False,False,False,0
e01-tds1,IID,2113,False,False,False,False,False,False,0
e01-tds1,IID,2114,False,False,False,False,False,False,0
e01-tds1,IID,2115,False,False,False,False,False,False,0
e01-tds1,IID,2116,False,False,False,False,False,False,0
e01-tds1,IID,2117,False,False,False,False,False,False,0
e01-tds1,IID,2118,False,False,False,False,False,False,0
e01-tds1,IID,2119,False,False,False,True,False,False,0
e01-tds1,IID,2120,False,False,False,False,False,False,0
e01-tds1,IID,2121,False,False,False,False,False,False,0
e01-tds1,IID,2122,False,False,False,False,False,False,0
e01-tds1,IID,2123,False,False,False,False,False,False,0
e01-tds1,IID,2124,False,False,False,False,False,False,0
e01-tds1,IID,2125,True,False,False,True,False,False,0
e01-tds1,IID,2126,False,False,False,False,False,False,0
e01-tds1,IID,2127,False,False,False,False,False,False,0
e01-tds1,IID,2128,False,False,False,False,False,False,0
e01-tds1,IID,2129,False,False,False,False,False,False,0
e01-tds1,IID,2130,False,False,False,False,False,False,0
e01-tds1,IID,2131,False,False,False,True,False,False,0
e01-tds1,IID,2132,False,False,False,False,False,False,0
e01-tds1,IID,2133,False,False,False,False,False,False,0
e01-tds1,IID,2134,False,False,False,False,False,False,0
e01-tds1,IID,2135,True,False,False,False,False,False,0
e01-tds1,IID,2136,False,False,False,False,False,False,0
e01-tds1,IID,2137,False,False,False,True,False,False,0
e01-tds1,IID,2138,False,False,False,False,False,False,0
e01-tds1,IID,2139,False,False,False,False,False,False,0
e01-tds1,IID,2140,False,False,False,False,False,False,0
e01-tds1,IID,2141,False,False,False,True,False,False,0
e01-tds1,IID,2142,False,False,False,False,False,False,0
e01-tds1,IID,2143,False,False,False,False,False,False,0
e01-tds1,IID,2144,False,False,False,False,False,False,0
e01-tds1,IID,2145,False,False,False,False,False,False,0
e01-tds1,IID,2146,False,False,False,False,False,False,0
e01-tds1,IID,2147,False,False,False,False,False,False,0
e01-tds1,IID,2148,False,False,False,False,False,False,0
e01-tds1,IID,2149,False,False,False,False,False,False,0
e01-tds1,IID,2150,False,False,False,True,False,False,0
e01-tds1,IID,2151,False,False,False,True,False,False,0
e01-tds1,IID,2152,False,False,False,False,False,False,0
e01-tds1,IID,2153,False,False,False,False,False,False,0
e01-tds1,IID,2154,False,True,False,False,False,False,0
e01-tds1,IID,2155,False,False,False,False,False,False,0
e01-tds1,IID,2156,False,False,False,False,False,False,0
e01-tds1,IID,2157,False,False,False,False,False,False,0
e01-tds1,IID,2158,False,False,False,False,False,False,0
e01-tds1,IID,2159,False,False,False,False,False,False,0
e01-tds1,IID,2160,False,False,False,False,False,False,0
e01-tds1,IID,2161,False,False,False,False,False,False,0
e01-tds1,IID,2162,False,False,False,True,False,False,0
e01-tds1,IID,2163,False,False,False,False,False,False,0
e01-tds1,IID,2164,False,False,False,False,False,False,0
e01-tds1,IID,2165,False,False,False,False,False,False,0
e01-tds1,IID,2166,False,False,False,False,False,False,0
e01-tds1,IID,2167,False,False,False,False,False,False,0
e01-tds1,IID,2168,False,False,False,False,False,False,0
e01-tds1,IID,2169,False,False,False,False,False,False,0
e01-tds1,IID,2170,False,False,False,False,False,False,0
e01-tds1,IID,2171,False,False,False,False,False,False,0
e01-tds1,IID,2172,False,False,False,False,False,False,0
e01-tds1,IID,2173,False,False,False,True,False,False,0
e01-tds1,IID,2174,False,False,False,False,False,False,0
e01-tds1,IID,2175,False,False,False,True,False,False,0
e01-tds1,IID,2176,False,False,False,False,False,False,0
e01-tds1,IID,2177,False,False,False,False,False,False,0
e01-tds1,IID,2178,False,False,False,False,False,False,0
e01-tds1,IID,2179,False,False,False,True,False,False,0
e01-tds1,IID,2180,False,False,False,False,False,False,0
e01-tds1,IID,2181,False,False,False,False,False,False,0
e01-tds1,IID,2182,False,False,False,False,False,False,0
e01-tds1,IID,2183,False,False,False,False,False,False,0
e01-tds1,IID,2184,False,False,False,False,False,False,0
e01-tds1,IID,2185,False,False,False,False,False,False,0
e01-tds1,IID,2186,False,False,False,False,False,False,0
e01-tds1,IID,2187,False,False,False,False,False,False,0
e01-tds1,IID,2188,False,False,False,False,False,False,0
e01-tds1,IID,2189,False,False,False,False,False,False,0
e01-tds1,IID,2190,False,False,False,False,False,False,0
e01-tds1,IID,2191,False,False,False,False,False,False,0
e01-tds1,IID,2192,False,False,False,False,False,False,0
e01-tds1,IID,2193,False,False,False,False,False,False,0
e01-tds1,IID,2194,False,False,False,False,False,False,0
e01-tds1,IID,2195,False,False,False,False,False,False,0
e01-tds1,IID,2196,False,False,False,False,False,False,0
e01-tds1,IID,2197,False,False,False,False,False,False,0
e01-tds1,IID,2198,False,False,False,False,False,False,0
e01-tds1,IID,2199,False,False,False,False,False,False,0
e01-tds1,IID,2200,False,False,False,False,False,False,0
e01-tds1,IID,2201,False,False,False,False,False,False,0
e01-tds1,IID,2202,False,False,False,False,False,False,0
e01-tds1,IID,2203,False,False,False,True,False,False,0
e01-tds1,IID,2204,False,False,False,True,False,False,0
e01-tds1,IID,2205,False,False,False,False,False,False,0
e01-tds1,IID,2206,False,False,False,False,False,False,0
e01-tds1,IID,2207,False,False,False,False,False,False,0
e01-tds1,IID,2208,False,False,False,False,False,False,0
e01-tds1,IID,2209,False,False,False,False,False,False,0
e01-tds1,IID,2210,False,False,False,False,False,False,0
e01-tds1,IID,2211,False,False,False,False,False,False,0
e01-tds1,IID,2212,False,False,False,False,False,False,0
e01-tds1,IID,2213,False,False,False,False,False,False,0
e01-tds1,IID,2214,False,False,False,False,False,False,0
e01-tds1,IID,2215,False,False,False,False,False,False,0
e01-tds1,IID,2216,False,False,False,False,False,False,0
e01-tds1,IID,2217,False,False,False,False,False,False,0
e01-tds1,IID,2218,False,False,False,True,False,False,0
e01-tds1,IID,2219,False,False,False,True,False,False,0
e01-tds1,IID,2220,False,False,False,False,False,False,0
e01-tds1,IID,2221,False,False,False,True,False,False,0
e01-tds1,IID,2222,False,False,False,False,False,False,0
e01-tds1,IID,2223,False,False,False,True,False,False,0
e01-tds1,IID,2224,False,False,False,True,False,False,0
e01-tds1,IID,2225,False,False,False,False,False,False,0
e01-tds1,IID,2226,False,False,False,False,False,False,0
e01-tds1,IID,2227,False,False,False,False,False,False,0
e01-tds1,IID,2228,False,False,False,False,False,False,0
e01-tds1,IID,2229,False,False,False,False,False,False,0
e01-tds1,IID,2230,False,False,False,False,False,False,0
e01-tds1,IID,2231,False,False,False,False,False,False,0
e01-tds1,IID,2232,False,False,False,False,False,False,0
e01-tds1,IID,2233,True,False,False,False,False,False,0
e01-tds1,IID,2234,False,False,False,False,False,False,0
e01-tds1,IID,2235,False,False,False,False,False,False,0
e01-tds1,IID,2236,False,False,False,False,False,False,0
e01-tds1,IID,2237,False,False,False,False,False,False,0
e01-tds1,IID,2238,False,False,False,True,False,False,0
e01-tds1,IID,2239,False,False,False,False,False,False,0
e01-tds1,IID,2240,False,False,False,True,False,False,0
e01-tds1,IID,2241,False,False,False,True,False,False,0
e01-tds1,IID,2242,False,False,False,False,False,False,0
e01-tds1,IID,2243,False,False,False,False,False,False,0
e01-tds1,IID,2244,False,False,False,True,False,False,0
e01-tds1,IID,2245,False,False,False,False,False,False,0
e01-tds1,IID,2246,False,False,False,False,False,False,0
e01-tds1,IID,2247,False,False,False,False,False,False,0
e01-tds1,IID,2248,False,False,False,False,False,False,0
e01-tds1,IID,2249,False,False,False,False,False,False,0
e01-tds1,IID,2250,False,False,False,False,False,False,0
e01-tds1,IID,2251,True,False,False,False,False,False,0
e01-tds1,IID,2252,False,False,False,False,False,False,0
e01-tds1,IID,2253,False,False,False,True,False,False,0
e01-tds1,IID,2254,False,False,False,False,False,False,0
e01-tds1,IID,2255,False,False,False,True,False,False,0
e01-tds1,IID,2256,False,False,False,False,False,False,0
e01-tds1,IID,2257,False,False,False,True,False,False,0
e01-tds1,IID,2258,False,False,False,False,False,False,0
e01-tds1,IID,2259,False,False,False,True,False,False,0
e01-tds1,IID,2260,False,False,False,False,False,False,0
e01-tds1,IID,2261,False,False,False,True,False,False,0
e01-tds1,IID,2262,False,False,False,False,False,False,0
e01-tds1,IID,2263,False,False,False,False,False,False,0
e01-tds1,IID,2264,False,False,False,False,False,False,0
e01-tds1,IID,2265,False,False,False,False,False,False,0
e01-tds1,IID,2266,False,False,False,True,False,False,0
e01-tds1,IID,2267,False,False,False,True,False,False,0
e01-tds1,IID,2268,False,False,False,False,False,False,0
e01-tds1,IID,2269,False,True,False,False,False,False,0
e01-tds1,IID,2270,False,False,False,False,False,False,0
e01-tds1,IID,2271,False,False,False,False,False,False,0
e01-tds1,IID,2272,False,False,False,False,False,False,0
e01-tds1,IID,2273,False,False,False,False,False,False,0
e01-tds1,IID,2274,False,False,False,False,False,False,0
e01-tds1,IID,2275,False,False,False,False,False,False,0
e01-tds1,IID,2276,False,False,False,False,False,False,0
e01-tds1,IID,2277,False,False,False,False,False,False,0
e01-tds1,IID,2278,False,False,False,True,False,False,0
e01-tds1,IID,2279,False,False,False,False,False,False,0
e01-tds1,IID,2280,False,False,False,False,False,False,0
e01-tds1,IID,2281,False,False,False,False,False,False,0
e01-tds1,IID,2282,False,False,False,False,False,False,0
e01-tds1,IID,2283,False,False,False,True,False,False,0
e01-tds1,IID,2284,False,False,False,False,False,False,0
e01-tds1,IID,2285,False,False,False,False,False,False,0
e01-tds1,IID,2286,False,False,False,False,False,False,0
e01-tds1,IID,2287,False,False,False,False,False,False,0
e01-tds1,IID,2288,False,False,False,True,False,False,0
e01-tds1,IID,2289,False,False,False,False,False,False,0
e01-tds1,IID,2290,False,False,False,False,False,False,0
e01-tds1,IID,2291,False,False,False,False,False,False,0
e01-tds1,IID,2292,False,False,False,False,False,False,0
e01-tds1,IID,2293,False,False,False,True,False,False,0
e01-tds1,IID,2294,True,False,False,False,False,False,0
e01-tds1,IID,2295,False,False,False,False,False,False,0
e01-tds1,IID,2296,False,False,False,False,False,False,0
e01-tds1,IID,2297,False,False,False,False,False,False,0
e01-tds1,IID,2298,False,False,False,True,False,False,0
e01-tds1,IID,2299,False,False,False,True,False,False,0
e01-tds1,IID,2300,False,False,False,False,False,False,0
e01-tds1,IID,2301,False,False,False,False,False,False,0
e01-tds1,IID,2302,False,False,False,False,False,False,0
e01-tds1,IID,2303,False,False,False,False,False,False,0
e01-tds1,IID,2304,False,False,False,False,False,False,0
e01-tds1,IID,2305,False,False,False,True,False,False,0
e01-tds1,IID,2306,False,False,False,True,False,False,0
e01-tds1,IID,2307,False,False,False,False,False,False,0
e01-tds1,IID,2308,False,False,False,True,False,False,0
e01-tds1,IID,2309,False,False,False,False,False,False,0
e01-tds1,IID,2310,False,False,False,False,False,False,0
e01-tds1,IID,2311,False,False,False,True,False,False,0
e01-tds1,IID,2312,False,False,False,False,False,False,0
e01-tds1,IID,2313,False,False,False,True,False,False,0
e01-tds1,IID,2314,False,False,False,False,False,False,0
e01-tds1,IID,2315,False,False,False,False,False,False,0
e01-tds1,IID,2316,False,False,False,True,False,False,0
e01-tds1,IID,2317,False,False,False,False,False,False,0
e01-tds1,IID,2318,False,False,False,False,False,False,0
e01-tds1,IID,2319,False,False,False,True,False,False,0
e01-tds1,IID,2320,False,False,False,False,False,False,0
e01-tds1,IID,2321,False,False,False,False,False,False,0
e01-tds1,IID,2322,False,False,False,True,False,False,0
e01-tds1,IID,2323,False,False,False,True,False,False,0
e01-tds1,IID,2324,False,False,False,False,False,False,0
e01-tds1,IID,2325,False,False,False,False,False,False,0
e01-tds1,IID,2326,False,False,False,False,False,False,0
e01-tds1,IID,2327,False,False,False,False,False,False,0
e01-tds1,IID,2328,False,False,False,True,False,False,0
e01-tds1,IID,2329,False,False,False,True,False,False,0
e01-tds1,IID,2330,False,False,False,False,False,False,0
e01-tds1,IID,2331,False,False,False,False,False,False,0
e01-tds1,IID,2332,False,False,False,False,False,False,0
e01-tds1,IID,2333,False,False,False,True,False,False,0
e01-tds1,IID,2334,False,False,False,False,False,False,0
e01-tds1,IID,2335,False,False,False,True,False,False,0
e01-tds1,IID,2336,False,False,False,False,False,False,0
e01-tds1,IID,2337,False,False,False,False,False,False,0
e01-tds1,IID,2338,False,False,False,True,False,False,0
e01-tds1,IID,2339,False,False,False,False,False,False,0
e01-tds1,IID,2340,False,False,False,False,False,False,0
e01-tds1,IID,2341,False,False,False,True,False,False,0
e01-tds1,IID,2342,False,False,False,False,False,False,0
e01-tds1,IID,2343,False,False,False,True,False,False,0
e01-tds1,IID,2344,False,False,False,True,False,False,0
e01-tds1,IID,2345,False,False,False,False,False,False,0
e01-tds1,IID,2346,False,False,False,False,False,False,0
e01-tds1,IID,2347,False,False,False,False,False,False,0
e01-tds1,IID,2348,False,False,False,False,False,False,0
e01-tds1,IID,2349,False,False,False,False,False,False,0
e01-tds1,IID,2350,False,False,False,False,False,False,0
e01-tds1,IID,2351,False,False,False,False,False,False,0
e01-tds1,IID,2352,False,False,False,True,False,False,0
e01-tds1,IID,2353,False,False,False,False,False,False,0
e01-tds1,IID,2354,False,False,False,True,False,False,0
e01-tds1,IID,2355,False,False,False,False,False,False,0
e01-tds1,IID,2356,False,False,False,False,False,False,0
e01-tds1,IID,2357,False,False,False,False,False,False,0
e01-tds1,IID,2358,False,False,False,False,False,False,0
e01-tds1,IID,2359,False,False,False,False,False,False,0
e01-tds1,IID,2360,False,False,False,False,False,False,0
e01-tds1,IID,2361,False,False,False,True,False,False,0
e01-tds1,IID,2362,False,False,False,False,False,False,0
e01-tds1,IID,2363,False,False,False,False,False,False,0
e01-tds1,IID,2364,False,False,False,False,False,False,0
e01-tds1,IID,2365,False,False,False,True,False,False,0
e01-tds1,IID,2366,True,False,False,False,False,False,0
e01-tds1,IID,2367,False,False,False,False,False,False,0
e01-tds1,IID,2368,False,False,False,False,False,False,0
e01-tds1,IID,2369,False,False,False,False,False,False,0
e01-tds1,IID,2370,False,False,False,False,False,False,0
e01-tds1,IID,2371,False,False,False,False,False,False,0
e01-tds1,IID,2372,False,False,False,False,False,False,0
e01-tds1,IID,2373,False,False,False,False,False,False,0
e01-tds1,IID,2374,False,False,False,False,False,False,0
e01-tds1,IID,2375,False,False,False,False,False,False,0
e01-tds1,IID,2376,False,False,False,False,False,False,0
e01-tds1,IID,2377,False,False,False,False,False,False,0
e01-tds1,IID,2378,False,False,False,True,False,False,0
e01-tds1,IID,2379,True,False,False,False,False,False,0
e01-tds1,IID,2380,False,False,False,False,False,False,0
e01-tds1,IID,2381,False,False,False,False,False,False,0
e01-tds1,IID,2382,False,False,False,False,False,False,0
e01-tds1,IID,2383,False,False,False,False,False,False,0
e01-tds1,IID,2384,False,False,False,False,False,False,0
e01-tds1,IID,2385,False,False,False,False,False,False,0
e01-tds1,IID,2386,False,False,False,True,False,False,0
e01-tds1,IID,2387,False,False,False,False,False,False,0
e01-tds1,IID,2388,False,False,False,False,False,False,0
e01-tds1,IID,2389,False,False,False,False,False,False,0
e01-tds1,IID,2390,False,False,False,False,False,False,0
e01-tds1,IID,2391,False,False,False,True,False,False,0
e01-tds1,IID,2392,False,False,False,True,False,False,0
e01-tds1,IID,2393,False,False,False,False,False,False,0
e01-tds1,IID,2394,False,False,False,True,False,False,0
e01-tds1,IID,2395,False,False,False,False,False,False,0
e01-tds1,IID,2396,False,False,False,False,False,False,0
e01-tds1,IID,2397,False,False,False,False,False,False,0
e01-tds1,IID,2398,False,False,False,True,False,False,0
e01-tds1,IID,2399,False,False,False,False,False,False,0
e01-tds1,IID,2400,False,False,False,False,False,False,0
e01-tds1,IID,2401,False,False,False,False,False,False,0
e01-tds1,IID,2402,False,False,False,False,False,False,0
e01-tds1,IID,2403,False,False,False,False,False,False,0
e01-tds1,IID,2404,False,False,False,False,False,False,0
e01-tds1,IID,2405,False,False,False,True,False,False,0
e01-tds1,IID,2406,False,False,False,False,False,False,0
e01-tds1,IID,2407,False,False,False,False,False,False,0
e01-tds1,IID,2408,False,False,False,False,False,False,0
e01-tds1,IID,2409,False,False,False,False,False,False,0
e01-tds1,IID,2410,False,False,False,False,False,False,0
e01-tds1,IID,2411,False,False,False,False,False,False,0
e01-tds1,IID,2412,False,False,False,True,False,False,0
e01-tds1,IID,2413,False,False,False,False,False,False,0
e01-tds1,IID,2414,False,False,False,False,False,False,0
e01-tds1,IID,2415,False,False,False,False,False,False,0
e01-tds1,IID,2416,False,False,False,False,False,False,0
e01-tds1,IID,2417,False,False,False,False,False,False,0
e01-tds1,IID,2418,False,False,False,False,False,False,0
e01-tds1,IID,2419,False,False,False,False,False,False,0
e01-tds1,IID,2420,False,False,False,True,False,False,0
e01-tds1,IID,2421,False,False,False,False,False,False,0
e01-tds1,IID,2422,False,False,False,True,False,False,0
e01-tds1,IID,2423,False,False,False,True,False,False,0
e01-tds1,IID,2424,False,False,False,False,False,False,0
e01-tds1,IID,2425,False,False,False,False,False,False,0
e01-tds1,IID,2426,False,False,False,False,False,False,0
e01-tds1,IID,2427,False,False,False,False,False,False,0
e01-tds1,IID,2428,False,False,False,False,False,False,0
e01-tds1,IID,2429,False,False,False,False,False,False,0
e01-tds1,IID,2430,False,False,False,True,False,False,0
e01-tds1,IID,2431,False,False,False,False,False,False,0
e01-tds1,IID,2432,False,False,False,False,False,False,0
e01-tds1,IID,2433,False,False,False,False,False,False,0
e01-tds1,IID,2434,False,False,False,False,False,False,0
e01-tds1,IID,2435,False,False,False,False,False,False,0
e01-tds1,IID,2436,False,False,False,False,False,False,0
e01-tds1,IID,2437,False,False,False,False,False,False,0
e01-tds1,IID,2438,False,False,False,False,False,False,0
e01-tds1,IID,2439,False,False,False,False,False,False,0
e01-tds1,IID,2440,False,False,False,False,False,False,0
e01-tds1,IID,2441,False,False,False,True,False,False,0
e01-tds1,IID,2442,False,False,False,False,False,False,0
e01-tds1,IID,2443,False,False,False,False,False,False,0
e01-tds1,IID,2444,False,False,False,False,False,False,0
e01-tds1,IID,2445,False,False,False,False,False,False,0
e01-tds1,IID,2446,False,False,False,False,False,False,0
e01-tds1,IID,2447,False,False,False,False,False,False,0
e01-tds1,IID,2448,False,False,False,False,False,False,0
e01-tds1,IID,2449,False,False,False,False,False,False,0
e01-tds1,IID,2450,False,False,False,False,False,False,0
e01-tds1,IID,2451,False,False,False,True,False,False,0
e01-tds1,IID,2452,False,False,False,True,False,False,0
e01-tds1,IID,2453,False,False,False,False,False,False,0
e01-tds1,IID,2454,False,False,False,False,False,False,0
e01-tds1,IID,2455,False,False,False,False,False,False,0
e01-tds1,IID,2456,False,False,False,True,False,False,0
e01-tds1,IID,2457,False,False,False,False,False,False,0
e01-tds1,IID,2458,False,False,False,False,False,False,0
e01-tds1,IID,2459,False,False,False,False,False,False,0
e01-tds1,IID,2460,False,False,False,False,False,False,0
e01-tds1,IID,2461,False,False,False,True,False,False,0
e01-tds1,IID,2462,True,False,False,False,False,False,0
e01-tds1,IID,2463,False,False,False,False,False,False,0
e01-tds1,IID,2464,False,False,False,False,False,False,0
e01-tds1,IID,2465,False,False,False,False,False,False,0
e01-tds1,IID,2466,False,False,False,False,False,False,0
e01-tds1,IID,2467,False,False,False,False,False,False,0
e01-tds1,IID,2468,False,False,False,False,False,False,0
e01-tds1,IID,2469,False,False,False,True,False,False,0
e01-tds1,IID,2470,False,False,False,False,False,False,0
e01-tds1,IID,2471,False,False,False,False,False,False,0
e01-tds1,IID,2472,False,False,False,False,False,False,0
e01-tds1,IID,2473,False,False,False,False,False,False,0
e01-tds1,IID,2474,False,False,False,False,False,False,0
e01-tds1,IID,2475,False,False,False,False,False,False,0
e01-tds1,IID,2476,False,False,False,False,False,False,0
e01-tds1,IID,2477,False,False,False,False,False,False,0
e01-tds1,IID,2478,False,False,False,False,False,False,0
e01-tds1,IID,2479,False,False,False,False,False,False,0
e01-tds1,IID,2480,False,False,False,False,False,False,0
e01-tds1,IID,2481,False,False,False,False,False,False,0
e01-tds1,IID,2482,False,False,False,False,False,False,0
e01-tds1,IID,2483,False,False,False,False,False,False,0
e01-tds1,IID,2484,False,False,False,False,False,False,0
e01-tds1,IID,2485,False,False,False,False,False,False,0
e01-tds1,IID,2486,False,False,False,False,False,False,0
e01-tds1,IID,2487,False,False,False,True,False,False,0
e01-tds1,IID,2488,False,False,False,False,False,False,0
e01-tds1,IID,2489,False,False,False,False,False,False,0
e01-tds1,IID,2490,False,False,False,False,False,False,0
e01-tds1,IID,2491,False,False,False,True,False,False,0
e01-tds1,IID,2492,False,False,False,False,False,False,0
e01-tds1,IID,2493,True,False,False,False,False,False,0
e01-tds1,IID,2494,False,False,False,False,False,False,0
e01-tds1,IID,2495,False,False,False,False,False,False,0
e01-tds1,IID,2496,False,False,False,False,False,False,0
e01-tds1,IID,2497,False,False,False,False,False,False,0
e01-tds1,IID,2498,False,False,False,False,False,False,0
e01-tds1,IID,2499,False,False,False,False,False,False,0
e01-tds1,IID,2500,False,False,False,False,False,False,0
e01-tds1,IID,2501,False,False,False,False,False,False,0
e01-tds1,IID,2502,False,False,False,False,False,False,0
e01-tds1,IID,2503,False,False,False,True,False,False,0
e01-tds1,IID,2504,False,False,False,False,False,False,0
e01-tds1,IID,2505,False,False,False,False,False,False,0
e01-tds1,IID,2506,False,False,False,False,False,False,0
e01-tds1,IID,2507,False,False,False,False,False,False,0
e01-tds1,IID,2508,False,False,False,False,False,False,0
e01-tds1,IID,2509,False,False,False,True,False,False,0
e01-tds1,IID,2510,False,False,False,False,False,False,0
e01-tds1,IID,2511,False,False,False,False,False,False,0
e01-tds1,IID,2512,False,False,False,False,False,False,0
e01-tds1,IID,2513,False,False,False,False,False,False,0
e01-tds1,IID,2514,False,False,False,False,False,False,0
e01-tds1,IID,2515,False,False,False,False,False,False,0
e01-tds1,IID,2516,False,False,False,False,False,False,0
e01-tds1,IID,2517,False,False,False,True,False,False,0
e01-tds1,IID,2518,False,False,False,False,False,False,0
e01-tds1,IID,2519,False,False,False,False,False,False,0
e01-tds1,IID,2520,False,False,False,False,False,False,0
e01-tds1,IID,2521,False,False,False,False,False,False,0
e01-tds1,IID,2522,False,False,False,False,False,False,0
e01-tds1,IID,2523,False,False,False,False,False,False,0
e01-tds1,IID,2524,False,False,False,True,False,False,0
e01-tds1,IID,2525,False,False,False,True,False,False,0
e01-tds1,IID,2526,False,False,False,False,False,False,0
e01-tds1,IID,2527,True,False,False,False,False,False,0
e01-tds1,IID,2528,False,False,False,False,False,False,0
e01-tds1,IID,2529,False,False,False,False,False,False,0
e01-tds1,IID,2530,False,False,False,False,False,False,0
e01-tds1,IID,2531,False,False,False,False,False,False,0
e01-tds1,IID,2532,False,False,False,False,False,False,0
e01-tds1,IID,2533,False,False,False,False,False,False,0
e01-tds1,IID,2534,False,False,False,False,False,False,0
e01-tds1,IID,2535,False,False,False,False,False,False,0
e01-tds1,IID,2536,False,False,False,False,False,False,0
e01-tds1,IID,2537,False,False,False,False,False,False,0
e01-tds1,IID,2538,False,False,False,False,False,False,0
e01-tds1,IID,2539,False,False,False,False,False,False,0
e01-tds1,IID,2540,False,False,False,False,False,False,0
e01-tds1,IID,2541,False,False,False,False,False,False,0
e01-tds1,IID,2542,False,False,False,False,False,False,0
e01-tds1,IID,2543,False,False,False,True,False,False,0
e01-tds1,IID,2544,False,False,False,False,False,False,0
e01-tds1,IID,2545,False,False,False,False,False,False,0
e01-tds1,IID,2546,False,False,False,False,False,False,0
e01-tds1,IID,2547,False,False,False,True,False,False,0
e01-tds1,IID,2548,False,False,False,False,False,False,0
e01-tds1,IID,2549,False,False,False,False,False,False,0
e01-tds1,IID,2550,False,False,False,False,False,False,0
e01-tds1,IID,2551,False,False,False,False,False,False,0
e01-tds1,IID,2552,False,False,False,False,False,False,0
e01-tds1,IID,2553,False,False,False,False,False,False,0
e01-tds1,IID,2554,False,False,False,False,False,False,0
e01-tds1,IID,2555,False,False,False,False,False,False,0
e01-tds1,IID,2556,False,False,False,False,False,False,0
e01-tds1,IID,2557,False,False,False,False,False,False,0
e01-tds1,IID,2558,False,False,False,False,False,False,0
e01-tds1,IID,2559,False,False,False,False,False,False,0
e01-tds1,IID,2560,False,False,False,False,False,False,0
e01-tds1,IID,2561,False,False,False,False,False,False,0
e01-tds1,IID,2562,False,False,False,False,False,False,0
e01-tds1,IID,2563,False,False,False,False,False,False,0
e01-tds1,IID,2564,False,False,False,False,False,False,0
e01-tds1,IID,2565,False,False,False,False,False,False,0
e01-tds1,IID,2566,False,False,False,False,False,False,0
e01-tds1,IID,2567,False,False,False,False,False,False,0
e01-tds1,IID,2568,False,False,False,True,False,False,0
e01-tds1,IID,2569,False,False,False,False,False,False,0
e01-tds1,IID,2570,False,False,False,False,False,False,0
e01-tds1,IID,2571,False,False,False,False,False,False,0
e01-tds1,IID,2572,False,False,False,False,False,False,0
e01-tds1,IID,2573,False,False,False,True,False,False,0
e01-tds1,IID,2574,False,False,False,True,False,False,0
e01-tds1,IID,2575,False,False,False,False,False,False,0
e01-tds1,IID,2576,False,False,False,False,False,False,0
e01-tds1,IID,2577,False,False,False,False,False,False,0
e01-tds1,IID,2578,False,False,False,True,False,False,0
e01-tds1,IID,2579,False,False,False,False,False,False,0
e01-tds1,IID,2580,False,False,False,False,False,False,0
e01-tds1,IID,2581,True,False,False,False,False,False,0
e01-tds1,IID,2582,False,False,False,False,False,False,0
e01-tds1,IID,2583,False,False,False,False,False,False,0
e01-tds1,IID,2584,False,False,False,False,False,False,0
e01-tds1,IID,2585,False,False,False,False,False,False,0
e01-tds1,IID,2586,False,False,False,False,False,False,0
e01-tds1,IID,2587,False,False,False,False,False,False,0
e01-tds1,IID,2588,False,False,False,False,False,False,0
e01-tds1,IID,2589,False,False,False,False,False,False,0
e01-tds1,IID,2590,False,False,False,False,False,False,0
e01-tds1,IID,2591,False,False,False,False,False,False,0
e01-tds1,IID,2592,False,False,False,True,False,False,0
e01-tds1,IID,2593,False,False,False,False,False,False,0
e01-tds1,IID,2594,False,False,False,True,False,False,0
e01-tds1,IID,2595,False,False,False,False,False,False,0
e01-tds1,IID,2596,False,False,False,False,False,False,0
e01-tds1,IID,2597,False,False,False,False,False,False,0
e01-tds1,IID,2598,False,False,False,False,False,False,0
e01-tds1,IID,2599,False,False,False,False,False,False,0
e01-tds1,IID,2600,False,False,False,False,False,False,0
e01-tds1,IID,2601,False,False,False,False,False,False,0
e01-tds1,IID,2602,False,False,False,False,False,False,0
e01-tds1,IID,2603,False,False,False,False,False,False,0
e01-tds1,IID,2604,False,False,False,False,False,False,0
e01-tds1,IID,2605,False,False,False,False,False,False,0
e01-tds1,IID,2606,False,False,False,False,False,False,0
e01-tds1,IID,2607,False,False,False,True,False,False,0
e01-tds1,IID,2608,True,False,False,False,False,False,0
e01-tds1,IID,2609,False,False,False,False,False,False,0
e01-tds1,IID,2610,False,False,False,False,False,False,0
e01-tds1,IID,2611,False,False,False,False,False,False,0
e01-tds1,IID,2612,False,False,False,True,False,False,0
e01-tds1,IID,2613,False,False,False,False,False,False,0
e01-tds1,IID,2614,False,False,False,False,False,False,0
e01-tds1,IID,2615,False,False,False,False,False,False,0
e01-tds1,IID,2616,False,False,False,True,False,False,0
e01-tds1,IID,2617,False,False,False,False,False,False,0
e01-tds1,IID,2618,False,False,False,False,False,False,0
e01-tds1,IID,2619,False,False,False,False,False,False,0
e01-tds1,IID,2620,False,False,False,False,False,False,0
e01-tds1,IID,2621,False,False,False,False,False,False,0
e01-tds1,IID,2622,False,False,False,False,False,False,0
e01-tds1,IID,2623,False,False,False,False,False,False,0
e01-tds1,IID,2624,False,False,False,False,False,False,0
e01-tds1,IID,2625,False,False,False,False,False,False,0
e01-tds1,IID,2626,False,False,False,False,False,False,0
e01-tds1,IID,2627,False,False,False,False,False,False,0
e01-tds1,IID,2628,False,False,False,False,False,False,0
e01-tds1,IID,2629,False,False,False,False,False,False,0
e01-tds1,IID,2630,False,False,False,False,False,False,0
e01-tds1,IID,2631,False,False,False,False,False,False,0
e01-tds1,IID,2632,False,False,False,True,False,False,0
e01-tds1,IID,2633,False,False,False,False,False,False,0
e01-tds1,IID,2634,False,False,False,False,False,False,0
e01-tds1,IID,2635,False,False,False,True,False,False,0
e01-tds1,IID,2636,False,False,False,False,False,False,0
e01-tds1,IID,2637,False,False,False,False,False,False,0
e01-tds1,IID,2638,False,False,False,False,False,False,0
e01-tds1,IID,2639,False,False,False,True,False,False,0
e01-tds1,IID,2640,False,False,False,False,False,False,0
e01-tds1,IID,2641,False,False,False,True,False,False,0
e01-tds1,IID,2642,False,False,False,True,False,False,0
e01-tds1,IID,2643,False,False,False,False,False,False,0
e01-tds1,IID,2644,False,False,False,False,False,False,0
e01-tds1,IID,2645,False,False,False,False,False,False,0
e01-tds1,IID,2646,False,False,False,False,False,False,0
e01-tds1,IID,2647,False,False,False,False,False,False,0
e01-tds1,IID,2648,False,False,False,False,False,False,0
e01-tds1,IID,2649,False,False,False,False,False,False,0
e01-tds1,IID,2650,False,False,False,False,False,False,0
e01-tds1,IID,2651,False,False,False,False,False,False,0
e01-tds1,IID,2652,False,False,False,True,False,False,0
e01-tds1,IID,2653,False,False,False,False,False,False,0
e01-tds1,IID,2654,False,False,False,False,False,False,0
e01-tds1,IID,2655,False,False,False,False,False,False,0
e01-tds1,IID,2656,False,False,False,False,False,False,0
e01-tds1,IID,2657,False,False,False,False,False,False,0
e01-tds1,IID,2658,False,False,False,False,False,False,0
e01-tds1,IID,2659,False,False,False,False,False,False,0
e01-tds1,IID,2660,False,False,False,True,False,False,0
e01-tds1,IID,2661,False,False,False,True,False,False,0
e01-tds1,IID,2662,False,False,False,False,False,False,0
e01-tds1,IID,2663,True,False,False,False,False,False,0
e01-tds1,IID,2664,False,False,False,False,False,False,0
e01-tds1,IID,2665,False,False,False,True,False,False,0
e01-tds1,IID,2666,False,False,False,False,False,False,0
e01-tds1,IID,2667,True,False,False,False,False,False,0
e01-tds1,IID,2668,False,False,False,False,False,False,0
e01-tds1,IID,2669,False,False,False,False,False,False,0
e01-tds1,IID,2670,False,False,False,False,False,False,0
e01-tds1,IID,2671,False,False,False,False,False,False,0
e01-tds1,IID,2672,False,False,False,False,False,False,0
e01-tds1,IID,2673,False,False,False,False,False,False,0
e01-tds1,IID,2674,False,False,False,True,False,False,0
e01-tds1,IID,2675,False,False,False,False,False,False,0
e01-tds1,IID,2676,False,False,False,False,False,False,0
e01-tds1,IID,2677,False,False,False,False,False,False,0
e01-tds1,IID,2678,False,False,False,False,False,False,0
e01-tds1,IID,2679,False,False,False,False,False,False,0
e01-tds1,IID,2680,False,False,False,False,False,False,0
e01-tds1,IID,2681,False,False,False,False,False,False,0
e01-tds1,IID,2682,False,False,False,False,False,False,0
e01-tds1,IID,2683,False,False,False,False,False,False,0
e01-tds1,IID,2684,False,False,False,False,False,False,0
e01-tds1,IID,2685,False,False,False,True,False,False,0
e01-tds1,IID,2686,False,False,False,False,False,False,0
e01-tds1,IID,2687,False,False,False,False,False,False,0
e01-tds1,IID,2688,False,False,False,False,False,False,0
e01-tds1,IID,2689,False,False,False,False,False,False,0
e01-tds1,IID,2690,False,False,False,False,False,False,0
e01-tds1,IID,2691,False,False,False,False,False,False,0
e01-tds1,IID,2692,False,False,False,True,False,False,0
e01-tds1,IID,2693,False,False,False,False,False,False,0
e01-tds1,IID,2694,False,False,False,False,False,False,0
e01-tds1,IID,2695,False,False,False,False,False,False,0
e01-tds1,IID,2696,False,False,False,False,False,False,0
e01-tds1,IID,2697,False,False,False,False,False,False,0
e01-tds1,IID,2698,False,False,False,True,False,False,0
e01-tds1,IID,2699,False,False,False,False,False,False,0
e01-tds1,IID,2700,False,False,False,True,False,False,0
e01-tds1,IID,2701,False,False,False,False,False,False,0
e01-tds1,IID,2702,False,False,False,False,False,False,0
e01-tds1,IID,2703,False,False,False,False,False,False,0
e01-tds1,IID,2704,False,False,False,False,False,False,0
e01-tds1,IID,2705,False,False,False,False,False,False,0
e01-tds1,IID,2706,False,False,False,False,False,False,0
e01-tds1,IID,2707,False,False,False,False,False,False,0
e01-tds1,IID,2708,False,False,False,True,False,False,0
e01-tds1,IID,2709,False,False,False,True,False,False,0
e01-tds1,IID,2710,False,False,False,False,False,False,0
e01-tds1,IID,2711,False,False,False,False,False,False,0
e01-tds1,IID,2712,False,False,False,False,False,False,0
e01-tds1,IID,2713,False,False,False,False,False,False,0
e01-tds1,IID,2714,False,False,False,False,False,False,0
e01-tds1,IID,2715,False,False,False,True,False,False,0
e01-tds1,IID,2716,False,False,False,False,False,False,0
e01-tds1,IID,2717,False,False,False,False,False,False,0
e01-tds1,IID,2718,False,False,False,False,False,False,0
e01-tds1,IID,2719,False,False,False,False,False,False,0
e01-tds1,IID,2720,False,False,False,True,False,False,0
e01-tds1,IID,2721,False,False,False,False,False,False,0
e01-tds1,IID,2722,False,False,False,False,False,False,0
e01-tds1,IID,2723,False,False,False,False,False,False,0
e01-tds1,IID,2724,False,False,False,True,False,False,0
e01-tds1,IID,2725,False,False,False,True,False,False,0
e01-tds1,IID,2726,False,False,False,False,False,False,0
e01-tds1,IID,2727,False,False,False,False,False,False,0
e01-tds1,IID,2728,False,False,False,True,False,False,0
e01-tds1,IID,2729,True,False,False,False,False,False,0
e01-tds1,IID,2730,False,False,False,True,False,False,0
e01-tds1,IID,2731,False,False,False,False,False,False,0
e01-tds1,IID,2732,False,False,False,True,False,False,0
e01-tds1,IID,2733,False,False,False,False,False,False,0
e01-tds1,IID,2734,False,False,False,False,False,False,0
e01-tds1,IID,2735,False,False,False,False,False,False,0
e01-tds1,IID,2736,False,False,False,False,False,False,0
e01-tds1,IID,2737,False,False,False,False,False,False,0
e01-tds1,IID,2738,False,False,False,True,False,False,0
e01-tds1,IID,2739,False,False,False,False,False,False,0
e01-tds1,IID,2740,False,False,False,False,False,False,0
e01-tds1,IID,2741,False,False,False,False,False,False,0
e01-tds1,IID,2742,False,False,False,True,False,False,0
e01-tds1,IID,2743,False,False,False,False,False,False,0
e01-tds1,IID,2744,False,False,False,True,False,False,0
e01-tds1,IID,2745,True,False,False,False,False,False,0
e01-tds1,IID,2746,False,False,False,True,False,False,0
e01-tds1,IID,2747,False,False,False,False,False,False,0
e01-tds1,IID,2748,False,False,False,False,False,False,0
e01-tds1,IID,2749,False,False,False,False,False,False,0
e01-tds1,IID,2750,False,False,False,False,False,False,0
e01-tds1,IID,2751,False,False,False,False,False,False,0
e01-tds1,IID,2752,False,False,False,True,False,False,0
e01-tds1,IID,2753,False,False,False,False,False,False,0
e01-tds1,IID,2754,False,False,False,False,False,False,0
e01-tds1,IID,2755,False,False,False,False,False,False,0
e01-tds1,IID,2756,False,False,False,False,False,False,0
e01-tds1,IID,2757,False,False,False,False,False,False,0
e01-tds1,IID,2758,False,False,False,False,False,False,0
e01-tds1,IID,2759,False,False,False,False,False,False,0
e01-tds1,IID,2760,False,False,False,True,False,False,0
e01-tds1,IID,2761,False,False,False,False,False,False,0
e01-tds1,IID,2762,False,False,False,False,False,False,0
e01-tds1,IID,2763,False,False,False,True,False,False,0
e01-tds1,IID,2764,False,False,False,True,False,False,0
e01-tds1,IID,2765,False,False,False,False,False,False,0
e01-tds1,IID,2766,False,False,False,False,False,False,0
e01-tds1,IID,2767,False,False,False,False,False,False,0
e01-tds1,IID,2768,False,False,False,False,False,False,0
e01-tds1,IID,2769,False,False,False,True,False,False,0
e01-tds1,IID,2770,False,False,False,False,False,False,0
e01-tds1,IID,2771,False,False,False,False,False,False,0
e01-tds1,IID,2772,False,False,False,False,False,False,0
e01-tds1,IID,2773,False,False,False,True,False,False,0
e01-tds1,IID,2774,False,False,False,False,False,False,0
e01-tds1,IID,2775,False,False,False,False,False,False,0
e01-tds1,IID,2776,False,False,False,False,False,False,0
e01-tds1,IID,2777,False,False,False,False,False,False,0
e01-tds1,IID,2778,False,False,False,False,False,False,0
e01-tds1,IID,2779,False,False,False,False,False,False,0
e01-tds1,IID,2780,False,False,False,False,False,False,0
e01-tds1,IID,2781,False,False,False,False,False,False,0
e01-tds1,IID,2782,False,False,False,False,False,False,0
e01-tds1,IID,2783,False,False,False,False,False,False,0
e01-tds1,IID,2784,False,False,False,False,False,False,0
e01-tds1,IID,2785,False,False,False,False,False,False,0
e01-tds1,IID,2786,False,False,False,False,False,False,0
e01-tds1,IID,2787,False,False,False,False,False,False,0
e01-tds1,IID,2788,False,False,False,False,False,False,0
e01-tds1,IID,2789,False,False,False,False,False,False,0
e01-tds1,IID,2790,False,False,False,True,False,False,0
e01-tds1,IID,2791,False,False,False,False,False,False,0
e01-tds1,IID,2792,False,False,False,True,False,False,0
e01-tds1,IID,2793,False,False,False,False,False,False,0
e01-tds1,IID,2794,False,False,False,False,False,False,0
e01-tds1,IID,2795,False,False,False,False,False,False,0
e01-tds1,IID,2796,False,False,False,True,False,False,0
e01-tds1,IID,2797,False,False,False,False,False,False,0
e01-tds1,IID,2798,False,False,False,False,False,False,0
e01-tds1,IID,2799,False,False,False,False,False,False,0
e01-tds1,IID,2800,False,False,False,False,False,False,0
e01-tds1,IID,2801,False,False,False,False,False,False,0
e01-tds1,IID,2802,False,False,False,False,False,False,0
e01-tds1,IID,2803,False,False,False,False,False,False,0
e01-tds1,IID,2804,False,False,False,True,False,False,0
e01-tds1,IID,2805,False,False,False,False,False,False,0
e01-tds1,IID,2806,False,False,False,False,False,False,0
e01-tds1,IID,2807,False,False,False,True,False,False,0
e01-tds1,IID,2808,False,False,False,False,False,False,0
e01-tds1,IID,2809,False,False,False,True,False,False,0
e01-tds1,IID,2810,False,False,False,False,False,False,0
e01-tds1,IID,2811,False,False,False,False,False,False,0
e01-tds1,IID,2812,False,False,False,True,False,False,0
e01-tds1,IID,2813,False,False,False,False,False,False,0
e01-tds1,IID,2814,False,False,False,False,False,False,0
e01-tds1,IID,2815,False,False,False,False,False,False,0
e01-tds1,IID,2816,False,False,False,False,False,False,0
e01-tds1,IID,2817,False,False,False,False,False,False,0
e01-tds1,IID,2818,False,False,False,True,False,False,0
e01-tds1,IID,2819,False,False,False,False,False,False,0
e01-tds1,IID,2820,False,False,False,True,False,False,0
e01-tds1,IID,2821,False,False,False,False,False,False,0
e01-tds1,IID,2822,False,False,False,False,False,False,0
e01-tds1,IID,2823,False,False,False,False,False,False,0
e01-tds1,IID,2824,False,False,False,False,False,False,0
e01-tds1,IID,2825,False,False,False,True,False,False,0
e01-tds1,IID,2826,False,False,False,False,False,False,0
e01-tds1,IID,2827,False,False,False,False,False,False,0
e01-tds1,IID,2828,False,False,False,False,False,False,0
e01-tds1,IID,2829,False,False,False,False,False,False,0
e01-tds1,IID,2830,False,False,False,False,False,False,0
e01-tds1,IID,2831,False,False,False,True,False,False,0
e01-tds1,IID,2832,False,False,False,False,False,False,0
e01-tds1,IID,2833,False,False,False,False,False,False,0
e01-tds1,IID,2834,False,False,False,False,False,False,0
e01-tds1,IID,2835,False,False,False,False,False,False,0
e01-tds1,IID,2836,False,False,False,False,False,False,0
e01-tds1,IID,2837,False,False,False,False,False,False,0
e01-tds1,IID,2838,False,False,False,False,False,False,0
e01-tds1,IID,2839,False,False,False,False,False,False,0
e01-tds1,IID,2840,False,False,False,False,False,False,0
e01-tds1,IID,2841,False,False,False,False,False,False,0
e01-tds1,IID,2842,False,False,False,False,False,False,0
e01-tds1,IID,2843,False,False,False,False,False,False,0
e01-tds1,IID,2844,False,False,False,False,False,False,0
e01-tds1,IID,2845,False,False,False,False,False,False,0
e01-tds1,IID,2846,False,False,False,False,False,False,0
e01-tds1,IID,2847,False,False,False,False,False,False,0
e01-tds1,IID,2848,False,False,False,False,False,False,0
e01-tds1,IID,2849,False,False,False,False,False,False,0
e01-tds1,IID,2850,False,False,False,False,False,False,0
e01-tds1,IID,2851,False,False,False,False,False,False,0
e01-tds1,IID,2852,False,False,False,False,False,False,0
e01-tds1,IID,2853,False,False,False,True,False,False,0
e01-tds1,IID,2854,False,False,False,False,False,False,0
e01-tds1,IID,2855,False,False,False,False,False,False,0
e01-tds1,IID,2856,False,False,False,False,False,False,0
e01-tds1,IID,2857,False,False,False,True,False,False,0
e01-tds1,IID,2858,False,False,False,True,False,False,0
e01-tds1,IID,2859,False,False,False,False,False,False,0
e01-tds1,IID,2860,False,False,False,False,False,False,0
e01-tds1,IID,2861,False,False,False,False,False,False,0
e01-tds1,IID,2862,False,False,False,False,False,False,0
e01-tds1,IID,2863,False,False,False,False,False,False,0
e01-tds1,IID,2864,False,False,False,False,False,False,0
e01-tds1,IID,2865,False,False,False,True,False,False,0
e01-tds1,IID,2866,False,False,False,False,False,False,0
e01-tds1,IID,2867,False,False,False,False,False,False,0
e01-tds1,IID,2868,False,False,False,False,False,False,0
e01-tds1,IID,2869,False,False,False,False,False,False,0
e01-tds1,IID,2870,False,False,False,False,False,False,0
e01-tds1,IID,2871,False,False,False,False,False,False,0
e01-tds1,IID,2872,False,False,False,False,False,False,0
e01-tds1,IID,2873,False,False,False,False,False,False,0
e01-tds1,IID,2874,False,False,False,True,False,False,0
e01-tds1,IID,2875,False,False,False,False,False,False,0
e01-tds1,IID,2876,False,False,False,False,False,False,0
e01-tds1,IID,2877,False,False,False,False,False,False,0
e01-tds1,IID,2878,False,False,False,False,False,False,0
e01-tds1,IID,2879,False,False,False,True,False,False,0
e01-tds1,IID,2880,False,False,False,False,False,False,0
e01-tds1,IID,2881,False,False,False,False,False,False,0
e01-tds1,IID,2882,False,False,False,False,False,False,0
e01-tds1,IID,2883,False,False,False,False,False,False,0
e01-tds1,IID,2884,False,False,False,False,False,False,0
e01-tds1,IID,2885,False,False,False,False,False,False,0
e01-tds1,IID,2886,True,False,False,False,False,False,0
e01-tds1,IID,2887,False,False,False,False,False,False,0
e01-tds1,IID,2888,False,False,False,True,False,False,0
e01-tds1,IID,2889,False,False,False,True,False,False,0
e01-tds1,IID,2890,False,False,False,True,False,False,0
e01-tds1,IID,2891,False,False,False,False,False,False,0
e01-tds1,IID,2892,False,False,False,False,False,False,0
e01-tds1,IID,2893,False,False,False,True,False,False,0
e01-tds1,IID,2894,False,False,False,True,False,False,0
e01-tds1,IID,2895,False,False,False,True,False,False,0
e01-tds1,IID,2896,False,False,False,False,False,False,0
e01-tds1,IID,2897,False,False,False,True,False,False,0
e01-tds1,IID,2898,False,False,False,False,False,False,0
e01-tds1,IID,2899,False,False,False,False,False,False,0
e01-tds1,IID,2900,False,False,False,False,False,False,0
e01-tds1,IID,2901,False,False,False,False,False,False,0
e01-tds1,IID,2902,False,False,False,False,False,False,0
e01-tds1,IID,2903,False,False,False,True,False,False,0
e01-tds1,IID,2904,False,False,False,False,False,False,0
e01-tds1,IID,2905,False,False,False,False,False,False,0
e01-tds1,IID,2906,False,False,False,False,False,False,0
e01-tds1,IID,2907,False,False,False,False,False,False,0
e01-tds1,IID,2908,False,False,False,False,False,False,0
e01-tds1,IID,2909,False,False,False,True,False,False,0
e01-tds1,IID,2910,False,False,False,False,False,False,0
e01-tds1,IID,2911,False,False,False,False,False,False,0
e01-tds1,IID,2912,False,False,False,False,False,False,0
e01-tds1,IID,2913,False,False,False,False,False,False,0
e01-tds1,IID,2914,False,False,False,False,False,False,0
e01-tds1,IID,2915,False,False,False,False,False,False,0
e01-tds1,IID,2916,False,False,False,False,False,False,0
e01-tds1,IID,2917,False,False,False,False,False,False,0
e01-tds1,IID,2918,False,False,False,False,False,False,0
e01-tds1,IID,2919,False,False,False,False,False,False,0
e01-tds1,IID,2920,False,False,False,False,False,False,0
e01-tds1,IID,2921,False,False,False,False,False,False,0
e01-tds1,IID,2922,False,False,False,False,False,False,0
e01-tds1,IID,2923,False,False,False,False,False,False,0
e01-tds1,IID,2924,False,False,False,False,False,False,0
e01-tds1,IID,2925,False,False,False,True,False,False,0
e01-tds1,IID,2926,False,False,False,False,False,False,0
e01-tds1,IID,2927,False,False,False,False,False,False,0
e01-tds1,IID,2928,False,False,False,False,False,False,0
e01-tds1,IID,2929,False,False,False,False,False,False,0
e01-tds1,IID,2930,False,False,False,False,False,False,0
e01-tds1,IID,2931,False,False,False,False,False,False,0
e01-tds1,IID,2932,False,False,False,False,False,False,0
e01-tds1,IID,2933,False,False,False,False,False,False,0
e01-tds1,IID,2934,False,False,False,False,False,False,0
e01-tds1,IID,2935,False,False,False,False,False,False,0
e01-tds1,IID,2936,False,False,False,False,False,False,0
e01-tds1,IID,2937,False,False,False,False,False,False,0
e01-tds1,IID,2938,False,False,False,True,False,False,0
e01-tds1,IID,2939,False,False,False,False,False,False,0
e01-tds1,IID,2940,False,False,False,True,False,False,0
e01-tds1,IID,2941,False,False,False,False,False,False,0
e01-tds1,IID,2942,False,False,False,False,False,False,0
e01-tds1,IID,2943,False,False,False,False,False,False,0
e01-tds1,IID,2944,False,False,False,False,False,False,0
e01-tds1,IID,2945,False,False,False,False,False,False,0
e01-tds1,IID,2946,False,False,False,False,False,False,0
e01-tds1,IID,2947,False,False,False,False,False,False,0
e01-tds1,IID,2948,False,False,False,True,False,False,0
e01-tds1,IID,2949,False,False,False,False,False,False,0
e01-tds1,IID,2950,False,False,False,False,False,False,0
e01-tds1,IID,2951,False,False,False,False,False,False,0
e01-tds1,IID,2952,False,False,False,True,False,False,0
e01-tds1,IID,2953,False,False,False,False,False,False,0
e01-tds1,IID,2954,False,False,False,True,False,False,0
e01-tds1,IID,2955,False,False,False,False,False,False,0
e01-tds1,IID,2956,False,False,False,False,False,False,0
e01-tds1,IID,2957,False,False,False,False,False,False,0
e01-tds1,IID,2958,False,False,False,True,False,False,0
e01-tds1,IID,2959,False,False,False,False,False,False,0
e01-tds1,IID,2960,False,False,False,False,False,False,0
e01-tds1,IID,2961,False,False,False,False,False,False,0
e01-tds1,IID,2962,False,False,False,False,False,False,0
e01-tds1,IID,2963,False,False,False,False,False,False,0
e01-tds1,IID,2964,False,False,False,False,False,False,0
e01-tds1,IID,2965,False,False,False,True,False,False,0
e01-tds1,IID,2966,False,False,False,True,False,False,0
e01-tds1,IID,2967,False,False,False,False,False,False,0
e01-tds1,IID,2968,False,False,False,True,False,False,0
e01-tds1,IID,2969,False,False,False,False,False,False,0
e01-tds1,IID,2970,False,False,False,True,False,False,0
e01-tds1,IID,2971,False,False,False,True,False,False,0
e01-tds1,IID,2972,False,False,False,True,False,False,0
e01-tds1,IID,2973,False,False,False,False,False,False,0
e01-tds1,IID,2974,False,False,False,False,False,False,0
e01-tds1,IID,2975,False,False,False,False,False,False,0
e01-tds1,IID,2976,False,False,False,False,False,False,0
e01-tds1,IID,2977,False,False,False,False,False,False,0
e01-tds1,IID,2978,False,False,False,False,False,False,0
e01-tds1,IID,2979,False,False,False,False,False,False,0
e01-tds1,IID,2980,False,False,False,False,False,False,0
e01-tds1,IID,2981,False,False,False,True,False,False,0
e01-tds1,IID,2982,False,False,False,False,False,False,0
e01-tds1,IID,2983,False,False,False,False,False,False,0
e01-tds1,IID,2984,False,False,False,False,False,False,0
e01-tds1,IID,2985,False,False,False,False,False,False,0
e01-tds1,IID,2986,False,False,False,False,False,False,0
e01-tds1,IID,2987,False,False,False,False,False,False,0
e01-tds1,IID,2988,False,False,False,False,False,False,0
e01-tds1,IID,2989,False,False,False,False,False,False,0
e01-tds1,IID,2990,False,False,False,True,False,False,0
e01-tds1,IID,2991,False,False,False,False,False,False,0
e01-tds1,IID,2992,False,False,False,False,False,False,0
e01-tds1,IID,2993,False,False,False,False,False,False,0
e01-tds1,IID,2994,True,False,False,False,False,False,0
e01-tds1,IID,2995,False,False,False,False,False,False,0
e01-tds1,IID,2996,False,False,False,False,False,False,0
e01-tds1,IID,2997,False,False,False,True,False,False,0
e01-tds1,IID,2998,False,False,False,False,False,False,0
e01-tds1,IID,2999,False,False,False,False,False,False,0
e01-tds1,GAUSSIAN_AR1_WEAK,0,False,False,True,False,False,False,0
e01-tds1,GAUSSIAN_AR1_WEAK,1,False,False,True,False,False,False,0
e01-tds1,GAUSSIAN_AR1_WEAK,2,False,False,True,False,False,False,0
e01-tds1,GAUSSIAN_AR1_WEAK,3,False,False,True,False,False,False,0
e01-tds1,GAUSSIAN_AR1_WEAK,4,False,False,True,False,False,False,0
e01-tds1,GAUSSIAN_AR1_WEAK,5,False,False,True,False,False,False,0
e01-tds1,GAUSSIAN_AR1_WEAK,6,False,False,True,False,False,False,0
e01-tds1,GAUSSIAN_AR1_WEAK,7,False,False,True,True,False,False,0
e01-tds1,GAUSSIAN_AR1_WEAK,8,False,False,True,False,False,False,0
e01-tds1,GAUSSIAN_AR1_WEAK,9,True,False,True,False,False,False,0
e01-tds1,GAUSSIAN_AR1_WEAK,10,False,False,True,False,False,False,0
e01-tds1,GAUSSIAN_AR1_WEAK,11,False,False,True,False,False,False,0
e01-tds1,GAUSSIAN_AR1_WEAK,12,False,False,True,True,False,False,0
e01-tds1,GAUSSIAN_AR1_WEAK,13,False,False,True,False,False,False,0
e01-tds1,GAUSSIAN_AR1_WEAK,14,False,False,True,False,False,False,0
e01-tds1,GAUSSIAN_AR1_WEAK,15,False,False,True,False,False,False,0
e01-tds1,GAUSSIAN_AR1_WEAK,16,False,False,True,False,False,False,0
e01-tds1,GAUSSIAN_AR1_WEAK,17,False,False,True,False,False,False,0
e01-tds1,GAUSSIAN_AR1_WEAK,18,False,False,True,False,False,False,0
e01-tds1,GAUSSIAN_AR1_WEAK,19,False,False,True,True,False,False,0
e01-tds1,GAUSSIAN_AR1_WEAK,20,False,False,True,False,False,False,0
e01-tds1,GAUSSIAN_AR1_WEAK,21,False,False,True,False,False,False,0
e01-tds1,GAUSSIAN_AR1_WEAK,22,False,False,True,True,False,False,0
e01-tds1,GAUSSIAN_AR1_WEAK,23,False,False,True,False,False,False,0
e01-tds1,GAUSSIAN_AR1_WEAK,24,False,False,True,False,False,False,0
e01-tds1,GAUSSIAN_AR1_WEAK,25,False,False,True,True,False,False,0
e01-tds1,GAUSSIAN_AR1_WEAK,26,False,False,True,False,False,False,0
e01-tds1,GAUSSIAN_AR1_WEAK,27,False,False,True,False,False,False,0
e01-tds1,GAUSSIAN_AR1_WEAK,28,False,False,True,False,False,False,0
e01-tds1,GAUSSIAN_AR1_WEAK,29,False,False,True,False,False,False,0
e01-tds1,GAUSSIAN_AR1_WEAK,30,False,False,True,False,False,False,0
e01-tds1,GAUSSIAN_AR1_WEAK,31,False,False,True,False,False,False,0
e01-tds1,GAUSSIAN_AR1_WEAK,32,False,False,True,False,False,False,0
e01-tds1,GAUSSIAN_AR1_WEAK,33,False,False,True,False,False,False,0
e01-tds1,GAUSSIAN_AR1_WEAK,34,False,False,True,True,False,False,0
e01-tds1,GAUSSIAN_AR1_WEAK,35,False,False,True,True,False,False,0
e01-tds1,GAUSSIAN_AR1_WEAK,36,False,False,True,False,False,False,0
e01-tds1,GAUSSIAN_AR1_WEAK,37,False,False,True,False,False,False,0
e01-tds1,GAUSSIAN_AR1_WEAK,38,False,False,True,False,False,False,0
e01-tds1,GAUSSIAN_AR1_WEAK,39,False,False,True,False,False,False,0
e01-tds1,GAUSSIAN_AR1_WEAK,40,False,False,True,False,False,False,0
e01-tds1,GAUSSIAN_AR1_WEAK,41,False,False,True,False,False,False,0
e01-tds1,GAUSSIAN_AR1_WEAK,42,False,False,True,False,False,False,0
e01-tds1,GAUSSIAN_AR1_WEAK,43,False,False,True,False,False,False,0
e01-tds1,GAUSSIAN_AR1_WEAK,44,False,False,True,False,False,False,0
e01-tds1,GAUSSIAN_AR1_WEAK,45,False,False,True,False,False,False,0
e01-tds1,GAUSSIAN_AR1_WEAK,46,False,False,True,False,False,False,0
e01-tds1,GAUSSIAN_AR1_WEAK,47,False,False,True,False,False,False,0
e01-tds1,GAUSSIAN_AR1_WEAK,48,False,False,True,True,False,False,0
e01-tds1,GAUSSIAN_AR1_WEAK,49,False,False,True,False,False,False,0
e01-tds1,GAUSSIAN_AR1_WEAK,50,False,False,True,True,False,False,0
e01-tds1,GAUSSIAN_AR1_WEAK,51,True,False,True,False,False,False,0
e01-tds1,GAUSSIAN_AR1_WEAK,52,True,False,True,False,False,False,0
e01-tds1,GAUSSIAN_AR1_WEAK,53,False,False,True,False,False,False,0
e01-tds1,GAUSSIAN_AR1_WEAK,54,False,False,True,False,False,False,0
e01-tds1,GAUSSIAN_AR1_WEAK,55,False,False,True,False,False,False,0
e01-tds1,GAUSSIAN_AR1_WEAK,56,False,False,True,False,False,False,0
e01-tds1,GAUSSIAN_AR1_WEAK,57,False,False,True,True,False,False,0
e01-tds1,GAUSSIAN_AR1_WEAK,58,False,False,True,False,False,False,0
e01-tds1,GAUSSIAN_AR1_WEAK,59,False,False,True,False,False,False,0
e01-tds1,GAUSSIAN_AR1_WEAK,60,False,False,True,True,False,False,0
e01-tds1,GAUSSIAN_AR1_WEAK,61,True,False,True,False,False,False,0
e01-tds1,GAUSSIAN_AR1_WEAK,62,False,False,True,False,False,False,0
e01-tds1,GAUSSIAN_AR1_WEAK,63,False,False,True,False,False,False,0
e01-tds1,GAUSSIAN_AR1_WEAK,64,False,False,True,False,False,False,0
e01-tds1,GAUSSIAN_AR1_WEAK,65,False,False,True,False,False,False,0
e01-tds1,GAUSSIAN_AR1_WEAK,66,False,False,True,False,False,False,0
e01-tds1,GAUSSIAN_AR1_WEAK,67,False,False,True,False,False,False,0
e01-tds1,GAUSSIAN_AR1_WEAK,68,False,False,True,False,False,False,0
e01-tds1,GAUSSIAN_AR1_WEAK,69,False,False,True,True,False,False,0
e01-tds1,GAUSSIAN_AR1_WEAK,70,False,False,True,False,False,False,0
e01-tds1,GAUSSIAN_AR1_WEAK,71,False,False,True,True,False,False,0
e01-tds1,GAUSSIAN_AR1_WEAK,72,False,False,True,False,False,False,0
e01-tds1,GAUSSIAN_AR1_WEAK,73,False,False,True,True,False,False,0
e01-tds1,GAUSSIAN_AR1_WEAK,74,False,False,True,False,False,False,0
e01-tds1,GAUSSIAN_AR1_WEAK,75,False,False,True,False,False,False,0
e01-tds1,GAUSSIAN_AR1_WEAK,76,False,False,True,False,False,False,0
e01-tds1,GAUSSIAN_AR1_WEAK,77,False,False,True,False,False,False,0
e01-tds1,GAUSSIAN_AR1_WEAK,78,False,False,True,True,False,False,0
e01-tds1,GAUSSIAN_AR1_WEAK,79,False,False,True,False,False,False,0
e01-tds1,GAUSSIAN_AR1_WEAK,80,False,False,True,False,False,False,0
e01-tds1,GAUSSIAN_AR1_WEAK,81,False,False,True,False,False,False,0
e01-tds1,GAUSSIAN_AR1_WEAK,82,False,False,True,False,False,False,0
e01-tds1,GAUSSIAN_AR1_WEAK,83,False,False,True,False,False,False,0
e01-tds1,GAUSSIAN_AR1_WEAK,84,False,False,True,True,False,False,0
e01-tds1,GAUSSIAN_AR1_WEAK,85,False,False,True,True,False,False,0
e01-tds1,GAUSSIAN_AR1_WEAK,86,False,False,True,False,False,False,0
e01-tds1,GAUSSIAN_AR1_WEAK,87,False,False,True,False,False,False,0
e01-tds1,GAUSSIAN_AR1_WEAK,88,False,False,True,False,False,False,0
e01-tds1,GAUSSIAN_AR1_WEAK,89,False,False,True,False,False,False,0
e01-tds1,GAUSSIAN_AR1_WEAK,90,False,False,True,False,False,False,0
e01-tds1,GAUSSIAN_AR1_WEAK,91,False,False,True,True,False,False,0
e01-tds1,GAUSSIAN_AR1_WEAK,92,False,False,True,True,False,False,0
e01-tds1,GAUSSIAN_AR1_WEAK,93,False,False,True,False,False,False,0
e01-tds1,GAUSSIAN_AR1_WEAK,94,False,False,True,False,False,False,0
e01-tds1,GAUSSIAN_AR1_WEAK,95,False,False,True,False,False,False,0
e01-tds1,GAUSSIAN_AR1_WEAK,96,False,False,True,True,False,False,0
e01-tds1,GAUSSIAN_AR1_WEAK,97,False,False,True,False,False,False,0
e01-tds1,GAUSSIAN_AR1_WEAK,98,False,False,True,False,False,False,0
e01-tds1,GAUSSIAN_AR1_WEAK,99,False,False,True,True,False,False,0
e01-tds1,GAUSSIAN_AR1_WEAK,100,False,False,True,False,False,False,0
e01-tds1,GAUSSIAN_AR1_WEAK,101,False,False,True,False,False,False,0
e01-tds1,GAUSSIAN_AR1_WEAK,102,False,False,True,True,False,False,0
e01-tds1,GAUSSIAN_AR1_WEAK,103,False,False,True,False,False,False,0
e01-tds1,GAUSSIAN_AR1_WEAK,104,False,False,True,False,False,False,0
e01-tds1,GAUSSIAN_AR1_WEAK,105,False,False,True,False,False,False,0
e01-tds1,GAUSSIAN_AR1_WEAK,106,False,False,True,False,False,False,0
e01-tds1,GAUSSIAN_AR1_WEAK,107,False,False,True,True,False,False,0
e01-tds1,GAUSSIAN_AR1_WEAK,108,False,False,True,False,False,False,0
e01-tds1,GAUSSIAN_AR1_WEAK,109,False,False,True,False,False,False,0
e01-tds1,GAUSSIAN_AR1_WEAK,110,False,False,True,True,False,False,0
e01-tds1,GAUSSIAN_AR1_WEAK,111,True,False,True,False,False,False,0
e01-tds1,GAUSSIAN_AR1_WEAK,112,False,False,True,False,False,False,0
e01-tds1,GAUSSIAN_AR1_WEAK,113,False,False,True,False,False,False,0
e01-tds1,GAUSSIAN_AR1_WEAK,114,False,False,True,False,False,False,0
e01-tds1,GAUSSIAN_AR1_WEAK,115,False,False,True,False,False,False,0
e01-tds1,GAUSSIAN_AR1_WEAK,116,False,False,True,False,False,False,0
e01-tds1,GAUSSIAN_AR1_WEAK,117,False,False,True,False,False,False,0
e01-tds1,GAUSSIAN_AR1_WEAK,118,False,False,True,True,False,False,0
e01-tds1,GAUSSIAN_AR1_WEAK,119,False,False,True,False,False,False,0
e01-tds1,GAUSSIAN_AR1_WEAK,120,False,False,True,False,False,False,0
e01-tds1,GAUSSIAN_AR1_WEAK,121,False,False,True,False,False,False,0
e01-tds1,GAUSSIAN_AR1_WEAK,122,False,False,True,True,False,False,0
e01-tds1,GAUSSIAN_AR1_WEAK,123,False,False,True,False,False,False,0
e01-tds1,GAUSSIAN_AR1_WEAK,124,False,False,True,False,False,False,0
e01-tds1,GAUSSIAN_AR1_WEAK,125,False,False,True,False,False,False,0
e01-tds1,GAUSSIAN_AR1_WEAK,126,False,False,True,False,False,False,0
e01-tds1,GAUSSIAN_AR1_WEAK,127,False,False,True,False,False,False,0
e01-tds1,GAUSSIAN_AR1_WEAK,128,False,False,True,False,False,False,0
e01-tds1,GAUSSIAN_AR1_WEAK,129,False,False,True,True,False,False,0
e01-tds1,GAUSSIAN_AR1_WEAK,130,False,False,True,True,False,False,0
e01-tds1,GAUSSIAN_AR1_WEAK,131,False,False,True,False,False,False,0
e01-tds1,GAUSSIAN_AR1_WEAK,132,False,False,True,False,False,False,0
e01-tds1,GAUSSIAN_AR1_WEAK,133,False,False,True,False,False,False,0
e01-tds1,GAUSSIAN_AR1_WEAK,134,False,False,True,False,False,False,0
e01-tds1,GAUSSIAN_AR1_WEAK,135,False,False,True,False,False,False,0
e01-tds1,GAUSSIAN_AR1_WEAK,136,False,False,True,False,False,False,0
e01-tds1,GAUSSIAN_AR1_WEAK,137,False,False,True,False,False,False,0
e01-tds1,GAUSSIAN_AR1_WEAK,138,False,False,True,True,False,False,0
e01-tds1,GAUSSIAN_AR1_WEAK,139,False,False,True,False,False,False,0
e01-tds1,GAUSSIAN_AR1_WEAK,140,False,False,True,False,False,False,0
e01-tds1,GAUSSIAN_AR1_WEAK,141,False,False,True,False,False,False,0
e01-tds1,GAUSSIAN_AR1_WEAK,142,False,False,True,False,False,False,0
e01-tds1,GAUSSIAN_AR1_WEAK,143,False,False,True,False,False,False,0
e01-tds1,GAUSSIAN_AR1_WEAK,144,False,False,True,False,False,False,0
e01-tds1,GAUSSIAN_AR1_WEAK,145,False,False,True,False,False,False,0
e01-tds1,GAUSSIAN_AR1_WEAK,146,False,False,True,False,False,False,0
e01-tds1,GAUSSIAN_AR1_WEAK,147,False,False,True,True,False,False,0
e01-tds1,GAUSSIAN_AR1_WEAK,148,False,False,True,False,False,False,0
e01-tds1,GAUSSIAN_AR1_WEAK,149,False,False,True,True,False,False,0
e01-tds1,GAUSSIAN_AR1_WEAK,150,True,False,True,False,False,False,0
e01-tds1,GAUSSIAN_AR1_WEAK,151,False,False,True,False,False,False,0
e01-tds1,GAUSSIAN_AR1_WEAK,152,False,False,True,False,False,False,0
e01-tds1,GAUSSIAN_AR1_WEAK,153,False,False,True,True,False,False,0
e01-tds1,GAUSSIAN_AR1_WEAK,154,False,False,True,False,False,False,0
e01-tds1,GAUSSIAN_AR1_WEAK,155,False,False,True,False,False,False,0
e01-tds1,GAUSSIAN_AR1_WEAK,156,False,False,True,True,False,False,0
e01-tds1,GAUSSIAN_AR1_WEAK,157,False,False,True,False,False,False,0
e01-tds1,GAUSSIAN_AR1_WEAK,158,False,False,True,False,False,False,0
e01-tds1,GAUSSIAN_AR1_WEAK,159,False,False,True,False,False,False,0
e01-tds1,GAUSSIAN_AR1_WEAK,160,False,False,True,False,False,False,0
e01-tds1,GAUSSIAN_AR1_WEAK,161,False,False,True,True,False,False,0
e01-tds1,GAUSSIAN_AR1_WEAK,162,False,False,True,False,False,False,0
e01-tds1,GAUSSIAN_AR1_WEAK,163,False,False,True,False,False,False,0
e01-tds1,GAUSSIAN_AR1_WEAK,164,False,False,True,True,False,False,0
e01-tds1,GAUSSIAN_AR1_WEAK,165,False,False,True,False,False,False,0
e01-tds1,GAUSSIAN_AR1_WEAK,166,False,False,True,True,False,False,0
e01-tds1,GAUSSIAN_AR1_WEAK,167,False,False,True,False,False,False,0
e01-tds1,GAUSSIAN_AR1_WEAK,168,False,False,True,False,False,False,0
e01-tds1,GAUSSIAN_AR1_WEAK,169,False,False,True,False,False,False,0
e01-tds1,GAUSSIAN_AR1_WEAK,170,False,False,True,False,False,False,0
e01-tds1,GAUSSIAN_AR1_WEAK,171,False,False,True,False,False,False,0
e01-tds1,GAUSSIAN_AR1_WEAK,172,False,False,True,True,False,False,0
e01-tds1,GAUSSIAN_AR1_WEAK,173,False,False,True,False,False,False,0
e01-tds1,GAUSSIAN_AR1_WEAK,174,False,False,True,False,False,False,0
e01-tds1,GAUSSIAN_AR1_WEAK,175,False,False,True,False,False,False,0
e01-tds1,GAUSSIAN_AR1_WEAK,176,False,False,True,True,False,False,0
e01-tds1,GAUSSIAN_AR1_WEAK,177,False,False,True,False,False,False,0
e01-tds1,GAUSSIAN_AR1_WEAK,178,False,False,True,False,False,False,0
e01-tds1,GAUSSIAN_AR1_WEAK,179,False,False,True,False,False,False,0
e01-tds1,GAUSSIAN_AR1_WEAK,180,False,False,True,False,False,False,0
e01-tds1,GAUSSIAN_AR1_WEAK,181,False,False,True,True,False,False,0
e01-tds1,GAUSSIAN_AR1_WEAK,182,False,False,True,False,False,False,0
e01-tds1,GAUSSIAN_AR1_WEAK,183,False,False,True,True,False,False,0
e01-tds1,GAUSSIAN_AR1_WEAK,184,False,False,True,False,False,False,0
e01-tds1,GAUSSIAN_AR1_WEAK,185,False,False,True,True,False,False,0
e01-tds1,GAUSSIAN_AR1_WEAK,186,False,False,True,True,False,False,0
e01-tds1,GAUSSIAN_AR1_WEAK,187,False,False,True,False,False,False,0
e01-tds1,GAUSSIAN_AR1_WEAK,188,False,False,True,False,False,False,0
e01-tds1,GAUSSIAN_AR1_WEAK,189,False,False,True,False,False,False,0
e01-tds1,GAUSSIAN_AR1_WEAK,190,False,False,True,False,False,False,0
e01-tds1,GAUSSIAN_AR1_WEAK,191,False,False,True,False,False,False,0
e01-tds1,GAUSSIAN_AR1_WEAK,192,False,False,True,False,False,False,0
e01-tds1,GAUSSIAN_AR1_WEAK,193,False,False,True,True,False,False,0
e01-tds1,GAUSSIAN_AR1_WEAK,194,False,False,True,True,False,False,0
e01-tds1,GAUSSIAN_AR1_WEAK,195,False,False,True,False,False,False,0
e01-tds1,GAUSSIAN_AR1_WEAK,196,False,False,True,False,False,False,0
e01-tds1,GAUSSIAN_AR1_WEAK,197,False,False,True,False,False,False,0
e01-tds1,GAUSSIAN_AR1_WEAK,198,False,False,True,False,False,False,0
e01-tds1,GAUSSIAN_AR1_WEAK,199,False,False,True,False,False,False,0
e01-tds1,GAUSSIAN_AR1_WEAK,200,False,False,True,False,False,False,0
e01-tds1,GAUSSIAN_AR1_WEAK,201,False,False,True,False,False,False,0
e01-tds1,GAUSSIAN_AR1_WEAK,202,False,False,True,False,False,False,0
e01-tds1,GAUSSIAN_AR1_WEAK,203,False,False,True,False,False,False,0
e01-tds1,GAUSSIAN_AR1_WEAK,204,False,False,True,False,False,False,0
e01-tds1,GAUSSIAN_AR1_WEAK,205,False,False,True,False,False,False,0
e01-tds1,GAUSSIAN_AR1_WEAK,206,False,False,True,False,False,False,0
e01-tds1,GAUSSIAN_AR1_WEAK,207,False,False,True,False,False,False,0
e01-tds1,GAUSSIAN_AR1_WEAK,208,False,False,True,False,False,False,0
e01-tds1,GAUSSIAN_AR1_WEAK,209,False,False,True,False,False,False,0
e01-tds1,GAUSSIAN_AR1_WEAK,210,False,False,True,False,False,False,0
e01-tds1,GAUSSIAN_AR1_WEAK,211,False,False,True,False,False,False,0
e01-tds1,GAUSSIAN_AR1_WEAK,212,False,False,True,False,False,False,0
e01-tds1,GAUSSIAN_AR1_WEAK,213,False,False,True,False,False,False,0
e01-tds1,GAUSSIAN_AR1_WEAK,214,False,False,True,False,False,False,0
e01-tds1,GAUSSIAN_AR1_WEAK,215,False,False,True,False,False,False,0
e01-tds1,GAUSSIAN_AR1_WEAK,216,False,False,True,True,False,False,0
e01-tds1,GAUSSIAN_AR1_WEAK,217,False,False,True,False,False,False,0
e01-tds1,GAUSSIAN_AR1_WEAK,218,False,False,True,True,False,False,0
e01-tds1,GAUSSIAN_AR1_WEAK,219,False,False,True,True,False,False,0
e01-tds1,GAUSSIAN_AR1_WEAK,220,False,False,True,False,False,False,0
e01-tds1,GAUSSIAN_AR1_WEAK,221,False,False,True,False,False,False,0
e01-tds1,GAUSSIAN_AR1_WEAK,222,False,False,True,False,False,False,0
e01-tds1,GAUSSIAN_AR1_WEAK,223,False,False,True,False,False,False,0
e01-tds1,GAUSSIAN_AR1_WEAK,224,False,False,True,False,False,False,0
e01-tds1,GAUSSIAN_AR1_WEAK,225,False,False,True,True,False,False,0
e01-tds1,GAUSSIAN_AR1_WEAK,226,False,False,True,True,False,False,0
e01-tds1,GAUSSIAN_AR1_WEAK,227,False,False,True,False,False,False,0
e01-tds1,GAUSSIAN_AR1_WEAK,228,False,False,True,True,False,False,0
e01-tds1,GAUSSIAN_AR1_WEAK,229,False,False,True,False,False,False,0
e01-tds1,GAUSSIAN_AR1_WEAK,230,False,False,True,False,False,False,0
e01-tds1,GAUSSIAN_AR1_WEAK,231,False,False,True,False,False,False,0
e01-tds1,GAUSSIAN_AR1_WEAK,232,False,False,True,False,False,False,0
e01-tds1,GAUSSIAN_AR1_WEAK,233,False,False,True,False,False,False,0
e01-tds1,GAUSSIAN_AR1_WEAK,234,False,False,True,False,False,False,0
e01-tds1,GAUSSIAN_AR1_WEAK,235,False,False,True,True,False,False,0
e01-tds1,GAUSSIAN_AR1_WEAK,236,False,False,True,False,False,False,0
e01-tds1,GAUSSIAN_AR1_WEAK,237,False,False,True,False,False,False,0
e01-tds1,GAUSSIAN_AR1_WEAK,238,False,False,True,False,False,False,0
e01-tds1,GAUSSIAN_AR1_WEAK,239,False,False,True,True,False,False,0
e01-tds1,GAUSSIAN_AR1_WEAK,240,False,False,True,False,False,False,0
e01-tds1,GAUSSIAN_AR1_WEAK,241,False,False,True,True,False,False,0
e01-tds1,GAUSSIAN_AR1_WEAK,242,False,False,True,False,False,False,0
e01-tds1,GAUSSIAN_AR1_WEAK,243,False,False,True,False,False,False,0
e01-tds1,GAUSSIAN_AR1_WEAK,244,False,False,True,False,False,False,0
e01-tds1,GAUSSIAN_AR1_WEAK,245,False,False,True,True,False,False,0
e01-tds1,GAUSSIAN_AR1_WEAK,246,False,False,True,False,False,False,0
e01-tds1,GAUSSIAN_AR1_WEAK,247,False,False,True,False,False,False,0
e01-tds1,GAUSSIAN_AR1_WEAK,248,False,False,True,False,False,False,0
e01-tds1,GAUSSIAN_AR1_WEAK,249,False,False,True,True,False,False,0
e01-tds1,GAUSSIAN_AR1_WEAK,250,False,False,True,False,False,False,0
e01-tds1,GAUSSIAN_AR1_WEAK,251,False,False,True,False,False,False,0
e01-tds1,GAUSSIAN_AR1_WEAK,252,False,False,True,False,False,False,0
e01-tds1,GAUSSIAN_AR1_WEAK,253,False,False,True,False,False,False,0
e01-tds1,GAUSSIAN_AR1_WEAK,254,False,False,True,False,False,False,0
e01-tds1,GAUSSIAN_AR1_WEAK,255,False,False,True,False,False,False,0
e01-tds1,GAUSSIAN_AR1_WEAK,256,False,False,True,True,False,False,0
e01-tds1,GAUSSIAN_AR1_WEAK,257,False,False,True,False,False,False,0
e01-tds1,GAUSSIAN_AR1_WEAK,258,False,False,True,False,False,False,0
e01-tds1,GAUSSIAN_AR1_WEAK,259,False,False,True,False,False,False,0
e01-tds1,GAUSSIAN_AR1_WEAK,260,False,False,True,False,False,False,0
e01-tds1,GAUSSIAN_AR1_WEAK,261,False,False,True,False,False,False,0
e01-tds1,GAUSSIAN_AR1_WEAK,262,False,False,True,False,False,False,0
e01-tds1,GAUSSIAN_AR1_WEAK,263,False,False,True,False,False,False,0
e01-tds1,GAUSSIAN_AR1_WEAK,264,False,False,True,False,False,False,0
e01-tds1,GAUSSIAN_AR1_WEAK,265,False,False,True,False,False,False,0
e01-tds1,GAUSSIAN_AR1_WEAK,266,False,False,True,False,False,False,0
e01-tds1,GAUSSIAN_AR1_WEAK,267,False,False,True,False,False,False,0
e01-tds1,GAUSSIAN_AR1_WEAK,268,False,False,True,False,False,False,0
e01-tds1,GAUSSIAN_AR1_WEAK,269,False,False,True,False,False,False,0
e01-tds1,GAUSSIAN_AR1_WEAK,270,False,False,True,False,False,False,0
e01-tds1,GAUSSIAN_AR1_WEAK,271,False,False,True,False,False,False,0
e01-tds1,GAUSSIAN_AR1_WEAK,272,False,False,True,False,False,False,0
e01-tds1,GAUSSIAN_AR1_WEAK,273,False,False,True,False,False,False,0
e01-tds1,GAUSSIAN_AR1_WEAK,274,False,False,True,False,False,False,0
e01-tds1,GAUSSIAN_AR1_WEAK,275,False,False,True,False,False,False,0
e01-tds1,GAUSSIAN_AR1_WEAK,276,False,False,True,False,False,False,0
e01-tds1,GAUSSIAN_AR1_WEAK,277,False,False,True,False,False,False,0
e01-tds1,GAUSSIAN_AR1_WEAK,278,False,False,True,False,False,False,0
e01-tds1,GAUSSIAN_AR1_WEAK,279,False,False,True,False,False,False,0
e01-tds1,GAUSSIAN_AR1_WEAK,280,False,False,True,True,False,False,0
e01-tds1,GAUSSIAN_AR1_WEAK,281,False,False,True,True,False,False,0
e01-tds1,GAUSSIAN_AR1_WEAK,282,False,False,True,False,False,False,0
e01-tds1,GAUSSIAN_AR1_WEAK,283,False,False,True,False,False,False,0
e01-tds1,GAUSSIAN_AR1_WEAK,284,True,False,True,False,False,False,0
e01-tds1,GAUSSIAN_AR1_WEAK,285,False,False,True,False,False,False,0
e01-tds1,GAUSSIAN_AR1_WEAK,286,True,False,True,False,False,False,0
e01-tds1,GAUSSIAN_AR1_WEAK,287,False,False,True,True,False,False,0
e01-tds1,GAUSSIAN_AR1_WEAK,288,False,False,True,False,False,False,0
e01-tds1,GAUSSIAN_AR1_WEAK,289,False,False,True,True,False,False,0
e01-tds1,GAUSSIAN_AR1_WEAK,290,False,False,True,False,False,False,0
e01-tds1,GAUSSIAN_AR1_WEAK,291,False,False,True,False,False,False,0
e01-tds1,GAUSSIAN_AR1_WEAK,292,False,False,True,False,False,False,0
e01-tds1,GAUSSIAN_AR1_WEAK,293,False,False,True,True,False,False,0
e01-tds1,GAUSSIAN_AR1_WEAK,294,False,False,True,False,False,False,0
e01-tds1,GAUSSIAN_AR1_WEAK,295,False,False,True,True,False,False,0
e01-tds1,GAUSSIAN_AR1_WEAK,296,False,False,True,False,False,False,0
e01-tds1,GAUSSIAN_AR1_WEAK,297,False,False,True,False,False,False,0
e01-tds1,GAUSSIAN_AR1_WEAK,298,False,False,True,False,False,False,0
e01-tds1,GAUSSIAN_AR1_WEAK,299,False,False,True,False,False,False,0
e01-tds1,GAUSSIAN_AR1_WEAK,300,False,False,True,True,False,False,0
e01-tds1,GAUSSIAN_AR1_WEAK,301,False,False,True,False,False,False,0
e01-tds1,GAUSSIAN_AR1_WEAK,302,False,False,True,True,False,False,0
e01-tds1,GAUSSIAN_AR1_WEAK,303,False,False,True,False,False,False,0
e01-tds1,GAUSSIAN_AR1_WEAK,304,False,False,True,False,False,False,0
e01-tds1,GAUSSIAN_AR1_WEAK,305,False,False,True,False,False,False,0
e01-tds1,GAUSSIAN_AR1_WEAK,306,False,False,True,True,False,False,0
e01-tds1,GAUSSIAN_AR1_WEAK,307,False,False,True,False,False,False,0
e01-tds1,GAUSSIAN_AR1_WEAK,308,False,False,True,False,False,False,0
e01-tds1,GAUSSIAN_AR1_WEAK,309,False,False,True,False,False,False,0
e01-tds1,GAUSSIAN_AR1_WEAK,310,False,False,True,False,False,False,0
e01-tds1,GAUSSIAN_AR1_WEAK,311,False,False,True,False,False,False,0
e01-tds1,GAUSSIAN_AR1_WEAK,312,False,False,True,False,False,False,0
e01-tds1,GAUSSIAN_AR1_WEAK,313,False,False,True,False,False,False,0
e01-tds1,GAUSSIAN_AR1_WEAK,314,False,False,True,False,False,False,0
e01-tds1,GAUSSIAN_AR1_WEAK,315,False,False,True,False,False,False,0
e01-tds1,GAUSSIAN_AR1_WEAK,316,False,False,True,False,False,False,0
e01-tds1,GAUSSIAN_AR1_WEAK,317,False,False,True,False,False,False,0
e01-tds1,GAUSSIAN_AR1_WEAK,318,False,False,True,False,False,False,0
e01-tds1,GAUSSIAN_AR1_WEAK,319,False,False,True,False,False,False,0
e01-tds1,GAUSSIAN_AR1_WEAK,320,False,False,True,False,False,False,0
e01-tds1,GAUSSIAN_AR1_WEAK,321,False,False,True,False,False,False,0
e01-tds1,GAUSSIAN_AR1_WEAK,322,False,False,True,False,False,False,0
e01-tds1,GAUSSIAN_AR1_WEAK,323,False,False,True,False,False,False,0
e01-tds1,GAUSSIAN_AR1_WEAK,324,False,False,True,False,False,False,0
e01-tds1,GAUSSIAN_AR1_WEAK,325,False,False,True,False,False,False,0
e01-tds1,GAUSSIAN_AR1_WEAK,326,False,False,True,False,False,False,0
e01-tds1,GAUSSIAN_AR1_WEAK,327,False,False,True,False,False,False,0
e01-tds1,GAUSSIAN_AR1_WEAK,328,False,False,True,False,False,False,0
e01-tds1,GAUSSIAN_AR1_WEAK,329,False,False,True,False,False,False,0
e01-tds1,GAUSSIAN_AR1_WEAK,330,False,False,True,False,False,False,0
e01-tds1,GAUSSIAN_AR1_WEAK,331,False,False,True,False,False,False,0
e01-tds1,GAUSSIAN_AR1_WEAK,332,False,False,True,True,False,False,0
e01-tds1,GAUSSIAN_AR1_WEAK,333,False,False,True,False,False,False,0
e01-tds1,GAUSSIAN_AR1_WEAK,334,False,False,True,False,False,False,0
e01-tds1,GAUSSIAN_AR1_WEAK,335,False,False,True,False,False,False,0
e01-tds1,GAUSSIAN_AR1_WEAK,336,False,False,True,False,False,False,0
e01-tds1,GAUSSIAN_AR1_WEAK,337,False,False,True,False,False,False,0
e01-tds1,GAUSSIAN_AR1_WEAK,338,False,False,True,False,False,False,0
e01-tds1,GAUSSIAN_AR1_WEAK,339,False,False,True,False,False,False,0
e01-tds1,GAUSSIAN_AR1_WEAK,340,False,False,True,False,False,False,0
e01-tds1,GAUSSIAN_AR1_WEAK,341,False,False,True,False,False,False,0
e01-tds1,GAUSSIAN_AR1_WEAK,342,False,False,True,False,False,False,0
e01-tds1,GAUSSIAN_AR1_WEAK,343,False,False,True,True,False,False,0
e01-tds1,GAUSSIAN_AR1_WEAK,344,False,False,True,False,False,False,0
e01-tds1,GAUSSIAN_AR1_WEAK,345,False,False,True,True,False,False,0
e01-tds1,GAUSSIAN_AR1_WEAK,346,False,False,True,False,False,False,0
e01-tds1,GAUSSIAN_AR1_WEAK,347,False,False,True,False,False,False,0
e01-tds1,GAUSSIAN_AR1_WEAK,348,False,False,True,False,False,False,0
e01-tds1,GAUSSIAN_AR1_WEAK,349,False,False,True,True,False,False,0
e01-tds1,GAUSSIAN_AR1_WEAK,350,False,False,True,False,False,False,0
e01-tds1,GAUSSIAN_AR1_WEAK,351,False,False,True,False,False,False,0
e01-tds1,GAUSSIAN_AR1_WEAK,352,False,False,True,False,False,False,0
e01-tds1,GAUSSIAN_AR1_WEAK,353,False,False,True,False,False,False,0
e01-tds1,GAUSSIAN_AR1_WEAK,354,False,False,True,False,False,False,0
e01-tds1,GAUSSIAN_AR1_WEAK,355,False,False,True,False,False,False,0
e01-tds1,GAUSSIAN_AR1_WEAK,356,False,False,True,False,False,False,0
e01-tds1,GAUSSIAN_AR1_WEAK,357,False,False,True,True,False,False,0
e01-tds1,GAUSSIAN_AR1_WEAK,358,False,False,True,True,False,False,0
e01-tds1,GAUSSIAN_AR1_WEAK,359,True,False,True,False,False,False,0
e01-tds1,GAUSSIAN_AR1_WEAK,360,False,False,True,False,False,False,0
e01-tds1,GAUSSIAN_AR1_WEAK,361,False,False,True,True,False,False,0
e01-tds1,GAUSSIAN_AR1_WEAK,362,False,False,True,False,False,False,0
e01-tds1,GAUSSIAN_AR1_WEAK,363,False,False,True,False,False,False,0
e01-tds1,GAUSSIAN_AR1_WEAK,364,False,False,True,False,False,False,0
e01-tds1,GAUSSIAN_AR1_WEAK,365,False,False,True,False,False,False,0
e01-tds1,GAUSSIAN_AR1_WEAK,366,False,False,True,False,False,False,0
e01-tds1,GAUSSIAN_AR1_WEAK,367,False,False,True,False,False,False,0
e01-tds1,GAUSSIAN_AR1_WEAK,368,False,False,True,True,False,False,0
e01-tds1,GAUSSIAN_AR1_WEAK,369,False,False,True,False,False,False,0
e01-tds1,GAUSSIAN_AR1_WEAK,370,False,False,True,False,False,False,0
e01-tds1,GAUSSIAN_AR1_WEAK,371,False,False,True,False,False,False,0
e01-tds1,GAUSSIAN_AR1_WEAK,372,False,False,True,True,False,False,0
e01-tds1,GAUSSIAN_AR1_WEAK,373,False,False,True,False,False,False,0
e01-tds1,GAUSSIAN_AR1_WEAK,374,False,False,True,True,False,False,0
e01-tds1,GAUSSIAN_AR1_WEAK,375,False,False,True,False,False,False,0
e01-tds1,GAUSSIAN_AR1_WEAK,376,False,False,True,False,False,False,0
e01-tds1,GAUSSIAN_AR1_WEAK,377,False,False,True,False,False,False,0
e01-tds1,GAUSSIAN_AR1_WEAK,378,False,False,True,True,False,False,0
e01-tds1,GAUSSIAN_AR1_WEAK,379,False,False,True,False,False,False,0
e01-tds1,GAUSSIAN_AR1_WEAK,380,False,False,True,False,False,False,0
e01-tds1,GAUSSIAN_AR1_WEAK,381,False,False,True,False,False,False,0
e01-tds1,GAUSSIAN_AR1_WEAK,382,False,False,True,True,False,False,0
e01-tds1,GAUSSIAN_AR1_WEAK,383,False,False,True,False,False,False,0
e01-tds1,GAUSSIAN_AR1_WEAK,384,False,False,True,False,False,False,0
e01-tds1,GAUSSIAN_AR1_WEAK,385,False,False,True,True,False,False,0
e01-tds1,GAUSSIAN_AR1_WEAK,386,False,False,True,True,False,False,0
e01-tds1,GAUSSIAN_AR1_WEAK,387,False,False,True,False,False,False,0
e01-tds1,GAUSSIAN_AR1_WEAK,388,False,False,True,False,False,False,0
e01-tds1,GAUSSIAN_AR1_WEAK,389,False,False,True,True,False,False,0
e01-tds1,GAUSSIAN_AR1_WEAK,390,False,False,True,False,False,False,0
e01-tds1,GAUSSIAN_AR1_WEAK,391,False,False,True,True,False,False,0
e01-tds1,GAUSSIAN_AR1_WEAK,392,False,False,True,True,False,False,0
e01-tds1,GAUSSIAN_AR1_WEAK,393,False,False,True,False,False,False,0
e01-tds1,GAUSSIAN_AR1_WEAK,394,False,False,True,False,False,False,0
e01-tds1,GAUSSIAN_AR1_WEAK,395,False,False,True,False,False,False,0
e01-tds1,GAUSSIAN_AR1_WEAK,396,False,False,True,False,False,False,0
e01-tds1,GAUSSIAN_AR1_WEAK,397,False,False,True,False,False,False,0
e01-tds1,GAUSSIAN_AR1_WEAK,398,False,False,True,True,False,False,0
e01-tds1,GAUSSIAN_AR1_WEAK,399,False,False,True,False,False,False,0
e01-tds1,GAUSSIAN_AR1_WEAK,400,False,False,True,False,False,False,0
e01-tds1,GAUSSIAN_AR1_WEAK,401,False,False,True,False,False,False,0
e01-tds1,GAUSSIAN_AR1_WEAK,402,False,False,True,False,False,False,0
e01-tds1,GAUSSIAN_AR1_WEAK,403,False,False,True,True,False,False,0
e01-tds1,GAUSSIAN_AR1_WEAK,404,False,False,True,False,False,False,0
e01-tds1,GAUSSIAN_AR1_WEAK,405,False,False,True,False,False,False,0
e01-tds1,GAUSSIAN_AR1_WEAK,406,False,False,True,False,False,False,0
e01-tds1,GAUSSIAN_AR1_WEAK,407,False,False,True,False,False,False,0
e01-tds1,GAUSSIAN_AR1_WEAK,408,False,False,True,False,False,False,0
e01-tds1,GAUSSIAN_AR1_WEAK,409,False,False,True,False,False,False,0
e01-tds1,GAUSSIAN_AR1_WEAK,410,False,False,True,False,False,False,0
e01-tds1,GAUSSIAN_AR1_WEAK,411,True,False,True,False,False,False,0
e01-tds1,GAUSSIAN_AR1_WEAK,412,False,False,True,False,False,False,0
e01-tds1,GAUSSIAN_AR1_WEAK,413,False,False,True,False,False,False,0
e01-tds1,GAUSSIAN_AR1_WEAK,414,False,False,True,False,False,False,0
e01-tds1,GAUSSIAN_AR1_WEAK,415,False,False,True,False,False,False,0
e01-tds1,GAUSSIAN_AR1_WEAK,416,False,False,True,False,False,False,0
e01-tds1,GAUSSIAN_AR1_WEAK,417,False,False,True,False,False,False,0
e01-tds1,GAUSSIAN_AR1_WEAK,418,False,False,True,False,False,False,0
e01-tds1,GAUSSIAN_AR1_WEAK,419,False,False,True,False,False,False,0
e01-tds1,GAUSSIAN_AR1_WEAK,420,False,False,True,False,False,False,0
e01-tds1,GAUSSIAN_AR1_WEAK,421,False,False,True,False,False,False,0
e01-tds1,GAUSSIAN_AR1_WEAK,422,False,False,True,False,False,False,0
e01-tds1,GAUSSIAN_AR1_WEAK,423,False,False,True,False,False,False,0
e01-tds1,GAUSSIAN_AR1_WEAK,424,False,False,True,True,False,False,0
e01-tds1,GAUSSIAN_AR1_WEAK,425,False,False,True,True,False,False,0
e01-tds1,GAUSSIAN_AR1_WEAK,426,False,False,True,False,False,False,0
e01-tds1,GAUSSIAN_AR1_WEAK,427,False,False,True,True,False,False,0
e01-tds1,GAUSSIAN_AR1_WEAK,428,False,False,True,False,False,False,0
e01-tds1,GAUSSIAN_AR1_WEAK,429,False,False,True,True,False,False,0
e01-tds1,GAUSSIAN_AR1_WEAK,430,False,False,True,False,False,False,0
e01-tds1,GAUSSIAN_AR1_WEAK,431,False,False,True,True,False,False,0
e01-tds1,GAUSSIAN_AR1_WEAK,432,False,False,True,False,False,False,0
e01-tds1,GAUSSIAN_AR1_WEAK,433,False,False,True,False,False,False,0
e01-tds1,GAUSSIAN_AR1_WEAK,434,False,False,True,False,False,False,0
e01-tds1,GAUSSIAN_AR1_WEAK,435,False,False,True,False,False,False,0
e01-tds1,GAUSSIAN_AR1_WEAK,436,False,False,True,False,False,False,0
e01-tds1,GAUSSIAN_AR1_WEAK,437,False,False,True,False,False,False,0
e01-tds1,GAUSSIAN_AR1_WEAK,438,False,False,True,False,False,False,0
e01-tds1,GAUSSIAN_AR1_WEAK,439,False,False,True,True,False,False,0
e01-tds1,GAUSSIAN_AR1_WEAK,440,False,False,True,True,False,False,0
e01-tds1,GAUSSIAN_AR1_WEAK,441,False,False,True,False,False,False,0
e01-tds1,GAUSSIAN_AR1_WEAK,442,False,False,True,False,False,False,0
e01-tds1,GAUSSIAN_AR1_WEAK,443,False,False,True,False,False,False,0
e01-tds1,GAUSSIAN_AR1_WEAK,444,False,False,True,False,False,False,0
e01-tds1,GAUSSIAN_AR1_WEAK,445,False,False,True,False,False,False,0
e01-tds1,GAUSSIAN_AR1_WEAK,446,False,False,True,False,False,False,0
e01-tds1,GAUSSIAN_AR1_WEAK,447,False,False,True,False,False,False,0
e01-tds1,GAUSSIAN_AR1_WEAK,448,False,False,True,False,False,False,0
e01-tds1,GAUSSIAN_AR1_WEAK,449,False,False,True,False,False,False,0
e01-tds1,GAUSSIAN_AR1_WEAK,450,False,False,True,False,False,False,0
e01-tds1,GAUSSIAN_AR1_WEAK,451,False,False,True,False,False,False,0
e01-tds1,GAUSSIAN_AR1_WEAK,452,False,False,True,True,False,False,0
e01-tds1,GAUSSIAN_AR1_WEAK,453,False,False,True,False,False,False,0
e01-tds1,GAUSSIAN_AR1_WEAK,454,True,False,True,False,False,False,0
e01-tds1,GAUSSIAN_AR1_WEAK,455,False,False,True,False,False,False,0
e01-tds1,GAUSSIAN_AR1_WEAK,456,False,False,True,False,False,False,0
e01-tds1,GAUSSIAN_AR1_WEAK,457,False,False,True,True,False,False,0
e01-tds1,GAUSSIAN_AR1_WEAK,458,False,False,True,False,False,False,0
e01-tds1,GAUSSIAN_AR1_WEAK,459,False,False,True,False,False,False,0
e01-tds1,GAUSSIAN_AR1_WEAK,460,False,False,True,False,False,False,0
e01-tds1,GAUSSIAN_AR1_WEAK,461,False,False,True,False,False,False,0
e01-tds1,GAUSSIAN_AR1_WEAK,462,False,False,True,False,False,False,0
e01-tds1,GAUSSIAN_AR1_WEAK,463,False,False,True,False,False,False,0
e01-tds1,GAUSSIAN_AR1_WEAK,464,False,False,True,False,False,False,0
e01-tds1,GAUSSIAN_AR1_WEAK,465,False,False,True,True,False,False,0
e01-tds1,GAUSSIAN_AR1_WEAK,466,False,False,True,True,False,False,0
e01-tds1,GAUSSIAN_AR1_WEAK,467,False,False,True,False,False,False,0
e01-tds1,GAUSSIAN_AR1_WEAK,468,False,False,True,True,False,False,0
e01-tds1,GAUSSIAN_AR1_WEAK,469,False,False,True,False,False,False,0
e01-tds1,GAUSSIAN_AR1_WEAK,470,False,False,True,False,False,False,0
e01-tds1,GAUSSIAN_AR1_WEAK,471,False,False,True,True,False,False,0
e01-tds1,GAUSSIAN_AR1_WEAK,472,False,False,True,False,False,False,0
e01-tds1,GAUSSIAN_AR1_WEAK,473,False,False,True,False,False,False,0
e01-tds1,GAUSSIAN_AR1_WEAK,474,False,False,True,True,False,False,0
e01-tds1,GAUSSIAN_AR1_WEAK,475,False,False,True,False,False,False,0
e01-tds1,GAUSSIAN_AR1_WEAK,476,False,False,True,False,False,False,0
e01-tds1,GAUSSIAN_AR1_WEAK,477,False,False,True,False,False,False,0
e01-tds1,GAUSSIAN_AR1_WEAK,478,False,False,True,False,False,False,0
e01-tds1,GAUSSIAN_AR1_WEAK,479,False,False,True,False,False,False,0
e01-tds1,GAUSSIAN_AR1_WEAK,480,False,False,True,False,False,False,0
e01-tds1,GAUSSIAN_AR1_WEAK,481,False,False,True,False,False,False,0
e01-tds1,GAUSSIAN_AR1_WEAK,482,False,False,True,True,False,False,0
e01-tds1,GAUSSIAN_AR1_WEAK,483,False,False,True,False,False,False,0
e01-tds1,GAUSSIAN_AR1_WEAK,484,False,False,True,False,False,False,0
e01-tds1,GAUSSIAN_AR1_WEAK,485,False,False,True,False,False,False,0
e01-tds1,GAUSSIAN_AR1_WEAK,486,False,False,True,False,False,False,0
e01-tds1,GAUSSIAN_AR1_WEAK,487,False,False,True,False,False,False,0
e01-tds1,GAUSSIAN_AR1_WEAK,488,False,False,True,False,False,False,0
e01-tds1,GAUSSIAN_AR1_WEAK,489,False,False,True,False,False,False,0
e01-tds1,GAUSSIAN_AR1_WEAK,490,False,False,True,False,False,False,0
e01-tds1,GAUSSIAN_AR1_WEAK,491,False,False,True,False,False,False,0
e01-tds1,GAUSSIAN_AR1_WEAK,492,False,False,True,True,False,False,0
e01-tds1,GAUSSIAN_AR1_WEAK,493,False,False,True,False,False,False,0
e01-tds1,GAUSSIAN_AR1_WEAK,494,False,False,True,False,False,False,0
e01-tds1,GAUSSIAN_AR1_WEAK,495,False,False,True,False,False,False,0
e01-tds1,GAUSSIAN_AR1_WEAK,496,False,False,True,False,False,False,0
e01-tds1,GAUSSIAN_AR1_WEAK,497,False,False,True,False,False,False,0
e01-tds1,GAUSSIAN_AR1_WEAK,498,False,False,True,True,False,False,0
e01-tds1,GAUSSIAN_AR1_WEAK,499,False,False,True,False,False,False,0
e01-tds1,GAUSSIAN_AR1_WEAK,500,False,False,True,False,False,False,0
e01-tds1,GAUSSIAN_AR1_WEAK,501,False,False,True,False,False,False,0
e01-tds1,GAUSSIAN_AR1_WEAK,502,False,False,True,False,False,False,0
e01-tds1,GAUSSIAN_AR1_WEAK,503,False,False,True,True,False,False,0
e01-tds1,GAUSSIAN_AR1_WEAK,504,False,False,True,False,False,False,0
e01-tds1,GAUSSIAN_AR1_WEAK,505,False,False,True,False,False,False,0
e01-tds1,GAUSSIAN_AR1_WEAK,506,False,False,True,True,False,False,0
e01-tds1,GAUSSIAN_AR1_WEAK,507,False,False,True,False,False,False,0
e01-tds1,GAUSSIAN_AR1_WEAK,508,False,False,True,True,False,False,0
e01-tds1,GAUSSIAN_AR1_WEAK,509,False,False,True,False,False,False,0
e01-tds1,GAUSSIAN_AR1_WEAK,510,False,False,True,False,False,False,0
e01-tds1,GAUSSIAN_AR1_WEAK,511,False,False,True,False,False,False,0
e01-tds1,GAUSSIAN_AR1_WEAK,512,False,False,True,False,False,False,0
e01-tds1,GAUSSIAN_AR1_WEAK,513,True,False,True,False,False,False,0
e01-tds1,GAUSSIAN_AR1_WEAK,514,False,False,True,False,False,False,0
e01-tds1,GAUSSIAN_AR1_WEAK,515,False,False,True,True,False,False,0
e01-tds1,GAUSSIAN_AR1_WEAK,516,False,False,True,False,False,False,0
e01-tds1,GAUSSIAN_AR1_WEAK,517,False,False,True,False,False,False,0
e01-tds1,GAUSSIAN_AR1_WEAK,518,False,False,True,False,False,False,0
e01-tds1,GAUSSIAN_AR1_WEAK,519,False,False,True,False,False,False,0
e01-tds1,GAUSSIAN_AR1_WEAK,520,False,False,True,True,False,False,0
e01-tds1,GAUSSIAN_AR1_WEAK,521,False,False,True,False,False,False,0
e01-tds1,GAUSSIAN_AR1_WEAK,522,False,False,True,False,False,False,0
e01-tds1,GAUSSIAN_AR1_WEAK,523,False,False,True,True,False,False,0
e01-tds1,GAUSSIAN_AR1_WEAK,524,False,False,True,False,False,False,0
e01-tds1,GAUSSIAN_AR1_WEAK,525,False,False,True,False,False,False,0
e01-tds1,GAUSSIAN_AR1_WEAK,526,False,False,True,False,False,False,0
e01-tds1,GAUSSIAN_AR1_WEAK,527,False,False,True,False,False,False,0
e01-tds1,GAUSSIAN_AR1_WEAK,528,False,False,True,False,False,False,0
e01-tds1,GAUSSIAN_AR1_WEAK,529,False,False,True,True,False,False,0
e01-tds1,GAUSSIAN_AR1_WEAK,530,False,False,True,False,False,False,0
e01-tds1,GAUSSIAN_AR1_WEAK,531,False,False,True,True,False,False,0
e01-tds1,GAUSSIAN_AR1_WEAK,532,False,False,True,False,False,False,0
e01-tds1,GAUSSIAN_AR1_WEAK,533,False,False,True,False,False,False,0
e01-tds1,GAUSSIAN_AR1_WEAK,534,False,False,True,False,False,False,0
e01-tds1,GAUSSIAN_AR1_WEAK,535,False,False,True,False,False,False,0
e01-tds1,GAUSSIAN_AR1_WEAK,536,False,False,True,False,False,False,0
e01-tds1,GAUSSIAN_AR1_WEAK,537,False,False,True,True,False,False,0
e01-tds1,GAUSSIAN_AR1_WEAK,538,False,False,True,False,False,False,0
e01-tds1,GAUSSIAN_AR1_WEAK,539,False,False,True,False,False,False,0
e01-tds1,GAUSSIAN_AR1_WEAK,540,False,False,True,False,False,False,0
e01-tds1,GAUSSIAN_AR1_WEAK,541,False,False,True,False,False,False,0
e01-tds1,GAUSSIAN_AR1_WEAK,542,False,False,True,False,False,False,0
e01-tds1,GAUSSIAN_AR1_WEAK,543,False,False,True,False,False,False,0
e01-tds1,GAUSSIAN_AR1_WEAK,544,False,False,True,False,False,False,0
e01-tds1,GAUSSIAN_AR1_WEAK,545,False,False,True,True,False,False,0
e01-tds1,GAUSSIAN_AR1_WEAK,546,False,False,True,False,False,False,0
e01-tds1,GAUSSIAN_AR1_WEAK,547,False,False,True,False,False,False,0
e01-tds1,GAUSSIAN_AR1_WEAK,548,False,False,True,False,False,False,0
e01-tds1,GAUSSIAN_AR1_WEAK,549,False,False,True,False,False,False,0
e01-tds1,GAUSSIAN_AR1_WEAK,550,False,False,True,False,False,False,0
e01-tds1,GAUSSIAN_AR1_WEAK,551,False,False,True,False,False,False,0
e01-tds1,GAUSSIAN_AR1_WEAK,552,False,False,True,True,False,False,0
e01-tds1,GAUSSIAN_AR1_WEAK,553,False,False,True,False,False,False,0
e01-tds1,GAUSSIAN_AR1_WEAK,554,False,False,True,False,False,False,0
e01-tds1,GAUSSIAN_AR1_WEAK,555,False,False,True,False,False,False,0
e01-tds1,GAUSSIAN_AR1_WEAK,556,False,False,True,True,False,False,0
e01-tds1,GAUSSIAN_AR1_WEAK,557,False,False,True,False,False,False,0
e01-tds1,GAUSSIAN_AR1_WEAK,558,False,False,True,False,False,False,0
e01-tds1,GAUSSIAN_AR1_WEAK,559,False,False,True,True,False,False,0
e01-tds1,GAUSSIAN_AR1_WEAK,560,False,False,True,False,False,False,0
e01-tds1,GAUSSIAN_AR1_WEAK,561,False,False,True,False,False,False,0
e01-tds1,GAUSSIAN_AR1_WEAK,562,False,False,True,False,False,False,0
e01-tds1,GAUSSIAN_AR1_WEAK,563,False,False,True,False,False,False,0
e01-tds1,GAUSSIAN_AR1_WEAK,564,False,False,True,False,False,False,0
e01-tds1,GAUSSIAN_AR1_WEAK,565,False,False,True,False,False,False,0
e01-tds1,GAUSSIAN_AR1_WEAK,566,False,False,True,False,False,False,0
e01-tds1,GAUSSIAN_AR1_WEAK,567,False,False,True,False,False,False,0
e01-tds1,GAUSSIAN_AR1_WEAK,568,False,True,True,False,False,False,0
e01-tds1,GAUSSIAN_AR1_WEAK,569,False,False,True,True,False,False,0
e01-tds1,GAUSSIAN_AR1_WEAK,570,False,False,True,False,False,False,0
e01-tds1,GAUSSIAN_AR1_WEAK,571,False,False,True,False,False,False,0
e01-tds1,GAUSSIAN_AR1_WEAK,572,False,False,True,True,False,False,0
e01-tds1,GAUSSIAN_AR1_WEAK,573,False,False,True,False,False,False,0
e01-tds1,GAUSSIAN_AR1_WEAK,574,False,False,True,False,False,False,0
e01-tds1,GAUSSIAN_AR1_WEAK,575,False,False,True,False,False,False,0
e01-tds1,GAUSSIAN_AR1_WEAK,576,False,False,True,True,False,False,0
e01-tds1,GAUSSIAN_AR1_WEAK,577,False,False,True,False,False,False,0
e01-tds1,GAUSSIAN_AR1_WEAK,578,False,False,True,True,False,False,0
e01-tds1,GAUSSIAN_AR1_WEAK,579,False,False,True,True,False,False,0
e01-tds1,GAUSSIAN_AR1_WEAK,580,False,False,True,False,False,False,0
e01-tds1,GAUSSIAN_AR1_WEAK,581,False,False,True,False,False,False,0
e01-tds1,GAUSSIAN_AR1_WEAK,582,False,False,True,False,False,False,0
e01-tds1,GAUSSIAN_AR1_WEAK,583,False,False,True,False,False,False,0
e01-tds1,GAUSSIAN_AR1_WEAK,584,False,False,True,False,False,False,0
e01-tds1,GAUSSIAN_AR1_WEAK,585,False,False,True,False,False,False,0
e01-tds1,GAUSSIAN_AR1_WEAK,586,False,False,True,False,False,False,0
e01-tds1,GAUSSIAN_AR1_WEAK,587,False,False,True,True,False,False,0
e01-tds1,GAUSSIAN_AR1_WEAK,588,False,False,True,True,False,False,0
e01-tds1,GAUSSIAN_AR1_WEAK,589,False,False,True,False,False,False,0
e01-tds1,GAUSSIAN_AR1_WEAK,590,False,False,True,False,False,False,0
e01-tds1,GAUSSIAN_AR1_WEAK,591,False,False,True,False,False,False,0
e01-tds1,GAUSSIAN_AR1_WEAK,592,False,False,True,False,False,False,0
e01-tds1,GAUSSIAN_AR1_WEAK,593,False,False,True,False,False,False,0
e01-tds1,GAUSSIAN_AR1_WEAK,594,False,False,True,False,False,False,0
e01-tds1,GAUSSIAN_AR1_WEAK,595,False,False,True,False,False,False,0
e01-tds1,GAUSSIAN_AR1_WEAK,596,False,False,True,False,False,False,0
e01-tds1,GAUSSIAN_AR1_WEAK,597,False,False,True,True,False,False,0
e01-tds1,GAUSSIAN_AR1_WEAK,598,False,False,True,True,False,False,0
e01-tds1,GAUSSIAN_AR1_WEAK,599,False,False,True,False,False,False,0
e01-tds1,GAUSSIAN_AR1_WEAK,600,False,False,True,False,False,False,0
e01-tds1,GAUSSIAN_AR1_WEAK,601,False,False,True,False,False,False,0
e01-tds1,GAUSSIAN_AR1_WEAK,602,False,False,True,False,False,False,0
e01-tds1,GAUSSIAN_AR1_WEAK,603,False,False,True,True,False,False,0
e01-tds1,GAUSSIAN_AR1_WEAK,604,False,False,True,False,False,False,0
e01-tds1,GAUSSIAN_AR1_WEAK,605,False,False,True,False,False,False,0
e01-tds1,GAUSSIAN_AR1_WEAK,606,False,False,True,False,False,False,0
e01-tds1,GAUSSIAN_AR1_WEAK,607,False,False,True,False,False,False,0
e01-tds1,GAUSSIAN_AR1_WEAK,608,False,False,True,True,False,False,0
e01-tds1,GAUSSIAN_AR1_WEAK,609,False,False,True,False,False,False,0
e01-tds1,GAUSSIAN_AR1_WEAK,610,False,False,True,True,False,False,0
e01-tds1,GAUSSIAN_AR1_WEAK,611,False,False,True,False,False,False,0
e01-tds1,GAUSSIAN_AR1_WEAK,612,False,False,True,False,False,False,0
e01-tds1,GAUSSIAN_AR1_WEAK,613,False,False,True,False,False,False,0
e01-tds1,GAUSSIAN_AR1_WEAK,614,False,False,True,False,False,False,0
e01-tds1,GAUSSIAN_AR1_WEAK,615,False,False,True,False,False,False,0
e01-tds1,GAUSSIAN_AR1_WEAK,616,False,False,True,False,False,False,0
e01-tds1,GAUSSIAN_AR1_WEAK,617,False,False,True,False,False,False,0
e01-tds1,GAUSSIAN_AR1_WEAK,618,False,False,True,True,False,False,0
e01-tds1,GAUSSIAN_AR1_WEAK,619,False,False,True,False,False,False,0
e01-tds1,GAUSSIAN_AR1_WEAK,620,False,False,True,False,False,False,0
e01-tds1,GAUSSIAN_AR1_WEAK,621,False,False,True,False,False,False,0
e01-tds1,GAUSSIAN_AR1_WEAK,622,False,False,True,True,False,False,0
e01-tds1,GAUSSIAN_AR1_WEAK,623,False,False,True,False,False,False,0
e01-tds1,GAUSSIAN_AR1_WEAK,624,False,False,True,False,False,False,0
e01-tds1,GAUSSIAN_AR1_WEAK,625,False,False,True,False,False,False,0
e01-tds1,GAUSSIAN_AR1_WEAK,626,False,False,True,False,False,False,0
e01-tds1,GAUSSIAN_AR1_WEAK,627,False,False,True,False,False,False,0
e01-tds1,GAUSSIAN_AR1_WEAK,628,False,False,True,False,False,False,0
e01-tds1,GAUSSIAN_AR1_WEAK,629,False,False,True,False,False,False,0
e01-tds1,GAUSSIAN_AR1_WEAK,630,False,False,True,False,False,False,0
e01-tds1,GAUSSIAN_AR1_WEAK,631,False,False,True,False,False,False,0
e01-tds1,GAUSSIAN_AR1_WEAK,632,False,False,True,False,False,False,0
e01-tds1,GAUSSIAN_AR1_WEAK,633,False,False,True,False,False,False,0
e01-tds1,GAUSSIAN_AR1_WEAK,634,False,False,True,False,False,False,0
e01-tds1,GAUSSIAN_AR1_WEAK,635,False,False,True,False,False,False,0
e01-tds1,GAUSSIAN_AR1_WEAK,636,False,False,True,True,False,False,0
e01-tds1,GAUSSIAN_AR1_WEAK,637,False,False,True,False,False,False,0
e01-tds1,GAUSSIAN_AR1_WEAK,638,False,False,True,False,False,False,0
e01-tds1,GAUSSIAN_AR1_WEAK,639,False,False,True,False,False,False,0
e01-tds1,GAUSSIAN_AR1_WEAK,640,False,False,True,False,False,False,0
e01-tds1,GAUSSIAN_AR1_WEAK,641,False,False,True,False,False,False,0
e01-tds1,GAUSSIAN_AR1_WEAK,642,False,False,True,False,False,False,0
e01-tds1,GAUSSIAN_AR1_WEAK,643,False,False,True,False,False,False,0
e01-tds1,GAUSSIAN_AR1_WEAK,644,False,False,True,False,False,False,0
e01-tds1,GAUSSIAN_AR1_WEAK,645,False,False,True,False,False,False,0
e01-tds1,GAUSSIAN_AR1_WEAK,646,False,False,True,True,False,False,0
e01-tds1,GAUSSIAN_AR1_WEAK,647,False,False,True,False,False,False,0
e01-tds1,GAUSSIAN_AR1_WEAK,648,False,False,True,False,False,False,0
e01-tds1,GAUSSIAN_AR1_WEAK,649,False,False,True,False,False,False,0
e01-tds1,GAUSSIAN_AR1_WEAK,650,False,False,True,True,False,False,0
e01-tds1,GAUSSIAN_AR1_WEAK,651,False,False,True,True,False,False,0
e01-tds1,GAUSSIAN_AR1_WEAK,652,False,False,True,False,False,False,0
e01-tds1,GAUSSIAN_AR1_WEAK,653,False,False,True,False,False,False,0
e01-tds1,GAUSSIAN_AR1_WEAK,654,False,False,True,False,False,False,0
e01-tds1,GAUSSIAN_AR1_WEAK,655,False,False,True,False,False,False,0
e01-tds1,GAUSSIAN_AR1_WEAK,656,False,False,True,False,False,False,0
e01-tds1,GAUSSIAN_AR1_WEAK,657,False,False,True,False,False,False,0
e01-tds1,GAUSSIAN_AR1_WEAK,658,False,False,True,True,False,False,0
e01-tds1,GAUSSIAN_AR1_WEAK,659,False,False,True,False,False,False,0
e01-tds1,GAUSSIAN_AR1_WEAK,660,False,False,True,True,False,False,0
e01-tds1,GAUSSIAN_AR1_WEAK,661,False,False,True,False,False,False,0
e01-tds1,GAUSSIAN_AR1_WEAK,662,False,False,True,False,False,False,0
e01-tds1,GAUSSIAN_AR1_WEAK,663,False,False,True,False,False,False,0
e01-tds1,GAUSSIAN_AR1_WEAK,664,False,False,True,True,False,False,0
e01-tds1,GAUSSIAN_AR1_WEAK,665,False,False,True,False,False,False,0
e01-tds1,GAUSSIAN_AR1_WEAK,666,False,False,True,False,False,False,0
e01-tds1,GAUSSIAN_AR1_WEAK,667,False,False,True,False,False,False,0
e01-tds1,GAUSSIAN_AR1_WEAK,668,False,False,True,False,False,False,0
e01-tds1,GAUSSIAN_AR1_WEAK,669,False,False,True,True,False,False,0
e01-tds1,GAUSSIAN_AR1_WEAK,670,False,False,True,True,False,False,0
e01-tds1,GAUSSIAN_AR1_WEAK,671,False,False,True,False,False,False,0
e01-tds1,GAUSSIAN_AR1_WEAK,672,False,False,True,False,False,False,0
e01-tds1,GAUSSIAN_AR1_WEAK,673,False,False,True,False,False,False,0
e01-tds1,GAUSSIAN_AR1_WEAK,674,False,False,True,False,False,False,0
e01-tds1,GAUSSIAN_AR1_WEAK,675,False,False,True,False,False,False,0
e01-tds1,GAUSSIAN_AR1_WEAK,676,False,False,True,True,False,False,0
e01-tds1,GAUSSIAN_AR1_WEAK,677,False,False,True,False,False,False,0
e01-tds1,GAUSSIAN_AR1_WEAK,678,False,False,True,True,False,False,0
e01-tds1,GAUSSIAN_AR1_WEAK,679,False,False,True,False,False,False,0
e01-tds1,GAUSSIAN_AR1_WEAK,680,False,False,True,True,False,False,0
e01-tds1,GAUSSIAN_AR1_WEAK,681,False,False,True,False,False,False,0
e01-tds1,GAUSSIAN_AR1_WEAK,682,False,False,True,False,False,False,0
e01-tds1,GAUSSIAN_AR1_WEAK,683,False,False,True,False,False,False,0
e01-tds1,GAUSSIAN_AR1_WEAK,684,False,False,True,True,False,False,0
e01-tds1,GAUSSIAN_AR1_WEAK,685,False,False,True,False,False,False,0
e01-tds1,GAUSSIAN_AR1_WEAK,686,False,False,True,False,False,False,0
e01-tds1,GAUSSIAN_AR1_WEAK,687,False,False,True,True,False,False,0
e01-tds1,GAUSSIAN_AR1_WEAK,688,False,False,True,False,False,False,0
e01-tds1,GAUSSIAN_AR1_WEAK,689,False,False,True,False,False,False,0
e01-tds1,GAUSSIAN_AR1_WEAK,690,False,False,True,False,False,False,0
e01-tds1,GAUSSIAN_AR1_WEAK,691,False,False,True,False,False,False,0
e01-tds1,GAUSSIAN_AR1_WEAK,692,False,False,True,False,False,False,0
e01-tds1,GAUSSIAN_AR1_WEAK,693,False,False,True,False,False,False,0
e01-tds1,GAUSSIAN_AR1_WEAK,694,False,False,True,False,False,False,0
e01-tds1,GAUSSIAN_AR1_WEAK,695,False,False,True,False,False,False,0
e01-tds1,GAUSSIAN_AR1_WEAK,696,False,False,True,False,False,False,0
e01-tds1,GAUSSIAN_AR1_WEAK,697,False,False,True,False,False,False,0
e01-tds1,GAUSSIAN_AR1_WEAK,698,False,False,True,True,False,False,0
e01-tds1,GAUSSIAN_AR1_WEAK,699,False,False,True,False,False,False,0
e01-tds1,GAUSSIAN_AR1_WEAK,700,False,False,True,False,False,False,0
e01-tds1,GAUSSIAN_AR1_WEAK,701,False,False,True,False,False,False,0
e01-tds1,GAUSSIAN_AR1_WEAK,702,False,False,True,True,False,False,0
e01-tds1,GAUSSIAN_AR1_WEAK,703,False,False,True,False,False,False,0
e01-tds1,GAUSSIAN_AR1_WEAK,704,False,False,True,False,False,False,0
e01-tds1,GAUSSIAN_AR1_WEAK,705,False,False,True,False,False,False,0
e01-tds1,GAUSSIAN_AR1_WEAK,706,False,False,True,False,False,False,0
e01-tds1,GAUSSIAN_AR1_WEAK,707,False,False,True,False,False,False,0
e01-tds1,GAUSSIAN_AR1_WEAK,708,False,False,True,False,False,False,0
e01-tds1,GAUSSIAN_AR1_WEAK,709,False,False,True,False,False,False,0
e01-tds1,GAUSSIAN_AR1_WEAK,710,False,False,True,False,False,False,0
e01-tds1,GAUSSIAN_AR1_WEAK,711,False,False,True,False,False,False,0
e01-tds1,GAUSSIAN_AR1_WEAK,712,False,False,True,True,False,False,0
e01-tds1,GAUSSIAN_AR1_WEAK,713,False,False,True,False,False,False,0
e01-tds1,GAUSSIAN_AR1_WEAK,714,False,False,True,True,False,False,0
e01-tds1,GAUSSIAN_AR1_WEAK,715,False,False,True,False,False,False,0
e01-tds1,GAUSSIAN_AR1_WEAK,716,False,False,True,True,False,False,0
e01-tds1,GAUSSIAN_AR1_WEAK,717,False,False,True,False,False,False,0
e01-tds1,GAUSSIAN_AR1_WEAK,718,True,False,True,False,False,False,0
e01-tds1,GAUSSIAN_AR1_WEAK,719,False,False,True,False,False,False,0
e01-tds1,GAUSSIAN_AR1_WEAK,720,False,False,True,False,False,False,0
e01-tds1,GAUSSIAN_AR1_WEAK,721,False,False,True,True,False,False,0
e01-tds1,GAUSSIAN_AR1_WEAK,722,False,False,True,False,False,False,0
e01-tds1,GAUSSIAN_AR1_WEAK,723,False,False,True,False,False,False,0
e01-tds1,GAUSSIAN_AR1_WEAK,724,False,False,True,False,False,False,0
e01-tds1,GAUSSIAN_AR1_WEAK,725,False,False,True,False,False,False,0
e01-tds1,GAUSSIAN_AR1_WEAK,726,False,False,True,True,False,False,0
e01-tds1,GAUSSIAN_AR1_WEAK,727,True,False,True,False,False,False,0
e01-tds1,GAUSSIAN_AR1_WEAK,728,False,False,True,False,False,False,0
e01-tds1,GAUSSIAN_AR1_WEAK,729,False,False,True,True,False,False,0
e01-tds1,GAUSSIAN_AR1_WEAK,730,False,False,True,False,False,False,0
e01-tds1,GAUSSIAN_AR1_WEAK,731,False,False,True,True,False,False,0
e01-tds1,GAUSSIAN_AR1_WEAK,732,False,False,True,False,False,False,0
e01-tds1,GAUSSIAN_AR1_WEAK,733,False,False,True,False,False,False,0
e01-tds1,GAUSSIAN_AR1_WEAK,734,False,False,True,True,False,False,0
e01-tds1,GAUSSIAN_AR1_WEAK,735,False,False,True,False,False,False,0
e01-tds1,GAUSSIAN_AR1_WEAK,736,False,False,True,False,False,False,0
e01-tds1,GAUSSIAN_AR1_WEAK,737,False,False,True,False,False,False,0
e01-tds1,GAUSSIAN_AR1_WEAK,738,False,False,True,False,False,False,0
e01-tds1,GAUSSIAN_AR1_WEAK,739,True,False,True,False,False,False,0
e01-tds1,GAUSSIAN_AR1_WEAK,740,False,False,True,False,False,False,0
e01-tds1,GAUSSIAN_AR1_WEAK,741,False,False,True,False,False,False,0
e01-tds1,GAUSSIAN_AR1_WEAK,742,False,False,True,False,False,False,0
e01-tds1,GAUSSIAN_AR1_WEAK,743,False,False,True,False,False,False,0
e01-tds1,GAUSSIAN_AR1_WEAK,744,False,False,True,False,False,False,0
e01-tds1,GAUSSIAN_AR1_WEAK,745,False,False,True,True,False,False,0
e01-tds1,GAUSSIAN_AR1_WEAK,746,False,False,True,False,False,False,0
e01-tds1,GAUSSIAN_AR1_WEAK,747,False,False,True,False,False,False,0
e01-tds1,GAUSSIAN_AR1_WEAK,748,False,False,True,False,False,False,0
e01-tds1,GAUSSIAN_AR1_WEAK,749,False,False,True,False,False,False,0
e01-tds1,GAUSSIAN_AR1_WEAK,750,False,False,True,False,False,False,0
e01-tds1,GAUSSIAN_AR1_WEAK,751,False,False,True,False,False,False,0
e01-tds1,GAUSSIAN_AR1_WEAK,752,False,False,True,False,False,False,0
e01-tds1,GAUSSIAN_AR1_WEAK,753,False,False,True,True,False,False,0
e01-tds1,GAUSSIAN_AR1_WEAK,754,False,False,True,True,False,False,0
e01-tds1,GAUSSIAN_AR1_WEAK,755,True,False,True,True,False,False,0
e01-tds1,GAUSSIAN_AR1_WEAK,756,False,False,True,False,False,False,0
e01-tds1,GAUSSIAN_AR1_WEAK,757,False,False,True,False,False,False,0
e01-tds1,GAUSSIAN_AR1_WEAK,758,False,False,True,False,False,False,0
e01-tds1,GAUSSIAN_AR1_WEAK,759,False,False,True,False,False,False,0
e01-tds1,GAUSSIAN_AR1_WEAK,760,False,False,True,False,False,False,0
e01-tds1,GAUSSIAN_AR1_WEAK,761,False,False,True,False,False,False,0
e01-tds1,GAUSSIAN_AR1_WEAK,762,False,False,True,False,False,False,0
e01-tds1,GAUSSIAN_AR1_WEAK,763,False,False,True,False,False,False,0
e01-tds1,GAUSSIAN_AR1_WEAK,764,False,False,True,False,False,False,0
e01-tds1,GAUSSIAN_AR1_WEAK,765,False,False,True,False,False,False,0
e01-tds1,GAUSSIAN_AR1_WEAK,766,False,False,True,False,False,False,0
e01-tds1,GAUSSIAN_AR1_WEAK,767,False,False,True,False,False,False,0
e01-tds1,GAUSSIAN_AR1_WEAK,768,False,False,True,True,False,False,0
e01-tds1,GAUSSIAN_AR1_WEAK,769,False,False,True,False,False,False,0
e01-tds1,GAUSSIAN_AR1_WEAK,770,False,False,True,False,False,False,0
e01-tds1,GAUSSIAN_AR1_WEAK,771,False,False,True,False,False,False,0
e01-tds1,GAUSSIAN_AR1_WEAK,772,False,False,True,True,False,False,0
e01-tds1,GAUSSIAN_AR1_WEAK,773,False,False,True,False,False,False,0
e01-tds1,GAUSSIAN_AR1_WEAK,774,False,False,True,False,False,False,0
e01-tds1,GAUSSIAN_AR1_WEAK,775,False,False,True,False,False,False,0
e01-tds1,GAUSSIAN_AR1_WEAK,776,False,False,True,True,False,False,0
e01-tds1,GAUSSIAN_AR1_WEAK,777,False,False,True,True,False,False,0
e01-tds1,GAUSSIAN_AR1_WEAK,778,False,False,True,False,False,False,0
e01-tds1,GAUSSIAN_AR1_WEAK,779,False,False,True,False,False,False,0
e01-tds1,GAUSSIAN_AR1_WEAK,780,False,False,True,False,False,False,0
e01-tds1,GAUSSIAN_AR1_WEAK,781,False,False,True,False,False,False,0
e01-tds1,GAUSSIAN_AR1_WEAK,782,False,False,True,False,False,False,0
e01-tds1,GAUSSIAN_AR1_WEAK,783,False,False,True,False,False,False,0
e01-tds1,GAUSSIAN_AR1_WEAK,784,False,False,True,True,False,False,0
e01-tds1,GAUSSIAN_AR1_WEAK,785,True,False,True,False,False,False,0
e01-tds1,GAUSSIAN_AR1_WEAK,786,False,False,True,False,False,False,0
e01-tds1,GAUSSIAN_AR1_WEAK,787,False,False,True,False,False,False,0
e01-tds1,GAUSSIAN_AR1_WEAK,788,False,False,True,False,False,False,0
e01-tds1,GAUSSIAN_AR1_WEAK,789,False,False,True,False,False,False,0
e01-tds1,GAUSSIAN_AR1_WEAK,790,False,False,True,False,False,False,0
e01-tds1,GAUSSIAN_AR1_WEAK,791,True,False,True,False,False,False,0
e01-tds1,GAUSSIAN_AR1_WEAK,792,False,False,True,False,False,False,0
e01-tds1,GAUSSIAN_AR1_WEAK,793,False,False,True,False,False,False,0
e01-tds1,GAUSSIAN_AR1_WEAK,794,False,False,True,False,False,False,0
e01-tds1,GAUSSIAN_AR1_WEAK,795,False,False,True,False,False,False,0
e01-tds1,GAUSSIAN_AR1_WEAK,796,False,False,True,False,False,False,0
e01-tds1,GAUSSIAN_AR1_WEAK,797,False,False,True,False,False,False,0
e01-tds1,GAUSSIAN_AR1_WEAK,798,False,False,True,True,False,False,0
e01-tds1,GAUSSIAN_AR1_WEAK,799,False,False,True,False,False,False,0
e01-tds1,GAUSSIAN_AR1_WEAK,800,False,False,True,True,False,False,0
e01-tds1,GAUSSIAN_AR1_WEAK,801,False,False,True,False,False,False,0
e01-tds1,GAUSSIAN_AR1_WEAK,802,False,False,True,True,False,False,0
e01-tds1,GAUSSIAN_AR1_WEAK,803,False,False,True,True,False,False,0
e01-tds1,GAUSSIAN_AR1_WEAK,804,False,False,True,True,False,False,0
e01-tds1,GAUSSIAN_AR1_WEAK,805,False,False,True,True,False,False,0
e01-tds1,GAUSSIAN_AR1_WEAK,806,False,False,True,False,False,False,0
e01-tds1,GAUSSIAN_AR1_WEAK,807,False,False,True,False,False,False,0
e01-tds1,GAUSSIAN_AR1_WEAK,808,False,False,True,False,False,False,0
e01-tds1,GAUSSIAN_AR1_WEAK,809,False,False,True,False,False,False,0
e01-tds1,GAUSSIAN_AR1_WEAK,810,False,False,True,False,False,False,0
e01-tds1,GAUSSIAN_AR1_WEAK,811,False,False,True,False,False,False,0
e01-tds1,GAUSSIAN_AR1_WEAK,812,False,False,True,False,False,False,0
e01-tds1,GAUSSIAN_AR1_WEAK,813,False,False,True,False,False,False,0
e01-tds1,GAUSSIAN_AR1_WEAK,814,False,False,True,False,False,False,0
e01-tds1,GAUSSIAN_AR1_WEAK,815,False,False,True,False,False,False,0
e01-tds1,GAUSSIAN_AR1_WEAK,816,False,False,True,True,False,False,0
e01-tds1,GAUSSIAN_AR1_WEAK,817,False,False,True,False,False,False,0
e01-tds1,GAUSSIAN_AR1_WEAK,818,False,False,True,False,False,False,0
e01-tds1,GAUSSIAN_AR1_WEAK,819,False,False,True,False,False,False,0
e01-tds1,GAUSSIAN_AR1_WEAK,820,False,False,True,False,False,False,0
e01-tds1,GAUSSIAN_AR1_WEAK,821,False,False,True,False,False,False,0
e01-tds1,GAUSSIAN_AR1_WEAK,822,False,False,True,True,False,False,0
e01-tds1,GAUSSIAN_AR1_WEAK,823,False,False,True,False,False,False,0
e01-tds1,GAUSSIAN_AR1_WEAK,824,False,False,True,False,False,False,0
e01-tds1,GAUSSIAN_AR1_WEAK,825,False,False,True,False,False,False,0
e01-tds1,GAUSSIAN_AR1_WEAK,826,False,False,True,False,False,False,0
e01-tds1,GAUSSIAN_AR1_WEAK,827,False,False,True,False,False,False,0
e01-tds1,GAUSSIAN_AR1_WEAK,828,False,False,True,True,False,False,0
e01-tds1,GAUSSIAN_AR1_WEAK,829,False,False,True,False,False,False,0
e01-tds1,GAUSSIAN_AR1_WEAK,830,False,False,True,False,False,False,0
e01-tds1,GAUSSIAN_AR1_WEAK,831,False,False,True,True,False,False,0
e01-tds1,GAUSSIAN_AR1_WEAK,832,False,False,True,False,False,False,0
e01-tds1,GAUSSIAN_AR1_WEAK,833,False,False,True,False,False,False,0
e01-tds1,GAUSSIAN_AR1_WEAK,834,False,False,True,False,False,False,0
e01-tds1,GAUSSIAN_AR1_WEAK,835,False,False,True,False,False,False,0
e01-tds1,GAUSSIAN_AR1_WEAK,836,False,False,True,False,False,False,0
e01-tds1,GAUSSIAN_AR1_WEAK,837,False,False,True,False,False,False,0
e01-tds1,GAUSSIAN_AR1_WEAK,838,False,False,True,False,False,False,0
e01-tds1,GAUSSIAN_AR1_WEAK,839,False,False,True,False,False,False,0
e01-tds1,GAUSSIAN_AR1_WEAK,840,False,False,True,False,False,False,0
e01-tds1,GAUSSIAN_AR1_WEAK,841,False,False,True,False,False,False,0
e01-tds1,GAUSSIAN_AR1_WEAK,842,False,False,True,False,False,False,0
e01-tds1,GAUSSIAN_AR1_WEAK,843,False,False,True,False,False,False,0
e01-tds1,GAUSSIAN_AR1_WEAK,844,False,False,True,True,False,False,0
e01-tds1,GAUSSIAN_AR1_WEAK,845,False,False,True,False,False,False,0
e01-tds1,GAUSSIAN_AR1_WEAK,846,False,False,True,True,False,False,0
e01-tds1,GAUSSIAN_AR1_WEAK,847,False,False,True,False,False,False,0
e01-tds1,GAUSSIAN_AR1_WEAK,848,False,False,True,False,False,False,0
e01-tds1,GAUSSIAN_AR1_WEAK,849,False,False,True,False,False,False,0
e01-tds1,GAUSSIAN_AR1_WEAK,850,False,False,True,False,False,False,0
e01-tds1,GAUSSIAN_AR1_WEAK,851,False,False,True,False,False,False,0
e01-tds1,GAUSSIAN_AR1_WEAK,852,False,False,True,False,False,False,0
e01-tds1,GAUSSIAN_AR1_WEAK,853,False,False,True,False,False,False,0
e01-tds1,GAUSSIAN_AR1_WEAK,854,False,False,True,False,False,False,0
e01-tds1,GAUSSIAN_AR1_WEAK,855,False,False,True,False,False,False,0
e01-tds1,GAUSSIAN_AR1_WEAK,856,True,False,True,False,False,False,0
e01-tds1,GAUSSIAN_AR1_WEAK,857,False,False,True,True,False,False,0
e01-tds1,GAUSSIAN_AR1_WEAK,858,False,False,True,False,False,False,0
e01-tds1,GAUSSIAN_AR1_WEAK,859,False,False,True,False,False,False,0
e01-tds1,GAUSSIAN_AR1_WEAK,860,False,False,True,False,False,False,0
e01-tds1,GAUSSIAN_AR1_WEAK,861,True,False,True,False,False,False,0
e01-tds1,GAUSSIAN_AR1_WEAK,862,False,False,True,False,False,False,0
e01-tds1,GAUSSIAN_AR1_WEAK,863,False,False,True,False,False,False,0
e01-tds1,GAUSSIAN_AR1_WEAK,864,False,False,True,False,False,False,0
e01-tds1,GAUSSIAN_AR1_WEAK,865,False,False,True,True,False,False,0
e01-tds1,GAUSSIAN_AR1_WEAK,866,False,False,True,False,False,False,0
e01-tds1,GAUSSIAN_AR1_WEAK,867,False,False,True,False,False,False,0
e01-tds1,GAUSSIAN_AR1_WEAK,868,False,False,True,False,False,False,0
e01-tds1,GAUSSIAN_AR1_WEAK,869,False,False,True,False,False,False,0
e01-tds1,GAUSSIAN_AR1_WEAK,870,False,False,True,True,False,False,0
e01-tds1,GAUSSIAN_AR1_WEAK,871,False,False,True,False,False,False,0
e01-tds1,GAUSSIAN_AR1_WEAK,872,False,False,True,False,False,False,0
e01-tds1,GAUSSIAN_AR1_WEAK,873,True,False,True,False,False,False,0
e01-tds1,GAUSSIAN_AR1_WEAK,874,False,False,True,True,False,False,0
e01-tds1,GAUSSIAN_AR1_WEAK,875,False,False,True,True,False,False,0
e01-tds1,GAUSSIAN_AR1_WEAK,876,False,False,True,False,False,False,0
e01-tds1,GAUSSIAN_AR1_WEAK,877,False,False,True,False,False,False,0
e01-tds1,GAUSSIAN_AR1_WEAK,878,False,False,True,False,False,False,0
e01-tds1,GAUSSIAN_AR1_WEAK,879,False,False,True,False,False,False,0
e01-tds1,GAUSSIAN_AR1_WEAK,880,False,False,True,True,False,False,0
e01-tds1,GAUSSIAN_AR1_WEAK,881,False,False,True,False,False,False,0
e01-tds1,GAUSSIAN_AR1_WEAK,882,False,False,True,False,False,False,0
e01-tds1,GAUSSIAN_AR1_WEAK,883,False,False,True,False,False,False,0
e01-tds1,GAUSSIAN_AR1_WEAK,884,False,False,True,False,False,False,0
e01-tds1,GAUSSIAN_AR1_WEAK,885,False,False,True,False,False,False,0
e01-tds1,GAUSSIAN_AR1_WEAK,886,False,False,True,False,False,False,0
e01-tds1,GAUSSIAN_AR1_WEAK,887,False,False,True,True,False,False,0
e01-tds1,GAUSSIAN_AR1_WEAK,888,False,False,True,True,False,False,0
e01-tds1,GAUSSIAN_AR1_WEAK,889,False,False,True,False,False,False,0
e01-tds1,GAUSSIAN_AR1_WEAK,890,False,False,True,True,False,False,0
e01-tds1,GAUSSIAN_AR1_WEAK,891,False,False,True,False,False,False,0
e01-tds1,GAUSSIAN_AR1_WEAK,892,False,False,True,False,False,False,0
e01-tds1,GAUSSIAN_AR1_WEAK,893,False,False,True,False,False,False,0
e01-tds1,GAUSSIAN_AR1_WEAK,894,False,False,True,False,False,False,0
e01-tds1,GAUSSIAN_AR1_WEAK,895,False,False,True,False,False,False,0
e01-tds1,GAUSSIAN_AR1_WEAK,896,False,False,True,False,False,False,0
e01-tds1,GAUSSIAN_AR1_WEAK,897,False,False,True,False,False,False,0
e01-tds1,GAUSSIAN_AR1_WEAK,898,False,False,True,False,False,False,0
e01-tds1,GAUSSIAN_AR1_WEAK,899,False,False,True,False,False,False,0
e01-tds1,GAUSSIAN_AR1_WEAK,900,False,False,True,False,False,False,0
e01-tds1,GAUSSIAN_AR1_WEAK,901,False,False,True,False,False,False,0
e01-tds1,GAUSSIAN_AR1_WEAK,902,False,False,True,False,False,False,0
e01-tds1,GAUSSIAN_AR1_WEAK,903,False,False,True,True,False,False,0
e01-tds1,GAUSSIAN_AR1_WEAK,904,False,False,True,False,False,False,0
e01-tds1,GAUSSIAN_AR1_WEAK,905,False,False,True,False,False,False,0
e01-tds1,GAUSSIAN_AR1_WEAK,906,False,False,True,True,False,False,0
e01-tds1,GAUSSIAN_AR1_WEAK,907,False,False,True,False,False,False,0
e01-tds1,GAUSSIAN_AR1_WEAK,908,False,False,True,False,False,False,0
e01-tds1,GAUSSIAN_AR1_WEAK,909,False,False,True,False,False,False,0
e01-tds1,GAUSSIAN_AR1_WEAK,910,False,False,True,False,False,False,0
e01-tds1,GAUSSIAN_AR1_WEAK,911,False,False,True,True,False,False,0
e01-tds1,GAUSSIAN_AR1_WEAK,912,False,False,True,False,False,False,0
e01-tds1,GAUSSIAN_AR1_WEAK,913,False,False,True,False,False,False,0
e01-tds1,GAUSSIAN_AR1_WEAK,914,False,False,True,False,False,False,0
e01-tds1,GAUSSIAN_AR1_WEAK,915,False,False,True,False,False,False,0
e01-tds1,GAUSSIAN_AR1_WEAK,916,False,False,True,False,False,False,0
e01-tds1,GAUSSIAN_AR1_WEAK,917,False,False,True,False,False,False,0
e01-tds1,GAUSSIAN_AR1_WEAK,918,False,False,True,False,False,False,0
e01-tds1,GAUSSIAN_AR1_WEAK,919,False,False,True,False,False,False,0
e01-tds1,GAUSSIAN_AR1_WEAK,920,False,False,True,False,False,False,0
e01-tds1,GAUSSIAN_AR1_WEAK,921,False,False,True,False,False,False,0
e01-tds1,GAUSSIAN_AR1_WEAK,922,False,False,True,False,False,False,0
e01-tds1,GAUSSIAN_AR1_WEAK,923,False,False,True,False,False,False,0
e01-tds1,GAUSSIAN_AR1_WEAK,924,False,False,True,False,False,False,0
e01-tds1,GAUSSIAN_AR1_WEAK,925,False,False,True,False,False,False,0
e01-tds1,GAUSSIAN_AR1_WEAK,926,False,False,True,False,False,False,0
e01-tds1,GAUSSIAN_AR1_WEAK,927,False,False,True,False,False,False,0
e01-tds1,GAUSSIAN_AR1_WEAK,928,False,False,True,True,False,False,0
e01-tds1,GAUSSIAN_AR1_WEAK,929,False,False,True,False,False,False,0
e01-tds1,GAUSSIAN_AR1_WEAK,930,False,False,True,False,False,False,0
e01-tds1,GAUSSIAN_AR1_WEAK,931,False,False,True,False,False,False,0
e01-tds1,GAUSSIAN_AR1_WEAK,932,False,False,True,False,False,False,0
e01-tds1,GAUSSIAN_AR1_WEAK,933,False,False,True,True,False,False,0
e01-tds1,GAUSSIAN_AR1_WEAK,934,False,False,True,False,False,False,0
e01-tds1,GAUSSIAN_AR1_WEAK,935,False,False,True,True,False,False,0
e01-tds1,GAUSSIAN_AR1_WEAK,936,False,False,True,False,False,False,0
e01-tds1,GAUSSIAN_AR1_WEAK,937,False,False,True,False,False,False,0
e01-tds1,GAUSSIAN_AR1_WEAK,938,False,False,True,False,False,False,0
e01-tds1,GAUSSIAN_AR1_WEAK,939,False,False,True,False,False,False,0
e01-tds1,GAUSSIAN_AR1_WEAK,940,False,False,True,True,False,False,0
e01-tds1,GAUSSIAN_AR1_WEAK,941,False,False,True,False,False,False,0
e01-tds1,GAUSSIAN_AR1_WEAK,942,False,False,True,False,False,False,0
e01-tds1,GAUSSIAN_AR1_WEAK,943,False,False,True,False,False,False,0
e01-tds1,GAUSSIAN_AR1_WEAK,944,False,False,True,False,False,False,0
e01-tds1,GAUSSIAN_AR1_WEAK,945,False,False,True,False,False,False,0
e01-tds1,GAUSSIAN_AR1_WEAK,946,False,False,True,True,False,False,0
e01-tds1,GAUSSIAN_AR1_WEAK,947,False,False,True,False,False,False,0
e01-tds1,GAUSSIAN_AR1_WEAK,948,False,False,True,False,False,False,0
e01-tds1,GAUSSIAN_AR1_WEAK,949,False,False,True,False,False,False,0
e01-tds1,GAUSSIAN_AR1_WEAK,950,False,False,True,False,False,False,0
e01-tds1,GAUSSIAN_AR1_WEAK,951,False,False,True,False,False,False,0
e01-tds1,GAUSSIAN_AR1_WEAK,952,False,False,True,False,False,False,0
e01-tds1,GAUSSIAN_AR1_WEAK,953,False,False,True,False,False,False,0
e01-tds1,GAUSSIAN_AR1_WEAK,954,False,False,True,False,False,False,0
e01-tds1,GAUSSIAN_AR1_WEAK,955,False,False,True,False,False,False,0
e01-tds1,GAUSSIAN_AR1_WEAK,956,False,False,True,False,False,False,0
e01-tds1,GAUSSIAN_AR1_WEAK,957,False,False,True,False,False,False,0
e01-tds1,GAUSSIAN_AR1_WEAK,958,False,False,True,False,False,False,0
e01-tds1,GAUSSIAN_AR1_WEAK,959,False,False,True,True,False,False,0
e01-tds1,GAUSSIAN_AR1_WEAK,960,False,False,True,False,False,False,0
e01-tds1,GAUSSIAN_AR1_WEAK,961,False,False,True,False,False,False,0
e01-tds1,GAUSSIAN_AR1_WEAK,962,False,False,True,True,False,False,0
e01-tds1,GAUSSIAN_AR1_WEAK,963,False,False,True,False,False,False,0
e01-tds1,GAUSSIAN_AR1_WEAK,964,False,False,True,False,False,False,0
e01-tds1,GAUSSIAN_AR1_WEAK,965,False,False,True,False,False,False,0
e01-tds1,GAUSSIAN_AR1_WEAK,966,False,False,True,False,False,False,0
e01-tds1,GAUSSIAN_AR1_WEAK,967,False,False,True,False,False,False,0
e01-tds1,GAUSSIAN_AR1_WEAK,968,False,False,True,False,False,False,0
e01-tds1,GAUSSIAN_AR1_WEAK,969,False,False,True,False,False,False,0
e01-tds1,GAUSSIAN_AR1_WEAK,970,False,False,True,False,False,False,0
e01-tds1,GAUSSIAN_AR1_WEAK,971,False,False,True,False,False,False,0
e01-tds1,GAUSSIAN_AR1_WEAK,972,False,False,True,False,False,False,0
e01-tds1,GAUSSIAN_AR1_WEAK,973,False,False,True,False,False,False,0
e01-tds1,GAUSSIAN_AR1_WEAK,974,False,False,True,False,False,False,0
e01-tds1,GAUSSIAN_AR1_WEAK,975,False,False,True,False,False,False,0
e01-tds1,GAUSSIAN_AR1_WEAK,976,True,False,True,False,False,False,0
e01-tds1,GAUSSIAN_AR1_WEAK,977,False,False,True,False,False,False,0
e01-tds1,GAUSSIAN_AR1_WEAK,978,False,False,True,False,False,False,0
e01-tds1,GAUSSIAN_AR1_WEAK,979,False,False,True,False,False,False,0
e01-tds1,GAUSSIAN_AR1_WEAK,980,False,False,True,False,False,False,0
e01-tds1,GAUSSIAN_AR1_WEAK,981,False,False,True,True,False,False,0
e01-tds1,GAUSSIAN_AR1_WEAK,982,False,False,True,False,False,False,0
e01-tds1,GAUSSIAN_AR1_WEAK,983,False,False,True,False,False,False,0
e01-tds1,GAUSSIAN_AR1_WEAK,984,False,False,True,False,False,False,0
e01-tds1,GAUSSIAN_AR1_WEAK,985,True,False,True,False,False,False,0
e01-tds1,GAUSSIAN_AR1_WEAK,986,True,False,True,False,False,False,0
e01-tds1,GAUSSIAN_AR1_WEAK,987,False,False,True,False,False,False,0
e01-tds1,GAUSSIAN_AR1_WEAK,988,False,False,True,False,False,False,0
e01-tds1,GAUSSIAN_AR1_WEAK,989,False,False,True,False,False,False,0
e01-tds1,GAUSSIAN_AR1_WEAK,990,False,False,True,False,False,False,0
e01-tds1,GAUSSIAN_AR1_WEAK,991,False,False,True,True,False,False,0
e01-tds1,GAUSSIAN_AR1_WEAK,992,False,False,True,True,False,False,0
e01-tds1,GAUSSIAN_AR1_WEAK,993,False,False,True,False,False,False,0
e01-tds1,GAUSSIAN_AR1_WEAK,994,False,False,True,False,False,False,0
e01-tds1,GAUSSIAN_AR1_WEAK,995,False,False,True,False,False,False,0
e01-tds1,GAUSSIAN_AR1_WEAK,996,False,False,True,True,False,False,0
e01-tds1,GAUSSIAN_AR1_WEAK,997,False,False,True,False,False,False,0
e01-tds1,GAUSSIAN_AR1_WEAK,998,False,False,True,False,False,False,0
e01-tds1,GAUSSIAN_AR1_WEAK,999,False,False,True,True,False,False,0
e01-tds1,GAUSSIAN_AR1_WEAK,1000,False,False,True,False,False,False,0
e01-tds1,GAUSSIAN_AR1_WEAK,1001,False,False,True,False,False,False,0
e01-tds1,GAUSSIAN_AR1_WEAK,1002,False,False,True,True,False,False,0
e01-tds1,GAUSSIAN_AR1_WEAK,1003,False,False,True,False,False,False,0
e01-tds1,GAUSSIAN_AR1_WEAK,1004,False,False,True,False,False,False,0
e01-tds1,GAUSSIAN_AR1_WEAK,1005,False,False,True,False,False,False,0
e01-tds1,GAUSSIAN_AR1_WEAK,1006,False,False,True,True,False,False,0
e01-tds1,GAUSSIAN_AR1_WEAK,1007,False,False,True,False,False,False,0
e01-tds1,GAUSSIAN_AR1_WEAK,1008,False,False,True,False,False,False,0
e01-tds1,GAUSSIAN_AR1_WEAK,1009,False,False,True,False,False,False,0
e01-tds1,GAUSSIAN_AR1_WEAK,1010,False,False,True,False,False,False,0
e01-tds1,GAUSSIAN_AR1_WEAK,1011,False,False,True,False,False,False,0
e01-tds1,GAUSSIAN_AR1_WEAK,1012,False,False,True,False,False,False,0
e01-tds1,GAUSSIAN_AR1_WEAK,1013,False,False,True,False,False,False,0
e01-tds1,GAUSSIAN_AR1_WEAK,1014,False,False,True,False,False,False,0
e01-tds1,GAUSSIAN_AR1_WEAK,1015,False,False,True,True,False,False,0
e01-tds1,GAUSSIAN_AR1_WEAK,1016,False,False,True,True,False,False,0
e01-tds1,GAUSSIAN_AR1_WEAK,1017,False,False,True,False,False,False,0
e01-tds1,GAUSSIAN_AR1_WEAK,1018,False,False,True,False,False,False,0
e01-tds1,GAUSSIAN_AR1_WEAK,1019,False,False,True,False,False,False,0
e01-tds1,GAUSSIAN_AR1_WEAK,1020,False,False,True,False,False,False,0
e01-tds1,GAUSSIAN_AR1_WEAK,1021,False,False,True,True,False,False,0
e01-tds1,GAUSSIAN_AR1_WEAK,1022,False,False,True,True,False,False,0
e01-tds1,GAUSSIAN_AR1_WEAK,1023,False,False,True,False,False,False,0
e01-tds1,GAUSSIAN_AR1_WEAK,1024,False,False,True,False,False,False,0
e01-tds1,GAUSSIAN_AR1_WEAK,1025,False,False,True,False,False,False,0
e01-tds1,GAUSSIAN_AR1_WEAK,1026,False,False,True,False,False,False,0
e01-tds1,GAUSSIAN_AR1_WEAK,1027,False,False,True,False,False,False,0
e01-tds1,GAUSSIAN_AR1_WEAK,1028,False,False,True,False,False,False,0
e01-tds1,GAUSSIAN_AR1_WEAK,1029,False,False,True,False,False,False,0
e01-tds1,GAUSSIAN_AR1_WEAK,1030,False,False,True,False,False,False,0
e01-tds1,GAUSSIAN_AR1_WEAK,1031,False,False,True,False,False,False,0
e01-tds1,GAUSSIAN_AR1_WEAK,1032,False,False,True,False,False,False,0
e01-tds1,GAUSSIAN_AR1_WEAK,1033,False,False,True,False,False,False,0
e01-tds1,GAUSSIAN_AR1_WEAK,1034,False,False,True,False,False,False,0
e01-tds1,GAUSSIAN_AR1_WEAK,1035,False,False,True,False,False,False,0
e01-tds1,GAUSSIAN_AR1_WEAK,1036,False,False,True,True,False,False,0
e01-tds1,GAUSSIAN_AR1_WEAK,1037,False,False,True,False,False,False,0
e01-tds1,GAUSSIAN_AR1_WEAK,1038,False,False,True,False,False,False,0
e01-tds1,GAUSSIAN_AR1_WEAK,1039,False,False,True,True,False,False,0
e01-tds1,GAUSSIAN_AR1_WEAK,1040,False,False,True,True,False,False,0
e01-tds1,GAUSSIAN_AR1_WEAK,1041,False,False,True,False,False,False,0
e01-tds1,GAUSSIAN_AR1_WEAK,1042,False,False,True,False,False,False,0
e01-tds1,GAUSSIAN_AR1_WEAK,1043,False,False,True,False,False,False,0
e01-tds1,GAUSSIAN_AR1_WEAK,1044,False,False,True,False,False,False,0
e01-tds1,GAUSSIAN_AR1_WEAK,1045,False,False,True,False,False,False,0
e01-tds1,GAUSSIAN_AR1_WEAK,1046,False,False,True,False,False,False,0
e01-tds1,GAUSSIAN_AR1_WEAK,1047,False,False,True,False,False,False,0
e01-tds1,GAUSSIAN_AR1_WEAK,1048,False,False,True,False,False,False,0
e01-tds1,GAUSSIAN_AR1_WEAK,1049,False,False,True,False,False,False,0
e01-tds1,GAUSSIAN_AR1_WEAK,1050,False,False,True,False,False,False,0
e01-tds1,GAUSSIAN_AR1_WEAK,1051,False,False,True,True,False,False,0
e01-tds1,GAUSSIAN_AR1_WEAK,1052,False,False,True,True,False,False,0
e01-tds1,GAUSSIAN_AR1_WEAK,1053,False,False,True,False,False,False,0
e01-tds1,GAUSSIAN_AR1_WEAK,1054,False,False,True,True,False,False,0
e01-tds1,GAUSSIAN_AR1_WEAK,1055,False,False,True,False,False,False,0
e01-tds1,GAUSSIAN_AR1_WEAK,1056,False,False,True,False,False,False,0
e01-tds1,GAUSSIAN_AR1_WEAK,1057,False,False,True,False,False,False,0
e01-tds1,GAUSSIAN_AR1_WEAK,1058,False,False,True,False,False,False,0
e01-tds1,GAUSSIAN_AR1_WEAK,1059,False,False,True,False,False,False,0
e01-tds1,GAUSSIAN_AR1_WEAK,1060,False,False,True,False,False,False,0
e01-tds1,GAUSSIAN_AR1_WEAK,1061,False,False,True,False,False,False,0
e01-tds1,GAUSSIAN_AR1_WEAK,1062,True,False,True,False,False,False,0
e01-tds1,GAUSSIAN_AR1_WEAK,1063,False,False,True,False,False,False,0
e01-tds1,GAUSSIAN_AR1_WEAK,1064,False,False,True,False,False,False,0
e01-tds1,GAUSSIAN_AR1_WEAK,1065,False,False,True,False,False,False,0
e01-tds1,GAUSSIAN_AR1_WEAK,1066,False,False,True,False,False,False,0
e01-tds1,GAUSSIAN_AR1_WEAK,1067,False,False,True,False,False,False,0
e01-tds1,GAUSSIAN_AR1_WEAK,1068,False,False,True,False,False,False,0
e01-tds1,GAUSSIAN_AR1_WEAK,1069,False,False,True,False,False,False,0
e01-tds1,GAUSSIAN_AR1_WEAK,1070,False,False,True,True,False,False,0
e01-tds1,GAUSSIAN_AR1_WEAK,1071,False,False,True,False,False,False,0
e01-tds1,GAUSSIAN_AR1_WEAK,1072,False,False,True,True,False,False,0
e01-tds1,GAUSSIAN_AR1_WEAK,1073,False,False,True,False,False,False,0
e01-tds1,GAUSSIAN_AR1_WEAK,1074,False,False,True,False,False,False,0
e01-tds1,GAUSSIAN_AR1_WEAK,1075,False,False,True,False,False,False,0
e01-tds1,GAUSSIAN_AR1_WEAK,1076,False,False,True,False,False,False,0
e01-tds1,GAUSSIAN_AR1_WEAK,1077,False,False,True,False,False,False,0
e01-tds1,GAUSSIAN_AR1_WEAK,1078,False,False,True,False,False,False,0
e01-tds1,GAUSSIAN_AR1_WEAK,1079,False,False,True,False,False,False,0
e01-tds1,GAUSSIAN_AR1_WEAK,1080,False,False,True,False,False,False,0
e01-tds1,GAUSSIAN_AR1_WEAK,1081,False,False,True,False,False,False,0
e01-tds1,GAUSSIAN_AR1_WEAK,1082,False,False,True,False,False,False,0
e01-tds1,GAUSSIAN_AR1_WEAK,1083,False,False,True,False,False,False,0
e01-tds1,GAUSSIAN_AR1_WEAK,1084,False,False,True,False,False,False,0
e01-tds1,GAUSSIAN_AR1_WEAK,1085,False,False,True,False,False,False,0
e01-tds1,GAUSSIAN_AR1_WEAK,1086,False,False,True,False,False,False,0
e01-tds1,GAUSSIAN_AR1_WEAK,1087,False,False,True,False,False,False,0
e01-tds1,GAUSSIAN_AR1_WEAK,1088,False,False,True,False,False,False,0
e01-tds1,GAUSSIAN_AR1_WEAK,1089,False,False,True,False,False,False,0
e01-tds1,GAUSSIAN_AR1_WEAK,1090,False,False,True,True,False,False,0
e01-tds1,GAUSSIAN_AR1_WEAK,1091,False,False,True,True,False,False,0
e01-tds1,GAUSSIAN_AR1_WEAK,1092,False,False,True,True,False,False,0
e01-tds1,GAUSSIAN_AR1_WEAK,1093,False,False,True,False,False,False,0
e01-tds1,GAUSSIAN_AR1_WEAK,1094,False,False,True,False,False,False,0
e01-tds1,GAUSSIAN_AR1_WEAK,1095,False,False,True,False,False,False,0
e01-tds1,GAUSSIAN_AR1_WEAK,1096,False,False,True,False,False,False,0
e01-tds1,GAUSSIAN_AR1_WEAK,1097,False,False,True,False,False,False,0
e01-tds1,GAUSSIAN_AR1_WEAK,1098,False,False,True,False,False,False,0
e01-tds1,GAUSSIAN_AR1_WEAK,1099,False,False,True,False,False,False,0
e01-tds1,GAUSSIAN_AR1_WEAK,1100,False,False,True,False,False,False,0
e01-tds1,GAUSSIAN_AR1_WEAK,1101,False,False,True,False,False,False,0
e01-tds1,GAUSSIAN_AR1_WEAK,1102,False,False,True,False,False,False,0
e01-tds1,GAUSSIAN_AR1_WEAK,1103,False,False,True,False,False,False,0
e01-tds1,GAUSSIAN_AR1_WEAK,1104,False,False,True,False,False,False,0
e01-tds1,GAUSSIAN_AR1_WEAK,1105,False,False,True,False,False,False,0
e01-tds1,GAUSSIAN_AR1_WEAK,1106,False,False,True,False,False,False,0
e01-tds1,GAUSSIAN_AR1_WEAK,1107,False,False,True,False,False,False,0
e01-tds1,GAUSSIAN_AR1_WEAK,1108,False,False,True,False,False,False,0
e01-tds1,GAUSSIAN_AR1_WEAK,1109,False,False,True,False,False,False,0
e01-tds1,GAUSSIAN_AR1_WEAK,1110,False,False,True,False,False,False,0
e01-tds1,GAUSSIAN_AR1_WEAK,1111,False,False,True,False,False,False,0
e01-tds1,GAUSSIAN_AR1_WEAK,1112,False,False,True,False,False,False,0
e01-tds1,GAUSSIAN_AR1_WEAK,1113,False,False,True,False,False,False,0
e01-tds1,GAUSSIAN_AR1_WEAK,1114,False,False,True,False,False,False,0
e01-tds1,GAUSSIAN_AR1_WEAK,1115,False,False,True,False,False,False,0
e01-tds1,GAUSSIAN_AR1_WEAK,1116,False,False,True,False,False,False,0
e01-tds1,GAUSSIAN_AR1_WEAK,1117,False,False,True,False,False,False,0
e01-tds1,GAUSSIAN_AR1_WEAK,1118,False,False,True,False,False,False,0
e01-tds1,GAUSSIAN_AR1_WEAK,1119,False,False,True,False,False,False,0
e01-tds1,GAUSSIAN_AR1_WEAK,1120,False,False,True,False,False,False,0
e01-tds1,GAUSSIAN_AR1_WEAK,1121,False,False,True,False,False,False,0
e01-tds1,GAUSSIAN_AR1_WEAK,1122,False,False,True,True,False,False,0
e01-tds1,GAUSSIAN_AR1_WEAK,1123,False,False,True,False,False,False,0
e01-tds1,GAUSSIAN_AR1_WEAK,1124,False,False,True,False,False,False,0
e01-tds1,GAUSSIAN_AR1_WEAK,1125,False,False,True,False,False,False,0
e01-tds1,GAUSSIAN_AR1_WEAK,1126,False,False,True,False,False,False,0
e01-tds1,GAUSSIAN_AR1_WEAK,1127,False,False,True,False,False,False,0
e01-tds1,GAUSSIAN_AR1_WEAK,1128,False,False,True,True,False,False,0
e01-tds1,GAUSSIAN_AR1_WEAK,1129,False,False,True,False,False,False,0
e01-tds1,GAUSSIAN_AR1_WEAK,1130,False,False,True,True,False,False,0
e01-tds1,GAUSSIAN_AR1_WEAK,1131,False,False,True,False,False,False,0
e01-tds1,GAUSSIAN_AR1_WEAK,1132,False,False,True,True,False,False,0
e01-tds1,GAUSSIAN_AR1_WEAK,1133,False,False,True,False,False,False,0
e01-tds1,GAUSSIAN_AR1_WEAK,1134,False,False,True,False,False,False,0
e01-tds1,GAUSSIAN_AR1_WEAK,1135,False,False,True,True,False,False,0
e01-tds1,GAUSSIAN_AR1_WEAK,1136,True,False,True,False,False,False,0
e01-tds1,GAUSSIAN_AR1_WEAK,1137,False,False,True,False,False,False,0
e01-tds1,GAUSSIAN_AR1_WEAK,1138,False,False,True,False,False,False,0
e01-tds1,GAUSSIAN_AR1_WEAK,1139,False,False,True,True,False,False,0
e01-tds1,GAUSSIAN_AR1_WEAK,1140,False,False,True,False,False,False,0
e01-tds1,GAUSSIAN_AR1_WEAK,1141,False,False,True,False,False,False,0
e01-tds1,GAUSSIAN_AR1_WEAK,1142,False,False,True,False,False,False,0
e01-tds1,GAUSSIAN_AR1_WEAK,1143,True,False,True,False,False,False,0
e01-tds1,GAUSSIAN_AR1_WEAK,1144,False,False,True,False,False,False,0
e01-tds1,GAUSSIAN_AR1_WEAK,1145,False,False,True,False,False,False,0
e01-tds1,GAUSSIAN_AR1_WEAK,1146,False,False,True,False,False,False,0
e01-tds1,GAUSSIAN_AR1_WEAK,1147,False,False,True,False,False,False,0
e01-tds1,GAUSSIAN_AR1_WEAK,1148,False,False,True,False,False,False,0
e01-tds1,GAUSSIAN_AR1_WEAK,1149,False,False,True,False,False,False,0
e01-tds1,GAUSSIAN_AR1_WEAK,1150,False,False,True,False,False,False,0
e01-tds1,GAUSSIAN_AR1_WEAK,1151,False,False,True,False,False,False,0
e01-tds1,GAUSSIAN_AR1_WEAK,1152,False,False,True,False,False,False,0
e01-tds1,GAUSSIAN_AR1_WEAK,1153,False,False,True,False,False,False,0
e01-tds1,GAUSSIAN_AR1_WEAK,1154,False,False,True,False,False,False,0
e01-tds1,GAUSSIAN_AR1_WEAK,1155,False,False,True,True,False,False,0
e01-tds1,GAUSSIAN_AR1_WEAK,1156,False,False,True,False,False,False,0
e01-tds1,GAUSSIAN_AR1_WEAK,1157,False,False,True,True,False,False,0
e01-tds1,GAUSSIAN_AR1_WEAK,1158,False,False,True,False,False,False,0
e01-tds1,GAUSSIAN_AR1_WEAK,1159,False,False,True,False,False,False,0
e01-tds1,GAUSSIAN_AR1_WEAK,1160,False,False,True,False,False,False,0
e01-tds1,GAUSSIAN_AR1_WEAK,1161,False,False,True,False,False,False,0
e01-tds1,GAUSSIAN_AR1_WEAK,1162,False,False,True,False,False,False,0
e01-tds1,GAUSSIAN_AR1_WEAK,1163,False,False,True,False,False,False,0
e01-tds1,GAUSSIAN_AR1_WEAK,1164,False,False,True,True,False,False,0
e01-tds1,GAUSSIAN_AR1_WEAK,1165,False,False,True,False,False,False,0
e01-tds1,GAUSSIAN_AR1_WEAK,1166,False,False,True,False,False,False,0
e01-tds1,GAUSSIAN_AR1_WEAK,1167,False,False,True,False,False,False,0
e01-tds1,GAUSSIAN_AR1_WEAK,1168,False,False,True,False,False,False,0
e01-tds1,GAUSSIAN_AR1_WEAK,1169,False,False,True,False,False,False,0
e01-tds1,GAUSSIAN_AR1_WEAK,1170,False,False,True,False,False,False,0
e01-tds1,GAUSSIAN_AR1_WEAK,1171,False,False,True,True,False,False,0
e01-tds1,GAUSSIAN_AR1_WEAK,1172,False,False,True,False,False,False,0
e01-tds1,GAUSSIAN_AR1_WEAK,1173,False,False,True,False,False,False,0
e01-tds1,GAUSSIAN_AR1_WEAK,1174,False,False,True,False,False,False,0
e01-tds1,GAUSSIAN_AR1_WEAK,1175,False,False,True,False,False,False,0
e01-tds1,GAUSSIAN_AR1_WEAK,1176,False,False,True,False,False,False,0
e01-tds1,GAUSSIAN_AR1_WEAK,1177,False,False,True,True,False,False,0
e01-tds1,GAUSSIAN_AR1_WEAK,1178,False,False,True,False,False,False,0
e01-tds1,GAUSSIAN_AR1_WEAK,1179,False,False,True,False,False,False,0
e01-tds1,GAUSSIAN_AR1_WEAK,1180,False,False,True,False,False,False,0
e01-tds1,GAUSSIAN_AR1_WEAK,1181,False,False,True,False,False,False,0
e01-tds1,GAUSSIAN_AR1_WEAK,1182,False,False,True,False,False,False,0
e01-tds1,GAUSSIAN_AR1_WEAK,1183,False,False,True,False,False,False,0
e01-tds1,GAUSSIAN_AR1_WEAK,1184,False,False,True,False,False,False,0
e01-tds1,GAUSSIAN_AR1_WEAK,1185,False,False,True,False,False,False,0
e01-tds1,GAUSSIAN_AR1_WEAK,1186,False,False,True,False,False,False,0
e01-tds1,GAUSSIAN_AR1_WEAK,1187,False,False,True,True,False,False,0
e01-tds1,GAUSSIAN_AR1_WEAK,1188,False,False,True,False,False,False,0
e01-tds1,GAUSSIAN_AR1_WEAK,1189,False,False,True,False,False,False,0
e01-tds1,GAUSSIAN_AR1_WEAK,1190,False,False,True,False,False,False,0
e01-tds1,GAUSSIAN_AR1_WEAK,1191,False,False,True,False,False,False,0
e01-tds1,GAUSSIAN_AR1_WEAK,1192,False,False,True,False,False,False,0
e01-tds1,GAUSSIAN_AR1_WEAK,1193,False,False,True,False,False,False,0
e01-tds1,GAUSSIAN_AR1_WEAK,1194,False,False,True,False,False,False,0
e01-tds1,GAUSSIAN_AR1_WEAK,1195,False,False,True,True,False,False,0
e01-tds1,GAUSSIAN_AR1_WEAK,1196,False,False,True,False,False,False,0
e01-tds1,GAUSSIAN_AR1_WEAK,1197,False,False,True,False,False,False,0
e01-tds1,GAUSSIAN_AR1_WEAK,1198,False,False,True,False,False,False,0
e01-tds1,GAUSSIAN_AR1_WEAK,1199,False,False,True,False,False,False,0
e01-tds1,GAUSSIAN_AR1_WEAK,1200,False,False,True,True,False,False,0
e01-tds1,GAUSSIAN_AR1_WEAK,1201,False,False,True,False,False,False,0
e01-tds1,GAUSSIAN_AR1_WEAK,1202,False,False,True,False,False,False,0
e01-tds1,GAUSSIAN_AR1_WEAK,1203,False,False,True,True,False,False,0
e01-tds1,GAUSSIAN_AR1_WEAK,1204,False,False,True,False,False,False,0
e01-tds1,GAUSSIAN_AR1_WEAK,1205,False,False,True,False,False,False,0
e01-tds1,GAUSSIAN_AR1_WEAK,1206,False,False,True,False,False,False,0
e01-tds1,GAUSSIAN_AR1_WEAK,1207,False,False,True,False,False,False,0
e01-tds1,GAUSSIAN_AR1_WEAK,1208,False,False,True,False,False,False,0
e01-tds1,GAUSSIAN_AR1_WEAK,1209,False,False,True,False,False,False,0
e01-tds1,GAUSSIAN_AR1_WEAK,1210,False,False,True,False,False,False,0
e01-tds1,GAUSSIAN_AR1_WEAK,1211,False,False,True,False,False,False,0
e01-tds1,GAUSSIAN_AR1_WEAK,1212,False,False,True,False,False,False,0
e01-tds1,GAUSSIAN_AR1_WEAK,1213,False,False,True,False,False,False,0
e01-tds1,GAUSSIAN_AR1_WEAK,1214,False,False,True,False,False,False,0
e01-tds1,GAUSSIAN_AR1_WEAK,1215,False,False,True,False,False,False,0
e01-tds1,GAUSSIAN_AR1_WEAK,1216,False,False,True,False,False,False,0
e01-tds1,GAUSSIAN_AR1_WEAK,1217,False,False,True,False,False,False,0
e01-tds1,GAUSSIAN_AR1_WEAK,1218,False,False,True,False,False,False,0
e01-tds1,GAUSSIAN_AR1_WEAK,1219,False,False,True,False,False,False,0
e01-tds1,GAUSSIAN_AR1_WEAK,1220,False,False,True,False,False,False,0
e01-tds1,GAUSSIAN_AR1_WEAK,1221,False,False,True,False,False,False,0
e01-tds1,GAUSSIAN_AR1_WEAK,1222,False,False,True,True,False,False,0
e01-tds1,GAUSSIAN_AR1_WEAK,1223,False,False,True,False,False,False,0
e01-tds1,GAUSSIAN_AR1_WEAK,1224,False,False,True,False,False,False,0
e01-tds1,GAUSSIAN_AR1_WEAK,1225,False,False,True,False,False,False,0
e01-tds1,GAUSSIAN_AR1_WEAK,1226,False,False,True,False,False,False,0
e01-tds1,GAUSSIAN_AR1_WEAK,1227,False,False,True,False,False,False,0
e01-tds1,GAUSSIAN_AR1_WEAK,1228,False,False,True,False,False,False,0
e01-tds1,GAUSSIAN_AR1_WEAK,1229,False,False,True,True,False,False,0
e01-tds1,GAUSSIAN_AR1_WEAK,1230,False,False,True,False,False,False,0
e01-tds1,GAUSSIAN_AR1_WEAK,1231,False,False,True,False,False,False,0
e01-tds1,GAUSSIAN_AR1_WEAK,1232,False,False,True,False,False,False,0
e01-tds1,GAUSSIAN_AR1_WEAK,1233,False,False,True,True,False,False,0
e01-tds1,GAUSSIAN_AR1_WEAK,1234,False,False,True,True,False,False,0
e01-tds1,GAUSSIAN_AR1_WEAK,1235,False,False,True,False,False,False,0
e01-tds1,GAUSSIAN_AR1_WEAK,1236,False,False,True,True,False,False,0
e01-tds1,GAUSSIAN_AR1_WEAK,1237,False,False,True,False,False,False,0
e01-tds1,GAUSSIAN_AR1_WEAK,1238,False,False,True,False,False,False,0
e01-tds1,GAUSSIAN_AR1_WEAK,1239,False,False,True,True,False,False,0
e01-tds1,GAUSSIAN_AR1_WEAK,1240,False,False,True,True,False,False,0
e01-tds1,GAUSSIAN_AR1_WEAK,1241,False,False,True,False,False,False,0
e01-tds1,GAUSSIAN_AR1_WEAK,1242,False,False,True,False,False,False,0
e01-tds1,GAUSSIAN_AR1_WEAK,1243,False,False,True,False,False,False,0
e01-tds1,GAUSSIAN_AR1_WEAK,1244,False,False,True,False,False,False,0
e01-tds1,GAUSSIAN_AR1_WEAK,1245,False,False,True,False,False,False,0
e01-tds1,GAUSSIAN_AR1_WEAK,1246,False,False,True,True,False,False,0
e01-tds1,GAUSSIAN_AR1_WEAK,1247,False,False,True,False,False,False,0
e01-tds1,GAUSSIAN_AR1_WEAK,1248,False,False,True,False,False,False,0
e01-tds1,GAUSSIAN_AR1_WEAK,1249,False,False,True,False,False,False,0
e01-tds1,GAUSSIAN_AR1_WEAK,1250,False,False,True,True,False,False,0
e01-tds1,GAUSSIAN_AR1_WEAK,1251,False,False,True,False,False,False,0
e01-tds1,GAUSSIAN_AR1_WEAK,1252,False,False,True,False,False,False,0
e01-tds1,GAUSSIAN_AR1_WEAK,1253,False,False,True,False,False,False,0
e01-tds1,GAUSSIAN_AR1_WEAK,1254,True,False,True,False,False,False,0
e01-tds1,GAUSSIAN_AR1_WEAK,1255,False,False,True,False,False,False,0
e01-tds1,GAUSSIAN_AR1_WEAK,1256,False,False,True,False,False,False,0
e01-tds1,GAUSSIAN_AR1_WEAK,1257,False,False,True,False,False,False,0
e01-tds1,GAUSSIAN_AR1_WEAK,1258,False,False,True,False,False,False,0
e01-tds1,GAUSSIAN_AR1_WEAK,1259,False,False,True,False,False,False,0
e01-tds1,GAUSSIAN_AR1_WEAK,1260,False,False,True,False,False,False,0
e01-tds1,GAUSSIAN_AR1_WEAK,1261,False,False,True,False,False,False,0
e01-tds1,GAUSSIAN_AR1_WEAK,1262,False,False,True,False,False,False,0
e01-tds1,GAUSSIAN_AR1_WEAK,1263,False,False,True,False,False,False,0
e01-tds1,GAUSSIAN_AR1_WEAK,1264,False,False,True,True,False,False,0
e01-tds1,GAUSSIAN_AR1_WEAK,1265,False,False,True,False,False,False,0
e01-tds1,GAUSSIAN_AR1_WEAK,1266,False,False,True,True,False,False,0
e01-tds1,GAUSSIAN_AR1_WEAK,1267,False,False,True,True,False,False,0
e01-tds1,GAUSSIAN_AR1_WEAK,1268,False,False,True,True,False,False,0
e01-tds1,GAUSSIAN_AR1_WEAK,1269,False,False,True,True,False,False,0
e01-tds1,GAUSSIAN_AR1_WEAK,1270,False,False,True,False,False,False,0
e01-tds1,GAUSSIAN_AR1_WEAK,1271,False,False,True,True,False,False,0
e01-tds1,GAUSSIAN_AR1_WEAK,1272,False,False,True,False,False,False,0
e01-tds1,GAUSSIAN_AR1_WEAK,1273,False,False,True,False,False,False,0
e01-tds1,GAUSSIAN_AR1_WEAK,1274,False,False,True,False,False,False,0
e01-tds1,GAUSSIAN_AR1_WEAK,1275,False,False,True,True,False,False,0
e01-tds1,GAUSSIAN_AR1_WEAK,1276,False,False,True,True,False,False,0
e01-tds1,GAUSSIAN_AR1_WEAK,1277,True,False,True,False,False,False,0
e01-tds1,GAUSSIAN_AR1_WEAK,1278,False,False,True,False,False,False,0
e01-tds1,GAUSSIAN_AR1_WEAK,1279,False,False,True,False,False,False,0
e01-tds1,GAUSSIAN_AR1_WEAK,1280,False,False,True,False,False,False,0
e01-tds1,GAUSSIAN_AR1_WEAK,1281,False,False,True,False,False,False,0
e01-tds1,GAUSSIAN_AR1_WEAK,1282,False,False,True,True,False,False,0
e01-tds1,GAUSSIAN_AR1_WEAK,1283,False,False,True,True,False,False,0
e01-tds1,GAUSSIAN_AR1_WEAK,1284,False,False,True,True,False,False,0
e01-tds1,GAUSSIAN_AR1_WEAK,1285,False,False,True,False,False,False,0
e01-tds1,GAUSSIAN_AR1_WEAK,1286,False,False,True,False,False,False,0
e01-tds1,GAUSSIAN_AR1_WEAK,1287,False,False,True,False,False,False,0
e01-tds1,GAUSSIAN_AR1_WEAK,1288,False,False,True,False,False,False,0
e01-tds1,GAUSSIAN_AR1_WEAK,1289,False,False,True,True,False,False,0
e01-tds1,GAUSSIAN_AR1_WEAK,1290,False,False,True,False,False,False,0
e01-tds1,GAUSSIAN_AR1_WEAK,1291,False,False,True,False,False,False,0
e01-tds1,GAUSSIAN_AR1_WEAK,1292,False,False,True,True,False,False,0
e01-tds1,GAUSSIAN_AR1_WEAK,1293,False,False,True,False,False,False,0
e01-tds1,GAUSSIAN_AR1_WEAK,1294,False,False,True,False,False,False,0
e01-tds1,GAUSSIAN_AR1_WEAK,1295,False,False,True,False,False,False,0
e01-tds1,GAUSSIAN_AR1_WEAK,1296,False,False,True,True,False,False,0
e01-tds1,GAUSSIAN_AR1_WEAK,1297,False,False,True,False,False,False,0
e01-tds1,GAUSSIAN_AR1_WEAK,1298,False,False,True,False,False,False,0
e01-tds1,GAUSSIAN_AR1_WEAK,1299,False,False,True,False,False,False,0
e01-tds1,GAUSSIAN_AR1_WEAK,1300,False,False,True,False,False,False,0
e01-tds1,GAUSSIAN_AR1_WEAK,1301,False,False,True,False,False,False,0
e01-tds1,GAUSSIAN_AR1_WEAK,1302,False,False,True,True,False,False,0
e01-tds1,GAUSSIAN_AR1_WEAK,1303,False,False,True,False,False,False,0
e01-tds1,GAUSSIAN_AR1_WEAK,1304,False,False,True,True,False,False,0
e01-tds1,GAUSSIAN_AR1_WEAK,1305,False,False,True,False,False,False,0
e01-tds1,GAUSSIAN_AR1_WEAK,1306,False,False,True,False,False,False,0
e01-tds1,GAUSSIAN_AR1_WEAK,1307,False,False,True,False,False,False,0
e01-tds1,GAUSSIAN_AR1_WEAK,1308,False,False,True,False,False,False,0
e01-tds1,GAUSSIAN_AR1_WEAK,1309,False,False,True,False,False,False,0
e01-tds1,GAUSSIAN_AR1_WEAK,1310,False,False,True,False,False,False,0
e01-tds1,GAUSSIAN_AR1_WEAK,1311,False,False,True,True,False,False,0
e01-tds1,GAUSSIAN_AR1_WEAK,1312,False,False,True,False,False,False,0
e01-tds1,GAUSSIAN_AR1_WEAK,1313,False,False,True,False,False,False,0
e01-tds1,GAUSSIAN_AR1_WEAK,1314,False,False,True,False,False,False,0
e01-tds1,GAUSSIAN_AR1_WEAK,1315,False,False,True,False,False,False,0
e01-tds1,GAUSSIAN_AR1_WEAK,1316,False,False,True,True,False,False,0
e01-tds1,GAUSSIAN_AR1_WEAK,1317,False,False,True,False,False,False,0
e01-tds1,GAUSSIAN_AR1_WEAK,1318,False,False,True,False,False,False,0
e01-tds1,GAUSSIAN_AR1_WEAK,1319,False,False,True,False,False,False,0
e01-tds1,GAUSSIAN_AR1_WEAK,1320,False,False,True,False,False,False,0
e01-tds1,GAUSSIAN_AR1_WEAK,1321,False,False,True,True,False,False,0
e01-tds1,GAUSSIAN_AR1_WEAK,1322,False,False,True,False,False,False,0
e01-tds1,GAUSSIAN_AR1_WEAK,1323,False,False,True,True,False,False,0
e01-tds1,GAUSSIAN_AR1_WEAK,1324,False,False,True,False,False,False,0
e01-tds1,GAUSSIAN_AR1_WEAK,1325,False,False,True,False,False,False,0
e01-tds1,GAUSSIAN_AR1_WEAK,1326,False,False,True,False,False,False,0
e01-tds1,GAUSSIAN_AR1_WEAK,1327,False,False,True,False,False,False,0
e01-tds1,GAUSSIAN_AR1_WEAK,1328,False,False,True,True,False,False,0
e01-tds1,GAUSSIAN_AR1_WEAK,1329,False,False,True,False,False,False,0
e01-tds1,GAUSSIAN_AR1_WEAK,1330,False,False,True,False,False,False,0
e01-tds1,GAUSSIAN_AR1_WEAK,1331,False,False,True,False,False,False,0
e01-tds1,GAUSSIAN_AR1_WEAK,1332,False,False,True,False,False,False,0
e01-tds1,GAUSSIAN_AR1_WEAK,1333,False,False,True,False,False,False,0
e01-tds1,GAUSSIAN_AR1_WEAK,1334,False,False,True,False,False,False,0
e01-tds1,GAUSSIAN_AR1_WEAK,1335,False,False,True,False,False,False,0
e01-tds1,GAUSSIAN_AR1_WEAK,1336,False,False,True,False,False,False,0
e01-tds1,GAUSSIAN_AR1_WEAK,1337,False,False,True,False,False,False,0
e01-tds1,GAUSSIAN_AR1_WEAK,1338,False,False,True,False,False,False,0
e01-tds1,GAUSSIAN_AR1_WEAK,1339,False,False,True,False,False,False,0
e01-tds1,GAUSSIAN_AR1_WEAK,1340,False,False,True,False,False,False,0
e01-tds1,GAUSSIAN_AR1_WEAK,1341,True,False,True,False,False,False,0
e01-tds1,GAUSSIAN_AR1_WEAK,1342,False,False,True,False,False,False,0
e01-tds1,GAUSSIAN_AR1_WEAK,1343,False,False,True,False,False,False,0
e01-tds1,GAUSSIAN_AR1_WEAK,1344,False,False,True,False,False,False,0
e01-tds1,GAUSSIAN_AR1_WEAK,1345,False,False,True,True,False,False,0
e01-tds1,GAUSSIAN_AR1_WEAK,1346,False,False,True,True,False,False,0
e01-tds1,GAUSSIAN_AR1_WEAK,1347,False,False,True,True,False,False,0
e01-tds1,GAUSSIAN_AR1_WEAK,1348,False,False,True,False,False,False,0
e01-tds1,GAUSSIAN_AR1_WEAK,1349,False,False,True,False,False,False,0
e01-tds1,GAUSSIAN_AR1_WEAK,1350,False,False,True,False,False,False,0
e01-tds1,GAUSSIAN_AR1_WEAK,1351,True,False,True,False,False,False,0
e01-tds1,GAUSSIAN_AR1_WEAK,1352,False,False,True,True,False,False,0
e01-tds1,GAUSSIAN_AR1_WEAK,1353,False,False,True,False,False,False,0
e01-tds1,GAUSSIAN_AR1_WEAK,1354,False,False,True,False,False,False,0
e01-tds1,GAUSSIAN_AR1_WEAK,1355,False,False,True,False,False,False,0
e01-tds1,GAUSSIAN_AR1_WEAK,1356,False,True,True,False,False,False,0
e01-tds1,GAUSSIAN_AR1_WEAK,1357,False,False,True,False,False,False,0
e01-tds1,GAUSSIAN_AR1_WEAK,1358,False,False,True,True,False,False,0
e01-tds1,GAUSSIAN_AR1_WEAK,1359,True,False,True,False,False,False,0
e01-tds1,GAUSSIAN_AR1_WEAK,1360,False,False,True,False,False,False,0
e01-tds1,GAUSSIAN_AR1_WEAK,1361,False,False,True,True,False,False,0
e01-tds1,GAUSSIAN_AR1_WEAK,1362,False,False,True,False,False,False,0
e01-tds1,GAUSSIAN_AR1_WEAK,1363,True,False,True,False,False,False,0
e01-tds1,GAUSSIAN_AR1_WEAK,1364,False,False,True,False,False,False,0
e01-tds1,GAUSSIAN_AR1_WEAK,1365,False,False,True,False,False,False,0
e01-tds1,GAUSSIAN_AR1_WEAK,1366,False,False,True,False,False,False,0
e01-tds1,GAUSSIAN_AR1_WEAK,1367,False,False,True,False,False,False,0
e01-tds1,GAUSSIAN_AR1_WEAK,1368,False,False,True,False,False,False,0
e01-tds1,GAUSSIAN_AR1_WEAK,1369,False,False,True,True,False,False,0
e01-tds1,GAUSSIAN_AR1_WEAK,1370,False,False,True,False,False,False,0
e01-tds1,GAUSSIAN_AR1_WEAK,1371,False,False,True,True,False,False,0
e01-tds1,GAUSSIAN_AR1_WEAK,1372,False,False,True,True,False,False,0
e01-tds1,GAUSSIAN_AR1_WEAK,1373,False,False,True,False,False,False,0
e01-tds1,GAUSSIAN_AR1_WEAK,1374,False,False,True,False,False,False,0
e01-tds1,GAUSSIAN_AR1_WEAK,1375,False,False,True,False,False,False,0
e01-tds1,GAUSSIAN_AR1_WEAK,1376,False,False,True,True,False,False,0
e01-tds1,GAUSSIAN_AR1_WEAK,1377,False,True,True,False,False,False,0
e01-tds1,GAUSSIAN_AR1_WEAK,1378,False,False,True,False,False,False,0
e01-tds1,GAUSSIAN_AR1_WEAK,1379,False,False,True,False,False,False,0
e01-tds1,GAUSSIAN_AR1_WEAK,1380,False,False,True,True,False,False,0
e01-tds1,GAUSSIAN_AR1_WEAK,1381,False,False,True,False,False,False,0
e01-tds1,GAUSSIAN_AR1_WEAK,1382,False,False,True,False,False,False,0
e01-tds1,GAUSSIAN_AR1_WEAK,1383,False,False,True,False,False,False,0
e01-tds1,GAUSSIAN_AR1_WEAK,1384,False,False,True,False,False,False,0
e01-tds1,GAUSSIAN_AR1_WEAK,1385,False,False,True,False,False,False,0
e01-tds1,GAUSSIAN_AR1_WEAK,1386,False,False,True,False,False,False,0
e01-tds1,GAUSSIAN_AR1_WEAK,1387,False,False,True,False,False,False,0
e01-tds1,GAUSSIAN_AR1_WEAK,1388,False,False,True,False,False,False,0
e01-tds1,GAUSSIAN_AR1_WEAK,1389,False,False,True,True,False,False,0
e01-tds1,GAUSSIAN_AR1_WEAK,1390,False,False,True,False,False,False,0
e01-tds1,GAUSSIAN_AR1_WEAK,1391,False,False,True,False,False,False,0
e01-tds1,GAUSSIAN_AR1_WEAK,1392,False,False,True,False,False,False,0
e01-tds1,GAUSSIAN_AR1_WEAK,1393,False,False,True,False,False,False,0
e01-tds1,GAUSSIAN_AR1_WEAK,1394,False,False,True,False,False,False,0
e01-tds1,GAUSSIAN_AR1_WEAK,1395,False,False,True,False,False,False,0
e01-tds1,GAUSSIAN_AR1_WEAK,1396,False,False,True,False,False,False,0
e01-tds1,GAUSSIAN_AR1_WEAK,1397,False,False,True,False,False,False,0
e01-tds1,GAUSSIAN_AR1_WEAK,1398,False,False,True,False,False,False,0
e01-tds1,GAUSSIAN_AR1_WEAK,1399,False,False,True,True,False,False,0
e01-tds1,GAUSSIAN_AR1_WEAK,1400,False,False,True,False,False,False,0
e01-tds1,GAUSSIAN_AR1_WEAK,1401,False,False,True,False,False,False,0
e01-tds1,GAUSSIAN_AR1_WEAK,1402,False,False,True,False,False,False,0
e01-tds1,GAUSSIAN_AR1_WEAK,1403,False,False,True,False,False,False,0
e01-tds1,GAUSSIAN_AR1_WEAK,1404,False,False,True,False,False,False,0
e01-tds1,GAUSSIAN_AR1_WEAK,1405,False,False,True,False,False,False,0
e01-tds1,GAUSSIAN_AR1_WEAK,1406,False,False,True,False,False,False,0
e01-tds1,GAUSSIAN_AR1_WEAK,1407,False,False,True,False,False,False,0
e01-tds1,GAUSSIAN_AR1_WEAK,1408,False,False,True,False,False,False,0
e01-tds1,GAUSSIAN_AR1_WEAK,1409,False,False,True,False,False,False,0
e01-tds1,GAUSSIAN_AR1_WEAK,1410,False,False,True,True,False,False,0
e01-tds1,GAUSSIAN_AR1_WEAK,1411,False,False,True,False,False,False,0
e01-tds1,GAUSSIAN_AR1_WEAK,1412,False,False,True,False,False,False,0
e01-tds1,GAUSSIAN_AR1_WEAK,1413,False,False,True,True,False,False,0
e01-tds1,GAUSSIAN_AR1_WEAK,1414,False,False,True,False,False,False,0
e01-tds1,GAUSSIAN_AR1_WEAK,1415,False,False,True,False,False,False,0
e01-tds1,GAUSSIAN_AR1_WEAK,1416,False,False,True,True,False,False,0
e01-tds1,GAUSSIAN_AR1_WEAK,1417,False,False,True,False,False,False,0
e01-tds1,GAUSSIAN_AR1_WEAK,1418,False,False,True,True,False,False,0
e01-tds1,GAUSSIAN_AR1_WEAK,1419,False,False,True,False,False,False,0
e01-tds1,GAUSSIAN_AR1_WEAK,1420,False,False,True,True,False,False,0
e01-tds1,GAUSSIAN_AR1_WEAK,1421,False,False,True,False,False,False,0
e01-tds1,GAUSSIAN_AR1_WEAK,1422,False,False,True,True,False,False,0
e01-tds1,GAUSSIAN_AR1_WEAK,1423,False,False,True,False,False,False,0
e01-tds1,GAUSSIAN_AR1_WEAK,1424,False,False,True,False,False,False,0
e01-tds1,GAUSSIAN_AR1_WEAK,1425,False,False,True,False,False,False,0
e01-tds1,GAUSSIAN_AR1_WEAK,1426,False,False,True,False,False,False,0
e01-tds1,GAUSSIAN_AR1_WEAK,1427,False,False,True,False,False,False,0
e01-tds1,GAUSSIAN_AR1_WEAK,1428,False,False,True,False,False,False,0
e01-tds1,GAUSSIAN_AR1_WEAK,1429,False,False,True,False,False,False,0
e01-tds1,GAUSSIAN_AR1_WEAK,1430,False,False,True,False,False,False,0
e01-tds1,GAUSSIAN_AR1_WEAK,1431,False,False,True,False,False,False,0
e01-tds1,GAUSSIAN_AR1_WEAK,1432,False,False,True,False,False,False,0
e01-tds1,GAUSSIAN_AR1_WEAK,1433,False,False,True,False,False,False,0
e01-tds1,GAUSSIAN_AR1_WEAK,1434,False,False,True,False,False,False,0
e01-tds1,GAUSSIAN_AR1_WEAK,1435,False,False,True,False,False,False,0
e01-tds1,GAUSSIAN_AR1_WEAK,1436,False,False,True,True,False,False,0
e01-tds1,GAUSSIAN_AR1_WEAK,1437,False,False,True,False,False,False,0
e01-tds1,GAUSSIAN_AR1_WEAK,1438,False,False,True,False,False,False,0
e01-tds1,GAUSSIAN_AR1_WEAK,1439,False,False,True,False,False,False,0
e01-tds1,GAUSSIAN_AR1_WEAK,1440,False,False,True,True,False,False,0
e01-tds1,GAUSSIAN_AR1_WEAK,1441,False,False,True,False,False,False,0
e01-tds1,GAUSSIAN_AR1_WEAK,1442,False,False,True,False,False,False,0
e01-tds1,GAUSSIAN_AR1_WEAK,1443,False,False,True,False,False,False,0
e01-tds1,GAUSSIAN_AR1_WEAK,1444,False,False,True,True,False,False,0
e01-tds1,GAUSSIAN_AR1_WEAK,1445,False,False,True,False,False,False,0
e01-tds1,GAUSSIAN_AR1_WEAK,1446,False,False,True,False,False,False,0
e01-tds1,GAUSSIAN_AR1_WEAK,1447,False,False,True,False,False,False,0
e01-tds1,GAUSSIAN_AR1_WEAK,1448,False,False,True,False,False,False,0
e01-tds1,GAUSSIAN_AR1_WEAK,1449,False,False,True,True,False,False,0
e01-tds1,GAUSSIAN_AR1_WEAK,1450,True,False,True,False,False,False,0
e01-tds1,GAUSSIAN_AR1_WEAK,1451,False,False,True,False,False,False,0
e01-tds1,GAUSSIAN_AR1_WEAK,1452,False,False,True,False,False,False,0
e01-tds1,GAUSSIAN_AR1_WEAK,1453,False,False,True,False,False,False,0
e01-tds1,GAUSSIAN_AR1_WEAK,1454,False,False,True,False,False,False,0
e01-tds1,GAUSSIAN_AR1_WEAK,1455,False,False,True,False,False,False,0
e01-tds1,GAUSSIAN_AR1_WEAK,1456,False,False,True,False,False,False,0
e01-tds1,GAUSSIAN_AR1_WEAK,1457,False,False,True,False,False,False,0
e01-tds1,GAUSSIAN_AR1_WEAK,1458,False,False,True,False,False,False,0
e01-tds1,GAUSSIAN_AR1_WEAK,1459,False,False,True,False,False,False,0
e01-tds1,GAUSSIAN_AR1_WEAK,1460,False,False,True,False,False,False,0
e01-tds1,GAUSSIAN_AR1_WEAK,1461,False,False,True,False,False,False,0
e01-tds1,GAUSSIAN_AR1_WEAK,1462,False,False,True,False,False,False,0
e01-tds1,GAUSSIAN_AR1_WEAK,1463,False,False,True,True,False,False,0
e01-tds1,GAUSSIAN_AR1_WEAK,1464,False,False,True,False,False,False,0
e01-tds1,GAUSSIAN_AR1_WEAK,1465,False,False,True,False,False,False,0
e01-tds1,GAUSSIAN_AR1_WEAK,1466,False,False,True,False,False,False,0
e01-tds1,GAUSSIAN_AR1_WEAK,1467,False,False,True,False,False,False,0
e01-tds1,GAUSSIAN_AR1_WEAK,1468,False,False,True,False,False,False,0
e01-tds1,GAUSSIAN_AR1_WEAK,1469,False,False,True,False,False,False,0
e01-tds1,GAUSSIAN_AR1_WEAK,1470,False,False,True,True,False,False,0
e01-tds1,GAUSSIAN_AR1_WEAK,1471,False,False,True,False,False,False,0
e01-tds1,GAUSSIAN_AR1_WEAK,1472,False,False,True,False,False,False,0
e01-tds1,GAUSSIAN_AR1_WEAK,1473,False,False,True,False,False,False,0
e01-tds1,GAUSSIAN_AR1_WEAK,1474,False,False,True,False,False,False,0
e01-tds1,GAUSSIAN_AR1_WEAK,1475,False,False,True,False,False,False,0
e01-tds1,GAUSSIAN_AR1_WEAK,1476,False,False,True,False,False,False,0
e01-tds1,GAUSSIAN_AR1_WEAK,1477,False,False,True,False,False,False,0
e01-tds1,GAUSSIAN_AR1_WEAK,1478,False,False,True,False,False,False,0
e01-tds1,GAUSSIAN_AR1_WEAK,1479,False,False,True,False,False,False,0
e01-tds1,GAUSSIAN_AR1_WEAK,1480,False,False,True,False,False,False,0
e01-tds1,GAUSSIAN_AR1_WEAK,1481,False,False,True,False,False,False,0
e01-tds1,GAUSSIAN_AR1_WEAK,1482,False,False,True,True,False,False,0
e01-tds1,GAUSSIAN_AR1_WEAK,1483,False,True,True,False,False,False,0
e01-tds1,GAUSSIAN_AR1_WEAK,1484,False,False,True,False,False,False,0
e01-tds1,GAUSSIAN_AR1_WEAK,1485,False,False,True,False,False,False,0
e01-tds1,GAUSSIAN_AR1_WEAK,1486,False,False,True,True,False,False,0
e01-tds1,GAUSSIAN_AR1_WEAK,1487,False,False,True,False,False,False,0
e01-tds1,GAUSSIAN_AR1_WEAK,1488,False,False,True,True,False,False,0
e01-tds1,GAUSSIAN_AR1_WEAK,1489,False,False,True,False,False,False,0
e01-tds1,GAUSSIAN_AR1_WEAK,1490,False,False,True,False,False,False,0
e01-tds1,GAUSSIAN_AR1_WEAK,1491,False,False,True,False,False,False,0
e01-tds1,GAUSSIAN_AR1_WEAK,1492,False,False,True,False,False,False,0
e01-tds1,GAUSSIAN_AR1_WEAK,1493,False,False,True,False,False,False,0
e01-tds1,GAUSSIAN_AR1_WEAK,1494,False,False,True,False,False,False,0
e01-tds1,GAUSSIAN_AR1_WEAK,1495,False,False,True,False,False,False,0
e01-tds1,GAUSSIAN_AR1_WEAK,1496,False,False,True,True,False,False,0
e01-tds1,GAUSSIAN_AR1_WEAK,1497,False,False,True,False,False,False,0
e01-tds1,GAUSSIAN_AR1_WEAK,1498,False,False,True,False,False,False,0
e01-tds1,GAUSSIAN_AR1_WEAK,1499,False,False,True,True,False,False,0
e01-tds1,GAUSSIAN_AR1_WEAK,1500,False,False,True,True,False,False,0
e01-tds1,GAUSSIAN_AR1_WEAK,1501,False,False,True,False,False,False,0
e01-tds1,GAUSSIAN_AR1_WEAK,1502,False,False,True,False,False,False,0
e01-tds1,GAUSSIAN_AR1_WEAK,1503,False,False,True,True,False,False,0
e01-tds1,GAUSSIAN_AR1_WEAK,1504,False,False,True,False,False,False,0
e01-tds1,GAUSSIAN_AR1_WEAK,1505,False,False,True,False,False,False,0
e01-tds1,GAUSSIAN_AR1_WEAK,1506,False,False,True,False,False,False,0
e01-tds1,GAUSSIAN_AR1_WEAK,1507,False,False,True,True,False,False,0
e01-tds1,GAUSSIAN_AR1_WEAK,1508,False,False,True,False,False,False,0
e01-tds1,GAUSSIAN_AR1_WEAK,1509,False,False,True,True,False,False,0
e01-tds1,GAUSSIAN_AR1_WEAK,1510,True,False,True,False,False,False,0
e01-tds1,GAUSSIAN_AR1_WEAK,1511,False,False,True,False,False,False,0
e01-tds1,GAUSSIAN_AR1_WEAK,1512,False,False,True,False,False,False,0
e01-tds1,GAUSSIAN_AR1_WEAK,1513,False,False,True,False,False,False,0
e01-tds1,GAUSSIAN_AR1_WEAK,1514,False,False,True,False,False,False,0
e01-tds1,GAUSSIAN_AR1_WEAK,1515,False,False,True,False,False,False,0
e01-tds1,GAUSSIAN_AR1_WEAK,1516,False,False,True,True,False,False,0
e01-tds1,GAUSSIAN_AR1_WEAK,1517,False,False,True,False,False,False,0
e01-tds1,GAUSSIAN_AR1_WEAK,1518,False,False,True,False,False,False,0
e01-tds1,GAUSSIAN_AR1_WEAK,1519,False,False,True,False,False,False,0
e01-tds1,GAUSSIAN_AR1_WEAK,1520,False,False,True,True,False,False,0
e01-tds1,GAUSSIAN_AR1_WEAK,1521,False,False,True,False,False,False,0
e01-tds1,GAUSSIAN_AR1_WEAK,1522,False,False,True,False,False,False,0
e01-tds1,GAUSSIAN_AR1_WEAK,1523,False,False,True,False,False,False,0
e01-tds1,GAUSSIAN_AR1_WEAK,1524,False,False,True,True,False,False,0
e01-tds1,GAUSSIAN_AR1_WEAK,1525,False,False,True,False,False,False,0
e01-tds1,GAUSSIAN_AR1_WEAK,1526,False,False,True,False,False,False,0
e01-tds1,GAUSSIAN_AR1_WEAK,1527,False,False,True,False,False,False,0
e01-tds1,GAUSSIAN_AR1_WEAK,1528,False,False,True,False,False,False,0
e01-tds1,GAUSSIAN_AR1_WEAK,1529,False,False,True,False,False,False,0
e01-tds1,GAUSSIAN_AR1_WEAK,1530,False,False,True,True,False,False,0
e01-tds1,GAUSSIAN_AR1_WEAK,1531,False,False,True,False,False,False,0
e01-tds1,GAUSSIAN_AR1_WEAK,1532,False,False,True,False,False,False,0
e01-tds1,GAUSSIAN_AR1_WEAK,1533,False,False,True,False,False,False,0
e01-tds1,GAUSSIAN_AR1_WEAK,1534,False,False,True,False,False,False,0
e01-tds1,GAUSSIAN_AR1_WEAK,1535,False,False,True,False,False,False,0
e01-tds1,GAUSSIAN_AR1_WEAK,1536,False,False,True,False,False,False,0
e01-tds1,GAUSSIAN_AR1_WEAK,1537,False,False,True,False,False,False,0
e01-tds1,GAUSSIAN_AR1_WEAK,1538,False,False,True,False,False,False,0
e01-tds1,GAUSSIAN_AR1_WEAK,1539,False,False,True,True,False,False,0
e01-tds1,GAUSSIAN_AR1_WEAK,1540,False,False,True,False,False,False,0
e01-tds1,GAUSSIAN_AR1_WEAK,1541,False,False,True,False,False,False,0
e01-tds1,GAUSSIAN_AR1_WEAK,1542,False,False,True,False,False,False,0
e01-tds1,GAUSSIAN_AR1_WEAK,1543,False,False,True,False,False,False,0
e01-tds1,GAUSSIAN_AR1_WEAK,1544,False,False,True,False,False,False,0
e01-tds1,GAUSSIAN_AR1_WEAK,1545,False,False,True,False,False,False,0
e01-tds1,GAUSSIAN_AR1_WEAK,1546,False,False,True,False,False,False,0
e01-tds1,GAUSSIAN_AR1_WEAK,1547,False,False,True,False,False,False,0
e01-tds1,GAUSSIAN_AR1_WEAK,1548,False,False,True,False,False,False,0
e01-tds1,GAUSSIAN_AR1_WEAK,1549,False,False,True,False,False,False,0
e01-tds1,GAUSSIAN_AR1_WEAK,1550,False,False,True,False,False,False,0
e01-tds1,GAUSSIAN_AR1_WEAK,1551,False,False,True,False,False,False,0
e01-tds1,GAUSSIAN_AR1_WEAK,1552,False,False,True,False,False,False,0
e01-tds1,GAUSSIAN_AR1_WEAK,1553,False,False,True,False,False,False,0
e01-tds1,GAUSSIAN_AR1_WEAK,1554,False,False,True,False,False,False,0
e01-tds1,GAUSSIAN_AR1_WEAK,1555,False,False,True,False,False,False,0
e01-tds1,GAUSSIAN_AR1_WEAK,1556,False,False,True,False,False,False,0
e01-tds1,GAUSSIAN_AR1_WEAK,1557,False,False,True,False,False,False,0
e01-tds1,GAUSSIAN_AR1_WEAK,1558,True,False,True,False,False,False,0
e01-tds1,GAUSSIAN_AR1_WEAK,1559,False,False,True,True,False,False,0
e01-tds1,GAUSSIAN_AR1_WEAK,1560,False,False,True,False,False,False,0
e01-tds1,GAUSSIAN_AR1_WEAK,1561,False,False,True,False,False,False,0
e01-tds1,GAUSSIAN_AR1_WEAK,1562,False,False,True,False,False,False,0
e01-tds1,GAUSSIAN_AR1_WEAK,1563,False,False,True,False,False,False,0
e01-tds1,GAUSSIAN_AR1_WEAK,1564,False,False,True,True,False,False,0
e01-tds1,GAUSSIAN_AR1_WEAK,1565,False,False,True,False,False,False,0
e01-tds1,GAUSSIAN_AR1_WEAK,1566,False,False,True,False,False,False,0
e01-tds1,GAUSSIAN_AR1_WEAK,1567,False,False,True,False,False,False,0
e01-tds1,GAUSSIAN_AR1_WEAK,1568,False,False,True,False,False,False,0
e01-tds1,GAUSSIAN_AR1_WEAK,1569,False,False,True,False,False,False,0
e01-tds1,GAUSSIAN_AR1_WEAK,1570,False,False,True,False,False,False,0
e01-tds1,GAUSSIAN_AR1_WEAK,1571,False,False,True,False,False,False,0
e01-tds1,GAUSSIAN_AR1_WEAK,1572,False,False,True,False,False,False,0
e01-tds1,GAUSSIAN_AR1_WEAK,1573,False,False,True,False,False,False,0
e01-tds1,GAUSSIAN_AR1_WEAK,1574,False,False,True,False,False,False,0
e01-tds1,GAUSSIAN_AR1_WEAK,1575,False,False,True,True,False,False,0
e01-tds1,GAUSSIAN_AR1_WEAK,1576,False,False,True,False,False,False,0
e01-tds1,GAUSSIAN_AR1_WEAK,1577,False,False,True,False,False,False,0
e01-tds1,GAUSSIAN_AR1_WEAK,1578,False,False,True,False,False,False,0
e01-tds1,GAUSSIAN_AR1_WEAK,1579,False,False,True,False,False,False,0
e01-tds1,GAUSSIAN_AR1_WEAK,1580,False,False,True,False,False,False,0
e01-tds1,GAUSSIAN_AR1_WEAK,1581,False,False,True,True,False,False,0
e01-tds1,GAUSSIAN_AR1_WEAK,1582,False,False,True,False,False,False,0
e01-tds1,GAUSSIAN_AR1_WEAK,1583,False,False,True,False,False,False,0
e01-tds1,GAUSSIAN_AR1_WEAK,1584,False,False,True,False,False,False,0
e01-tds1,GAUSSIAN_AR1_WEAK,1585,False,False,True,False,False,False,0
e01-tds1,GAUSSIAN_AR1_WEAK,1586,False,False,True,False,False,False,0
e01-tds1,GAUSSIAN_AR1_WEAK,1587,False,False,True,False,False,False,0
e01-tds1,GAUSSIAN_AR1_WEAK,1588,False,False,True,False,False,False,0
e01-tds1,GAUSSIAN_AR1_WEAK,1589,False,False,True,False,False,False,0
e01-tds1,GAUSSIAN_AR1_WEAK,1590,False,False,True,False,False,False,0
e01-tds1,GAUSSIAN_AR1_WEAK,1591,False,False,True,False,False,False,0
e01-tds1,GAUSSIAN_AR1_WEAK,1592,False,False,True,False,False,False,0
e01-tds1,GAUSSIAN_AR1_WEAK,1593,False,False,True,False,False,False,0
e01-tds1,GAUSSIAN_AR1_WEAK,1594,False,False,True,False,False,False,0
e01-tds1,GAUSSIAN_AR1_WEAK,1595,False,False,True,False,False,False,0
e01-tds1,GAUSSIAN_AR1_WEAK,1596,False,False,True,False,False,False,0
e01-tds1,GAUSSIAN_AR1_WEAK,1597,False,False,True,False,False,False,0
e01-tds1,GAUSSIAN_AR1_WEAK,1598,False,False,True,False,False,False,0
e01-tds1,GAUSSIAN_AR1_WEAK,1599,False,False,True,False,False,False,0
e01-tds1,GAUSSIAN_AR1_WEAK,1600,False,False,True,False,False,False,0
e01-tds1,GAUSSIAN_AR1_WEAK,1601,False,False,True,False,False,False,0
e01-tds1,GAUSSIAN_AR1_WEAK,1602,False,False,True,False,False,False,0
e01-tds1,GAUSSIAN_AR1_WEAK,1603,False,False,True,True,False,False,0
e01-tds1,GAUSSIAN_AR1_WEAK,1604,False,False,True,True,False,False,0
e01-tds1,GAUSSIAN_AR1_WEAK,1605,False,False,True,False,False,False,0
e01-tds1,GAUSSIAN_AR1_WEAK,1606,False,False,True,False,False,False,0
e01-tds1,GAUSSIAN_AR1_WEAK,1607,False,False,True,False,False,False,0
e01-tds1,GAUSSIAN_AR1_WEAK,1608,False,False,True,False,False,False,0
e01-tds1,GAUSSIAN_AR1_WEAK,1609,False,False,True,False,False,False,0
e01-tds1,GAUSSIAN_AR1_WEAK,1610,False,False,True,False,False,False,0
e01-tds1,GAUSSIAN_AR1_WEAK,1611,False,False,True,False,False,False,0
e01-tds1,GAUSSIAN_AR1_WEAK,1612,False,False,True,False,False,False,0
e01-tds1,GAUSSIAN_AR1_WEAK,1613,False,False,True,False,False,False,0
e01-tds1,GAUSSIAN_AR1_WEAK,1614,False,False,True,False,False,False,0
e01-tds1,GAUSSIAN_AR1_WEAK,1615,False,False,True,True,False,False,0
e01-tds1,GAUSSIAN_AR1_WEAK,1616,False,False,True,False,False,False,0
e01-tds1,GAUSSIAN_AR1_WEAK,1617,False,False,True,False,False,False,0
e01-tds1,GAUSSIAN_AR1_WEAK,1618,False,False,True,False,False,False,0
e01-tds1,GAUSSIAN_AR1_WEAK,1619,False,False,True,False,False,False,0
e01-tds1,GAUSSIAN_AR1_WEAK,1620,False,False,True,False,False,False,0
e01-tds1,GAUSSIAN_AR1_WEAK,1621,False,False,True,False,False,False,0
e01-tds1,GAUSSIAN_AR1_WEAK,1622,False,False,True,False,False,False,0
e01-tds1,GAUSSIAN_AR1_WEAK,1623,True,False,True,False,False,False,0
e01-tds1,GAUSSIAN_AR1_WEAK,1624,False,False,True,False,False,False,0
e01-tds1,GAUSSIAN_AR1_WEAK,1625,False,False,True,False,False,False,0
e01-tds1,GAUSSIAN_AR1_WEAK,1626,False,False,True,False,False,False,0
e01-tds1,GAUSSIAN_AR1_WEAK,1627,False,False,True,False,False,False,0
e01-tds1,GAUSSIAN_AR1_WEAK,1628,False,False,True,False,False,False,0
e01-tds1,GAUSSIAN_AR1_WEAK,1629,False,False,True,False,False,False,0
e01-tds1,GAUSSIAN_AR1_WEAK,1630,False,False,True,False,False,False,0
e01-tds1,GAUSSIAN_AR1_WEAK,1631,False,False,True,False,False,False,0
e01-tds1,GAUSSIAN_AR1_WEAK,1632,False,False,True,False,False,False,0
e01-tds1,GAUSSIAN_AR1_WEAK,1633,False,False,True,False,False,False,0
e01-tds1,GAUSSIAN_AR1_WEAK,1634,False,False,True,True,False,False,0
e01-tds1,GAUSSIAN_AR1_WEAK,1635,False,False,True,False,False,False,0
e01-tds1,GAUSSIAN_AR1_WEAK,1636,False,False,True,False,False,False,0
e01-tds1,GAUSSIAN_AR1_WEAK,1637,False,False,True,False,False,False,0
e01-tds1,GAUSSIAN_AR1_WEAK,1638,False,False,True,False,False,False,0
e01-tds1,GAUSSIAN_AR1_WEAK,1639,True,False,True,False,False,False,0
e01-tds1,GAUSSIAN_AR1_WEAK,1640,False,False,True,False,False,False,0
e01-tds1,GAUSSIAN_AR1_WEAK,1641,False,False,True,True,False,False,0
e01-tds1,GAUSSIAN_AR1_WEAK,1642,False,False,True,False,False,False,0
e01-tds1,GAUSSIAN_AR1_WEAK,1643,False,False,True,False,False,False,0
e01-tds1,GAUSSIAN_AR1_WEAK,1644,False,False,True,False,False,False,0
e01-tds1,GAUSSIAN_AR1_WEAK,1645,False,False,True,False,False,False,0
e01-tds1,GAUSSIAN_AR1_WEAK,1646,False,False,True,False,False,False,0
e01-tds1,GAUSSIAN_AR1_WEAK,1647,False,False,True,False,False,False,0
e01-tds1,GAUSSIAN_AR1_WEAK,1648,False,False,True,False,False,False,0
e01-tds1,GAUSSIAN_AR1_WEAK,1649,False,False,True,False,False,False,0
e01-tds1,GAUSSIAN_AR1_WEAK,1650,False,False,True,True,False,False,0
e01-tds1,GAUSSIAN_AR1_WEAK,1651,False,False,True,True,False,False,0
e01-tds1,GAUSSIAN_AR1_WEAK,1652,False,False,True,False,False,False,0
e01-tds1,GAUSSIAN_AR1_WEAK,1653,False,False,True,False,False,False,0
e01-tds1,GAUSSIAN_AR1_WEAK,1654,False,False,True,False,False,False,0
e01-tds1,GAUSSIAN_AR1_WEAK,1655,False,False,True,False,False,False,0
e01-tds1,GAUSSIAN_AR1_WEAK,1656,False,False,True,False,False,False,0
e01-tds1,GAUSSIAN_AR1_WEAK,1657,False,False,True,False,False,False,0
e01-tds1,GAUSSIAN_AR1_WEAK,1658,False,False,True,True,False,False,0
e01-tds1,GAUSSIAN_AR1_WEAK,1659,False,False,True,False,False,False,0
e01-tds1,GAUSSIAN_AR1_WEAK,1660,False,False,True,True,False,False,0
e01-tds1,GAUSSIAN_AR1_WEAK,1661,False,False,True,False,False,False,0
e01-tds1,GAUSSIAN_AR1_WEAK,1662,False,False,True,False,False,False,0
e01-tds1,GAUSSIAN_AR1_WEAK,1663,False,False,True,False,False,False,0
e01-tds1,GAUSSIAN_AR1_WEAK,1664,False,False,True,True,False,False,0
e01-tds1,GAUSSIAN_AR1_WEAK,1665,False,False,True,False,False,False,0
e01-tds1,GAUSSIAN_AR1_WEAK,1666,False,False,True,False,False,False,0
e01-tds1,GAUSSIAN_AR1_WEAK,1667,False,False,True,False,False,False,0
e01-tds1,GAUSSIAN_AR1_WEAK,1668,False,False,True,False,False,False,0
e01-tds1,GAUSSIAN_AR1_WEAK,1669,False,False,True,True,False,False,0
e01-tds1,GAUSSIAN_AR1_WEAK,1670,False,False,True,False,False,False,0
e01-tds1,GAUSSIAN_AR1_WEAK,1671,False,False,True,False,False,False,0
e01-tds1,GAUSSIAN_AR1_WEAK,1672,False,False,True,False,False,False,0
e01-tds1,GAUSSIAN_AR1_WEAK,1673,False,False,True,False,False,False,0
e01-tds1,GAUSSIAN_AR1_WEAK,1674,False,False,True,False,False,False,0
e01-tds1,GAUSSIAN_AR1_WEAK,1675,False,False,True,False,False,False,0
e01-tds1,GAUSSIAN_AR1_WEAK,1676,False,False,True,False,False,False,0
e01-tds1,GAUSSIAN_AR1_WEAK,1677,False,False,True,True,False,False,0
e01-tds1,GAUSSIAN_AR1_WEAK,1678,False,False,True,True,False,False,0
e01-tds1,GAUSSIAN_AR1_WEAK,1679,False,False,True,True,False,False,0
e01-tds1,GAUSSIAN_AR1_WEAK,1680,False,False,True,False,False,False,0
e01-tds1,GAUSSIAN_AR1_WEAK,1681,False,False,True,False,False,False,0
e01-tds1,GAUSSIAN_AR1_WEAK,1682,False,False,True,True,False,False,0
e01-tds1,GAUSSIAN_AR1_WEAK,1683,False,False,True,False,False,False,0
e01-tds1,GAUSSIAN_AR1_WEAK,1684,False,False,True,True,False,False,0
e01-tds1,GAUSSIAN_AR1_WEAK,1685,False,False,True,True,False,False,0
e01-tds1,GAUSSIAN_AR1_WEAK,1686,False,False,True,False,False,False,0
e01-tds1,GAUSSIAN_AR1_WEAK,1687,False,False,True,False,False,False,0
e01-tds1,GAUSSIAN_AR1_WEAK,1688,False,False,True,False,False,False,0
e01-tds1,GAUSSIAN_AR1_WEAK,1689,False,False,True,False,False,False,0
e01-tds1,GAUSSIAN_AR1_WEAK,1690,False,False,True,False,False,False,0
e01-tds1,GAUSSIAN_AR1_WEAK,1691,False,False,True,False,False,False,0
e01-tds1,GAUSSIAN_AR1_WEAK,1692,False,False,True,True,False,False,0
e01-tds1,GAUSSIAN_AR1_WEAK,1693,False,False,True,False,False,False,0
e01-tds1,GAUSSIAN_AR1_WEAK,1694,False,False,True,False,False,False,0
e01-tds1,GAUSSIAN_AR1_WEAK,1695,False,False,True,False,False,False,0
e01-tds1,GAUSSIAN_AR1_WEAK,1696,False,False,True,False,False,False,0
e01-tds1,GAUSSIAN_AR1_WEAK,1697,False,False,True,True,False,False,0
e01-tds1,GAUSSIAN_AR1_WEAK,1698,False,False,True,False,False,False,0
e01-tds1,GAUSSIAN_AR1_WEAK,1699,False,False,True,False,False,False,0
e01-tds1,GAUSSIAN_AR1_WEAK,1700,False,False,True,False,False,False,0
e01-tds1,GAUSSIAN_AR1_WEAK,1701,False,False,True,False,False,False,0
e01-tds1,GAUSSIAN_AR1_WEAK,1702,False,False,True,False,False,False,0
e01-tds1,GAUSSIAN_AR1_WEAK,1703,False,False,True,True,False,False,0
e01-tds1,GAUSSIAN_AR1_WEAK,1704,False,False,True,False,False,False,0
e01-tds1,GAUSSIAN_AR1_WEAK,1705,False,False,True,False,False,False,0
e01-tds1,GAUSSIAN_AR1_WEAK,1706,False,False,True,False,False,False,0
e01-tds1,GAUSSIAN_AR1_WEAK,1707,False,False,True,False,False,False,0
e01-tds1,GAUSSIAN_AR1_WEAK,1708,False,False,True,False,False,False,0
e01-tds1,GAUSSIAN_AR1_WEAK,1709,False,False,True,False,False,False,0
e01-tds1,GAUSSIAN_AR1_WEAK,1710,False,False,True,True,False,False,0
e01-tds1,GAUSSIAN_AR1_WEAK,1711,False,False,True,False,False,False,0
e01-tds1,GAUSSIAN_AR1_WEAK,1712,False,False,True,False,False,False,0
e01-tds1,GAUSSIAN_AR1_WEAK,1713,False,False,True,False,False,False,0
e01-tds1,GAUSSIAN_AR1_WEAK,1714,False,False,True,False,False,False,0
e01-tds1,GAUSSIAN_AR1_WEAK,1715,False,False,True,False,False,False,0
e01-tds1,GAUSSIAN_AR1_WEAK,1716,False,False,True,False,False,False,0
e01-tds1,GAUSSIAN_AR1_WEAK,1717,False,False,True,False,False,False,0
e01-tds1,GAUSSIAN_AR1_WEAK,1718,False,False,True,False,False,False,0
e01-tds1,GAUSSIAN_AR1_WEAK,1719,False,False,True,False,False,False,0
e01-tds1,GAUSSIAN_AR1_WEAK,1720,False,False,True,False,False,False,0
e01-tds1,GAUSSIAN_AR1_WEAK,1721,False,False,True,False,False,False,0
e01-tds1,GAUSSIAN_AR1_WEAK,1722,False,False,True,False,False,False,0
e01-tds1,GAUSSIAN_AR1_WEAK,1723,False,False,True,False,False,False,0
e01-tds1,GAUSSIAN_AR1_WEAK,1724,False,False,True,False,False,False,0
e01-tds1,GAUSSIAN_AR1_WEAK,1725,False,False,True,False,False,False,0
e01-tds1,GAUSSIAN_AR1_WEAK,1726,False,False,True,False,False,False,0
e01-tds1,GAUSSIAN_AR1_WEAK,1727,False,False,True,False,False,False,0
e01-tds1,GAUSSIAN_AR1_WEAK,1728,False,False,True,False,False,False,0
e01-tds1,GAUSSIAN_AR1_WEAK,1729,False,False,True,False,False,False,0
e01-tds1,GAUSSIAN_AR1_WEAK,1730,False,False,True,False,False,False,0
e01-tds1,GAUSSIAN_AR1_WEAK,1731,False,False,True,False,False,False,0
e01-tds1,GAUSSIAN_AR1_WEAK,1732,False,False,True,False,False,False,0
e01-tds1,GAUSSIAN_AR1_WEAK,1733,True,False,True,False,False,False,0
e01-tds1,GAUSSIAN_AR1_WEAK,1734,False,False,True,False,False,False,0
e01-tds1,GAUSSIAN_AR1_WEAK,1735,False,False,True,False,False,False,0
e01-tds1,GAUSSIAN_AR1_WEAK,1736,False,False,True,True,False,False,0
e01-tds1,GAUSSIAN_AR1_WEAK,1737,False,False,True,False,False,False,0
e01-tds1,GAUSSIAN_AR1_WEAK,1738,False,False,True,True,False,False,0
e01-tds1,GAUSSIAN_AR1_WEAK,1739,False,False,True,False,False,False,0
e01-tds1,GAUSSIAN_AR1_WEAK,1740,False,False,True,True,False,False,0
e01-tds1,GAUSSIAN_AR1_WEAK,1741,False,False,True,False,False,False,0
e01-tds1,GAUSSIAN_AR1_WEAK,1742,False,False,True,False,False,False,0
e01-tds1,GAUSSIAN_AR1_WEAK,1743,False,False,True,True,False,False,0
e01-tds1,GAUSSIAN_AR1_WEAK,1744,False,False,True,False,False,False,0
e01-tds1,GAUSSIAN_AR1_WEAK,1745,False,False,True,False,False,False,0
e01-tds1,GAUSSIAN_AR1_WEAK,1746,False,False,True,True,False,False,0
e01-tds1,GAUSSIAN_AR1_WEAK,1747,False,False,True,True,False,False,0
e01-tds1,GAUSSIAN_AR1_WEAK,1748,False,False,True,True,False,False,0
e01-tds1,GAUSSIAN_AR1_WEAK,1749,False,False,True,False,False,False,0
e01-tds1,GAUSSIAN_AR1_WEAK,1750,False,False,True,True,False,False,0
e01-tds1,GAUSSIAN_AR1_WEAK,1751,False,False,True,False,False,False,0
e01-tds1,GAUSSIAN_AR1_WEAK,1752,False,False,True,False,False,False,0
e01-tds1,GAUSSIAN_AR1_WEAK,1753,False,False,True,False,False,False,0
e01-tds1,GAUSSIAN_AR1_WEAK,1754,False,False,True,False,False,False,0
e01-tds1,GAUSSIAN_AR1_WEAK,1755,False,False,True,False,False,False,0
e01-tds1,GAUSSIAN_AR1_WEAK,1756,True,False,True,True,False,False,0
e01-tds1,GAUSSIAN_AR1_WEAK,1757,False,False,True,True,False,False,0
e01-tds1,GAUSSIAN_AR1_WEAK,1758,False,False,True,False,False,False,0
e01-tds1,GAUSSIAN_AR1_WEAK,1759,False,False,True,False,False,False,0
e01-tds1,GAUSSIAN_AR1_WEAK,1760,False,False,True,False,False,False,0
e01-tds1,GAUSSIAN_AR1_WEAK,1761,False,False,True,False,False,False,0
e01-tds1,GAUSSIAN_AR1_WEAK,1762,False,False,True,False,False,False,0
e01-tds1,GAUSSIAN_AR1_WEAK,1763,False,False,True,False,False,False,0
e01-tds1,GAUSSIAN_AR1_WEAK,1764,False,False,True,False,False,False,0
e01-tds1,GAUSSIAN_AR1_WEAK,1765,False,False,True,False,False,False,0
e01-tds1,GAUSSIAN_AR1_WEAK,1766,False,False,True,False,False,False,0
e01-tds1,GAUSSIAN_AR1_WEAK,1767,False,False,True,False,False,False,0
e01-tds1,GAUSSIAN_AR1_WEAK,1768,True,False,True,False,False,False,0
e01-tds1,GAUSSIAN_AR1_WEAK,1769,False,False,True,True,False,False,0
e01-tds1,GAUSSIAN_AR1_WEAK,1770,False,False,True,False,False,False,0
e01-tds1,GAUSSIAN_AR1_WEAK,1771,False,False,True,False,False,False,0
e01-tds1,GAUSSIAN_AR1_WEAK,1772,False,False,True,False,False,False,0
e01-tds1,GAUSSIAN_AR1_WEAK,1773,False,False,True,True,False,False,0
e01-tds1,GAUSSIAN_AR1_WEAK,1774,False,False,True,False,False,False,0
e01-tds1,GAUSSIAN_AR1_WEAK,1775,False,False,True,False,False,False,0
e01-tds1,GAUSSIAN_AR1_WEAK,1776,False,False,True,True,False,False,0
e01-tds1,GAUSSIAN_AR1_WEAK,1777,False,False,True,False,False,False,0
e01-tds1,GAUSSIAN_AR1_WEAK,1778,False,False,True,True,False,False,0
e01-tds1,GAUSSIAN_AR1_WEAK,1779,False,False,True,False,False,False,0
e01-tds1,GAUSSIAN_AR1_WEAK,1780,False,False,True,False,False,False,0
e01-tds1,GAUSSIAN_AR1_WEAK,1781,False,False,True,False,False,False,0
e01-tds1,GAUSSIAN_AR1_WEAK,1782,False,False,True,False,False,False,0
e01-tds1,GAUSSIAN_AR1_WEAK,1783,False,False,True,False,False,False,0
e01-tds1,GAUSSIAN_AR1_WEAK,1784,False,False,True,False,False,False,0
e01-tds1,GAUSSIAN_AR1_WEAK,1785,False,False,True,False,False,False,0
e01-tds1,GAUSSIAN_AR1_WEAK,1786,False,False,True,True,False,False,0
e01-tds1,GAUSSIAN_AR1_WEAK,1787,False,False,True,False,False,False,0
e01-tds1,GAUSSIAN_AR1_WEAK,1788,False,False,True,False,False,False,0
e01-tds1,GAUSSIAN_AR1_WEAK,1789,True,False,True,False,False,False,0
e01-tds1,GAUSSIAN_AR1_WEAK,1790,False,False,True,False,False,False,0
e01-tds1,GAUSSIAN_AR1_WEAK,1791,False,False,True,False,False,False,0
e01-tds1,GAUSSIAN_AR1_WEAK,1792,False,False,True,False,False,False,0
e01-tds1,GAUSSIAN_AR1_WEAK,1793,False,False,True,False,False,False,0
e01-tds1,GAUSSIAN_AR1_WEAK,1794,False,False,True,False,False,False,0
e01-tds1,GAUSSIAN_AR1_WEAK,1795,False,False,True,False,False,False,0
e01-tds1,GAUSSIAN_AR1_WEAK,1796,False,False,True,True,False,False,0
e01-tds1,GAUSSIAN_AR1_WEAK,1797,False,False,True,True,False,False,0
e01-tds1,GAUSSIAN_AR1_WEAK,1798,False,False,True,False,False,False,0
e01-tds1,GAUSSIAN_AR1_WEAK,1799,False,False,True,False,False,False,0
e01-tds1,GAUSSIAN_AR1_WEAK,1800,False,False,True,False,False,False,0
e01-tds1,GAUSSIAN_AR1_WEAK,1801,False,False,True,False,False,False,0
e01-tds1,GAUSSIAN_AR1_WEAK,1802,False,False,True,False,False,False,0
e01-tds1,GAUSSIAN_AR1_WEAK,1803,False,False,True,False,False,False,0
e01-tds1,GAUSSIAN_AR1_WEAK,1804,False,False,True,False,False,False,0
e01-tds1,GAUSSIAN_AR1_WEAK,1805,False,False,True,False,False,False,0
e01-tds1,GAUSSIAN_AR1_WEAK,1806,False,False,True,False,False,False,0
e01-tds1,GAUSSIAN_AR1_WEAK,1807,False,False,True,False,False,False,0
e01-tds1,GAUSSIAN_AR1_WEAK,1808,False,False,True,False,False,False,0
e01-tds1,GAUSSIAN_AR1_WEAK,1809,False,False,True,False,False,False,0
e01-tds1,GAUSSIAN_AR1_WEAK,1810,False,False,True,True,False,False,0
e01-tds1,GAUSSIAN_AR1_WEAK,1811,False,False,True,False,False,False,0
e01-tds1,GAUSSIAN_AR1_WEAK,1812,False,False,True,True,False,False,0
e01-tds1,GAUSSIAN_AR1_WEAK,1813,False,False,True,False,False,False,0
e01-tds1,GAUSSIAN_AR1_WEAK,1814,False,False,True,False,False,False,0
e01-tds1,GAUSSIAN_AR1_WEAK,1815,False,False,True,False,False,False,0
e01-tds1,GAUSSIAN_AR1_WEAK,1816,False,False,True,False,False,False,0
e01-tds1,GAUSSIAN_AR1_WEAK,1817,False,False,True,False,False,False,0
e01-tds1,GAUSSIAN_AR1_WEAK,1818,False,False,True,False,False,False,0
e01-tds1,GAUSSIAN_AR1_WEAK,1819,False,False,True,False,False,False,0
e01-tds1,GAUSSIAN_AR1_WEAK,1820,False,False,True,True,False,False,0
e01-tds1,GAUSSIAN_AR1_WEAK,1821,False,False,True,False,False,False,0
e01-tds1,GAUSSIAN_AR1_WEAK,1822,False,False,True,False,False,False,0
e01-tds1,GAUSSIAN_AR1_WEAK,1823,False,False,True,False,False,False,0
e01-tds1,GAUSSIAN_AR1_WEAK,1824,False,False,True,True,False,False,0
e01-tds1,GAUSSIAN_AR1_WEAK,1825,False,False,True,False,False,False,0
e01-tds1,GAUSSIAN_AR1_WEAK,1826,False,False,True,False,False,False,0
e01-tds1,GAUSSIAN_AR1_WEAK,1827,False,False,True,False,False,False,0
e01-tds1,GAUSSIAN_AR1_WEAK,1828,False,False,True,False,False,False,0
e01-tds1,GAUSSIAN_AR1_WEAK,1829,False,False,True,True,False,False,0
e01-tds1,GAUSSIAN_AR1_WEAK,1830,False,False,True,False,False,False,0
e01-tds1,GAUSSIAN_AR1_WEAK,1831,False,False,True,True,False,False,0
e01-tds1,GAUSSIAN_AR1_WEAK,1832,False,False,True,False,False,False,0
e01-tds1,GAUSSIAN_AR1_WEAK,1833,False,False,True,False,False,False,0
e01-tds1,GAUSSIAN_AR1_WEAK,1834,False,False,True,False,False,False,0
e01-tds1,GAUSSIAN_AR1_WEAK,1835,False,False,True,False,False,False,0
e01-tds1,GAUSSIAN_AR1_WEAK,1836,False,False,True,False,False,False,0
e01-tds1,GAUSSIAN_AR1_WEAK,1837,False,False,True,False,False,False,0
e01-tds1,GAUSSIAN_AR1_WEAK,1838,False,False,True,False,False,False,0
e01-tds1,GAUSSIAN_AR1_WEAK,1839,False,False,True,True,False,False,0
e01-tds1,GAUSSIAN_AR1_WEAK,1840,False,False,True,False,False,False,0
e01-tds1,GAUSSIAN_AR1_WEAK,1841,False,False,True,False,False,False,0
e01-tds1,GAUSSIAN_AR1_WEAK,1842,False,False,True,False,False,False,0
e01-tds1,GAUSSIAN_AR1_WEAK,1843,False,False,True,False,False,False,0
e01-tds1,GAUSSIAN_AR1_WEAK,1844,False,False,True,False,False,False,0
e01-tds1,GAUSSIAN_AR1_WEAK,1845,False,False,True,False,False,False,0
e01-tds1,GAUSSIAN_AR1_WEAK,1846,False,False,True,False,False,False,0
e01-tds1,GAUSSIAN_AR1_WEAK,1847,False,False,True,False,False,False,0
e01-tds1,GAUSSIAN_AR1_WEAK,1848,False,False,True,False,False,False,0
e01-tds1,GAUSSIAN_AR1_WEAK,1849,False,False,True,True,False,False,0
e01-tds1,GAUSSIAN_AR1_WEAK,1850,False,False,True,True,False,False,0
e01-tds1,GAUSSIAN_AR1_WEAK,1851,False,False,True,True,False,False,0
e01-tds1,GAUSSIAN_AR1_WEAK,1852,False,False,True,False,False,False,0
e01-tds1,GAUSSIAN_AR1_WEAK,1853,False,False,True,True,False,False,0
e01-tds1,GAUSSIAN_AR1_WEAK,1854,False,False,True,False,False,False,0
e01-tds1,GAUSSIAN_AR1_WEAK,1855,False,False,True,True,False,False,0
e01-tds1,GAUSSIAN_AR1_WEAK,1856,False,False,True,False,False,False,0
e01-tds1,GAUSSIAN_AR1_WEAK,1857,False,False,True,True,False,False,0
e01-tds1,GAUSSIAN_AR1_WEAK,1858,False,False,True,True,False,False,0
e01-tds1,GAUSSIAN_AR1_WEAK,1859,False,False,True,False,False,False,0
e01-tds1,GAUSSIAN_AR1_WEAK,1860,False,False,True,False,False,False,0
e01-tds1,GAUSSIAN_AR1_WEAK,1861,False,False,True,False,False,False,0
e01-tds1,GAUSSIAN_AR1_WEAK,1862,False,False,True,False,False,False,0
e01-tds1,GAUSSIAN_AR1_WEAK,1863,False,False,True,False,False,False,0
e01-tds1,GAUSSIAN_AR1_WEAK,1864,False,False,True,False,False,False,0
e01-tds1,GAUSSIAN_AR1_WEAK,1865,False,False,True,True,False,False,0
e01-tds1,GAUSSIAN_AR1_WEAK,1866,False,False,True,False,False,False,0
e01-tds1,GAUSSIAN_AR1_WEAK,1867,False,False,True,False,False,False,0
e01-tds1,GAUSSIAN_AR1_WEAK,1868,False,False,True,False,False,False,0
e01-tds1,GAUSSIAN_AR1_WEAK,1869,False,False,True,True,False,False,0
e01-tds1,GAUSSIAN_AR1_WEAK,1870,False,False,True,False,False,False,0
e01-tds1,GAUSSIAN_AR1_WEAK,1871,False,False,True,False,False,False,0
e01-tds1,GAUSSIAN_AR1_WEAK,1872,False,False,True,False,False,False,0
e01-tds1,GAUSSIAN_AR1_WEAK,1873,False,False,True,False,False,False,0
e01-tds1,GAUSSIAN_AR1_WEAK,1874,False,False,True,False,False,False,0
e01-tds1,GAUSSIAN_AR1_WEAK,1875,False,False,True,False,False,False,0
e01-tds1,GAUSSIAN_AR1_WEAK,1876,False,False,True,False,False,False,0
e01-tds1,GAUSSIAN_AR1_WEAK,1877,False,False,True,False,False,False,0
e01-tds1,GAUSSIAN_AR1_WEAK,1878,False,False,True,False,False,False,0
e01-tds1,GAUSSIAN_AR1_WEAK,1879,False,False,True,True,False,False,0
e01-tds1,GAUSSIAN_AR1_WEAK,1880,False,False,True,True,False,False,0
e01-tds1,GAUSSIAN_AR1_WEAK,1881,False,False,True,False,False,False,0
e01-tds1,GAUSSIAN_AR1_WEAK,1882,False,False,True,False,False,False,0
e01-tds1,GAUSSIAN_AR1_WEAK,1883,False,False,True,False,False,False,0
e01-tds1,GAUSSIAN_AR1_WEAK,1884,False,False,True,False,False,False,0
e01-tds1,GAUSSIAN_AR1_WEAK,1885,False,False,True,False,False,False,0
e01-tds1,GAUSSIAN_AR1_WEAK,1886,False,False,True,False,False,False,0
e01-tds1,GAUSSIAN_AR1_WEAK,1887,False,False,True,True,False,False,0
e01-tds1,GAUSSIAN_AR1_WEAK,1888,False,False,True,False,False,False,0
e01-tds1,GAUSSIAN_AR1_WEAK,1889,False,False,True,False,False,False,0
e01-tds1,GAUSSIAN_AR1_WEAK,1890,False,False,True,False,False,False,0
e01-tds1,GAUSSIAN_AR1_WEAK,1891,False,False,True,False,False,False,0
e01-tds1,GAUSSIAN_AR1_WEAK,1892,False,False,True,False,False,False,0
e01-tds1,GAUSSIAN_AR1_WEAK,1893,False,False,True,False,False,False,0
e01-tds1,GAUSSIAN_AR1_WEAK,1894,False,False,True,True,False,False,0
e01-tds1,GAUSSIAN_AR1_WEAK,1895,False,False,True,True,False,False,0
e01-tds1,GAUSSIAN_AR1_WEAK,1896,False,False,True,True,False,False,0
e01-tds1,GAUSSIAN_AR1_WEAK,1897,False,False,True,False,False,False,0
e01-tds1,GAUSSIAN_AR1_WEAK,1898,False,False,True,False,False,False,0
e01-tds1,GAUSSIAN_AR1_WEAK,1899,False,False,True,False,False,False,0
e01-tds1,GAUSSIAN_AR1_WEAK,1900,False,False,True,False,False,False,0
e01-tds1,GAUSSIAN_AR1_WEAK,1901,False,False,True,False,False,False,0
e01-tds1,GAUSSIAN_AR1_WEAK,1902,False,False,True,False,False,False,0
e01-tds1,GAUSSIAN_AR1_WEAK,1903,False,False,True,False,False,False,0
e01-tds1,GAUSSIAN_AR1_WEAK,1904,False,False,True,False,False,False,0
e01-tds1,GAUSSIAN_AR1_WEAK,1905,False,False,True,False,False,False,0
e01-tds1,GAUSSIAN_AR1_WEAK,1906,False,False,True,False,False,False,0
e01-tds1,GAUSSIAN_AR1_WEAK,1907,True,False,True,False,False,False,0
e01-tds1,GAUSSIAN_AR1_WEAK,1908,False,False,True,True,False,False,0
e01-tds1,GAUSSIAN_AR1_WEAK,1909,False,False,True,True,False,False,0
e01-tds1,GAUSSIAN_AR1_WEAK,1910,False,False,True,False,False,False,0
e01-tds1,GAUSSIAN_AR1_WEAK,1911,False,False,True,False,False,False,0
e01-tds1,GAUSSIAN_AR1_WEAK,1912,False,False,True,False,False,False,0
e01-tds1,GAUSSIAN_AR1_WEAK,1913,False,False,True,False,False,False,0
e01-tds1,GAUSSIAN_AR1_WEAK,1914,False,False,True,True,False,False,0
e01-tds1,GAUSSIAN_AR1_WEAK,1915,False,False,True,True,False,False,0
e01-tds1,GAUSSIAN_AR1_WEAK,1916,False,False,True,False,False,False,0
e01-tds1,GAUSSIAN_AR1_WEAK,1917,False,False,True,False,False,False,0
e01-tds1,GAUSSIAN_AR1_WEAK,1918,False,False,True,True,False,False,0
e01-tds1,GAUSSIAN_AR1_WEAK,1919,False,False,True,False,False,False,0
e01-tds1,GAUSSIAN_AR1_WEAK,1920,False,False,True,False,False,False,0
e01-tds1,GAUSSIAN_AR1_WEAK,1921,False,False,True,True,False,False,0
e01-tds1,GAUSSIAN_AR1_WEAK,1922,False,False,True,True,False,False,0
e01-tds1,GAUSSIAN_AR1_WEAK,1923,False,False,True,False,False,False,0
e01-tds1,GAUSSIAN_AR1_WEAK,1924,False,False,True,False,False,False,0
e01-tds1,GAUSSIAN_AR1_WEAK,1925,False,False,True,True,False,False,0
e01-tds1,GAUSSIAN_AR1_WEAK,1926,False,False,True,False,False,False,0
e01-tds1,GAUSSIAN_AR1_WEAK,1927,False,False,True,True,False,False,0
e01-tds1,GAUSSIAN_AR1_WEAK,1928,False,False,True,False,False,False,0
e01-tds1,GAUSSIAN_AR1_WEAK,1929,False,False,True,False,False,False,0
e01-tds1,GAUSSIAN_AR1_WEAK,1930,False,False,True,False,False,False,0
e01-tds1,GAUSSIAN_AR1_WEAK,1931,False,False,True,False,False,False,0
e01-tds1,GAUSSIAN_AR1_WEAK,1932,False,False,True,False,False,False,0
e01-tds1,GAUSSIAN_AR1_WEAK,1933,False,False,True,False,False,False,0
e01-tds1,GAUSSIAN_AR1_WEAK,1934,False,False,True,True,False,False,0
e01-tds1,GAUSSIAN_AR1_WEAK,1935,False,False,True,False,False,False,0
e01-tds1,GAUSSIAN_AR1_WEAK,1936,False,False,True,False,False,False,0
e01-tds1,GAUSSIAN_AR1_WEAK,1937,False,False,True,False,False,False,0
e01-tds1,GAUSSIAN_AR1_WEAK,1938,False,False,True,True,False,False,0
e01-tds1,GAUSSIAN_AR1_WEAK,1939,False,False,True,False,False,False,0
e01-tds1,GAUSSIAN_AR1_WEAK,1940,False,False,True,False,False,False,0
e01-tds1,GAUSSIAN_AR1_WEAK,1941,False,False,True,True,False,False,0
e01-tds1,GAUSSIAN_AR1_WEAK,1942,False,False,True,False,False,False,0
e01-tds1,GAUSSIAN_AR1_WEAK,1943,False,False,True,False,False,False,0
e01-tds1,GAUSSIAN_AR1_WEAK,1944,False,False,True,True,False,False,0
e01-tds1,GAUSSIAN_AR1_WEAK,1945,False,False,True,False,False,False,0
e01-tds1,GAUSSIAN_AR1_WEAK,1946,False,False,True,False,False,False,0
e01-tds1,GAUSSIAN_AR1_WEAK,1947,False,False,True,False,False,False,0
e01-tds1,GAUSSIAN_AR1_WEAK,1948,False,False,True,True,False,False,0
e01-tds1,GAUSSIAN_AR1_WEAK,1949,False,False,True,False,False,False,0
e01-tds1,GAUSSIAN_AR1_WEAK,1950,False,False,True,False,False,False,0
e01-tds1,GAUSSIAN_AR1_WEAK,1951,False,False,True,False,False,False,0
e01-tds1,GAUSSIAN_AR1_WEAK,1952,False,False,True,False,False,False,0
e01-tds1,GAUSSIAN_AR1_WEAK,1953,False,False,True,False,False,False,0
e01-tds1,GAUSSIAN_AR1_WEAK,1954,False,False,True,False,False,False,0
e01-tds1,GAUSSIAN_AR1_WEAK,1955,False,False,True,False,False,False,0
e01-tds1,GAUSSIAN_AR1_WEAK,1956,False,False,True,False,False,False,0
e01-tds1,GAUSSIAN_AR1_WEAK,1957,False,False,True,False,False,False,0
e01-tds1,GAUSSIAN_AR1_WEAK,1958,False,False,True,False,False,False,0
e01-tds1,GAUSSIAN_AR1_WEAK,1959,False,False,True,False,False,False,0
e01-tds1,GAUSSIAN_AR1_WEAK,1960,False,False,True,False,False,False,0
e01-tds1,GAUSSIAN_AR1_WEAK,1961,False,False,True,False,False,False,0
e01-tds1,GAUSSIAN_AR1_WEAK,1962,False,False,True,False,False,False,0
e01-tds1,GAUSSIAN_AR1_WEAK,1963,False,False,True,True,False,False,0
e01-tds1,GAUSSIAN_AR1_WEAK,1964,False,False,True,False,False,False,0
e01-tds1,GAUSSIAN_AR1_WEAK,1965,False,False,True,False,False,False,0
e01-tds1,GAUSSIAN_AR1_WEAK,1966,False,False,True,False,False,False,0
e01-tds1,GAUSSIAN_AR1_WEAK,1967,False,False,True,False,False,False,0
e01-tds1,GAUSSIAN_AR1_WEAK,1968,False,False,True,False,False,False,0
e01-tds1,GAUSSIAN_AR1_WEAK,1969,False,False,True,False,False,False,0
e01-tds1,GAUSSIAN_AR1_WEAK,1970,False,False,True,False,False,False,0
e01-tds1,GAUSSIAN_AR1_WEAK,1971,False,False,True,False,False,False,0
e01-tds1,GAUSSIAN_AR1_WEAK,1972,False,False,True,False,False,False,0
e01-tds1,GAUSSIAN_AR1_WEAK,1973,False,False,True,False,False,False,0
e01-tds1,GAUSSIAN_AR1_WEAK,1974,False,False,True,False,False,False,0
e01-tds1,GAUSSIAN_AR1_WEAK,1975,False,False,True,False,False,False,0
e01-tds1,GAUSSIAN_AR1_WEAK,1976,True,False,True,False,False,False,0
e01-tds1,GAUSSIAN_AR1_WEAK,1977,False,False,True,False,False,False,0
e01-tds1,GAUSSIAN_AR1_WEAK,1978,False,False,True,False,False,False,0
e01-tds1,GAUSSIAN_AR1_WEAK,1979,False,False,True,True,False,False,0
e01-tds1,GAUSSIAN_AR1_WEAK,1980,False,False,True,False,False,False,0
e01-tds1,GAUSSIAN_AR1_WEAK,1981,False,False,True,False,False,False,0
e01-tds1,GAUSSIAN_AR1_WEAK,1982,False,False,True,False,False,False,0
e01-tds1,GAUSSIAN_AR1_WEAK,1983,False,False,True,True,False,False,0
e01-tds1,GAUSSIAN_AR1_WEAK,1984,False,False,True,True,False,False,0
e01-tds1,GAUSSIAN_AR1_WEAK,1985,False,False,True,False,False,False,0
e01-tds1,GAUSSIAN_AR1_WEAK,1986,False,False,True,True,False,False,0
e01-tds1,GAUSSIAN_AR1_WEAK,1987,False,False,True,True,False,False,0
e01-tds1,GAUSSIAN_AR1_WEAK,1988,False,False,True,True,False,False,0
e01-tds1,GAUSSIAN_AR1_WEAK,1989,False,False,True,False,False,False,0
e01-tds1,GAUSSIAN_AR1_WEAK,1990,False,False,True,False,False,False,0
e01-tds1,GAUSSIAN_AR1_WEAK,1991,False,False,True,False,False,False,0
e01-tds1,GAUSSIAN_AR1_WEAK,1992,True,False,True,False,False,False,0
e01-tds1,GAUSSIAN_AR1_WEAK,1993,False,False,True,False,False,False,0
e01-tds1,GAUSSIAN_AR1_WEAK,1994,False,False,True,False,False,False,0
e01-tds1,GAUSSIAN_AR1_WEAK,1995,False,False,True,False,False,False,0
e01-tds1,GAUSSIAN_AR1_WEAK,1996,False,False,True,True,False,False,0
e01-tds1,GAUSSIAN_AR1_WEAK,1997,False,False,True,False,False,False,0
e01-tds1,GAUSSIAN_AR1_WEAK,1998,False,False,True,False,False,False,0
e01-tds1,GAUSSIAN_AR1_WEAK,1999,False,False,True,True,False,False,0
e01-tds1,GAUSSIAN_AR1_WEAK,2000,False,False,True,False,False,False,0
e01-tds1,GAUSSIAN_AR1_WEAK,2001,False,False,True,False,False,False,0
e01-tds1,GAUSSIAN_AR1_WEAK,2002,False,False,True,False,False,False,0
e01-tds1,GAUSSIAN_AR1_WEAK,2003,False,False,True,False,False,False,0
e01-tds1,GAUSSIAN_AR1_WEAK,2004,False,False,True,False,False,False,0
e01-tds1,GAUSSIAN_AR1_WEAK,2005,False,False,True,False,False,False,0
e01-tds1,GAUSSIAN_AR1_WEAK,2006,False,False,True,False,False,False,0
e01-tds1,GAUSSIAN_AR1_WEAK,2007,False,False,True,False,False,False,0
e01-tds1,GAUSSIAN_AR1_WEAK,2008,False,False,True,True,False,False,0
e01-tds1,GAUSSIAN_AR1_WEAK,2009,False,False,True,False,False,False,0
e01-tds1,GAUSSIAN_AR1_WEAK,2010,False,False,True,False,False,False,0
e01-tds1,GAUSSIAN_AR1_WEAK,2011,False,False,True,False,False,False,0
e01-tds1,GAUSSIAN_AR1_WEAK,2012,False,False,True,False,False,False,0
e01-tds1,GAUSSIAN_AR1_WEAK,2013,False,False,True,False,False,False,0
e01-tds1,GAUSSIAN_AR1_WEAK,2014,False,False,True,False,False,False,0
e01-tds1,GAUSSIAN_AR1_WEAK,2015,False,False,True,False,False,False,0
e01-tds1,GAUSSIAN_AR1_WEAK,2016,False,False,True,False,False,False,0
e01-tds1,GAUSSIAN_AR1_WEAK,2017,False,False,True,False,False,False,0
e01-tds1,GAUSSIAN_AR1_WEAK,2018,False,False,True,False,False,False,0
e01-tds1,GAUSSIAN_AR1_WEAK,2019,False,False,True,False,False,False,0
e01-tds1,GAUSSIAN_AR1_WEAK,2020,False,False,True,False,False,False,0
e01-tds1,GAUSSIAN_AR1_WEAK,2021,False,False,True,False,False,False,0
e01-tds1,GAUSSIAN_AR1_WEAK,2022,False,False,True,False,False,False,0
e01-tds1,GAUSSIAN_AR1_WEAK,2023,False,False,True,False,False,False,0
e01-tds1,GAUSSIAN_AR1_WEAK,2024,False,False,True,False,False,False,0
e01-tds1,GAUSSIAN_AR1_WEAK,2025,False,False,True,False,False,False,0
e01-tds1,GAUSSIAN_AR1_WEAK,2026,False,False,True,False,False,False,0
e01-tds1,GAUSSIAN_AR1_WEAK,2027,False,False,True,False,False,False,0
e01-tds1,GAUSSIAN_AR1_WEAK,2028,False,False,True,False,False,False,0
e01-tds1,GAUSSIAN_AR1_WEAK,2029,False,False,True,False,False,False,0
e01-tds1,GAUSSIAN_AR1_WEAK,2030,False,False,True,False,False,False,0
e01-tds1,GAUSSIAN_AR1_WEAK,2031,False,False,True,False,False,False,0
e01-tds1,GAUSSIAN_AR1_WEAK,2032,False,False,True,False,False,False,0
e01-tds1,GAUSSIAN_AR1_WEAK,2033,False,False,True,True,False,False,0
e01-tds1,GAUSSIAN_AR1_WEAK,2034,False,False,True,False,False,False,0
e01-tds1,GAUSSIAN_AR1_WEAK,2035,False,False,True,False,False,False,0
e01-tds1,GAUSSIAN_AR1_WEAK,2036,False,False,True,False,False,False,0
e01-tds1,GAUSSIAN_AR1_WEAK,2037,False,False,True,False,False,False,0
e01-tds1,GAUSSIAN_AR1_WEAK,2038,False,False,True,False,False,False,0
e01-tds1,GAUSSIAN_AR1_WEAK,2039,False,False,True,True,False,False,0
e01-tds1,GAUSSIAN_AR1_WEAK,2040,False,False,True,True,False,False,0
e01-tds1,GAUSSIAN_AR1_WEAK,2041,False,False,True,False,False,False,0
e01-tds1,GAUSSIAN_AR1_WEAK,2042,False,False,True,False,False,False,0
e01-tds1,GAUSSIAN_AR1_WEAK,2043,False,False,True,False,False,False,0
e01-tds1,GAUSSIAN_AR1_WEAK,2044,False,False,True,False,False,False,0
e01-tds1,GAUSSIAN_AR1_WEAK,2045,False,False,True,False,False,False,0
e01-tds1,GAUSSIAN_AR1_WEAK,2046,False,False,True,True,False,False,0
e01-tds1,GAUSSIAN_AR1_WEAK,2047,False,False,True,True,False,False,0
e01-tds1,GAUSSIAN_AR1_WEAK,2048,False,False,True,False,False,False,0
e01-tds1,GAUSSIAN_AR1_WEAK,2049,False,False,True,True,False,False,0
e01-tds1,GAUSSIAN_AR1_WEAK,2050,False,False,True,False,False,False,0
e01-tds1,GAUSSIAN_AR1_WEAK,2051,False,False,True,False,False,False,0
e01-tds1,GAUSSIAN_AR1_WEAK,2052,False,False,True,True,False,False,0
e01-tds1,GAUSSIAN_AR1_WEAK,2053,False,False,True,False,False,False,0
e01-tds1,GAUSSIAN_AR1_WEAK,2054,False,False,True,True,False,False,0
e01-tds1,GAUSSIAN_AR1_WEAK,2055,False,False,True,False,False,False,0
e01-tds1,GAUSSIAN_AR1_WEAK,2056,False,False,True,True,False,False,0
e01-tds1,GAUSSIAN_AR1_WEAK,2057,False,False,True,False,False,False,0
e01-tds1,GAUSSIAN_AR1_WEAK,2058,False,False,True,False,False,False,0
e01-tds1,GAUSSIAN_AR1_WEAK,2059,False,False,True,True,False,False,0
e01-tds1,GAUSSIAN_AR1_WEAK,2060,False,False,True,True,False,False,0
e01-tds1,GAUSSIAN_AR1_WEAK,2061,False,False,True,True,False,False,0
e01-tds1,GAUSSIAN_AR1_WEAK,2062,False,False,True,False,False,False,0
e01-tds1,GAUSSIAN_AR1_WEAK,2063,False,False,True,False,False,False,0
e01-tds1,GAUSSIAN_AR1_WEAK,2064,False,False,True,False,False,False,0
e01-tds1,GAUSSIAN_AR1_WEAK,2065,False,False,True,False,False,False,0
e01-tds1,GAUSSIAN_AR1_WEAK,2066,False,False,True,False,False,False,0
e01-tds1,GAUSSIAN_AR1_WEAK,2067,False,False,True,False,False,False,0
e01-tds1,GAUSSIAN_AR1_WEAK,2068,False,False,True,False,False,False,0
e01-tds1,GAUSSIAN_AR1_WEAK,2069,False,False,True,True,False,False,0
e01-tds1,GAUSSIAN_AR1_WEAK,2070,False,False,True,False,False,False,0
e01-tds1,GAUSSIAN_AR1_WEAK,2071,False,False,True,False,False,False,0
e01-tds1,GAUSSIAN_AR1_WEAK,2072,False,False,True,True,False,False,0
e01-tds1,GAUSSIAN_AR1_WEAK,2073,False,False,True,False,False,False,0
e01-tds1,GAUSSIAN_AR1_WEAK,2074,False,False,True,False,False,False,0
e01-tds1,GAUSSIAN_AR1_WEAK,2075,False,False,True,False,False,False,0
e01-tds1,GAUSSIAN_AR1_WEAK,2076,False,False,True,False,False,False,0
e01-tds1,GAUSSIAN_AR1_WEAK,2077,False,False,True,False,False,False,0
e01-tds1,GAUSSIAN_AR1_WEAK,2078,False,False,True,False,False,False,0
e01-tds1,GAUSSIAN_AR1_WEAK,2079,False,False,True,True,False,False,0
e01-tds1,GAUSSIAN_AR1_WEAK,2080,False,False,True,False,False,False,0
e01-tds1,GAUSSIAN_AR1_WEAK,2081,False,False,True,False,False,False,0
e01-tds1,GAUSSIAN_AR1_WEAK,2082,False,False,True,False,False,False,0
e01-tds1,GAUSSIAN_AR1_WEAK,2083,False,False,True,False,False,False,0
e01-tds1,GAUSSIAN_AR1_WEAK,2084,False,False,True,False,False,False,0
e01-tds1,GAUSSIAN_AR1_WEAK,2085,False,False,True,False,False,False,0
e01-tds1,GAUSSIAN_AR1_WEAK,2086,False,False,True,True,False,False,0
e01-tds1,GAUSSIAN_AR1_WEAK,2087,False,False,True,True,False,False,0
e01-tds1,GAUSSIAN_AR1_WEAK,2088,False,False,True,False,False,False,0
e01-tds1,GAUSSIAN_AR1_WEAK,2089,False,False,True,True,False,False,0
e01-tds1,GAUSSIAN_AR1_WEAK,2090,False,False,True,False,False,False,0
e01-tds1,GAUSSIAN_AR1_WEAK,2091,False,False,True,False,False,False,0
e01-tds1,GAUSSIAN_AR1_WEAK,2092,False,False,True,False,False,False,0
e01-tds1,GAUSSIAN_AR1_WEAK,2093,False,False,True,False,False,False,0
e01-tds1,GAUSSIAN_AR1_WEAK,2094,False,False,True,False,False,False,0
e01-tds1,GAUSSIAN_AR1_WEAK,2095,False,False,True,False,False,False,0
e01-tds1,GAUSSIAN_AR1_WEAK,2096,False,False,True,False,False,False,0
e01-tds1,GAUSSIAN_AR1_WEAK,2097,False,False,True,False,False,False,0
e01-tds1,GAUSSIAN_AR1_WEAK,2098,False,False,True,False,False,False,0
e01-tds1,GAUSSIAN_AR1_WEAK,2099,False,False,True,False,False,False,0
e01-tds1,GAUSSIAN_AR1_WEAK,2100,False,False,True,False,False,False,0
e01-tds1,GAUSSIAN_AR1_WEAK,2101,False,False,True,False,False,False,0
e01-tds1,GAUSSIAN_AR1_WEAK,2102,False,False,True,True,False,False,0
e01-tds1,GAUSSIAN_AR1_WEAK,2103,False,False,True,False,False,False,0
e01-tds1,GAUSSIAN_AR1_WEAK,2104,False,False,True,True,False,False,0
e01-tds1,GAUSSIAN_AR1_WEAK,2105,False,False,True,False,False,False,0
e01-tds1,GAUSSIAN_AR1_WEAK,2106,False,False,True,False,False,False,0
e01-tds1,GAUSSIAN_AR1_WEAK,2107,False,False,True,False,False,False,0
e01-tds1,GAUSSIAN_AR1_WEAK,2108,False,False,True,False,False,False,0
e01-tds1,GAUSSIAN_AR1_WEAK,2109,False,False,True,False,False,False,0
e01-tds1,GAUSSIAN_AR1_WEAK,2110,False,False,True,False,False,False,0
e01-tds1,GAUSSIAN_AR1_WEAK,2111,False,False,True,False,False,False,0
e01-tds1,GAUSSIAN_AR1_WEAK,2112,False,False,True,False,False,False,0
e01-tds1,GAUSSIAN_AR1_WEAK,2113,False,False,True,False,False,False,0
e01-tds1,GAUSSIAN_AR1_WEAK,2114,False,False,True,True,False,False,0
e01-tds1,GAUSSIAN_AR1_WEAK,2115,False,False,True,False,False,False,0
e01-tds1,GAUSSIAN_AR1_WEAK,2116,False,False,True,False,False,False,0
e01-tds1,GAUSSIAN_AR1_WEAK,2117,False,False,True,False,False,False,0
e01-tds1,GAUSSIAN_AR1_WEAK,2118,False,False,True,False,False,False,0
e01-tds1,GAUSSIAN_AR1_WEAK,2119,False,False,True,True,False,False,0
e01-tds1,GAUSSIAN_AR1_WEAK,2120,False,False,True,False,False,False,0
e01-tds1,GAUSSIAN_AR1_WEAK,2121,False,False,True,False,False,False,0
e01-tds1,GAUSSIAN_AR1_WEAK,2122,False,False,True,False,False,False,0
e01-tds1,GAUSSIAN_AR1_WEAK,2123,False,False,True,False,False,False,0
e01-tds1,GAUSSIAN_AR1_WEAK,2124,False,False,True,False,False,False,0
e01-tds1,GAUSSIAN_AR1_WEAK,2125,False,False,True,False,False,False,0
e01-tds1,GAUSSIAN_AR1_WEAK,2126,False,False,True,False,False,False,0
e01-tds1,GAUSSIAN_AR1_WEAK,2127,False,False,True,False,False,False,0
e01-tds1,GAUSSIAN_AR1_WEAK,2128,False,False,True,False,False,False,0
e01-tds1,GAUSSIAN_AR1_WEAK,2129,False,False,True,True,False,False,0
e01-tds1,GAUSSIAN_AR1_WEAK,2130,False,False,True,False,False,False,0
e01-tds1,GAUSSIAN_AR1_WEAK,2131,False,False,True,False,False,False,0
e01-tds1,GAUSSIAN_AR1_WEAK,2132,False,False,True,False,False,False,0
e01-tds1,GAUSSIAN_AR1_WEAK,2133,False,False,True,True,False,False,0
e01-tds1,GAUSSIAN_AR1_WEAK,2134,False,False,True,False,False,False,0
e01-tds1,GAUSSIAN_AR1_WEAK,2135,False,False,True,False,False,False,0
e01-tds1,GAUSSIAN_AR1_WEAK,2136,False,False,True,False,False,False,0
e01-tds1,GAUSSIAN_AR1_WEAK,2137,False,False,True,True,False,False,0
e01-tds1,GAUSSIAN_AR1_WEAK,2138,False,False,True,False,False,False,0
e01-tds1,GAUSSIAN_AR1_WEAK,2139,False,False,True,False,False,False,0
e01-tds1,GAUSSIAN_AR1_WEAK,2140,False,False,True,False,False,False,0
e01-tds1,GAUSSIAN_AR1_WEAK,2141,False,False,True,False,False,False,0
e01-tds1,GAUSSIAN_AR1_WEAK,2142,False,False,True,True,False,False,0
e01-tds1,GAUSSIAN_AR1_WEAK,2143,False,False,True,True,False,False,0
e01-tds1,GAUSSIAN_AR1_WEAK,2144,False,False,True,False,False,False,0
e01-tds1,GAUSSIAN_AR1_WEAK,2145,False,False,True,False,False,False,0
e01-tds1,GAUSSIAN_AR1_WEAK,2146,False,False,True,False,False,False,0
e01-tds1,GAUSSIAN_AR1_WEAK,2147,False,False,True,True,False,False,0
e01-tds1,GAUSSIAN_AR1_WEAK,2148,False,False,True,False,False,False,0
e01-tds1,GAUSSIAN_AR1_WEAK,2149,False,False,True,False,False,False,0
e01-tds1,GAUSSIAN_AR1_WEAK,2150,False,False,True,True,False,False,0
e01-tds1,GAUSSIAN_AR1_WEAK,2151,False,False,True,True,False,False,0
e01-tds1,GAUSSIAN_AR1_WEAK,2152,False,False,True,False,False,False,0
e01-tds1,GAUSSIAN_AR1_WEAK,2153,False,False,True,False,False,False,0
e01-tds1,GAUSSIAN_AR1_WEAK,2154,False,False,True,False,False,False,0
e01-tds1,GAUSSIAN_AR1_WEAK,2155,False,False,True,False,False,False,0
e01-tds1,GAUSSIAN_AR1_WEAK,2156,False,False,True,True,False,False,0
e01-tds1,GAUSSIAN_AR1_WEAK,2157,False,False,True,False,False,False,0
e01-tds1,GAUSSIAN_AR1_WEAK,2158,False,False,True,True,False,False,0
e01-tds1,GAUSSIAN_AR1_WEAK,2159,False,False,True,False,False,False,0
e01-tds1,GAUSSIAN_AR1_WEAK,2160,False,False,True,False,False,False,0
e01-tds1,GAUSSIAN_AR1_WEAK,2161,False,False,True,False,False,False,0
e01-tds1,GAUSSIAN_AR1_WEAK,2162,False,False,True,False,False,False,0
e01-tds1,GAUSSIAN_AR1_WEAK,2163,False,False,True,False,False,False,0
e01-tds1,GAUSSIAN_AR1_WEAK,2164,False,False,True,False,False,False,0
e01-tds1,GAUSSIAN_AR1_WEAK,2165,False,False,True,False,False,False,0
e01-tds1,GAUSSIAN_AR1_WEAK,2166,False,False,True,True,False,False,0
e01-tds1,GAUSSIAN_AR1_WEAK,2167,False,False,True,True,False,False,0
e01-tds1,GAUSSIAN_AR1_WEAK,2168,False,False,True,False,False,False,0
e01-tds1,GAUSSIAN_AR1_WEAK,2169,False,False,True,False,False,False,0
e01-tds1,GAUSSIAN_AR1_WEAK,2170,False,False,True,False,False,False,0
e01-tds1,GAUSSIAN_AR1_WEAK,2171,False,False,True,False,False,False,0
e01-tds1,GAUSSIAN_AR1_WEAK,2172,False,False,True,True,False,False,0
e01-tds1,GAUSSIAN_AR1_WEAK,2173,False,False,True,False,False,False,0
e01-tds1,GAUSSIAN_AR1_WEAK,2174,False,False,True,False,False,False,0
e01-tds1,GAUSSIAN_AR1_WEAK,2175,False,False,True,False,False,False,0
e01-tds1,GAUSSIAN_AR1_WEAK,2176,True,False,True,False,False,False,0
e01-tds1,GAUSSIAN_AR1_WEAK,2177,False,False,True,False,False,False,0
e01-tds1,GAUSSIAN_AR1_WEAK,2178,False,False,True,False,False,False,0
e01-tds1,GAUSSIAN_AR1_WEAK,2179,False,False,True,False,False,False,0
e01-tds1,GAUSSIAN_AR1_WEAK,2180,False,False,True,False,False,False,0
e01-tds1,GAUSSIAN_AR1_WEAK,2181,False,False,True,True,False,False,0
e01-tds1,GAUSSIAN_AR1_WEAK,2182,False,False,True,True,False,False,0
e01-tds1,GAUSSIAN_AR1_WEAK,2183,False,False,True,False,False,False,0
e01-tds1,GAUSSIAN_AR1_WEAK,2184,False,False,True,False,False,False,0
e01-tds1,GAUSSIAN_AR1_WEAK,2185,False,False,True,False,False,False,0
e01-tds1,GAUSSIAN_AR1_WEAK,2186,False,False,True,False,False,False,0
e01-tds1,GAUSSIAN_AR1_WEAK,2187,False,False,True,True,False,False,0
e01-tds1,GAUSSIAN_AR1_WEAK,2188,False,False,True,False,False,False,0
e01-tds1,GAUSSIAN_AR1_WEAK,2189,False,False,True,False,False,False,0
e01-tds1,GAUSSIAN_AR1_WEAK,2190,False,False,True,False,False,False,0
e01-tds1,GAUSSIAN_AR1_WEAK,2191,False,False,True,False,False,False,0
e01-tds1,GAUSSIAN_AR1_WEAK,2192,False,False,True,False,False,False,0
e01-tds1,GAUSSIAN_AR1_WEAK,2193,False,False,True,False,False,False,0
e01-tds1,GAUSSIAN_AR1_WEAK,2194,False,False,True,False,False,False,0
e01-tds1,GAUSSIAN_AR1_WEAK,2195,False,False,True,False,False,False,0
e01-tds1,GAUSSIAN_AR1_WEAK,2196,False,False,True,False,False,False,0
e01-tds1,GAUSSIAN_AR1_WEAK,2197,False,False,True,False,False,False,0
e01-tds1,GAUSSIAN_AR1_WEAK,2198,False,False,True,False,False,False,0
e01-tds1,GAUSSIAN_AR1_WEAK,2199,False,False,True,False,False,False,0
e01-tds1,GAUSSIAN_AR1_WEAK,2200,False,False,True,True,False,False,0
e01-tds1,GAUSSIAN_AR1_WEAK,2201,False,False,True,False,False,False,0
e01-tds1,GAUSSIAN_AR1_WEAK,2202,False,False,True,False,False,False,0
e01-tds1,GAUSSIAN_AR1_WEAK,2203,False,False,True,False,False,False,0
e01-tds1,GAUSSIAN_AR1_WEAK,2204,False,False,True,False,False,False,0
e01-tds1,GAUSSIAN_AR1_WEAK,2205,False,False,True,True,False,False,0
e01-tds1,GAUSSIAN_AR1_WEAK,2206,False,False,True,False,False,False,0
e01-tds1,GAUSSIAN_AR1_WEAK,2207,False,False,True,False,False,False,0
e01-tds1,GAUSSIAN_AR1_WEAK,2208,False,False,True,True,False,False,0
e01-tds1,GAUSSIAN_AR1_WEAK,2209,False,False,True,False,False,False,0
e01-tds1,GAUSSIAN_AR1_WEAK,2210,False,False,True,True,False,False,0
e01-tds1,GAUSSIAN_AR1_WEAK,2211,False,False,True,False,False,False,0
e01-tds1,GAUSSIAN_AR1_WEAK,2212,False,False,True,False,False,False,0
e01-tds1,GAUSSIAN_AR1_WEAK,2213,False,False,True,False,False,False,0
e01-tds1,GAUSSIAN_AR1_WEAK,2214,False,False,True,False,False,False,0
e01-tds1,GAUSSIAN_AR1_WEAK,2215,False,False,True,True,False,False,0
e01-tds1,GAUSSIAN_AR1_WEAK,2216,False,False,True,True,False,False,0
e01-tds1,GAUSSIAN_AR1_WEAK,2217,True,False,True,False,False,False,0
e01-tds1,GAUSSIAN_AR1_WEAK,2218,False,False,True,False,False,False,0
e01-tds1,GAUSSIAN_AR1_WEAK,2219,False,False,True,False,False,False,0
e01-tds1,GAUSSIAN_AR1_WEAK,2220,False,False,True,False,False,False,0
e01-tds1,GAUSSIAN_AR1_WEAK,2221,False,False,True,False,False,False,0
e01-tds1,GAUSSIAN_AR1_WEAK,2222,False,False,True,True,False,False,0
e01-tds1,GAUSSIAN_AR1_WEAK,2223,False,False,True,True,False,False,0
e01-tds1,GAUSSIAN_AR1_WEAK,2224,False,False,True,False,False,False,0
e01-tds1,GAUSSIAN_AR1_WEAK,2225,False,False,True,False,False,False,0
e01-tds1,GAUSSIAN_AR1_WEAK,2226,False,False,True,False,False,False,0
e01-tds1,GAUSSIAN_AR1_WEAK,2227,False,False,True,True,False,False,0
e01-tds1,GAUSSIAN_AR1_WEAK,2228,False,False,True,False,False,False,0
e01-tds1,GAUSSIAN_AR1_WEAK,2229,False,False,True,True,False,False,0
e01-tds1,GAUSSIAN_AR1_WEAK,2230,False,False,True,False,False,False,0
e01-tds1,GAUSSIAN_AR1_WEAK,2231,False,False,True,False,False,False,0
e01-tds1,GAUSSIAN_AR1_WEAK,2232,False,False,True,False,False,False,0
e01-tds1,GAUSSIAN_AR1_WEAK,2233,False,False,True,False,False,False,0
e01-tds1,GAUSSIAN_AR1_WEAK,2234,False,False,True,False,False,False,0
e01-tds1,GAUSSIAN_AR1_WEAK,2235,False,False,True,False,False,False,0
e01-tds1,GAUSSIAN_AR1_WEAK,2236,False,False,True,True,False,False,0
e01-tds1,GAUSSIAN_AR1_WEAK,2237,False,False,True,False,False,False,0
e01-tds1,GAUSSIAN_AR1_WEAK,2238,False,False,True,True,False,False,0
e01-tds1,GAUSSIAN_AR1_WEAK,2239,False,False,True,False,False,False,0
e01-tds1,GAUSSIAN_AR1_WEAK,2240,False,False,True,True,False,False,0
e01-tds1,GAUSSIAN_AR1_WEAK,2241,False,False,True,False,False,False,0
e01-tds1,GAUSSIAN_AR1_WEAK,2242,False,False,True,False,False,False,0
e01-tds1,GAUSSIAN_AR1_WEAK,2243,False,False,True,True,False,False,0
e01-tds1,GAUSSIAN_AR1_WEAK,2244,False,False,True,True,False,False,0
e01-tds1,GAUSSIAN_AR1_WEAK,2245,False,False,True,True,False,False,0
e01-tds1,GAUSSIAN_AR1_WEAK,2246,False,False,True,False,False,False,0
e01-tds1,GAUSSIAN_AR1_WEAK,2247,False,False,True,False,False,False,0
e01-tds1,GAUSSIAN_AR1_WEAK,2248,False,False,True,False,False,False,0
e01-tds1,GAUSSIAN_AR1_WEAK,2249,False,False,True,False,False,False,0
e01-tds1,GAUSSIAN_AR1_WEAK,2250,False,False,True,False,False,False,0
e01-tds1,GAUSSIAN_AR1_WEAK,2251,False,False,True,True,False,False,0
e01-tds1,GAUSSIAN_AR1_WEAK,2252,False,False,True,False,False,False,0
e01-tds1,GAUSSIAN_AR1_WEAK,2253,False,False,True,False,False,False,0
e01-tds1,GAUSSIAN_AR1_WEAK,2254,False,False,True,False,False,False,0
e01-tds1,GAUSSIAN_AR1_WEAK,2255,False,False,True,True,False,False,0
e01-tds1,GAUSSIAN_AR1_WEAK,2256,False,False,True,False,False,False,0
e01-tds1,GAUSSIAN_AR1_WEAK,2257,False,False,True,False,False,False,0
e01-tds1,GAUSSIAN_AR1_WEAK,2258,False,False,True,False,False,False,0
e01-tds1,GAUSSIAN_AR1_WEAK,2259,False,False,True,True,False,False,0
e01-tds1,GAUSSIAN_AR1_WEAK,2260,False,False,True,True,False,False,0
e01-tds1,GAUSSIAN_AR1_WEAK,2261,False,False,True,False,False,False,0
e01-tds1,GAUSSIAN_AR1_WEAK,2262,True,False,True,False,False,False,0
e01-tds1,GAUSSIAN_AR1_WEAK,2263,False,True,True,False,False,False,0
e01-tds1,GAUSSIAN_AR1_WEAK,2264,False,False,True,False,False,False,0
e01-tds1,GAUSSIAN_AR1_WEAK,2265,False,False,True,False,False,False,0
e01-tds1,GAUSSIAN_AR1_WEAK,2266,False,False,True,False,False,False,0
e01-tds1,GAUSSIAN_AR1_WEAK,2267,False,False,True,True,False,False,0
e01-tds1,GAUSSIAN_AR1_WEAK,2268,False,False,True,False,False,False,0
e01-tds1,GAUSSIAN_AR1_WEAK,2269,False,False,True,False,False,False,0
e01-tds1,GAUSSIAN_AR1_WEAK,2270,False,False,True,False,False,False,0
e01-tds1,GAUSSIAN_AR1_WEAK,2271,False,False,True,False,False,False,0
e01-tds1,GAUSSIAN_AR1_WEAK,2272,False,False,True,False,False,False,0
e01-tds1,GAUSSIAN_AR1_WEAK,2273,False,False,True,True,False,False,0
e01-tds1,GAUSSIAN_AR1_WEAK,2274,False,False,True,False,False,False,0
e01-tds1,GAUSSIAN_AR1_WEAK,2275,False,False,True,False,False,False,0
e01-tds1,GAUSSIAN_AR1_WEAK,2276,False,False,True,False,False,False,0
e01-tds1,GAUSSIAN_AR1_WEAK,2277,False,False,True,False,False,False,0
e01-tds1,GAUSSIAN_AR1_WEAK,2278,False,True,True,True,False,False,0
e01-tds1,GAUSSIAN_AR1_WEAK,2279,False,False,True,False,False,False,0
e01-tds1,GAUSSIAN_AR1_WEAK,2280,False,False,True,False,False,False,0
e01-tds1,GAUSSIAN_AR1_WEAK,2281,False,False,True,False,False,False,0
e01-tds1,GAUSSIAN_AR1_WEAK,2282,False,False,True,False,False,False,0
e01-tds1,GAUSSIAN_AR1_WEAK,2283,False,False,True,False,False,False,0
e01-tds1,GAUSSIAN_AR1_WEAK,2284,False,False,True,False,False,False,0
e01-tds1,GAUSSIAN_AR1_WEAK,2285,False,False,True,False,False,False,0
e01-tds1,GAUSSIAN_AR1_WEAK,2286,False,False,True,False,False,False,0
e01-tds1,GAUSSIAN_AR1_WEAK,2287,False,False,True,False,False,False,0
e01-tds1,GAUSSIAN_AR1_WEAK,2288,False,False,True,False,False,False,0
e01-tds1,GAUSSIAN_AR1_WEAK,2289,False,False,True,False,False,False,0
e01-tds1,GAUSSIAN_AR1_WEAK,2290,False,False,True,False,False,False,0
e01-tds1,GAUSSIAN_AR1_WEAK,2291,False,False,True,False,False,False,0
e01-tds1,GAUSSIAN_AR1_WEAK,2292,False,False,True,True,False,False,0
e01-tds1,GAUSSIAN_AR1_WEAK,2293,False,False,True,True,False,False,0
e01-tds1,GAUSSIAN_AR1_WEAK,2294,False,False,True,False,False,False,0
e01-tds1,GAUSSIAN_AR1_WEAK,2295,False,False,True,False,False,False,0
e01-tds1,GAUSSIAN_AR1_WEAK,2296,False,False,True,False,False,False,0
e01-tds1,GAUSSIAN_AR1_WEAK,2297,False,False,True,False,False,False,0
e01-tds1,GAUSSIAN_AR1_WEAK,2298,False,False,True,False,False,False,0
e01-tds1,GAUSSIAN_AR1_WEAK,2299,False,False,True,True,False,False,0
e01-tds1,GAUSSIAN_AR1_WEAK,2300,False,False,True,False,False,False,0
e01-tds1,GAUSSIAN_AR1_WEAK,2301,False,False,True,True,False,False,0
e01-tds1,GAUSSIAN_AR1_WEAK,2302,False,False,True,False,False,False,0
e01-tds1,GAUSSIAN_AR1_WEAK,2303,False,False,True,False,False,False,0
e01-tds1,GAUSSIAN_AR1_WEAK,2304,False,False,True,False,False,False,0
e01-tds1,GAUSSIAN_AR1_WEAK,2305,False,False,True,True,False,False,0
e01-tds1,GAUSSIAN_AR1_WEAK,2306,False,False,True,False,False,False,0
e01-tds1,GAUSSIAN_AR1_WEAK,2307,False,False,True,False,False,False,0
e01-tds1,GAUSSIAN_AR1_WEAK,2308,False,False,True,True,False,False,0
e01-tds1,GAUSSIAN_AR1_WEAK,2309,False,False,True,False,False,False,0
e01-tds1,GAUSSIAN_AR1_WEAK,2310,False,False,True,False,False,False,0
e01-tds1,GAUSSIAN_AR1_WEAK,2311,False,False,True,False,False,False,0
e01-tds1,GAUSSIAN_AR1_WEAK,2312,False,False,True,False,False,False,0
e01-tds1,GAUSSIAN_AR1_WEAK,2313,False,False,True,False,False,False,0
e01-tds1,GAUSSIAN_AR1_WEAK,2314,False,False,True,False,False,False,0
e01-tds1,GAUSSIAN_AR1_WEAK,2315,False,False,True,False,False,False,0
e01-tds1,GAUSSIAN_AR1_WEAK,2316,False,False,True,False,False,False,0
e01-tds1,GAUSSIAN_AR1_WEAK,2317,False,False,True,False,False,False,0
e01-tds1,GAUSSIAN_AR1_WEAK,2318,False,False,True,True,False,False,0
e01-tds1,GAUSSIAN_AR1_WEAK,2319,False,False,True,False,False,False,0
e01-tds1,GAUSSIAN_AR1_WEAK,2320,False,False,True,False,False,False,0
e01-tds1,GAUSSIAN_AR1_WEAK,2321,False,False,True,False,False,False,0
e01-tds1,GAUSSIAN_AR1_WEAK,2322,False,False,True,False,False,False,0
e01-tds1,GAUSSIAN_AR1_WEAK,2323,False,False,True,False,False,False,0
e01-tds1,GAUSSIAN_AR1_WEAK,2324,False,False,True,False,False,False,0
e01-tds1,GAUSSIAN_AR1_WEAK,2325,False,False,True,False,False,False,0
e01-tds1,GAUSSIAN_AR1_WEAK,2326,False,False,True,True,False,False,0
e01-tds1,GAUSSIAN_AR1_WEAK,2327,False,False,True,False,False,False,0
e01-tds1,GAUSSIAN_AR1_WEAK,2328,False,False,True,False,False,False,0
e01-tds1,GAUSSIAN_AR1_WEAK,2329,False,False,True,False,False,False,0
e01-tds1,GAUSSIAN_AR1_WEAK,2330,False,False,True,False,False,False,0
e01-tds1,GAUSSIAN_AR1_WEAK,2331,False,False,True,True,False,False,0
e01-tds1,GAUSSIAN_AR1_WEAK,2332,False,False,True,False,False,False,0
e01-tds1,GAUSSIAN_AR1_WEAK,2333,False,False,True,True,False,False,0
e01-tds1,GAUSSIAN_AR1_WEAK,2334,False,False,True,True,False,False,0
e01-tds1,GAUSSIAN_AR1_WEAK,2335,False,False,True,False,False,False,0
e01-tds1,GAUSSIAN_AR1_WEAK,2336,False,False,True,False,False,False,0
e01-tds1,GAUSSIAN_AR1_WEAK,2337,False,False,True,False,False,False,0
e01-tds1,GAUSSIAN_AR1_WEAK,2338,False,False,True,False,False,False,0
e01-tds1,GAUSSIAN_AR1_WEAK,2339,False,False,True,False,False,False,0
e01-tds1,GAUSSIAN_AR1_WEAK,2340,False,False,True,False,False,False,0
e01-tds1,GAUSSIAN_AR1_WEAK,2341,False,False,True,False,False,False,0
e01-tds1,GAUSSIAN_AR1_WEAK,2342,False,False,True,False,False,False,0
e01-tds1,GAUSSIAN_AR1_WEAK,2343,False,False,True,False,False,False,0
e01-tds1,GAUSSIAN_AR1_WEAK,2344,False,False,True,False,False,False,0
e01-tds1,GAUSSIAN_AR1_WEAK,2345,False,False,True,True,False,False,0
e01-tds1,GAUSSIAN_AR1_WEAK,2346,False,False,True,False,False,False,0
e01-tds1,GAUSSIAN_AR1_WEAK,2347,False,False,True,False,False,False,0
e01-tds1,GAUSSIAN_AR1_WEAK,2348,False,False,True,False,False,False,0
e01-tds1,GAUSSIAN_AR1_WEAK,2349,False,False,True,False,False,False,0
e01-tds1,GAUSSIAN_AR1_WEAK,2350,False,False,True,True,False,False,0
e01-tds1,GAUSSIAN_AR1_WEAK,2351,False,False,True,True,False,False,0
e01-tds1,GAUSSIAN_AR1_WEAK,2352,False,False,True,True,False,False,0
e01-tds1,GAUSSIAN_AR1_WEAK,2353,False,False,True,True,False,False,0
e01-tds1,GAUSSIAN_AR1_WEAK,2354,False,False,True,False,False,False,0
e01-tds1,GAUSSIAN_AR1_WEAK,2355,False,False,True,False,False,False,0
e01-tds1,GAUSSIAN_AR1_WEAK,2356,False,False,True,False,False,False,0
e01-tds1,GAUSSIAN_AR1_WEAK,2357,False,False,True,True,False,False,0
e01-tds1,GAUSSIAN_AR1_WEAK,2358,False,False,True,False,False,False,0
e01-tds1,GAUSSIAN_AR1_WEAK,2359,False,False,True,False,False,False,0
e01-tds1,GAUSSIAN_AR1_WEAK,2360,False,False,True,True,False,False,0
e01-tds1,GAUSSIAN_AR1_WEAK,2361,False,False,True,False,False,False,0
e01-tds1,GAUSSIAN_AR1_WEAK,2362,False,False,True,True,False,False,0
e01-tds1,GAUSSIAN_AR1_WEAK,2363,False,False,True,False,False,False,0
e01-tds1,GAUSSIAN_AR1_WEAK,2364,False,False,True,True,False,False,0
e01-tds1,GAUSSIAN_AR1_WEAK,2365,False,False,True,False,False,False,0
e01-tds1,GAUSSIAN_AR1_WEAK,2366,False,False,True,True,False,False,0
e01-tds1,GAUSSIAN_AR1_WEAK,2367,False,False,True,False,False,False,0
e01-tds1,GAUSSIAN_AR1_WEAK,2368,False,False,True,False,False,False,0
e01-tds1,GAUSSIAN_AR1_WEAK,2369,False,False,True,False,False,False,0
e01-tds1,GAUSSIAN_AR1_WEAK,2370,False,False,True,False,False,False,0
e01-tds1,GAUSSIAN_AR1_WEAK,2371,False,False,True,False,False,False,0
e01-tds1,GAUSSIAN_AR1_WEAK,2372,False,False,True,False,False,False,0
e01-tds1,GAUSSIAN_AR1_WEAK,2373,False,False,True,False,False,False,0
e01-tds1,GAUSSIAN_AR1_WEAK,2374,False,False,True,True,False,False,0
e01-tds1,GAUSSIAN_AR1_WEAK,2375,False,False,True,False,False,False,0
e01-tds1,GAUSSIAN_AR1_WEAK,2376,False,False,True,True,False,False,0
e01-tds1,GAUSSIAN_AR1_WEAK,2377,False,False,True,False,False,False,0
e01-tds1,GAUSSIAN_AR1_WEAK,2378,False,False,True,False,False,False,0
e01-tds1,GAUSSIAN_AR1_WEAK,2379,False,False,True,False,False,False,0
e01-tds1,GAUSSIAN_AR1_WEAK,2380,False,False,True,True,False,False,0
e01-tds1,GAUSSIAN_AR1_WEAK,2381,False,False,True,False,False,False,0
e01-tds1,GAUSSIAN_AR1_WEAK,2382,False,False,True,False,False,False,0
e01-tds1,GAUSSIAN_AR1_WEAK,2383,False,False,True,False,False,False,0
e01-tds1,GAUSSIAN_AR1_WEAK,2384,False,False,True,False,False,False,0
e01-tds1,GAUSSIAN_AR1_WEAK,2385,False,False,True,False,False,False,0
e01-tds1,GAUSSIAN_AR1_WEAK,2386,False,False,True,False,False,False,0
e01-tds1,GAUSSIAN_AR1_WEAK,2387,False,False,True,False,False,False,0
e01-tds1,GAUSSIAN_AR1_WEAK,2388,False,False,True,False,False,False,0
e01-tds1,GAUSSIAN_AR1_WEAK,2389,False,False,True,True,False,False,0
e01-tds1,GAUSSIAN_AR1_WEAK,2390,False,False,True,False,False,False,0
e01-tds1,GAUSSIAN_AR1_WEAK,2391,False,False,True,False,False,False,0
e01-tds1,GAUSSIAN_AR1_WEAK,2392,False,False,True,False,False,False,0
e01-tds1,GAUSSIAN_AR1_WEAK,2393,False,False,True,False,False,False,0
e01-tds1,GAUSSIAN_AR1_WEAK,2394,False,False,True,False,False,False,0
e01-tds1,GAUSSIAN_AR1_WEAK,2395,False,False,True,False,False,False,0
e01-tds1,GAUSSIAN_AR1_WEAK,2396,False,False,True,False,False,False,0
e01-tds1,GAUSSIAN_AR1_WEAK,2397,False,False,True,False,False,False,0
e01-tds1,GAUSSIAN_AR1_WEAK,2398,False,False,True,False,False,False,0
e01-tds1,GAUSSIAN_AR1_WEAK,2399,False,False,True,True,False,False,0
e01-tds1,GAUSSIAN_AR1_WEAK,2400,False,False,True,False,False,False,0
e01-tds1,GAUSSIAN_AR1_WEAK,2401,False,False,True,False,False,False,0
e01-tds1,GAUSSIAN_AR1_WEAK,2402,False,False,True,True,False,False,0
e01-tds1,GAUSSIAN_AR1_WEAK,2403,False,False,True,False,False,False,0
e01-tds1,GAUSSIAN_AR1_WEAK,2404,False,False,True,True,False,False,0
e01-tds1,GAUSSIAN_AR1_WEAK,2405,False,False,True,True,False,False,0
e01-tds1,GAUSSIAN_AR1_WEAK,2406,False,False,True,False,False,False,0
e01-tds1,GAUSSIAN_AR1_WEAK,2407,False,False,True,True,False,False,0
e01-tds1,GAUSSIAN_AR1_WEAK,2408,False,False,True,False,False,False,0
e01-tds1,GAUSSIAN_AR1_WEAK,2409,False,False,True,False,False,False,0
e01-tds1,GAUSSIAN_AR1_WEAK,2410,False,False,True,True,False,False,0
e01-tds1,GAUSSIAN_AR1_WEAK,2411,False,False,True,False,False,False,0
e01-tds1,GAUSSIAN_AR1_WEAK,2412,False,False,True,True,False,False,0
e01-tds1,GAUSSIAN_AR1_WEAK,2413,False,False,True,True,False,False,0
e01-tds1,GAUSSIAN_AR1_WEAK,2414,False,False,True,False,False,False,0
e01-tds1,GAUSSIAN_AR1_WEAK,2415,False,False,True,True,False,False,0
e01-tds1,GAUSSIAN_AR1_WEAK,2416,False,False,True,False,False,False,0
e01-tds1,GAUSSIAN_AR1_WEAK,2417,False,False,True,False,False,False,0
e01-tds1,GAUSSIAN_AR1_WEAK,2418,False,False,True,False,False,False,0
e01-tds1,GAUSSIAN_AR1_WEAK,2419,False,False,True,False,False,False,0
e01-tds1,GAUSSIAN_AR1_WEAK,2420,False,False,True,True,False,False,0
e01-tds1,GAUSSIAN_AR1_WEAK,2421,False,False,True,False,False,False,0
e01-tds1,GAUSSIAN_AR1_WEAK,2422,False,False,True,True,False,False,0
e01-tds1,GAUSSIAN_AR1_WEAK,2423,False,False,True,False,False,False,0
e01-tds1,GAUSSIAN_AR1_WEAK,2424,False,False,True,False,False,False,0
e01-tds1,GAUSSIAN_AR1_WEAK,2425,False,False,True,False,False,False,0
e01-tds1,GAUSSIAN_AR1_WEAK,2426,False,False,True,False,False,False,0
e01-tds1,GAUSSIAN_AR1_WEAK,2427,False,False,True,False,False,False,0
e01-tds1,GAUSSIAN_AR1_WEAK,2428,False,False,True,True,False,False,0
e01-tds1,GAUSSIAN_AR1_WEAK,2429,False,False,True,False,False,False,0
e01-tds1,GAUSSIAN_AR1_WEAK,2430,False,False,True,False,False,False,0
e01-tds1,GAUSSIAN_AR1_WEAK,2431,False,False,True,False,False,False,0
e01-tds1,GAUSSIAN_AR1_WEAK,2432,False,False,True,True,False,False,0
e01-tds1,GAUSSIAN_AR1_WEAK,2433,False,False,True,False,False,False,0
e01-tds1,GAUSSIAN_AR1_WEAK,2434,False,False,True,False,False,False,0
e01-tds1,GAUSSIAN_AR1_WEAK,2435,False,True,True,False,False,False,0
e01-tds1,GAUSSIAN_AR1_WEAK,2436,False,False,True,False,False,False,0
e01-tds1,GAUSSIAN_AR1_WEAK,2437,False,False,True,False,False,False,0
e01-tds1,GAUSSIAN_AR1_WEAK,2438,False,False,True,False,False,False,0
e01-tds1,GAUSSIAN_AR1_WEAK,2439,False,False,True,False,False,False,0
e01-tds1,GAUSSIAN_AR1_WEAK,2440,False,False,True,True,False,False,0
e01-tds1,GAUSSIAN_AR1_WEAK,2441,False,False,True,False,False,False,0
e01-tds1,GAUSSIAN_AR1_WEAK,2442,False,False,True,False,False,False,0
e01-tds1,GAUSSIAN_AR1_WEAK,2443,False,False,True,False,False,False,0
e01-tds1,GAUSSIAN_AR1_WEAK,2444,False,False,True,False,False,False,0
e01-tds1,GAUSSIAN_AR1_WEAK,2445,False,False,True,False,False,False,0
e01-tds1,GAUSSIAN_AR1_WEAK,2446,False,False,True,True,False,False,0
e01-tds1,GAUSSIAN_AR1_WEAK,2447,False,False,True,False,False,False,0
e01-tds1,GAUSSIAN_AR1_WEAK,2448,False,False,True,False,False,False,0
e01-tds1,GAUSSIAN_AR1_WEAK,2449,False,False,True,True,False,False,0
e01-tds1,GAUSSIAN_AR1_WEAK,2450,False,False,True,False,False,False,0
e01-tds1,GAUSSIAN_AR1_WEAK,2451,False,False,True,False,False,False,0
e01-tds1,GAUSSIAN_AR1_WEAK,2452,False,False,True,False,False,False,0
e01-tds1,GAUSSIAN_AR1_WEAK,2453,False,False,True,False,False,False,0
e01-tds1,GAUSSIAN_AR1_WEAK,2454,False,False,True,False,False,False,0
e01-tds1,GAUSSIAN_AR1_WEAK,2455,False,False,True,False,False,False,0
e01-tds1,GAUSSIAN_AR1_WEAK,2456,False,False,True,False,False,False,0
e01-tds1,GAUSSIAN_AR1_WEAK,2457,False,False,True,False,False,False,0
e01-tds1,GAUSSIAN_AR1_WEAK,2458,False,False,True,False,False,False,0
e01-tds1,GAUSSIAN_AR1_WEAK,2459,False,False,True,False,False,False,0
e01-tds1,GAUSSIAN_AR1_WEAK,2460,False,False,True,False,False,False,0
e01-tds1,GAUSSIAN_AR1_WEAK,2461,False,False,True,False,False,False,0
e01-tds1,GAUSSIAN_AR1_WEAK,2462,False,False,True,False,False,False,0
e01-tds1,GAUSSIAN_AR1_WEAK,2463,False,False,True,False,False,False,0
e01-tds1,GAUSSIAN_AR1_WEAK,2464,False,False,True,True,False,False,0
e01-tds1,GAUSSIAN_AR1_WEAK,2465,False,False,True,False,False,False,0
e01-tds1,GAUSSIAN_AR1_WEAK,2466,False,False,True,False,False,False,0
e01-tds1,GAUSSIAN_AR1_WEAK,2467,False,False,True,False,False,False,0
e01-tds1,GAUSSIAN_AR1_WEAK,2468,False,False,True,False,False,False,0
e01-tds1,GAUSSIAN_AR1_WEAK,2469,False,False,True,False,False,False,0
e01-tds1,GAUSSIAN_AR1_WEAK,2470,False,False,True,False,False,False,0
e01-tds1,GAUSSIAN_AR1_WEAK,2471,False,False,True,True,False,False,0
e01-tds1,GAUSSIAN_AR1_WEAK,2472,False,False,True,False,False,False,0
e01-tds1,GAUSSIAN_AR1_WEAK,2473,False,False,True,True,False,False,0
e01-tds1,GAUSSIAN_AR1_WEAK,2474,True,False,True,False,False,False,0
e01-tds1,GAUSSIAN_AR1_WEAK,2475,False,False,True,True,False,False,0
e01-tds1,GAUSSIAN_AR1_WEAK,2476,False,False,True,False,False,False,0
e01-tds1,GAUSSIAN_AR1_WEAK,2477,False,False,True,False,False,False,0
e01-tds1,GAUSSIAN_AR1_WEAK,2478,False,False,True,False,False,False,0
e01-tds1,GAUSSIAN_AR1_WEAK,2479,True,False,True,False,False,False,0
e01-tds1,GAUSSIAN_AR1_WEAK,2480,False,False,True,False,False,False,0
e01-tds1,GAUSSIAN_AR1_WEAK,2481,False,False,True,False,False,False,0
e01-tds1,GAUSSIAN_AR1_WEAK,2482,False,False,True,False,False,False,0
e01-tds1,GAUSSIAN_AR1_WEAK,2483,False,False,True,True,False,False,0
e01-tds1,GAUSSIAN_AR1_WEAK,2484,False,False,True,False,False,False,0
e01-tds1,GAUSSIAN_AR1_WEAK,2485,False,False,True,False,False,False,0
e01-tds1,GAUSSIAN_AR1_WEAK,2486,False,False,True,False,False,False,0
e01-tds1,GAUSSIAN_AR1_WEAK,2487,False,False,True,False,False,False,0
e01-tds1,GAUSSIAN_AR1_WEAK,2488,False,False,True,False,False,False,0
e01-tds1,GAUSSIAN_AR1_WEAK,2489,False,False,True,False,False,False,0
e01-tds1,GAUSSIAN_AR1_WEAK,2490,False,False,True,False,False,False,0
e01-tds1,GAUSSIAN_AR1_WEAK,2491,False,False,True,True,False,False,0
e01-tds1,GAUSSIAN_AR1_WEAK,2492,False,False,True,False,False,False,0
e01-tds1,GAUSSIAN_AR1_WEAK,2493,False,False,True,False,False,False,0
e01-tds1,GAUSSIAN_AR1_WEAK,2494,False,False,True,False,False,False,0
e01-tds1,GAUSSIAN_AR1_WEAK,2495,False,False,True,False,False,False,0
e01-tds1,GAUSSIAN_AR1_WEAK,2496,False,False,True,True,False,False,0
e01-tds1,GAUSSIAN_AR1_WEAK,2497,False,False,True,False,False,False,0
e01-tds1,GAUSSIAN_AR1_WEAK,2498,False,False,True,False,False,False,0
e01-tds1,GAUSSIAN_AR1_WEAK,2499,False,False,True,False,False,False,0
e01-tds1,GAUSSIAN_AR1_WEAK,2500,False,False,True,False,False,False,0
e01-tds1,GAUSSIAN_AR1_WEAK,2501,False,False,True,False,False,False,0
e01-tds1,GAUSSIAN_AR1_WEAK,2502,False,False,True,True,False,False,0
e01-tds1,GAUSSIAN_AR1_WEAK,2503,False,False,True,False,False,False,0
e01-tds1,GAUSSIAN_AR1_WEAK,2504,False,False,True,False,False,False,0
e01-tds1,GAUSSIAN_AR1_WEAK,2505,False,False,True,False,False,False,0
e01-tds1,GAUSSIAN_AR1_WEAK,2506,False,False,True,False,False,False,0
e01-tds1,GAUSSIAN_AR1_WEAK,2507,False,False,True,False,False,False,0
e01-tds1,GAUSSIAN_AR1_WEAK,2508,False,False,True,True,False,False,0
e01-tds1,GAUSSIAN_AR1_WEAK,2509,False,False,True,False,False,False,0
e01-tds1,GAUSSIAN_AR1_WEAK,2510,False,False,True,False,False,False,0
e01-tds1,GAUSSIAN_AR1_WEAK,2511,False,False,True,False,False,False,0
e01-tds1,GAUSSIAN_AR1_WEAK,2512,False,False,True,False,False,False,0
e01-tds1,GAUSSIAN_AR1_WEAK,2513,False,False,True,False,False,False,0
e01-tds1,GAUSSIAN_AR1_WEAK,2514,False,False,True,True,False,False,0
e01-tds1,GAUSSIAN_AR1_WEAK,2515,False,False,True,False,False,False,0
e01-tds1,GAUSSIAN_AR1_WEAK,2516,False,False,True,False,False,False,0
e01-tds1,GAUSSIAN_AR1_WEAK,2517,False,False,True,False,False,False,0
e01-tds1,GAUSSIAN_AR1_WEAK,2518,False,False,True,False,False,False,0
e01-tds1,GAUSSIAN_AR1_WEAK,2519,False,False,True,False,False,False,0
e01-tds1,GAUSSIAN_AR1_WEAK,2520,False,False,True,False,False,False,0
e01-tds1,GAUSSIAN_AR1_WEAK,2521,True,False,True,True,False,False,0
e01-tds1,GAUSSIAN_AR1_WEAK,2522,False,False,True,False,False,False,0
e01-tds1,GAUSSIAN_AR1_WEAK,2523,False,False,True,False,False,False,0
e01-tds1,GAUSSIAN_AR1_WEAK,2524,True,False,True,True,False,False,0
e01-tds1,GAUSSIAN_AR1_WEAK,2525,False,False,True,False,False,False,0
e01-tds1,GAUSSIAN_AR1_WEAK,2526,False,False,True,True,False,False,0
e01-tds1,GAUSSIAN_AR1_WEAK,2527,False,False,True,False,False,False,0
e01-tds1,GAUSSIAN_AR1_WEAK,2528,False,False,True,False,False,False,0
e01-tds1,GAUSSIAN_AR1_WEAK,2529,False,False,True,True,False,False,0
e01-tds1,GAUSSIAN_AR1_WEAK,2530,False,False,True,False,False,False,0
e01-tds1,GAUSSIAN_AR1_WEAK,2531,False,False,True,False,False,False,0
e01-tds1,GAUSSIAN_AR1_WEAK,2532,True,False,True,False,False,False,0
e01-tds1,GAUSSIAN_AR1_WEAK,2533,False,False,True,False,False,False,0
e01-tds1,GAUSSIAN_AR1_WEAK,2534,False,False,True,False,False,False,0
e01-tds1,GAUSSIAN_AR1_WEAK,2535,False,False,True,False,False,False,0
e01-tds1,GAUSSIAN_AR1_WEAK,2536,False,False,True,False,False,False,0
e01-tds1,GAUSSIAN_AR1_WEAK,2537,True,False,True,False,False,False,0
e01-tds1,GAUSSIAN_AR1_WEAK,2538,False,False,True,False,False,False,0
e01-tds1,GAUSSIAN_AR1_WEAK,2539,False,False,True,False,False,False,0
e01-tds1,GAUSSIAN_AR1_WEAK,2540,False,False,True,False,False,False,0
e01-tds1,GAUSSIAN_AR1_WEAK,2541,False,False,True,False,False,False,0
e01-tds1,GAUSSIAN_AR1_WEAK,2542,False,False,True,False,False,False,0
e01-tds1,GAUSSIAN_AR1_WEAK,2543,False,False,True,True,False,False,0
e01-tds1,GAUSSIAN_AR1_WEAK,2544,False,False,True,False,False,False,0
e01-tds1,GAUSSIAN_AR1_WEAK,2545,False,False,True,False,False,False,0
e01-tds1,GAUSSIAN_AR1_WEAK,2546,False,False,True,True,False,False,0
e01-tds1,GAUSSIAN_AR1_WEAK,2547,False,False,True,True,False,False,0
e01-tds1,GAUSSIAN_AR1_WEAK,2548,False,False,True,False,False,False,0
e01-tds1,GAUSSIAN_AR1_WEAK,2549,False,False,True,False,False,False,0
e01-tds1,GAUSSIAN_AR1_WEAK,2550,False,False,True,False,False,False,0
e01-tds1,GAUSSIAN_AR1_WEAK,2551,False,False,True,False,False,False,0
e01-tds1,GAUSSIAN_AR1_WEAK,2552,False,True,True,False,False,False,0
e01-tds1,GAUSSIAN_AR1_WEAK,2553,False,False,True,False,False,False,0
e01-tds1,GAUSSIAN_AR1_WEAK,2554,False,False,True,True,False,False,0
e01-tds1,GAUSSIAN_AR1_WEAK,2555,False,False,True,False,False,False,0
e01-tds1,GAUSSIAN_AR1_WEAK,2556,False,False,True,False,False,False,0
e01-tds1,GAUSSIAN_AR1_WEAK,2557,False,False,True,False,False,False,0
e01-tds1,GAUSSIAN_AR1_WEAK,2558,False,False,True,False,False,False,0
e01-tds1,GAUSSIAN_AR1_WEAK,2559,False,False,True,False,False,False,0
e01-tds1,GAUSSIAN_AR1_WEAK,2560,False,False,True,False,False,False,0
e01-tds1,GAUSSIAN_AR1_WEAK,2561,False,False,True,False,False,False,0
e01-tds1,GAUSSIAN_AR1_WEAK,2562,False,False,True,False,False,False,0
e01-tds1,GAUSSIAN_AR1_WEAK,2563,False,False,True,False,False,False,0
e01-tds1,GAUSSIAN_AR1_WEAK,2564,False,False,True,False,False,False,0
e01-tds1,GAUSSIAN_AR1_WEAK,2565,False,False,True,False,False,False,0
e01-tds1,GAUSSIAN_AR1_WEAK,2566,False,False,True,False,False,False,0
e01-tds1,GAUSSIAN_AR1_WEAK,2567,False,False,True,False,False,False,0
e01-tds1,GAUSSIAN_AR1_WEAK,2568,False,False,True,False,False,False,0
e01-tds1,GAUSSIAN_AR1_WEAK,2569,False,False,True,False,False,False,0
e01-tds1,GAUSSIAN_AR1_WEAK,2570,False,False,True,False,False,False,0
e01-tds1,GAUSSIAN_AR1_WEAK,2571,False,False,True,False,False,False,0
e01-tds1,GAUSSIAN_AR1_WEAK,2572,False,False,True,False,False,False,0
e01-tds1,GAUSSIAN_AR1_WEAK,2573,False,False,True,False,False,False,0
e01-tds1,GAUSSIAN_AR1_WEAK,2574,False,False,True,False,False,False,0
e01-tds1,GAUSSIAN_AR1_WEAK,2575,False,False,True,True,False,False,0
e01-tds1,GAUSSIAN_AR1_WEAK,2576,False,False,True,False,False,False,0
e01-tds1,GAUSSIAN_AR1_WEAK,2577,False,False,True,False,False,False,0
e01-tds1,GAUSSIAN_AR1_WEAK,2578,False,False,True,False,False,False,0
e01-tds1,GAUSSIAN_AR1_WEAK,2579,False,False,True,False,False,False,0
e01-tds1,GAUSSIAN_AR1_WEAK,2580,False,False,True,False,False,False,0
e01-tds1,GAUSSIAN_AR1_WEAK,2581,False,False,True,False,False,False,0
e01-tds1,GAUSSIAN_AR1_WEAK,2582,True,False,True,False,False,False,0
e01-tds1,GAUSSIAN_AR1_WEAK,2583,False,False,True,False,False,False,0
e01-tds1,GAUSSIAN_AR1_WEAK,2584,False,False,True,False,False,False,0
e01-tds1,GAUSSIAN_AR1_WEAK,2585,False,False,True,False,False,False,0
e01-tds1,GAUSSIAN_AR1_WEAK,2586,False,False,True,False,False,False,0
e01-tds1,GAUSSIAN_AR1_WEAK,2587,False,False,True,False,False,False,0
e01-tds1,GAUSSIAN_AR1_WEAK,2588,False,False,True,True,False,False,0
e01-tds1,GAUSSIAN_AR1_WEAK,2589,False,False,True,False,False,False,0
e01-tds1,GAUSSIAN_AR1_WEAK,2590,False,False,True,False,False,False,0
e01-tds1,GAUSSIAN_AR1_WEAK,2591,False,False,True,False,False,False,0
e01-tds1,GAUSSIAN_AR1_WEAK,2592,False,False,True,False,False,False,0
e01-tds1,GAUSSIAN_AR1_WEAK,2593,False,False,True,True,False,False,0
e01-tds1,GAUSSIAN_AR1_WEAK,2594,False,False,True,False,False,False,0
e01-tds1,GAUSSIAN_AR1_WEAK,2595,False,False,True,False,False,False,0
e01-tds1,GAUSSIAN_AR1_WEAK,2596,False,False,True,True,False,False,0
e01-tds1,GAUSSIAN_AR1_WEAK,2597,False,False,True,False,False,False,0
e01-tds1,GAUSSIAN_AR1_WEAK,2598,False,False,True,False,False,False,0
e01-tds1,GAUSSIAN_AR1_WEAK,2599,False,False,True,True,False,False,0
e01-tds1,GAUSSIAN_AR1_WEAK,2600,False,False,True,False,False,False,0
e01-tds1,GAUSSIAN_AR1_WEAK,2601,False,False,True,True,False,False,0
e01-tds1,GAUSSIAN_AR1_WEAK,2602,False,False,True,False,False,False,0
e01-tds1,GAUSSIAN_AR1_WEAK,2603,False,False,True,True,False,False,0
e01-tds1,GAUSSIAN_AR1_WEAK,2604,False,False,True,False,False,False,0
e01-tds1,GAUSSIAN_AR1_WEAK,2605,False,False,True,False,False,False,0
e01-tds1,GAUSSIAN_AR1_WEAK,2606,False,False,True,True,False,False,0
e01-tds1,GAUSSIAN_AR1_WEAK,2607,False,False,True,False,False,False,0
e01-tds1,GAUSSIAN_AR1_WEAK,2608,False,False,True,False,False,False,0
e01-tds1,GAUSSIAN_AR1_WEAK,2609,False,False,True,False,False,False,0
e01-tds1,GAUSSIAN_AR1_WEAK,2610,False,False,True,False,False,False,0
e01-tds1,GAUSSIAN_AR1_WEAK,2611,False,False,True,False,False,False,0
e01-tds1,GAUSSIAN_AR1_WEAK,2612,False,False,True,False,False,False,0
e01-tds1,GAUSSIAN_AR1_WEAK,2613,False,False,True,False,False,False,0
e01-tds1,GAUSSIAN_AR1_WEAK,2614,False,False,True,False,False,False,0
e01-tds1,GAUSSIAN_AR1_WEAK,2615,False,False,True,False,False,False,0
e01-tds1,GAUSSIAN_AR1_WEAK,2616,False,False,True,False,False,False,0
e01-tds1,GAUSSIAN_AR1_WEAK,2617,False,False,True,False,False,False,0
e01-tds1,GAUSSIAN_AR1_WEAK,2618,False,False,True,False,False,False,0
e01-tds1,GAUSSIAN_AR1_WEAK,2619,False,False,True,False,False,False,0
e01-tds1,GAUSSIAN_AR1_WEAK,2620,False,False,True,False,False,False,0
e01-tds1,GAUSSIAN_AR1_WEAK,2621,False,False,True,False,False,False,0
e01-tds1,GAUSSIAN_AR1_WEAK,2622,True,False,True,False,False,False,0
e01-tds1,GAUSSIAN_AR1_WEAK,2623,False,False,True,False,False,False,0
e01-tds1,GAUSSIAN_AR1_WEAK,2624,False,False,True,False,False,False,0
e01-tds1,GAUSSIAN_AR1_WEAK,2625,False,False,True,False,False,False,0
e01-tds1,GAUSSIAN_AR1_WEAK,2626,False,False,True,False,False,False,0
e01-tds1,GAUSSIAN_AR1_WEAK,2627,True,False,True,False,False,False,0
e01-tds1,GAUSSIAN_AR1_WEAK,2628,False,False,True,True,False,False,0
e01-tds1,GAUSSIAN_AR1_WEAK,2629,False,False,True,True,False,False,0
e01-tds1,GAUSSIAN_AR1_WEAK,2630,False,False,True,False,False,False,0
e01-tds1,GAUSSIAN_AR1_WEAK,2631,False,False,True,False,False,False,0
e01-tds1,GAUSSIAN_AR1_WEAK,2632,False,False,True,False,False,False,0
e01-tds1,GAUSSIAN_AR1_WEAK,2633,False,False,True,False,False,False,0
e01-tds1,GAUSSIAN_AR1_WEAK,2634,False,False,True,False,False,False,0
e01-tds1,GAUSSIAN_AR1_WEAK,2635,False,False,True,False,False,False,0
e01-tds1,GAUSSIAN_AR1_WEAK,2636,False,False,True,False,False,False,0
e01-tds1,GAUSSIAN_AR1_WEAK,2637,False,False,True,False,False,False,0
e01-tds1,GAUSSIAN_AR1_WEAK,2638,False,False,True,True,False,False,0
e01-tds1,GAUSSIAN_AR1_WEAK,2639,False,False,True,False,False,False,0
e01-tds1,GAUSSIAN_AR1_WEAK,2640,False,False,True,False,False,False,0
e01-tds1,GAUSSIAN_AR1_WEAK,2641,False,False,True,False,False,False,0
e01-tds1,GAUSSIAN_AR1_WEAK,2642,False,False,True,False,False,False,0
e01-tds1,GAUSSIAN_AR1_WEAK,2643,False,False,True,False,False,False,0
e01-tds1,GAUSSIAN_AR1_WEAK,2644,False,False,True,False,False,False,0
e01-tds1,GAUSSIAN_AR1_WEAK,2645,False,False,True,False,False,False,0
e01-tds1,GAUSSIAN_AR1_WEAK,2646,True,False,True,False,False,False,0
e01-tds1,GAUSSIAN_AR1_WEAK,2647,False,False,True,False,False,False,0
e01-tds1,GAUSSIAN_AR1_WEAK,2648,False,False,True,True,False,False,0
e01-tds1,GAUSSIAN_AR1_WEAK,2649,False,False,True,False,False,False,0
e01-tds1,GAUSSIAN_AR1_WEAK,2650,False,False,True,False,False,False,0
e01-tds1,GAUSSIAN_AR1_WEAK,2651,False,False,True,False,False,False,0
e01-tds1,GAUSSIAN_AR1_WEAK,2652,False,False,True,False,False,False,0
e01-tds1,GAUSSIAN_AR1_WEAK,2653,False,False,True,True,False,False,0
e01-tds1,GAUSSIAN_AR1_WEAK,2654,False,False,True,False,False,False,0
e01-tds1,GAUSSIAN_AR1_WEAK,2655,False,False,True,False,False,False,0
e01-tds1,GAUSSIAN_AR1_WEAK,2656,False,False,True,False,False,False,0
e01-tds1,GAUSSIAN_AR1_WEAK,2657,False,False,True,False,False,False,0
e01-tds1,GAUSSIAN_AR1_WEAK,2658,False,False,True,False,False,False,0
e01-tds1,GAUSSIAN_AR1_WEAK,2659,False,False,True,False,False,False,0
e01-tds1,GAUSSIAN_AR1_WEAK,2660,False,False,True,False,False,False,0
e01-tds1,GAUSSIAN_AR1_WEAK,2661,False,False,True,False,False,False,0
e01-tds1,GAUSSIAN_AR1_WEAK,2662,False,False,True,False,False,False,0
e01-tds1,GAUSSIAN_AR1_WEAK,2663,False,False,True,False,False,False,0
e01-tds1,GAUSSIAN_AR1_WEAK,2664,False,False,True,False,False,False,0
e01-tds1,GAUSSIAN_AR1_WEAK,2665,False,False,True,True,False,False,0
e01-tds1,GAUSSIAN_AR1_WEAK,2666,False,False,True,True,False,False,0
e01-tds1,GAUSSIAN_AR1_WEAK,2667,False,False,True,True,False,False,0
e01-tds1,GAUSSIAN_AR1_WEAK,2668,False,False,True,False,False,False,0
e01-tds1,GAUSSIAN_AR1_WEAK,2669,False,False,True,False,False,False,0
e01-tds1,GAUSSIAN_AR1_WEAK,2670,False,False,True,False,False,False,0
e01-tds1,GAUSSIAN_AR1_WEAK,2671,False,False,True,False,False,False,0
e01-tds1,GAUSSIAN_AR1_WEAK,2672,False,False,True,False,False,False,0
e01-tds1,GAUSSIAN_AR1_WEAK,2673,False,False,True,False,False,False,0
e01-tds1,GAUSSIAN_AR1_WEAK,2674,False,False,True,False,False,False,0
e01-tds1,GAUSSIAN_AR1_WEAK,2675,False,False,True,False,False,False,0
e01-tds1,GAUSSIAN_AR1_WEAK,2676,False,False,True,False,False,False,0
e01-tds1,GAUSSIAN_AR1_WEAK,2677,False,False,True,False,False,False,0
e01-tds1,GAUSSIAN_AR1_WEAK,2678,False,False,True,False,False,False,0
e01-tds1,GAUSSIAN_AR1_WEAK,2679,True,False,True,False,False,False,0
e01-tds1,GAUSSIAN_AR1_WEAK,2680,False,False,True,True,False,False,0
e01-tds1,GAUSSIAN_AR1_WEAK,2681,False,False,True,True,False,False,0
e01-tds1,GAUSSIAN_AR1_WEAK,2682,False,False,True,False,False,False,0
e01-tds1,GAUSSIAN_AR1_WEAK,2683,False,False,True,True,False,False,0
e01-tds1,GAUSSIAN_AR1_WEAK,2684,False,False,True,False,False,False,0
e01-tds1,GAUSSIAN_AR1_WEAK,2685,False,False,True,False,False,False,0
e01-tds1,GAUSSIAN_AR1_WEAK,2686,False,False,True,False,False,False,0
e01-tds1,GAUSSIAN_AR1_WEAK,2687,False,False,True,False,False,False,0
e01-tds1,GAUSSIAN_AR1_WEAK,2688,False,False,True,False,False,False,0
e01-tds1,GAUSSIAN_AR1_WEAK,2689,False,False,True,False,False,False,0
e01-tds1,GAUSSIAN_AR1_WEAK,2690,False,False,True,False,False,False,0
e01-tds1,GAUSSIAN_AR1_WEAK,2691,False,False,True,False,False,False,0
e01-tds1,GAUSSIAN_AR1_WEAK,2692,False,False,True,False,False,False,0
e01-tds1,GAUSSIAN_AR1_WEAK,2693,False,False,True,True,False,False,0
e01-tds1,GAUSSIAN_AR1_WEAK,2694,False,False,True,False,False,False,0
e01-tds1,GAUSSIAN_AR1_WEAK,2695,False,False,True,False,False,False,0
e01-tds1,GAUSSIAN_AR1_WEAK,2696,False,False,True,False,False,False,0
e01-tds1,GAUSSIAN_AR1_WEAK,2697,False,False,True,False,False,False,0
e01-tds1,GAUSSIAN_AR1_WEAK,2698,False,False,True,True,False,False,0
e01-tds1,GAUSSIAN_AR1_WEAK,2699,False,False,True,False,False,False,0
e01-tds1,GAUSSIAN_AR1_WEAK,2700,False,False,True,False,False,False,0
e01-tds1,GAUSSIAN_AR1_WEAK,2701,False,False,True,False,False,False,0
e01-tds1,GAUSSIAN_AR1_WEAK,2702,False,False,True,False,False,False,0
e01-tds1,GAUSSIAN_AR1_WEAK,2703,False,False,True,False,False,False,0
e01-tds1,GAUSSIAN_AR1_WEAK,2704,False,False,True,True,False,False,0
e01-tds1,GAUSSIAN_AR1_WEAK,2705,False,False,True,False,False,False,0
e01-tds1,GAUSSIAN_AR1_WEAK,2706,False,False,True,False,False,False,0
e01-tds1,GAUSSIAN_AR1_WEAK,2707,False,False,True,False,False,False,0
e01-tds1,GAUSSIAN_AR1_WEAK,2708,False,False,True,False,False,False,0
e01-tds1,GAUSSIAN_AR1_WEAK,2709,False,False,True,True,False,False,0
e01-tds1,GAUSSIAN_AR1_WEAK,2710,False,False,True,False,False,False,0
e01-tds1,GAUSSIAN_AR1_WEAK,2711,True,False,True,False,False,False,0
e01-tds1,GAUSSIAN_AR1_WEAK,2712,False,False,True,False,False,False,0
e01-tds1,GAUSSIAN_AR1_WEAK,2713,False,False,True,True,False,False,0
e01-tds1,GAUSSIAN_AR1_WEAK,2714,False,False,True,False,False,False,0
e01-tds1,GAUSSIAN_AR1_WEAK,2715,False,False,True,False,False,False,0
e01-tds1,GAUSSIAN_AR1_WEAK,2716,False,False,True,False,False,False,0
e01-tds1,GAUSSIAN_AR1_WEAK,2717,False,False,True,False,False,False,0
e01-tds1,GAUSSIAN_AR1_WEAK,2718,False,False,True,False,False,False,0
e01-tds1,GAUSSIAN_AR1_WEAK,2719,False,False,True,False,False,False,0
e01-tds1,GAUSSIAN_AR1_WEAK,2720,False,False,True,True,False,False,0
e01-tds1,GAUSSIAN_AR1_WEAK,2721,False,True,True,False,False,False,0
e01-tds1,GAUSSIAN_AR1_WEAK,2722,False,False,True,True,False,False,0
e01-tds1,GAUSSIAN_AR1_WEAK,2723,False,False,True,False,False,False,0
e01-tds1,GAUSSIAN_AR1_WEAK,2724,False,False,True,False,False,False,0
e01-tds1,GAUSSIAN_AR1_WEAK,2725,False,False,True,True,False,False,0
e01-tds1,GAUSSIAN_AR1_WEAK,2726,False,False,True,False,False,False,0
e01-tds1,GAUSSIAN_AR1_WEAK,2727,False,False,True,False,False,False,0
e01-tds1,GAUSSIAN_AR1_WEAK,2728,False,False,True,False,False,False,0
e01-tds1,GAUSSIAN_AR1_WEAK,2729,False,False,True,True,False,False,0
e01-tds1,GAUSSIAN_AR1_WEAK,2730,False,False,True,False,False,False,0
e01-tds1,GAUSSIAN_AR1_WEAK,2731,False,False,True,False,False,False,0
e01-tds1,GAUSSIAN_AR1_WEAK,2732,False,False,True,False,False,False,0
e01-tds1,GAUSSIAN_AR1_WEAK,2733,False,False,True,False,False,False,0
e01-tds1,GAUSSIAN_AR1_WEAK,2734,False,False,True,False,False,False,0
e01-tds1,GAUSSIAN_AR1_WEAK,2735,False,False,True,False,False,False,0
e01-tds1,GAUSSIAN_AR1_WEAK,2736,False,False,True,False,False,False,0
e01-tds1,GAUSSIAN_AR1_WEAK,2737,False,False,True,True,False,False,0
e01-tds1,GAUSSIAN_AR1_WEAK,2738,False,False,True,False,False,False,0
e01-tds1,GAUSSIAN_AR1_WEAK,2739,False,False,True,False,False,False,0
e01-tds1,GAUSSIAN_AR1_WEAK,2740,False,False,True,False,False,False,0
e01-tds1,GAUSSIAN_AR1_WEAK,2741,False,False,True,False,False,False,0
e01-tds1,GAUSSIAN_AR1_WEAK,2742,False,False,True,True,False,False,0
e01-tds1,GAUSSIAN_AR1_WEAK,2743,False,False,True,False,False,False,0
e01-tds1,GAUSSIAN_AR1_WEAK,2744,False,False,True,False,False,False,0
e01-tds1,GAUSSIAN_AR1_WEAK,2745,False,False,True,True,False,False,0
e01-tds1,GAUSSIAN_AR1_WEAK,2746,False,False,True,False,False,False,0
e01-tds1,GAUSSIAN_AR1_WEAK,2747,False,False,True,False,False,False,0
e01-tds1,GAUSSIAN_AR1_WEAK,2748,False,False,True,True,False,False,0
e01-tds1,GAUSSIAN_AR1_WEAK,2749,False,False,True,False,False,False,0
e01-tds1,GAUSSIAN_AR1_WEAK,2750,False,False,True,False,False,False,0
e01-tds1,GAUSSIAN_AR1_WEAK,2751,False,False,True,False,False,False,0
e01-tds1,GAUSSIAN_AR1_WEAK,2752,False,False,True,False,False,False,0
e01-tds1,GAUSSIAN_AR1_WEAK,2753,False,False,True,False,False,False,0
e01-tds1,GAUSSIAN_AR1_WEAK,2754,False,False,True,False,False,False,0
e01-tds1,GAUSSIAN_AR1_WEAK,2755,False,False,True,False,False,False,0
e01-tds1,GAUSSIAN_AR1_WEAK,2756,False,False,True,False,False,False,0
e01-tds1,GAUSSIAN_AR1_WEAK,2757,False,False,True,False,False,False,0
e01-tds1,GAUSSIAN_AR1_WEAK,2758,False,False,True,False,False,False,0
e01-tds1,GAUSSIAN_AR1_WEAK,2759,False,False,True,False,False,False,0
e01-tds1,GAUSSIAN_AR1_WEAK,2760,False,False,True,False,False,False,0
e01-tds1,GAUSSIAN_AR1_WEAK,2761,False,False,True,False,False,False,0
e01-tds1,GAUSSIAN_AR1_WEAK,2762,False,False,True,False,False,False,0
e01-tds1,GAUSSIAN_AR1_WEAK,2763,False,False,True,False,False,False,0
e01-tds1,GAUSSIAN_AR1_WEAK,2764,False,False,True,False,False,False,0
e01-tds1,GAUSSIAN_AR1_WEAK,2765,False,False,True,False,False,False,0
e01-tds1,GAUSSIAN_AR1_WEAK,2766,False,False,True,False,False,False,0
e01-tds1,GAUSSIAN_AR1_WEAK,2767,False,False,True,False,False,False,0
e01-tds1,GAUSSIAN_AR1_WEAK,2768,False,False,True,False,False,False,0
e01-tds1,GAUSSIAN_AR1_WEAK,2769,False,False,True,False,False,False,0
e01-tds1,GAUSSIAN_AR1_WEAK,2770,False,False,True,False,False,False,0
e01-tds1,GAUSSIAN_AR1_WEAK,2771,False,True,True,False,False,False,0
e01-tds1,GAUSSIAN_AR1_WEAK,2772,False,False,True,False,False,False,0
e01-tds1,GAUSSIAN_AR1_WEAK,2773,False,False,True,True,False,False,0
e01-tds1,GAUSSIAN_AR1_WEAK,2774,False,False,True,False,False,False,0
e01-tds1,GAUSSIAN_AR1_WEAK,2775,False,False,True,True,False,False,0
e01-tds1,GAUSSIAN_AR1_WEAK,2776,False,False,True,False,False,False,0
e01-tds1,GAUSSIAN_AR1_WEAK,2777,False,False,True,False,False,False,0
e01-tds1,GAUSSIAN_AR1_WEAK,2778,False,False,True,False,False,False,0
e01-tds1,GAUSSIAN_AR1_WEAK,2779,False,False,True,True,False,False,0
e01-tds1,GAUSSIAN_AR1_WEAK,2780,False,False,True,False,False,False,0
e01-tds1,GAUSSIAN_AR1_WEAK,2781,False,False,True,False,False,False,0
e01-tds1,GAUSSIAN_AR1_WEAK,2782,False,False,True,True,False,False,0
e01-tds1,GAUSSIAN_AR1_WEAK,2783,False,False,True,False,False,False,0
e01-tds1,GAUSSIAN_AR1_WEAK,2784,False,False,True,True,False,False,0
e01-tds1,GAUSSIAN_AR1_WEAK,2785,False,False,True,False,False,False,0
e01-tds1,GAUSSIAN_AR1_WEAK,2786,False,False,True,True,False,False,0
e01-tds1,GAUSSIAN_AR1_WEAK,2787,False,False,True,False,False,False,0
e01-tds1,GAUSSIAN_AR1_WEAK,2788,False,False,True,False,False,False,0
e01-tds1,GAUSSIAN_AR1_WEAK,2789,False,False,True,False,False,False,0
e01-tds1,GAUSSIAN_AR1_WEAK,2790,False,False,True,True,False,False,0
e01-tds1,GAUSSIAN_AR1_WEAK,2791,False,False,True,True,False,False,0
e01-tds1,GAUSSIAN_AR1_WEAK,2792,False,False,True,False,False,False,0
e01-tds1,GAUSSIAN_AR1_WEAK,2793,False,False,True,False,False,False,0
e01-tds1,GAUSSIAN_AR1_WEAK,2794,False,False,True,True,False,False,0
e01-tds1,GAUSSIAN_AR1_WEAK,2795,False,False,True,False,False,False,0
e01-tds1,GAUSSIAN_AR1_WEAK,2796,False,False,True,False,False,False,0
e01-tds1,GAUSSIAN_AR1_WEAK,2797,False,False,True,False,False,False,0
e01-tds1,GAUSSIAN_AR1_WEAK,2798,True,False,True,False,False,False,0
e01-tds1,GAUSSIAN_AR1_WEAK,2799,False,False,True,False,False,False,0
e01-tds1,GAUSSIAN_AR1_WEAK,2800,False,False,True,False,False,False,0
e01-tds1,GAUSSIAN_AR1_WEAK,2801,False,False,True,False,False,False,0
e01-tds1,GAUSSIAN_AR1_WEAK,2802,False,False,True,False,False,False,0
e01-tds1,GAUSSIAN_AR1_WEAK,2803,False,False,True,False,False,False,0
e01-tds1,GAUSSIAN_AR1_WEAK,2804,False,False,True,False,False,False,0
e01-tds1,GAUSSIAN_AR1_WEAK,2805,False,False,True,False,False,False,0
e01-tds1,GAUSSIAN_AR1_WEAK,2806,False,False,True,False,False,False,0
e01-tds1,GAUSSIAN_AR1_WEAK,2807,False,False,True,False,False,False,0
e01-tds1,GAUSSIAN_AR1_WEAK,2808,False,False,True,False,False,False,0
e01-tds1,GAUSSIAN_AR1_WEAK,2809,True,False,True,True,False,False,0
e01-tds1,GAUSSIAN_AR1_WEAK,2810,False,False,True,True,False,False,0
e01-tds1,GAUSSIAN_AR1_WEAK,2811,False,False,True,True,False,False,0
e01-tds1,GAUSSIAN_AR1_WEAK,2812,False,False,True,True,False,False,0
e01-tds1,GAUSSIAN_AR1_WEAK,2813,False,False,True,True,False,False,0
e01-tds1,GAUSSIAN_AR1_WEAK,2814,False,False,True,True,False,False,0
e01-tds1,GAUSSIAN_AR1_WEAK,2815,False,False,True,False,False,False,0
e01-tds1,GAUSSIAN_AR1_WEAK,2816,False,False,True,True,False,False,0
e01-tds1,GAUSSIAN_AR1_WEAK,2817,False,False,True,False,False,False,0
e01-tds1,GAUSSIAN_AR1_WEAK,2818,False,False,True,False,False,False,0
e01-tds1,GAUSSIAN_AR1_WEAK,2819,False,False,True,False,False,False,0
e01-tds1,GAUSSIAN_AR1_WEAK,2820,False,False,True,False,False,False,0
e01-tds1,GAUSSIAN_AR1_WEAK,2821,False,False,True,False,False,False,0
e01-tds1,GAUSSIAN_AR1_WEAK,2822,False,False,True,False,False,False,0
e01-tds1,GAUSSIAN_AR1_WEAK,2823,True,False,True,False,False,False,0
e01-tds1,GAUSSIAN_AR1_WEAK,2824,False,False,True,True,False,False,0
e01-tds1,GAUSSIAN_AR1_WEAK,2825,False,False,True,True,False,False,0
e01-tds1,GAUSSIAN_AR1_WEAK,2826,False,False,True,False,False,False,0
e01-tds1,GAUSSIAN_AR1_WEAK,2827,False,False,True,False,False,False,0
e01-tds1,GAUSSIAN_AR1_WEAK,2828,False,False,True,False,False,False,0
e01-tds1,GAUSSIAN_AR1_WEAK,2829,False,False,True,False,False,False,0
e01-tds1,GAUSSIAN_AR1_WEAK,2830,False,False,True,False,False,False,0
e01-tds1,GAUSSIAN_AR1_WEAK,2831,False,False,True,False,False,False,0
e01-tds1,GAUSSIAN_AR1_WEAK,2832,False,False,True,False,False,False,0
e01-tds1,GAUSSIAN_AR1_WEAK,2833,False,False,True,False,False,False,0
e01-tds1,GAUSSIAN_AR1_WEAK,2834,False,False,True,False,False,False,0
e01-tds1,GAUSSIAN_AR1_WEAK,2835,False,False,True,False,False,False,0
e01-tds1,GAUSSIAN_AR1_WEAK,2836,False,False,True,False,False,False,0
e01-tds1,GAUSSIAN_AR1_WEAK,2837,False,False,True,False,False,False,0
e01-tds1,GAUSSIAN_AR1_WEAK,2838,False,False,True,False,False,False,0
e01-tds1,GAUSSIAN_AR1_WEAK,2839,False,False,True,False,False,False,0
e01-tds1,GAUSSIAN_AR1_WEAK,2840,False,False,True,False,False,False,0
e01-tds1,GAUSSIAN_AR1_WEAK,2841,False,False,True,False,False,False,0
e01-tds1,GAUSSIAN_AR1_WEAK,2842,False,False,True,False,False,False,0
e01-tds1,GAUSSIAN_AR1_WEAK,2843,False,False,True,False,False,False,0
e01-tds1,GAUSSIAN_AR1_WEAK,2844,False,False,True,False,False,False,0
e01-tds1,GAUSSIAN_AR1_WEAK,2845,False,False,True,False,False,False,0
e01-tds1,GAUSSIAN_AR1_WEAK,2846,False,False,True,False,False,False,0
e01-tds1,GAUSSIAN_AR1_WEAK,2847,False,False,True,False,False,False,0
e01-tds1,GAUSSIAN_AR1_WEAK,2848,False,False,True,False,False,False,0
e01-tds1,GAUSSIAN_AR1_WEAK,2849,False,False,True,False,False,False,0
e01-tds1,GAUSSIAN_AR1_WEAK,2850,False,False,True,False,False,False,0
e01-tds1,GAUSSIAN_AR1_WEAK,2851,False,False,True,False,False,False,0
e01-tds1,GAUSSIAN_AR1_WEAK,2852,False,False,True,False,False,False,0
e01-tds1,GAUSSIAN_AR1_WEAK,2853,False,False,True,False,False,False,0
e01-tds1,GAUSSIAN_AR1_WEAK,2854,False,False,True,False,False,False,0
e01-tds1,GAUSSIAN_AR1_WEAK,2855,False,False,True,False,False,False,0
e01-tds1,GAUSSIAN_AR1_WEAK,2856,False,False,True,False,False,False,0
e01-tds1,GAUSSIAN_AR1_WEAK,2857,False,False,True,False,False,False,0
e01-tds1,GAUSSIAN_AR1_WEAK,2858,False,False,True,False,False,False,0
e01-tds1,GAUSSIAN_AR1_WEAK,2859,False,False,True,False,False,False,0
e01-tds1,GAUSSIAN_AR1_WEAK,2860,False,False,True,False,False,False,0
e01-tds1,GAUSSIAN_AR1_WEAK,2861,False,False,True,False,False,False,0
e01-tds1,GAUSSIAN_AR1_WEAK,2862,False,False,True,False,False,False,0
e01-tds1,GAUSSIAN_AR1_WEAK,2863,False,False,True,False,False,False,0
e01-tds1,GAUSSIAN_AR1_WEAK,2864,False,False,True,False,False,False,0
e01-tds1,GAUSSIAN_AR1_WEAK,2865,False,False,True,False,False,False,0
e01-tds1,GAUSSIAN_AR1_WEAK,2866,False,False,True,False,False,False,0
e01-tds1,GAUSSIAN_AR1_WEAK,2867,False,False,True,True,False,False,0
e01-tds1,GAUSSIAN_AR1_WEAK,2868,True,False,True,True,False,False,0
e01-tds1,GAUSSIAN_AR1_WEAK,2869,False,False,True,False,False,False,0
e01-tds1,GAUSSIAN_AR1_WEAK,2870,False,False,True,False,False,False,0
e01-tds1,GAUSSIAN_AR1_WEAK,2871,False,False,True,False,False,False,0
e01-tds1,GAUSSIAN_AR1_WEAK,2872,False,False,True,True,False,False,0
e01-tds1,GAUSSIAN_AR1_WEAK,2873,False,False,True,False,False,False,0
e01-tds1,GAUSSIAN_AR1_WEAK,2874,False,False,True,True,False,False,0
e01-tds1,GAUSSIAN_AR1_WEAK,2875,False,False,True,False,False,False,0
e01-tds1,GAUSSIAN_AR1_WEAK,2876,False,False,True,False,False,False,0
e01-tds1,GAUSSIAN_AR1_WEAK,2877,False,False,True,False,False,False,0
e01-tds1,GAUSSIAN_AR1_WEAK,2878,False,False,True,False,False,False,0
e01-tds1,GAUSSIAN_AR1_WEAK,2879,False,False,True,False,False,False,0
e01-tds1,GAUSSIAN_AR1_WEAK,2880,False,False,True,False,False,False,0
e01-tds1,GAUSSIAN_AR1_WEAK,2881,False,False,True,True,False,False,0
e01-tds1,GAUSSIAN_AR1_WEAK,2882,False,False,True,False,False,False,0
e01-tds1,GAUSSIAN_AR1_WEAK,2883,False,False,True,False,False,False,0
e01-tds1,GAUSSIAN_AR1_WEAK,2884,False,False,True,False,False,False,0
e01-tds1,GAUSSIAN_AR1_WEAK,2885,False,False,True,False,False,False,0
e01-tds1,GAUSSIAN_AR1_WEAK,2886,False,False,True,False,False,False,0
e01-tds1,GAUSSIAN_AR1_WEAK,2887,False,False,True,False,False,False,0
e01-tds1,GAUSSIAN_AR1_WEAK,2888,False,False,True,False,False,False,0
e01-tds1,GAUSSIAN_AR1_WEAK,2889,False,False,True,False,False,False,0
e01-tds1,GAUSSIAN_AR1_WEAK,2890,False,False,True,False,False,False,0
e01-tds1,GAUSSIAN_AR1_WEAK,2891,False,False,True,False,False,False,0
e01-tds1,GAUSSIAN_AR1_WEAK,2892,False,False,True,False,False,False,0
e01-tds1,GAUSSIAN_AR1_WEAK,2893,True,False,True,True,False,False,0
e01-tds1,GAUSSIAN_AR1_WEAK,2894,False,False,True,False,False,False,0
e01-tds1,GAUSSIAN_AR1_WEAK,2895,False,False,True,False,False,False,0
e01-tds1,GAUSSIAN_AR1_WEAK,2896,False,False,True,False,False,False,0
e01-tds1,GAUSSIAN_AR1_WEAK,2897,False,False,True,False,False,False,0
e01-tds1,GAUSSIAN_AR1_WEAK,2898,False,False,True,False,False,False,0
e01-tds1,GAUSSIAN_AR1_WEAK,2899,False,False,True,True,False,False,0
e01-tds1,GAUSSIAN_AR1_WEAK,2900,False,False,True,False,False,False,0
e01-tds1,GAUSSIAN_AR1_WEAK,2901,False,False,True,False,False,False,0
e01-tds1,GAUSSIAN_AR1_WEAK,2902,False,False,True,False,False,False,0
e01-tds1,GAUSSIAN_AR1_WEAK,2903,False,False,True,False,False,False,0
e01-tds1,GAUSSIAN_AR1_WEAK,2904,False,False,True,False,False,False,0
e01-tds1,GAUSSIAN_AR1_WEAK,2905,False,False,True,False,False,False,0
e01-tds1,GAUSSIAN_AR1_WEAK,2906,False,False,True,False,False,False,0
e01-tds1,GAUSSIAN_AR1_WEAK,2907,False,False,True,False,False,False,0
e01-tds1,GAUSSIAN_AR1_WEAK,2908,False,False,True,False,False,False,0
e01-tds1,GAUSSIAN_AR1_WEAK,2909,False,False,True,False,False,False,0
e01-tds1,GAUSSIAN_AR1_WEAK,2910,False,False,True,True,False,False,0
e01-tds1,GAUSSIAN_AR1_WEAK,2911,False,False,True,False,False,False,0
e01-tds1,GAUSSIAN_AR1_WEAK,2912,False,False,True,False,False,False,0
e01-tds1,GAUSSIAN_AR1_WEAK,2913,False,False,True,False,False,False,0
e01-tds1,GAUSSIAN_AR1_WEAK,2914,False,False,True,True,False,False,0
e01-tds1,GAUSSIAN_AR1_WEAK,2915,False,False,True,False,False,False,0
e01-tds1,GAUSSIAN_AR1_WEAK,2916,False,False,True,True,False,False,0
e01-tds1,GAUSSIAN_AR1_WEAK,2917,False,False,True,True,False,False,0
e01-tds1,GAUSSIAN_AR1_WEAK,2918,False,False,True,False,False,False,0
e01-tds1,GAUSSIAN_AR1_WEAK,2919,False,False,True,False,False,False,0
e01-tds1,GAUSSIAN_AR1_WEAK,2920,False,False,True,False,False,False,0
e01-tds1,GAUSSIAN_AR1_WEAK,2921,False,False,True,False,False,False,0
e01-tds1,GAUSSIAN_AR1_WEAK,2922,False,False,True,False,False,False,0
e01-tds1,GAUSSIAN_AR1_WEAK,2923,False,False,True,False,False,False,0
e01-tds1,GAUSSIAN_AR1_WEAK,2924,False,False,True,False,False,False,0
e01-tds1,GAUSSIAN_AR1_WEAK,2925,False,False,True,False,False,False,0
e01-tds1,GAUSSIAN_AR1_WEAK,2926,False,False,True,True,False,False,0
e01-tds1,GAUSSIAN_AR1_WEAK,2927,False,False,True,False,False,False,0
e01-tds1,GAUSSIAN_AR1_WEAK,2928,False,False,True,False,False,False,0
e01-tds1,GAUSSIAN_AR1_WEAK,2929,False,False,True,False,False,False,0
e01-tds1,GAUSSIAN_AR1_WEAK,2930,False,False,True,True,False,False,0
e01-tds1,GAUSSIAN_AR1_WEAK,2931,False,False,True,True,False,False,0
e01-tds1,GAUSSIAN_AR1_WEAK,2932,False,False,True,False,False,False,0
e01-tds1,GAUSSIAN_AR1_WEAK,2933,False,False,True,False,False,False,0
e01-tds1,GAUSSIAN_AR1_WEAK,2934,False,False,True,True,False,False,0
e01-tds1,GAUSSIAN_AR1_WEAK,2935,False,False,True,False,False,False,0
e01-tds1,GAUSSIAN_AR1_WEAK,2936,False,False,True,False,False,False,0
e01-tds1,GAUSSIAN_AR1_WEAK,2937,False,False,True,False,False,False,0
e01-tds1,GAUSSIAN_AR1_WEAK,2938,False,False,True,False,False,False,0
e01-tds1,GAUSSIAN_AR1_WEAK,2939,False,False,True,False,False,False,0
e01-tds1,GAUSSIAN_AR1_WEAK,2940,False,False,True,False,False,False,0
e01-tds1,GAUSSIAN_AR1_WEAK,2941,False,False,True,True,False,False,0
e01-tds1,GAUSSIAN_AR1_WEAK,2942,False,False,True,False,False,False,0
e01-tds1,GAUSSIAN_AR1_WEAK,2943,False,False,True,True,False,False,0
e01-tds1,GAUSSIAN_AR1_WEAK,2944,False,False,True,True,False,False,0
e01-tds1,GAUSSIAN_AR1_WEAK,2945,False,False,True,False,False,False,0
e01-tds1,GAUSSIAN_AR1_WEAK,2946,False,False,True,False,False,False,0
e01-tds1,GAUSSIAN_AR1_WEAK,2947,False,False,True,False,False,False,0
e01-tds1,GAUSSIAN_AR1_WEAK,2948,False,False,True,True,False,False,0
e01-tds1,GAUSSIAN_AR1_WEAK,2949,False,False,True,False,False,False,0
e01-tds1,GAUSSIAN_AR1_WEAK,2950,False,False,True,False,False,False,0
e01-tds1,GAUSSIAN_AR1_WEAK,2951,False,False,True,False,False,False,0
e01-tds1,GAUSSIAN_AR1_WEAK,2952,False,False,True,False,False,False,0
e01-tds1,GAUSSIAN_AR1_WEAK,2953,False,False,True,True,False,False,0
e01-tds1,GAUSSIAN_AR1_WEAK,2954,False,False,True,False,False,False,0
e01-tds1,GAUSSIAN_AR1_WEAK,2955,False,False,True,False,False,False,0
e01-tds1,GAUSSIAN_AR1_WEAK,2956,False,False,True,False,False,False,0
e01-tds1,GAUSSIAN_AR1_WEAK,2957,False,False,True,False,False,False,0
e01-tds1,GAUSSIAN_AR1_WEAK,2958,False,False,True,False,False,False,0
e01-tds1,GAUSSIAN_AR1_WEAK,2959,False,False,True,False,False,False,0
e01-tds1,GAUSSIAN_AR1_WEAK,2960,False,False,True,True,False,False,0
e01-tds1,GAUSSIAN_AR1_WEAK,2961,False,False,True,False,False,False,0
e01-tds1,GAUSSIAN_AR1_WEAK,2962,False,False,True,False,False,False,0
e01-tds1,GAUSSIAN_AR1_WEAK,2963,False,False,True,False,False,False,0
e01-tds1,GAUSSIAN_AR1_WEAK,2964,False,False,True,True,False,False,0
e01-tds1,GAUSSIAN_AR1_WEAK,2965,False,False,True,False,False,False,0
e01-tds1,GAUSSIAN_AR1_WEAK,2966,False,False,True,False,False,False,0
e01-tds1,GAUSSIAN_AR1_WEAK,2967,False,False,True,False,False,False,0
e01-tds1,GAUSSIAN_AR1_WEAK,2968,False,False,True,False,False,False,0
e01-tds1,GAUSSIAN_AR1_WEAK,2969,False,False,True,False,False,False,0
e01-tds1,GAUSSIAN_AR1_WEAK,2970,False,False,True,False,False,False,0
e01-tds1,GAUSSIAN_AR1_WEAK,2971,False,False,True,False,False,False,0
e01-tds1,GAUSSIAN_AR1_WEAK,2972,False,False,True,False,False,False,0
e01-tds1,GAUSSIAN_AR1_WEAK,2973,False,False,True,False,False,False,0
e01-tds1,GAUSSIAN_AR1_WEAK,2974,False,False,True,True,False,False,0
e01-tds1,GAUSSIAN_AR1_WEAK,2975,False,False,True,False,False,False,0
e01-tds1,GAUSSIAN_AR1_WEAK,2976,False,False,True,False,False,False,0
e01-tds1,GAUSSIAN_AR1_WEAK,2977,False,False,True,True,False,False,0
e01-tds1,GAUSSIAN_AR1_WEAK,2978,False,False,True,False,False,False,0
e01-tds1,GAUSSIAN_AR1_WEAK,2979,False,False,True,True,False,False,0
e01-tds1,GAUSSIAN_AR1_WEAK,2980,False,False,True,True,False,False,0
e01-tds1,GAUSSIAN_AR1_WEAK,2981,False,False,True,False,False,False,0
e01-tds1,GAUSSIAN_AR1_WEAK,2982,False,False,True,False,False,False,0
e01-tds1,GAUSSIAN_AR1_WEAK,2983,False,False,True,False,False,False,0
e01-tds1,GAUSSIAN_AR1_WEAK,2984,False,False,True,False,False,False,0
e01-tds1,GAUSSIAN_AR1_WEAK,2985,False,False,True,False,False,False,0
e01-tds1,GAUSSIAN_AR1_WEAK,2986,False,False,True,False,False,False,0
e01-tds1,GAUSSIAN_AR1_WEAK,2987,False,False,True,False,False,False,0
e01-tds1,GAUSSIAN_AR1_WEAK,2988,False,False,True,False,False,False,0
e01-tds1,GAUSSIAN_AR1_WEAK,2989,False,False,True,False,False,False,0
e01-tds1,GAUSSIAN_AR1_WEAK,2990,False,False,True,True,False,False,0
e01-tds1,GAUSSIAN_AR1_WEAK,2991,False,False,True,False,False,False,0
e01-tds1,GAUSSIAN_AR1_WEAK,2992,False,False,True,True,False,False,0
e01-tds1,GAUSSIAN_AR1_WEAK,2993,False,False,True,True,False,False,0
e01-tds1,GAUSSIAN_AR1_WEAK,2994,False,False,True,False,False,False,0
e01-tds1,GAUSSIAN_AR1_WEAK,2995,False,False,True,False,False,False,0
e01-tds1,GAUSSIAN_AR1_WEAK,2996,False,False,True,False,False,False,0
e01-tds1,GAUSSIAN_AR1_WEAK,2997,True,False,True,False,False,False,0
e01-tds1,GAUSSIAN_AR1_WEAK,2998,False,False,True,False,False,False,0
e01-tds1,GAUSSIAN_AR1_WEAK,2999,False,False,True,False,False,False,0
e01-tds1,HIDDEN_MARKOV,0,False,False,True,False,False,False,0
e01-tds1,HIDDEN_MARKOV,1,False,False,True,False,False,False,0
e01-tds1,HIDDEN_MARKOV,2,True,False,True,False,False,False,0
e01-tds1,HIDDEN_MARKOV,3,False,False,True,True,False,False,0
e01-tds1,HIDDEN_MARKOV,4,False,True,True,False,False,False,0
e01-tds1,HIDDEN_MARKOV,5,True,False,True,False,False,False,0
e01-tds1,HIDDEN_MARKOV,6,False,False,True,False,False,False,0
e01-tds1,HIDDEN_MARKOV,7,False,False,True,False,False,False,0
e01-tds1,HIDDEN_MARKOV,8,False,False,True,True,False,False,0
e01-tds1,HIDDEN_MARKOV,9,False,False,True,False,False,False,0
e01-tds1,HIDDEN_MARKOV,10,False,False,True,False,False,False,0
e01-tds1,HIDDEN_MARKOV,11,False,False,True,False,False,False,0
e01-tds1,HIDDEN_MARKOV,12,True,False,True,False,False,False,0
e01-tds1,HIDDEN_MARKOV,13,True,False,True,True,False,False,0
e01-tds1,HIDDEN_MARKOV,14,False,False,True,False,False,False,0
e01-tds1,HIDDEN_MARKOV,15,False,False,True,False,False,False,0
e01-tds1,HIDDEN_MARKOV,16,False,False,True,False,False,False,0
e01-tds1,HIDDEN_MARKOV,17,False,False,True,False,False,False,0
e01-tds1,HIDDEN_MARKOV,18,False,False,True,False,False,False,0
e01-tds1,HIDDEN_MARKOV,19,False,False,True,False,False,False,0
e01-tds1,HIDDEN_MARKOV,20,False,False,True,False,False,False,0
e01-tds1,HIDDEN_MARKOV,21,True,False,True,False,False,False,0
e01-tds1,HIDDEN_MARKOV,22,True,False,True,False,False,False,0
e01-tds1,HIDDEN_MARKOV,23,False,False,True,False,False,False,0
e01-tds1,HIDDEN_MARKOV,24,False,False,True,False,False,False,0
e01-tds1,HIDDEN_MARKOV,25,False,False,True,True,False,False,0
e01-tds1,HIDDEN_MARKOV,26,False,False,True,False,False,False,0
e01-tds1,HIDDEN_MARKOV,27,False,False,True,True,False,False,0
e01-tds1,HIDDEN_MARKOV,28,False,False,True,False,False,False,0
e01-tds1,HIDDEN_MARKOV,29,False,False,True,False,False,False,0
e01-tds1,HIDDEN_MARKOV,30,False,False,True,False,False,False,0
e01-tds1,HIDDEN_MARKOV,31,False,False,True,True,False,False,0
e01-tds1,HIDDEN_MARKOV,32,False,False,True,False,False,False,0
e01-tds1,HIDDEN_MARKOV,33,False,False,True,True,False,False,0
e01-tds1,HIDDEN_MARKOV,34,False,False,True,False,False,False,0
e01-tds1,HIDDEN_MARKOV,35,False,False,True,False,False,False,0
e01-tds1,HIDDEN_MARKOV,36,True,False,True,False,False,False,0
e01-tds1,HIDDEN_MARKOV,37,False,False,True,False,False,False,0
e01-tds1,HIDDEN_MARKOV,38,True,False,True,False,False,False,0
e01-tds1,HIDDEN_MARKOV,39,False,False,True,False,False,False,0
e01-tds1,HIDDEN_MARKOV,40,False,False,True,False,False,False,0
e01-tds1,HIDDEN_MARKOV,41,False,False,True,True,False,False,0
e01-tds1,HIDDEN_MARKOV,42,False,False,True,True,False,False,0
e01-tds1,HIDDEN_MARKOV,43,True,False,True,False,False,False,0
e01-tds1,HIDDEN_MARKOV,44,False,False,True,False,False,False,0
e01-tds1,HIDDEN_MARKOV,45,False,False,True,False,False,False,0
e01-tds1,HIDDEN_MARKOV,46,False,False,True,False,False,False,0
e01-tds1,HIDDEN_MARKOV,47,False,False,True,False,False,False,0
e01-tds1,HIDDEN_MARKOV,48,True,False,True,False,False,False,0
e01-tds1,HIDDEN_MARKOV,49,False,False,True,False,False,False,0
e01-tds1,HIDDEN_MARKOV,50,False,False,True,False,False,False,0
e01-tds1,HIDDEN_MARKOV,51,True,False,True,False,False,False,0
e01-tds1,HIDDEN_MARKOV,52,False,False,True,False,False,False,0
e01-tds1,HIDDEN_MARKOV,53,True,False,True,False,False,False,0
e01-tds1,HIDDEN_MARKOV,54,False,False,True,False,False,False,0
e01-tds1,HIDDEN_MARKOV,55,True,False,True,False,False,False,0
e01-tds1,HIDDEN_MARKOV,56,False,False,True,False,False,False,0
e01-tds1,HIDDEN_MARKOV,57,False,False,True,True,False,False,0
e01-tds1,HIDDEN_MARKOV,58,True,False,True,False,False,False,0
e01-tds1,HIDDEN_MARKOV,59,False,False,True,True,False,False,0
e01-tds1,HIDDEN_MARKOV,60,False,False,True,False,False,False,0
e01-tds1,HIDDEN_MARKOV,61,False,False,True,True,False,False,0
e01-tds1,HIDDEN_MARKOV,62,True,True,True,False,False,False,0
e01-tds1,HIDDEN_MARKOV,63,False,False,True,False,False,False,0
e01-tds1,HIDDEN_MARKOV,64,False,False,True,True,False,False,0
e01-tds1,HIDDEN_MARKOV,65,False,False,True,False,False,False,0
e01-tds1,HIDDEN_MARKOV,66,False,False,True,False,False,False,0
e01-tds1,HIDDEN_MARKOV,67,True,False,True,False,False,False,0
e01-tds1,HIDDEN_MARKOV,68,False,False,True,False,False,False,0
e01-tds1,HIDDEN_MARKOV,69,False,False,True,False,False,False,0
e01-tds1,HIDDEN_MARKOV,70,False,False,True,False,False,False,0
e01-tds1,HIDDEN_MARKOV,71,False,False,True,False,False,False,0
e01-tds1,HIDDEN_MARKOV,72,False,False,True,False,False,False,0
e01-tds1,HIDDEN_MARKOV,73,False,False,True,False,False,False,0
e01-tds1,HIDDEN_MARKOV,74,False,False,True,False,False,False,0
e01-tds1,HIDDEN_MARKOV,75,False,False,True,False,False,False,0
e01-tds1,HIDDEN_MARKOV,76,False,False,True,False,False,False,0
e01-tds1,HIDDEN_MARKOV,77,False,False,True,True,False,False,0
e01-tds1,HIDDEN_MARKOV,78,False,False,True,False,False,False,0
e01-tds1,HIDDEN_MARKOV,79,False,False,True,False,False,False,0
e01-tds1,HIDDEN_MARKOV,80,False,False,True,False,False,False,0
e01-tds1,HIDDEN_MARKOV,81,False,False,True,False,False,False,0
e01-tds1,HIDDEN_MARKOV,82,False,False,True,False,False,False,0
e01-tds1,HIDDEN_MARKOV,83,False,False,True,False,False,False,0
e01-tds1,HIDDEN_MARKOV,84,False,False,True,False,False,False,0
e01-tds1,HIDDEN_MARKOV,85,False,False,True,False,False,False,0
e01-tds1,HIDDEN_MARKOV,86,False,False,True,False,False,False,0
e01-tds1,HIDDEN_MARKOV,87,False,False,True,True,False,False,0
e01-tds1,HIDDEN_MARKOV,88,False,False,True,True,False,False,0
e01-tds1,HIDDEN_MARKOV,89,False,False,True,False,False,False,0
e01-tds1,HIDDEN_MARKOV,90,False,False,True,False,False,False,0
e01-tds1,HIDDEN_MARKOV,91,False,False,True,True,False,False,0
e01-tds1,HIDDEN_MARKOV,92,True,False,True,False,False,False,0
e01-tds1,HIDDEN_MARKOV,93,False,False,True,True,False,False,0
e01-tds1,HIDDEN_MARKOV,94,False,False,True,False,False,False,0
e01-tds1,HIDDEN_MARKOV,95,False,False,True,False,False,False,0
e01-tds1,HIDDEN_MARKOV,96,False,False,True,False,False,False,0
e01-tds1,HIDDEN_MARKOV,97,False,False,True,False,False,False,0
e01-tds1,HIDDEN_MARKOV,98,False,False,True,False,False,False,0
e01-tds1,HIDDEN_MARKOV,99,True,False,True,False,False,False,0
e01-tds1,HIDDEN_MARKOV,100,False,False,True,True,False,False,0
e01-tds1,HIDDEN_MARKOV,101,True,False,True,False,False,False,0
e01-tds1,HIDDEN_MARKOV,102,False,False,True,False,False,False,0
e01-tds1,HIDDEN_MARKOV,103,False,False,True,False,False,False,0
e01-tds1,HIDDEN_MARKOV,104,False,False,True,False,False,False,0
e01-tds1,HIDDEN_MARKOV,105,False,False,True,False,False,False,0
e01-tds1,HIDDEN_MARKOV,106,False,False,True,False,False,False,0
e01-tds1,HIDDEN_MARKOV,107,False,False,True,False,False,False,0
e01-tds1,HIDDEN_MARKOV,108,False,False,True,False,False,False,0
e01-tds1,HIDDEN_MARKOV,109,False,False,True,False,False,False,0
e01-tds1,HIDDEN_MARKOV,110,False,False,True,False,False,False,0
e01-tds1,HIDDEN_MARKOV,111,False,False,True,False,False,False,0
e01-tds1,HIDDEN_MARKOV,112,False,False,True,False,False,False,0
e01-tds1,HIDDEN_MARKOV,113,False,False,True,False,False,False,0
e01-tds1,HIDDEN_MARKOV,114,False,False,True,True,False,False,0
e01-tds1,HIDDEN_MARKOV,115,False,False,True,True,False,False,0
e01-tds1,HIDDEN_MARKOV,116,False,False,True,False,False,False,0
e01-tds1,HIDDEN_MARKOV,117,False,False,True,False,False,False,0
e01-tds1,HIDDEN_MARKOV,118,False,False,True,True,False,False,0
e01-tds1,HIDDEN_MARKOV,119,False,False,True,True,False,False,0
e01-tds1,HIDDEN_MARKOV,120,False,False,True,False,False,False,0
e01-tds1,HIDDEN_MARKOV,121,True,False,True,False,False,False,0
e01-tds1,HIDDEN_MARKOV,122,False,False,True,False,False,False,0
e01-tds1,HIDDEN_MARKOV,123,False,False,True,False,False,False,0
e01-tds1,HIDDEN_MARKOV,124,False,False,True,False,False,False,0
e01-tds1,HIDDEN_MARKOV,125,True,False,True,False,False,False,0
e01-tds1,HIDDEN_MARKOV,126,False,False,True,False,False,False,0
e01-tds1,HIDDEN_MARKOV,127,False,False,True,False,False,False,0
e01-tds1,HIDDEN_MARKOV,128,False,False,True,True,False,False,0
e01-tds1,HIDDEN_MARKOV,129,False,False,True,False,False,False,0
e01-tds1,HIDDEN_MARKOV,130,False,False,True,True,False,False,0
e01-tds1,HIDDEN_MARKOV,131,False,False,True,False,False,False,0
e01-tds1,HIDDEN_MARKOV,132,False,True,True,True,False,False,0
e01-tds1,HIDDEN_MARKOV,133,False,False,True,False,False,False,0
e01-tds1,HIDDEN_MARKOV,134,False,False,True,False,False,False,0
e01-tds1,HIDDEN_MARKOV,135,False,False,True,False,False,False,0
e01-tds1,HIDDEN_MARKOV,136,False,False,True,True,False,False,0
e01-tds1,HIDDEN_MARKOV,137,False,False,True,False,False,False,0
e01-tds1,HIDDEN_MARKOV,138,False,False,True,False,False,False,0
e01-tds1,HIDDEN_MARKOV,139,False,False,True,True,False,False,0
e01-tds1,HIDDEN_MARKOV,140,False,False,True,True,False,False,0
e01-tds1,HIDDEN_MARKOV,141,False,False,True,False,False,False,0
e01-tds1,HIDDEN_MARKOV,142,False,False,True,False,False,False,0
e01-tds1,HIDDEN_MARKOV,143,False,False,True,True,False,False,0
e01-tds1,HIDDEN_MARKOV,144,False,False,True,False,False,False,0
e01-tds1,HIDDEN_MARKOV,145,False,False,True,True,False,False,0
e01-tds1,HIDDEN_MARKOV,146,True,False,True,False,False,False,0
e01-tds1,HIDDEN_MARKOV,147,False,False,True,False,False,False,0
e01-tds1,HIDDEN_MARKOV,148,False,False,True,False,False,False,0
e01-tds1,HIDDEN_MARKOV,149,False,False,True,False,False,False,0
e01-tds1,HIDDEN_MARKOV,150,True,False,True,False,False,False,0
e01-tds1,HIDDEN_MARKOV,151,False,False,True,False,False,False,0
e01-tds1,HIDDEN_MARKOV,152,False,False,True,True,False,False,0
e01-tds1,HIDDEN_MARKOV,153,False,False,True,False,False,False,0
e01-tds1,HIDDEN_MARKOV,154,False,False,True,True,False,False,0
e01-tds1,HIDDEN_MARKOV,155,True,False,True,False,False,False,0
e01-tds1,HIDDEN_MARKOV,156,True,False,True,False,False,False,0
e01-tds1,HIDDEN_MARKOV,157,False,False,True,False,False,False,0
e01-tds1,HIDDEN_MARKOV,158,False,False,True,False,False,False,0
e01-tds1,HIDDEN_MARKOV,159,False,False,True,False,False,False,0
e01-tds1,HIDDEN_MARKOV,160,False,False,True,False,False,False,0
e01-tds1,HIDDEN_MARKOV,161,False,False,True,True,False,False,0
e01-tds1,HIDDEN_MARKOV,162,False,False,True,False,False,False,0
e01-tds1,HIDDEN_MARKOV,163,True,False,True,False,False,False,0
e01-tds1,HIDDEN_MARKOV,164,False,False,True,False,False,False,0
e01-tds1,HIDDEN_MARKOV,165,False,False,True,False,False,False,0
e01-tds1,HIDDEN_MARKOV,166,False,False,True,True,False,False,0
e01-tds1,HIDDEN_MARKOV,167,False,False,True,False,False,False,0
e01-tds1,HIDDEN_MARKOV,168,False,False,True,False,False,False,0
e01-tds1,HIDDEN_MARKOV,169,False,False,True,False,False,False,0
e01-tds1,HIDDEN_MARKOV,170,False,False,True,True,False,False,0
e01-tds1,HIDDEN_MARKOV,171,False,False,True,False,False,False,0
e01-tds1,HIDDEN_MARKOV,172,False,False,True,False,False,False,0
e01-tds1,HIDDEN_MARKOV,173,False,False,True,False,False,False,0
e01-tds1,HIDDEN_MARKOV,174,True,False,True,False,False,False,0
e01-tds1,HIDDEN_MARKOV,175,False,False,True,False,False,False,0
e01-tds1,HIDDEN_MARKOV,176,False,False,True,False,False,False,0
e01-tds1,HIDDEN_MARKOV,177,False,False,True,False,False,False,0
e01-tds1,HIDDEN_MARKOV,178,False,False,True,False,False,False,0
e01-tds1,HIDDEN_MARKOV,179,False,False,True,False,False,False,0
e01-tds1,HIDDEN_MARKOV,180,False,False,True,True,False,False,0
e01-tds1,HIDDEN_MARKOV,181,False,False,True,False,False,False,0
e01-tds1,HIDDEN_MARKOV,182,False,False,True,True,False,False,0
e01-tds1,HIDDEN_MARKOV,183,False,False,True,False,False,False,0
e01-tds1,HIDDEN_MARKOV,184,False,False,True,False,False,False,0
e01-tds1,HIDDEN_MARKOV,185,False,False,True,False,False,False,0
e01-tds1,HIDDEN_MARKOV,186,False,False,True,False,False,False,0
e01-tds1,HIDDEN_MARKOV,187,True,False,True,False,False,False,0
e01-tds1,HIDDEN_MARKOV,188,False,False,True,False,False,False,0
e01-tds1,HIDDEN_MARKOV,189,False,False,True,False,False,False,0
e01-tds1,HIDDEN_MARKOV,190,False,False,True,True,False,False,0
e01-tds1,HIDDEN_MARKOV,191,False,False,True,False,False,False,0
e01-tds1,HIDDEN_MARKOV,192,False,False,True,False,False,False,0
e01-tds1,HIDDEN_MARKOV,193,False,False,True,False,False,False,0
e01-tds1,HIDDEN_MARKOV,194,False,False,True,False,False,False,0
e01-tds1,HIDDEN_MARKOV,195,False,False,True,False,False,False,0
e01-tds1,HIDDEN_MARKOV,196,False,False,True,False,False,False,0
e01-tds1,HIDDEN_MARKOV,197,False,False,True,False,False,False,0
e01-tds1,HIDDEN_MARKOV,198,False,False,True,False,False,False,0
e01-tds1,HIDDEN_MARKOV,199,False,False,True,False,False,False,0
e01-tds1,HIDDEN_MARKOV,200,False,False,True,True,False,False,0
e01-tds1,HIDDEN_MARKOV,201,False,False,True,False,False,False,0
e01-tds1,HIDDEN_MARKOV,202,False,False,True,False,False,False,0
e01-tds1,HIDDEN_MARKOV,203,True,False,True,False,False,False,0
e01-tds1,HIDDEN_MARKOV,204,False,False,True,False,False,False,0
e01-tds1,HIDDEN_MARKOV,205,False,False,True,False,False,False,0
e01-tds1,HIDDEN_MARKOV,206,True,False,True,False,False,False,0
e01-tds1,HIDDEN_MARKOV,207,False,False,True,False,False,False,0
e01-tds1,HIDDEN_MARKOV,208,False,False,True,True,False,False,0
e01-tds1,HIDDEN_MARKOV,209,False,False,True,False,False,False,0
e01-tds1,HIDDEN_MARKOV,210,False,False,True,False,False,False,0
e01-tds1,HIDDEN_MARKOV,211,False,False,True,False,False,False,0
e01-tds1,HIDDEN_MARKOV,212,False,False,True,False,False,False,0
e01-tds1,HIDDEN_MARKOV,213,False,False,True,True,False,False,0
e01-tds1,HIDDEN_MARKOV,214,False,False,True,False,False,False,0
e01-tds1,HIDDEN_MARKOV,215,False,False,True,True,False,False,0
e01-tds1,HIDDEN_MARKOV,216,False,False,True,True,False,False,0
e01-tds1,HIDDEN_MARKOV,217,False,False,True,True,False,False,0
e01-tds1,HIDDEN_MARKOV,218,False,False,True,False,False,False,0
e01-tds1,HIDDEN_MARKOV,219,False,False,True,False,False,False,0
e01-tds1,HIDDEN_MARKOV,220,False,False,True,False,False,False,0
e01-tds1,HIDDEN_MARKOV,221,False,False,True,False,False,False,0
e01-tds1,HIDDEN_MARKOV,222,False,False,True,True,False,False,0
e01-tds1,HIDDEN_MARKOV,223,True,False,True,False,False,False,0
e01-tds1,HIDDEN_MARKOV,224,False,False,True,False,False,False,0
e01-tds1,HIDDEN_MARKOV,225,False,False,True,False,False,False,0
e01-tds1,HIDDEN_MARKOV,226,False,False,True,False,False,False,0
e01-tds1,HIDDEN_MARKOV,227,False,False,True,False,False,False,0
e01-tds1,HIDDEN_MARKOV,228,False,False,True,False,False,False,0
e01-tds1,HIDDEN_MARKOV,229,True,False,True,False,False,False,0
e01-tds1,HIDDEN_MARKOV,230,False,False,True,False,False,False,0
e01-tds1,HIDDEN_MARKOV,231,True,False,True,False,False,False,0
e01-tds1,HIDDEN_MARKOV,232,False,False,True,True,False,False,0
e01-tds1,HIDDEN_MARKOV,233,False,False,True,False,False,False,0
e01-tds1,HIDDEN_MARKOV,234,False,False,True,False,False,False,0
e01-tds1,HIDDEN_MARKOV,235,True,False,True,False,False,False,0
e01-tds1,HIDDEN_MARKOV,236,False,False,True,False,False,False,0
e01-tds1,HIDDEN_MARKOV,237,False,False,True,False,False,False,0
e01-tds1,HIDDEN_MARKOV,238,False,False,True,False,False,False,0
e01-tds1,HIDDEN_MARKOV,239,False,False,True,True,False,False,0
e01-tds1,HIDDEN_MARKOV,240,False,False,True,False,False,False,0
e01-tds1,HIDDEN_MARKOV,241,False,False,True,False,False,False,0
e01-tds1,HIDDEN_MARKOV,242,True,False,True,False,False,False,0
e01-tds1,HIDDEN_MARKOV,243,False,False,True,False,False,False,0
e01-tds1,HIDDEN_MARKOV,244,False,False,True,False,False,False,0
e01-tds1,HIDDEN_MARKOV,245,False,False,True,False,False,False,0
e01-tds1,HIDDEN_MARKOV,246,False,False,True,False,False,False,0
e01-tds1,HIDDEN_MARKOV,247,False,False,True,False,False,False,0
e01-tds1,HIDDEN_MARKOV,248,False,False,True,False,False,False,0
e01-tds1,HIDDEN_MARKOV,249,False,False,True,False,False,False,0
e01-tds1,HIDDEN_MARKOV,250,False,False,True,False,False,False,0
e01-tds1,HIDDEN_MARKOV,251,False,False,True,False,False,False,0
e01-tds1,HIDDEN_MARKOV,252,False,False,True,False,False,False,0
e01-tds1,HIDDEN_MARKOV,253,False,False,True,True,False,False,0
e01-tds1,HIDDEN_MARKOV,254,False,False,True,False,False,False,0
e01-tds1,HIDDEN_MARKOV,255,False,True,True,False,False,False,0
e01-tds1,HIDDEN_MARKOV,256,False,False,True,False,False,False,0
e01-tds1,HIDDEN_MARKOV,257,True,False,True,False,False,False,0
e01-tds1,HIDDEN_MARKOV,258,False,False,True,True,False,False,0
e01-tds1,HIDDEN_MARKOV,259,False,False,True,False,False,False,0
e01-tds1,HIDDEN_MARKOV,260,False,False,True,False,False,False,0
e01-tds1,HIDDEN_MARKOV,261,False,False,True,True,False,False,0
e01-tds1,HIDDEN_MARKOV,262,False,False,True,False,False,False,0
e01-tds1,HIDDEN_MARKOV,263,True,False,True,False,False,False,0
e01-tds1,HIDDEN_MARKOV,264,False,False,True,True,False,False,0
e01-tds1,HIDDEN_MARKOV,265,False,False,True,False,False,False,0
e01-tds1,HIDDEN_MARKOV,266,False,False,True,False,False,False,0
e01-tds1,HIDDEN_MARKOV,267,True,False,True,False,False,False,0
e01-tds1,HIDDEN_MARKOV,268,False,True,True,False,False,False,0
e01-tds1,HIDDEN_MARKOV,269,False,False,True,False,False,False,0
e01-tds1,HIDDEN_MARKOV,270,False,True,True,False,False,False,0
e01-tds1,HIDDEN_MARKOV,271,True,False,True,False,False,False,0
e01-tds1,HIDDEN_MARKOV,272,False,False,True,False,False,False,0
e01-tds1,HIDDEN_MARKOV,273,False,False,True,True,False,False,0
e01-tds1,HIDDEN_MARKOV,274,False,False,True,False,False,False,0
e01-tds1,HIDDEN_MARKOV,275,False,False,True,True,False,False,0
e01-tds1,HIDDEN_MARKOV,276,False,False,True,True,False,False,0
e01-tds1,HIDDEN_MARKOV,277,False,False,True,False,False,False,0
e01-tds1,HIDDEN_MARKOV,278,False,False,True,False,False,False,0
e01-tds1,HIDDEN_MARKOV,279,False,False,True,False,False,False,0
e01-tds1,HIDDEN_MARKOV,280,False,False,True,False,False,False,0
e01-tds1,HIDDEN_MARKOV,281,False,False,True,False,False,False,0
e01-tds1,HIDDEN_MARKOV,282,False,False,True,False,False,False,0
e01-tds1,HIDDEN_MARKOV,283,False,False,True,False,False,False,0
e01-tds1,HIDDEN_MARKOV,284,False,False,True,False,False,False,0
e01-tds1,HIDDEN_MARKOV,285,False,False,True,True,False,False,0
e01-tds1,HIDDEN_MARKOV,286,True,False,True,False,False,False,0
e01-tds1,HIDDEN_MARKOV,287,False,False,True,False,False,False,0
e01-tds1,HIDDEN_MARKOV,288,False,False,True,False,False,False,0
e01-tds1,HIDDEN_MARKOV,289,False,False,True,True,False,False,0
e01-tds1,HIDDEN_MARKOV,290,False,False,True,False,False,False,0
e01-tds1,HIDDEN_MARKOV,291,False,False,True,True,False,False,0
e01-tds1,HIDDEN_MARKOV,292,False,False,True,False,False,False,0
e01-tds1,HIDDEN_MARKOV,293,False,False,True,True,False,False,0
e01-tds1,HIDDEN_MARKOV,294,False,False,True,True,False,False,0
e01-tds1,HIDDEN_MARKOV,295,False,False,True,False,False,False,0
e01-tds1,HIDDEN_MARKOV,296,False,False,True,False,False,False,0
e01-tds1,HIDDEN_MARKOV,297,False,False,True,False,False,False,0
e01-tds1,HIDDEN_MARKOV,298,False,False,True,False,False,False,0
e01-tds1,HIDDEN_MARKOV,299,False,False,True,False,False,False,0
e01-tds1,HIDDEN_MARKOV,300,False,False,True,False,False,False,0
e01-tds1,HIDDEN_MARKOV,301,True,False,True,False,False,False,0
e01-tds1,HIDDEN_MARKOV,302,False,False,True,True,False,False,0
e01-tds1,HIDDEN_MARKOV,303,False,False,True,False,False,False,0
e01-tds1,HIDDEN_MARKOV,304,False,False,True,True,False,False,0
e01-tds1,HIDDEN_MARKOV,305,False,False,True,True,False,False,0
e01-tds1,HIDDEN_MARKOV,306,False,False,True,False,False,False,0
e01-tds1,HIDDEN_MARKOV,307,True,False,True,False,False,False,0
e01-tds1,HIDDEN_MARKOV,308,False,False,True,False,False,False,0
e01-tds1,HIDDEN_MARKOV,309,False,False,True,False,False,False,0
e01-tds1,HIDDEN_MARKOV,310,False,False,True,False,False,False,0
e01-tds1,HIDDEN_MARKOV,311,True,False,True,False,False,False,0
e01-tds1,HIDDEN_MARKOV,312,False,False,True,False,False,False,0
e01-tds1,HIDDEN_MARKOV,313,False,False,True,False,False,False,0
e01-tds1,HIDDEN_MARKOV,314,False,False,True,False,False,False,0
e01-tds1,HIDDEN_MARKOV,315,False,False,True,False,False,False,0
e01-tds1,HIDDEN_MARKOV,316,False,False,True,False,False,False,0
e01-tds1,HIDDEN_MARKOV,317,False,False,True,False,False,False,0
e01-tds1,HIDDEN_MARKOV,318,False,False,True,False,False,False,0
e01-tds1,HIDDEN_MARKOV,319,False,False,True,False,False,False,0
e01-tds1,HIDDEN_MARKOV,320,False,False,True,False,False,False,0
e01-tds1,HIDDEN_MARKOV,321,False,False,True,False,False,False,0
e01-tds1,HIDDEN_MARKOV,322,False,False,True,False,False,False,0
e01-tds1,HIDDEN_MARKOV,323,False,False,True,False,False,False,0
e01-tds1,HIDDEN_MARKOV,324,False,False,True,False,False,False,0
e01-tds1,HIDDEN_MARKOV,325,False,False,True,False,False,False,0
e01-tds1,HIDDEN_MARKOV,326,False,False,True,False,False,False,0
e01-tds1,HIDDEN_MARKOV,327,False,False,True,False,False,False,0
e01-tds1,HIDDEN_MARKOV,328,False,False,True,False,False,False,0
e01-tds1,HIDDEN_MARKOV,329,False,False,True,False,False,False,0
e01-tds1,HIDDEN_MARKOV,330,False,False,True,True,False,False,0
e01-tds1,HIDDEN_MARKOV,331,True,False,True,False,False,False,0
e01-tds1,HIDDEN_MARKOV,332,False,False,True,False,False,False,0
e01-tds1,HIDDEN_MARKOV,333,False,False,True,True,False,False,0
e01-tds1,HIDDEN_MARKOV,334,False,False,True,False,False,False,0
e01-tds1,HIDDEN_MARKOV,335,False,False,True,False,False,False,0
e01-tds1,HIDDEN_MARKOV,336,False,False,True,True,False,False,0
e01-tds1,HIDDEN_MARKOV,337,False,False,True,False,False,False,0
e01-tds1,HIDDEN_MARKOV,338,False,False,True,False,False,False,0
e01-tds1,HIDDEN_MARKOV,339,False,False,True,False,False,False,0
e01-tds1,HIDDEN_MARKOV,340,False,False,True,False,False,False,0
e01-tds1,HIDDEN_MARKOV,341,True,False,True,False,False,False,0
e01-tds1,HIDDEN_MARKOV,342,True,False,True,False,False,False,0
e01-tds1,HIDDEN_MARKOV,343,True,False,True,False,False,False,0
e01-tds1,HIDDEN_MARKOV,344,True,False,True,False,False,False,0
e01-tds1,HIDDEN_MARKOV,345,False,False,True,False,False,False,0
e01-tds1,HIDDEN_MARKOV,346,True,False,True,False,False,False,0
e01-tds1,HIDDEN_MARKOV,347,False,False,True,False,False,False,0
e01-tds1,HIDDEN_MARKOV,348,False,False,True,False,False,False,0
e01-tds1,HIDDEN_MARKOV,349,False,False,True,False,False,False,0
e01-tds1,HIDDEN_MARKOV,350,False,False,True,False,False,False,0
e01-tds1,HIDDEN_MARKOV,351,False,False,True,True,False,False,0
e01-tds1,HIDDEN_MARKOV,352,False,False,True,False,False,False,0
e01-tds1,HIDDEN_MARKOV,353,False,False,True,False,False,False,0
e01-tds1,HIDDEN_MARKOV,354,False,False,True,False,False,False,0
e01-tds1,HIDDEN_MARKOV,355,False,False,True,False,False,False,0
e01-tds1,HIDDEN_MARKOV,356,False,False,True,True,False,False,0
e01-tds1,HIDDEN_MARKOV,357,False,False,True,False,False,False,0
e01-tds1,HIDDEN_MARKOV,358,False,False,True,False,False,False,0
e01-tds1,HIDDEN_MARKOV,359,False,False,True,False,False,False,0
e01-tds1,HIDDEN_MARKOV,360,False,False,True,True,False,False,0
e01-tds1,HIDDEN_MARKOV,361,False,False,True,False,False,False,0
e01-tds1,HIDDEN_MARKOV,362,False,False,True,False,False,False,0
e01-tds1,HIDDEN_MARKOV,363,False,False,True,True,False,False,0
e01-tds1,HIDDEN_MARKOV,364,False,False,True,False,False,False,0
e01-tds1,HIDDEN_MARKOV,365,False,False,True,False,False,False,0
e01-tds1,HIDDEN_MARKOV,366,False,False,True,False,False,False,0
e01-tds1,HIDDEN_MARKOV,367,False,False,True,False,False,False,0
e01-tds1,HIDDEN_MARKOV,368,False,False,True,False,False,False,0
e01-tds1,HIDDEN_MARKOV,369,False,False,True,False,False,False,0
e01-tds1,HIDDEN_MARKOV,370,False,False,True,False,False,False,0
e01-tds1,HIDDEN_MARKOV,371,False,False,True,False,False,False,0
e01-tds1,HIDDEN_MARKOV,372,False,False,True,False,False,False,0
e01-tds1,HIDDEN_MARKOV,373,False,False,True,False,False,False,0
e01-tds1,HIDDEN_MARKOV,374,True,False,True,False,False,False,0
e01-tds1,HIDDEN_MARKOV,375,False,False,True,False,False,False,0
e01-tds1,HIDDEN_MARKOV,376,False,False,True,False,False,False,0
e01-tds1,HIDDEN_MARKOV,377,False,False,True,False,False,False,0
e01-tds1,HIDDEN_MARKOV,378,False,False,True,False,False,False,0
e01-tds1,HIDDEN_MARKOV,379,True,False,True,False,False,False,0
e01-tds1,HIDDEN_MARKOV,380,False,False,True,True,False,False,0
e01-tds1,HIDDEN_MARKOV,381,False,False,True,True,False,False,0
e01-tds1,HIDDEN_MARKOV,382,False,False,True,False,False,False,0
e01-tds1,HIDDEN_MARKOV,383,False,False,True,False,False,False,0
e01-tds1,HIDDEN_MARKOV,384,True,False,True,False,False,False,0
e01-tds1,HIDDEN_MARKOV,385,False,False,True,True,False,False,0
e01-tds1,HIDDEN_MARKOV,386,True,False,True,False,False,False,0
e01-tds1,HIDDEN_MARKOV,387,True,False,True,False,False,False,0
e01-tds1,HIDDEN_MARKOV,388,False,False,True,True,False,False,0
e01-tds1,HIDDEN_MARKOV,389,True,False,True,False,False,False,0
e01-tds1,HIDDEN_MARKOV,390,False,False,True,True,False,False,0
e01-tds1,HIDDEN_MARKOV,391,False,False,True,True,False,False,0
e01-tds1,HIDDEN_MARKOV,392,True,False,True,False,False,False,0
e01-tds1,HIDDEN_MARKOV,393,False,False,True,False,False,False,0
e01-tds1,HIDDEN_MARKOV,394,False,False,True,False,False,False,0
e01-tds1,HIDDEN_MARKOV,395,False,False,True,False,False,False,0
e01-tds1,HIDDEN_MARKOV,396,False,False,True,True,False,False,0
e01-tds1,HIDDEN_MARKOV,397,False,False,True,False,False,False,0
e01-tds1,HIDDEN_MARKOV,398,False,False,True,False,False,False,0
e01-tds1,HIDDEN_MARKOV,399,False,False,True,False,False,False,0
e01-tds1,HIDDEN_MARKOV,400,False,False,True,True,False,False,0
e01-tds1,HIDDEN_MARKOV,401,True,False,True,False,False,False,0
e01-tds1,HIDDEN_MARKOV,402,True,True,True,False,False,False,0
e01-tds1,HIDDEN_MARKOV,403,False,False,True,True,False,False,0
e01-tds1,HIDDEN_MARKOV,404,True,False,True,False,False,False,0
e01-tds1,HIDDEN_MARKOV,405,False,False,True,False,False,False,0
e01-tds1,HIDDEN_MARKOV,406,False,False,True,False,False,False,0
e01-tds1,HIDDEN_MARKOV,407,False,False,True,True,False,False,0
e01-tds1,HIDDEN_MARKOV,408,False,False,True,False,False,False,0
e01-tds1,HIDDEN_MARKOV,409,True,False,True,False,False,False,0
e01-tds1,HIDDEN_MARKOV,410,False,False,True,False,False,False,0
e01-tds1,HIDDEN_MARKOV,411,False,False,True,False,False,False,0
e01-tds1,HIDDEN_MARKOV,412,False,False,True,False,False,False,0
e01-tds1,HIDDEN_MARKOV,413,False,False,True,False,False,False,0
e01-tds1,HIDDEN_MARKOV,414,False,False,True,False,False,False,0
e01-tds1,HIDDEN_MARKOV,415,False,False,True,False,False,False,0
e01-tds1,HIDDEN_MARKOV,416,True,False,True,False,False,False,0
e01-tds1,HIDDEN_MARKOV,417,False,False,True,False,False,False,0
e01-tds1,HIDDEN_MARKOV,418,False,False,True,True,False,False,0
e01-tds1,HIDDEN_MARKOV,419,True,False,True,False,False,False,0
e01-tds1,HIDDEN_MARKOV,420,False,False,True,True,False,False,0
e01-tds1,HIDDEN_MARKOV,421,False,False,True,False,False,False,0
e01-tds1,HIDDEN_MARKOV,422,False,False,True,False,False,False,0
e01-tds1,HIDDEN_MARKOV,423,False,False,True,False,False,False,0
e01-tds1,HIDDEN_MARKOV,424,False,False,True,False,False,False,0
e01-tds1,HIDDEN_MARKOV,425,False,False,True,False,False,False,0
e01-tds1,HIDDEN_MARKOV,426,False,False,True,False,False,False,0
e01-tds1,HIDDEN_MARKOV,427,False,False,True,False,False,False,0
e01-tds1,HIDDEN_MARKOV,428,False,False,True,False,False,False,0
e01-tds1,HIDDEN_MARKOV,429,False,False,True,True,False,False,0
e01-tds1,HIDDEN_MARKOV,430,False,False,True,False,False,False,0
e01-tds1,HIDDEN_MARKOV,431,False,False,True,False,False,False,0
e01-tds1,HIDDEN_MARKOV,432,False,False,True,True,False,False,0
e01-tds1,HIDDEN_MARKOV,433,False,False,True,False,False,False,0
e01-tds1,HIDDEN_MARKOV,434,False,False,True,False,False,False,0
e01-tds1,HIDDEN_MARKOV,435,False,False,True,False,False,False,0
e01-tds1,HIDDEN_MARKOV,436,False,False,True,True,False,False,0
e01-tds1,HIDDEN_MARKOV,437,True,False,True,False,False,False,0
e01-tds1,HIDDEN_MARKOV,438,False,False,True,False,False,False,0
e01-tds1,HIDDEN_MARKOV,439,False,False,True,True,False,False,0
e01-tds1,HIDDEN_MARKOV,440,False,False,True,True,False,False,0
e01-tds1,HIDDEN_MARKOV,441,False,False,True,False,False,False,0
e01-tds1,HIDDEN_MARKOV,442,False,False,True,False,False,False,0
e01-tds1,HIDDEN_MARKOV,443,True,False,True,False,False,False,0
e01-tds1,HIDDEN_MARKOV,444,True,False,True,False,False,False,0
e01-tds1,HIDDEN_MARKOV,445,True,False,True,False,False,False,0
e01-tds1,HIDDEN_MARKOV,446,False,False,True,False,False,False,0
e01-tds1,HIDDEN_MARKOV,447,False,False,True,False,False,False,0
e01-tds1,HIDDEN_MARKOV,448,False,False,True,False,False,False,0
e01-tds1,HIDDEN_MARKOV,449,False,False,True,False,False,False,0
e01-tds1,HIDDEN_MARKOV,450,False,False,True,False,False,False,0
e01-tds1,HIDDEN_MARKOV,451,False,False,True,False,False,False,0
e01-tds1,HIDDEN_MARKOV,452,False,False,True,False,False,False,0
e01-tds1,HIDDEN_MARKOV,453,False,False,True,False,False,False,0
e01-tds1,HIDDEN_MARKOV,454,False,False,True,False,False,False,0
e01-tds1,HIDDEN_MARKOV,455,True,False,True,False,False,False,0
e01-tds1,HIDDEN_MARKOV,456,False,False,True,False,False,False,0
e01-tds1,HIDDEN_MARKOV,457,False,False,True,True,False,False,0
e01-tds1,HIDDEN_MARKOV,458,True,False,True,False,False,False,0
e01-tds1,HIDDEN_MARKOV,459,False,False,True,True,False,False,0
e01-tds1,HIDDEN_MARKOV,460,False,False,True,True,False,False,0
e01-tds1,HIDDEN_MARKOV,461,True,False,True,False,False,False,0
e01-tds1,HIDDEN_MARKOV,462,False,False,True,True,False,False,0
e01-tds1,HIDDEN_MARKOV,463,False,False,True,False,False,False,0
e01-tds1,HIDDEN_MARKOV,464,False,False,True,False,False,False,0
e01-tds1,HIDDEN_MARKOV,465,False,False,True,True,False,False,0
e01-tds1,HIDDEN_MARKOV,466,False,False,True,False,False,False,0
e01-tds1,HIDDEN_MARKOV,467,False,False,True,False,False,False,0
e01-tds1,HIDDEN_MARKOV,468,False,False,True,True,False,False,0
e01-tds1,HIDDEN_MARKOV,469,False,False,True,False,False,False,0
e01-tds1,HIDDEN_MARKOV,470,False,False,True,False,False,False,0
e01-tds1,HIDDEN_MARKOV,471,False,False,True,False,False,False,0
e01-tds1,HIDDEN_MARKOV,472,False,False,True,False,False,False,0
e01-tds1,HIDDEN_MARKOV,473,False,False,True,False,False,False,0
e01-tds1,HIDDEN_MARKOV,474,False,False,True,False,False,False,0
e01-tds1,HIDDEN_MARKOV,475,False,False,True,False,False,False,0
e01-tds1,HIDDEN_MARKOV,476,False,False,True,False,False,False,0
e01-tds1,HIDDEN_MARKOV,477,False,False,True,False,False,False,0
e01-tds1,HIDDEN_MARKOV,478,False,False,True,False,False,False,0
e01-tds1,HIDDEN_MARKOV,479,False,False,True,False,False,False,0
e01-tds1,HIDDEN_MARKOV,480,False,False,True,False,False,False,0
e01-tds1,HIDDEN_MARKOV,481,False,False,True,False,False,False,0
e01-tds1,HIDDEN_MARKOV,482,True,False,True,False,False,False,0
e01-tds1,HIDDEN_MARKOV,483,False,True,True,False,False,False,0
e01-tds1,HIDDEN_MARKOV,484,False,False,True,False,False,False,0
e01-tds1,HIDDEN_MARKOV,485,False,False,True,False,False,False,0
e01-tds1,HIDDEN_MARKOV,486,True,False,True,False,False,False,0
e01-tds1,HIDDEN_MARKOV,487,False,False,True,False,False,False,0
e01-tds1,HIDDEN_MARKOV,488,False,False,True,False,False,False,0
e01-tds1,HIDDEN_MARKOV,489,False,False,True,False,False,False,0
e01-tds1,HIDDEN_MARKOV,490,False,False,True,False,False,False,0
e01-tds1,HIDDEN_MARKOV,491,False,False,True,True,False,False,0
e01-tds1,HIDDEN_MARKOV,492,True,False,True,False,False,False,0
e01-tds1,HIDDEN_MARKOV,493,False,False,True,False,False,False,0
e01-tds1,HIDDEN_MARKOV,494,False,False,True,False,False,False,0
e01-tds1,HIDDEN_MARKOV,495,False,False,True,False,False,False,0
e01-tds1,HIDDEN_MARKOV,496,False,False,True,False,False,False,0
e01-tds1,HIDDEN_MARKOV,497,True,False,True,False,False,False,0
e01-tds1,HIDDEN_MARKOV,498,False,False,True,False,False,False,0
e01-tds1,HIDDEN_MARKOV,499,False,False,True,True,False,False,0
e01-tds1,HIDDEN_MARKOV,500,False,False,True,True,False,False,0
e01-tds1,HIDDEN_MARKOV,501,False,False,True,False,False,False,0
e01-tds1,HIDDEN_MARKOV,502,False,False,True,True,False,False,0
e01-tds1,HIDDEN_MARKOV,503,False,False,True,False,False,False,0
e01-tds1,HIDDEN_MARKOV,504,False,False,True,False,False,False,0
e01-tds1,HIDDEN_MARKOV,505,False,False,True,False,False,False,0
e01-tds1,HIDDEN_MARKOV,506,True,False,True,False,False,False,0
e01-tds1,HIDDEN_MARKOV,507,False,False,True,False,False,False,0
e01-tds1,HIDDEN_MARKOV,508,False,False,True,False,False,False,0
e01-tds1,HIDDEN_MARKOV,509,False,False,True,False,False,False,0
e01-tds1,HIDDEN_MARKOV,510,False,False,True,False,False,False,0
e01-tds1,HIDDEN_MARKOV,511,False,False,True,True,False,False,0
e01-tds1,HIDDEN_MARKOV,512,True,False,True,False,False,False,0
e01-tds1,HIDDEN_MARKOV,513,False,False,True,False,False,False,0
e01-tds1,HIDDEN_MARKOV,514,False,False,True,False,False,False,0
e01-tds1,HIDDEN_MARKOV,515,False,False,True,False,False,False,0
e01-tds1,HIDDEN_MARKOV,516,False,False,True,False,False,False,0
e01-tds1,HIDDEN_MARKOV,517,False,False,True,False,False,False,0
e01-tds1,HIDDEN_MARKOV,518,False,False,True,True,False,False,0
e01-tds1,HIDDEN_MARKOV,519,False,False,True,False,False,False,0
e01-tds1,HIDDEN_MARKOV,520,False,False,True,False,False,False,0
e01-tds1,HIDDEN_MARKOV,521,False,False,True,False,False,False,0
e01-tds1,HIDDEN_MARKOV,522,False,False,True,False,False,False,0
e01-tds1,HIDDEN_MARKOV,523,False,False,True,False,False,False,0
e01-tds1,HIDDEN_MARKOV,524,False,False,True,False,False,False,0
e01-tds1,HIDDEN_MARKOV,525,False,False,True,True,False,False,0
e01-tds1,HIDDEN_MARKOV,526,False,False,True,False,False,False,0
e01-tds1,HIDDEN_MARKOV,527,False,False,True,False,False,False,0
e01-tds1,HIDDEN_MARKOV,528,False,False,True,False,False,False,0
e01-tds1,HIDDEN_MARKOV,529,False,False,True,False,False,False,0
e01-tds1,HIDDEN_MARKOV,530,True,False,True,False,False,False,0
e01-tds1,HIDDEN_MARKOV,531,False,False,True,True,False,False,0
e01-tds1,HIDDEN_MARKOV,532,False,False,True,False,False,False,0
e01-tds1,HIDDEN_MARKOV,533,False,False,True,False,False,False,0
e01-tds1,HIDDEN_MARKOV,534,False,False,True,False,False,False,0
e01-tds1,HIDDEN_MARKOV,535,False,False,True,False,False,False,0
e01-tds1,HIDDEN_MARKOV,536,False,False,True,True,False,False,0
e01-tds1,HIDDEN_MARKOV,537,True,False,True,False,False,False,0
e01-tds1,HIDDEN_MARKOV,538,False,False,True,False,False,False,0
e01-tds1,HIDDEN_MARKOV,539,False,False,True,False,False,False,0
e01-tds1,HIDDEN_MARKOV,540,False,False,True,False,False,False,0
e01-tds1,HIDDEN_MARKOV,541,False,False,True,False,False,False,0
e01-tds1,HIDDEN_MARKOV,542,False,False,True,False,False,False,0
e01-tds1,HIDDEN_MARKOV,543,False,False,True,False,False,False,0
e01-tds1,HIDDEN_MARKOV,544,False,False,True,True,False,False,0
e01-tds1,HIDDEN_MARKOV,545,False,False,True,False,False,False,0
e01-tds1,HIDDEN_MARKOV,546,False,False,True,True,False,False,0
e01-tds1,HIDDEN_MARKOV,547,False,False,True,False,False,False,0
e01-tds1,HIDDEN_MARKOV,548,False,False,True,False,False,False,0
e01-tds1,HIDDEN_MARKOV,549,False,False,True,False,False,False,0
e01-tds1,HIDDEN_MARKOV,550,False,False,True,False,False,False,0
e01-tds1,HIDDEN_MARKOV,551,False,False,True,False,False,False,0
e01-tds1,HIDDEN_MARKOV,552,False,False,True,False,False,False,0
e01-tds1,HIDDEN_MARKOV,553,False,False,True,False,False,False,0
e01-tds1,HIDDEN_MARKOV,554,False,False,True,True,False,False,0
e01-tds1,HIDDEN_MARKOV,555,False,False,True,False,False,False,0
e01-tds1,HIDDEN_MARKOV,556,False,False,True,False,False,False,0
e01-tds1,HIDDEN_MARKOV,557,False,False,True,True,False,False,0
e01-tds1,HIDDEN_MARKOV,558,False,False,True,False,False,False,0
e01-tds1,HIDDEN_MARKOV,559,False,False,True,False,False,False,0
e01-tds1,HIDDEN_MARKOV,560,False,False,True,False,False,False,0
e01-tds1,HIDDEN_MARKOV,561,False,False,True,False,False,False,0
e01-tds1,HIDDEN_MARKOV,562,False,False,True,False,False,False,0
e01-tds1,HIDDEN_MARKOV,563,False,False,True,False,False,False,0
e01-tds1,HIDDEN_MARKOV,564,True,False,True,False,False,False,0
e01-tds1,HIDDEN_MARKOV,565,False,False,True,False,False,False,0
e01-tds1,HIDDEN_MARKOV,566,False,False,True,False,False,False,0
e01-tds1,HIDDEN_MARKOV,567,False,False,True,False,False,False,0
e01-tds1,HIDDEN_MARKOV,568,True,False,True,False,False,False,0
e01-tds1,HIDDEN_MARKOV,569,False,False,True,True,False,False,0
e01-tds1,HIDDEN_MARKOV,570,False,False,True,False,False,False,0
e01-tds1,HIDDEN_MARKOV,571,False,False,True,False,False,False,0
e01-tds1,HIDDEN_MARKOV,572,False,False,True,True,False,False,0
e01-tds1,HIDDEN_MARKOV,573,False,False,True,False,False,False,0
e01-tds1,HIDDEN_MARKOV,574,False,False,True,False,False,False,0
e01-tds1,HIDDEN_MARKOV,575,False,False,True,False,False,False,0
e01-tds1,HIDDEN_MARKOV,576,False,False,True,False,False,False,0
e01-tds1,HIDDEN_MARKOV,577,False,False,True,False,False,False,0
e01-tds1,HIDDEN_MARKOV,578,False,False,True,False,False,False,0
e01-tds1,HIDDEN_MARKOV,579,False,False,True,True,False,False,0
e01-tds1,HIDDEN_MARKOV,580,False,False,True,False,False,False,0
e01-tds1,HIDDEN_MARKOV,581,False,False,True,True,False,False,0
e01-tds1,HIDDEN_MARKOV,582,False,False,True,False,False,False,0
e01-tds1,HIDDEN_MARKOV,583,True,False,True,False,False,False,0
e01-tds1,HIDDEN_MARKOV,584,False,False,True,False,False,False,0
e01-tds1,HIDDEN_MARKOV,585,False,False,True,False,False,False,0
e01-tds1,HIDDEN_MARKOV,586,False,False,True,False,False,False,0
e01-tds1,HIDDEN_MARKOV,587,False,False,True,True,False,False,0
e01-tds1,HIDDEN_MARKOV,588,False,False,True,False,False,False,0
e01-tds1,HIDDEN_MARKOV,589,True,False,True,False,False,False,0
e01-tds1,HIDDEN_MARKOV,590,False,False,True,False,False,False,0
e01-tds1,HIDDEN_MARKOV,591,False,False,True,True,False,False,0
e01-tds1,HIDDEN_MARKOV,592,False,False,True,False,False,False,0
e01-tds1,HIDDEN_MARKOV,593,False,False,True,False,False,False,0
e01-tds1,HIDDEN_MARKOV,594,True,False,True,False,False,False,0
e01-tds1,HIDDEN_MARKOV,595,False,False,True,False,False,False,0
e01-tds1,HIDDEN_MARKOV,596,False,False,True,False,False,False,0
e01-tds1,HIDDEN_MARKOV,597,False,False,True,True,False,False,0
e01-tds1,HIDDEN_MARKOV,598,False,False,True,True,False,False,0
e01-tds1,HIDDEN_MARKOV,599,True,False,True,False,False,False,0
e01-tds1,HIDDEN_MARKOV,600,False,False,True,False,False,False,0
e01-tds1,HIDDEN_MARKOV,601,False,False,True,False,False,False,0
e01-tds1,HIDDEN_MARKOV,602,False,False,True,True,False,False,0
e01-tds1,HIDDEN_MARKOV,603,False,False,True,True,False,False,0
e01-tds1,HIDDEN_MARKOV,604,False,False,True,True,False,False,0
e01-tds1,HIDDEN_MARKOV,605,False,False,True,False,False,False,0
e01-tds1,HIDDEN_MARKOV,606,False,False,True,False,False,False,0
e01-tds1,HIDDEN_MARKOV,607,False,False,True,True,False,False,0
e01-tds1,HIDDEN_MARKOV,608,False,False,True,False,False,False,0
e01-tds1,HIDDEN_MARKOV,609,False,False,True,False,False,False,0
e01-tds1,HIDDEN_MARKOV,610,False,False,True,False,False,False,0
e01-tds1,HIDDEN_MARKOV,611,False,False,True,False,False,False,0
e01-tds1,HIDDEN_MARKOV,612,False,False,True,False,False,False,0
e01-tds1,HIDDEN_MARKOV,613,False,False,True,False,False,False,0
e01-tds1,HIDDEN_MARKOV,614,False,False,True,False,False,False,0
e01-tds1,HIDDEN_MARKOV,615,False,False,True,False,False,False,0
e01-tds1,HIDDEN_MARKOV,616,False,False,True,True,False,False,0
e01-tds1,HIDDEN_MARKOV,617,False,False,True,True,False,False,0
e01-tds1,HIDDEN_MARKOV,618,False,False,True,False,False,False,0
e01-tds1,HIDDEN_MARKOV,619,False,False,True,False,False,False,0
e01-tds1,HIDDEN_MARKOV,620,False,False,True,False,False,False,0
e01-tds1,HIDDEN_MARKOV,621,False,False,True,False,False,False,0
e01-tds1,HIDDEN_MARKOV,622,False,False,True,False,False,False,0
e01-tds1,HIDDEN_MARKOV,623,False,False,True,False,False,False,0
e01-tds1,HIDDEN_MARKOV,624,True,False,True,False,False,False,0
e01-tds1,HIDDEN_MARKOV,625,True,False,True,False,False,False,0
e01-tds1,HIDDEN_MARKOV,626,False,False,True,True,False,False,0
e01-tds1,HIDDEN_MARKOV,627,False,False,True,False,False,False,0
e01-tds1,HIDDEN_MARKOV,628,True,False,True,False,False,False,0
e01-tds1,HIDDEN_MARKOV,629,False,False,True,False,False,False,0
e01-tds1,HIDDEN_MARKOV,630,False,False,True,False,False,False,0
e01-tds1,HIDDEN_MARKOV,631,False,False,True,False,False,False,0
e01-tds1,HIDDEN_MARKOV,632,False,False,True,True,False,False,0
e01-tds1,HIDDEN_MARKOV,633,False,False,True,False,False,False,0
e01-tds1,HIDDEN_MARKOV,634,True,False,True,False,False,False,0
e01-tds1,HIDDEN_MARKOV,635,False,False,True,True,False,False,0
e01-tds1,HIDDEN_MARKOV,636,False,False,True,False,False,False,0
e01-tds1,HIDDEN_MARKOV,637,True,False,True,False,False,False,0
e01-tds1,HIDDEN_MARKOV,638,False,False,True,False,False,False,0
e01-tds1,HIDDEN_MARKOV,639,False,False,True,False,False,False,0
e01-tds1,HIDDEN_MARKOV,640,False,False,True,False,False,False,0
e01-tds1,HIDDEN_MARKOV,641,False,False,True,False,False,False,0
e01-tds1,HIDDEN_MARKOV,642,False,False,True,False,False,False,0
e01-tds1,HIDDEN_MARKOV,643,False,False,True,False,False,False,0
e01-tds1,HIDDEN_MARKOV,644,False,False,True,False,False,False,0
e01-tds1,HIDDEN_MARKOV,645,True,False,True,False,False,False,0
e01-tds1,HIDDEN_MARKOV,646,True,False,True,False,False,False,0
e01-tds1,HIDDEN_MARKOV,647,True,False,True,False,False,False,0
e01-tds1,HIDDEN_MARKOV,648,False,False,True,False,False,False,0
e01-tds1,HIDDEN_MARKOV,649,False,False,True,True,False,False,0
e01-tds1,HIDDEN_MARKOV,650,False,False,True,False,False,False,0
e01-tds1,HIDDEN_MARKOV,651,False,False,True,False,False,False,0
e01-tds1,HIDDEN_MARKOV,652,False,False,True,False,False,False,0
e01-tds1,HIDDEN_MARKOV,653,True,False,True,False,False,False,0
e01-tds1,HIDDEN_MARKOV,654,False,False,True,True,False,False,0
e01-tds1,HIDDEN_MARKOV,655,False,False,True,False,False,False,0
e01-tds1,HIDDEN_MARKOV,656,True,False,True,False,False,False,0
e01-tds1,HIDDEN_MARKOV,657,False,False,True,False,False,False,0
e01-tds1,HIDDEN_MARKOV,658,False,False,True,False,False,False,0
e01-tds1,HIDDEN_MARKOV,659,False,False,True,False,False,False,0
e01-tds1,HIDDEN_MARKOV,660,False,False,True,False,False,False,0
e01-tds1,HIDDEN_MARKOV,661,False,False,True,False,False,False,0
e01-tds1,HIDDEN_MARKOV,662,False,False,True,False,False,False,0
e01-tds1,HIDDEN_MARKOV,663,False,False,True,False,False,False,0
e01-tds1,HIDDEN_MARKOV,664,False,False,True,False,False,False,0
e01-tds1,HIDDEN_MARKOV,665,False,False,True,True,False,False,0
e01-tds1,HIDDEN_MARKOV,666,True,True,True,False,False,False,0
e01-tds1,HIDDEN_MARKOV,667,False,False,True,False,False,False,0
e01-tds1,HIDDEN_MARKOV,668,False,False,True,True,False,False,0
e01-tds1,HIDDEN_MARKOV,669,True,False,True,False,False,False,0
e01-tds1,HIDDEN_MARKOV,670,False,False,True,False,False,False,0
e01-tds1,HIDDEN_MARKOV,671,False,False,True,False,False,False,0
e01-tds1,HIDDEN_MARKOV,672,True,False,True,False,False,False,0
e01-tds1,HIDDEN_MARKOV,673,False,False,True,False,False,False,0
e01-tds1,HIDDEN_MARKOV,674,False,False,True,False,False,False,0
e01-tds1,HIDDEN_MARKOV,675,True,False,True,False,False,False,0
e01-tds1,HIDDEN_MARKOV,676,False,False,True,False,False,False,0
e01-tds1,HIDDEN_MARKOV,677,False,False,True,False,False,False,0
e01-tds1,HIDDEN_MARKOV,678,False,False,True,True,False,False,0
e01-tds1,HIDDEN_MARKOV,679,True,False,True,False,False,False,0
e01-tds1,HIDDEN_MARKOV,680,False,False,True,False,False,False,0
e01-tds1,HIDDEN_MARKOV,681,False,False,True,False,False,False,0
e01-tds1,HIDDEN_MARKOV,682,False,False,True,False,False,False,0
e01-tds1,HIDDEN_MARKOV,683,False,False,True,False,False,False,0
e01-tds1,HIDDEN_MARKOV,684,True,False,True,False,False,False,0
e01-tds1,HIDDEN_MARKOV,685,False,False,True,False,False,False,0
e01-tds1,HIDDEN_MARKOV,686,False,False,True,True,False,False,0
e01-tds1,HIDDEN_MARKOV,687,False,False,True,False,False,False,0
e01-tds1,HIDDEN_MARKOV,688,False,False,True,False,False,False,0
e01-tds1,HIDDEN_MARKOV,689,True,False,True,False,False,False,0
e01-tds1,HIDDEN_MARKOV,690,False,False,True,False,False,False,0
e01-tds1,HIDDEN_MARKOV,691,False,False,True,False,False,False,0
e01-tds1,HIDDEN_MARKOV,692,True,False,True,False,False,False,0
e01-tds1,HIDDEN_MARKOV,693,False,False,True,False,False,False,0
e01-tds1,HIDDEN_MARKOV,694,False,False,True,False,False,False,0
e01-tds1,HIDDEN_MARKOV,695,False,False,True,False,False,False,0
e01-tds1,HIDDEN_MARKOV,696,False,False,True,False,False,False,0
e01-tds1,HIDDEN_MARKOV,697,False,False,True,False,False,False,0
e01-tds1,HIDDEN_MARKOV,698,False,False,True,False,False,False,0
e01-tds1,HIDDEN_MARKOV,699,False,False,True,False,False,False,0
e01-tds1,HIDDEN_MARKOV,700,False,False,True,False,False,False,0
e01-tds1,HIDDEN_MARKOV,701,False,False,True,False,False,False,0
e01-tds1,HIDDEN_MARKOV,702,False,False,True,False,False,False,0
e01-tds1,HIDDEN_MARKOV,703,False,False,True,False,False,False,0
e01-tds1,HIDDEN_MARKOV,704,False,False,True,False,False,False,0
e01-tds1,HIDDEN_MARKOV,705,False,False,True,False,False,False,0
e01-tds1,HIDDEN_MARKOV,706,False,False,True,False,False,False,0
e01-tds1,HIDDEN_MARKOV,707,False,False,True,False,False,False,0
e01-tds1,HIDDEN_MARKOV,708,True,False,True,False,False,False,0
e01-tds1,HIDDEN_MARKOV,709,False,False,True,False,False,False,0
e01-tds1,HIDDEN_MARKOV,710,False,False,True,False,False,False,0
e01-tds1,HIDDEN_MARKOV,711,True,False,True,False,False,False,0
e01-tds1,HIDDEN_MARKOV,712,False,False,True,False,False,False,0
e01-tds1,HIDDEN_MARKOV,713,False,False,True,False,False,False,0
e01-tds1,HIDDEN_MARKOV,714,False,False,True,False,False,False,0
e01-tds1,HIDDEN_MARKOV,715,False,False,True,False,False,False,0
e01-tds1,HIDDEN_MARKOV,716,False,False,True,False,False,False,0
e01-tds1,HIDDEN_MARKOV,717,True,False,True,False,False,False,0
e01-tds1,HIDDEN_MARKOV,718,False,False,True,False,False,False,0
e01-tds1,HIDDEN_MARKOV,719,False,False,True,True,False,False,0
e01-tds1,HIDDEN_MARKOV,720,False,False,True,False,False,False,0
e01-tds1,HIDDEN_MARKOV,721,False,False,True,False,False,False,0
e01-tds1,HIDDEN_MARKOV,722,False,False,True,False,False,False,0
e01-tds1,HIDDEN_MARKOV,723,False,False,True,True,False,False,0
e01-tds1,HIDDEN_MARKOV,724,False,False,True,False,False,False,0
e01-tds1,HIDDEN_MARKOV,725,False,False,True,True,False,False,0
e01-tds1,HIDDEN_MARKOV,726,False,False,True,True,False,False,0
e01-tds1,HIDDEN_MARKOV,727,False,False,True,False,False,False,0
e01-tds1,HIDDEN_MARKOV,728,False,False,True,False,False,False,0
e01-tds1,HIDDEN_MARKOV,729,True,False,True,False,False,False,0
e01-tds1,HIDDEN_MARKOV,730,True,False,True,False,False,False,0
e01-tds1,HIDDEN_MARKOV,731,False,False,True,False,False,False,0
e01-tds1,HIDDEN_MARKOV,732,False,False,True,False,False,False,0
e01-tds1,HIDDEN_MARKOV,733,False,True,True,False,False,False,0
e01-tds1,HIDDEN_MARKOV,734,False,False,True,False,False,False,0
e01-tds1,HIDDEN_MARKOV,735,False,False,True,False,False,False,0
e01-tds1,HIDDEN_MARKOV,736,True,False,True,False,False,False,0
e01-tds1,HIDDEN_MARKOV,737,False,False,True,False,False,False,0
e01-tds1,HIDDEN_MARKOV,738,False,False,True,False,False,False,0
e01-tds1,HIDDEN_MARKOV,739,False,False,True,False,False,False,0
e01-tds1,HIDDEN_MARKOV,740,False,False,True,False,False,False,0
e01-tds1,HIDDEN_MARKOV,741,False,False,True,False,False,False,0
e01-tds1,HIDDEN_MARKOV,742,False,False,True,False,False,False,0
e01-tds1,HIDDEN_MARKOV,743,True,False,True,True,False,False,0
e01-tds1,HIDDEN_MARKOV,744,False,False,True,False,False,False,0
e01-tds1,HIDDEN_MARKOV,745,False,False,True,False,False,False,0
e01-tds1,HIDDEN_MARKOV,746,False,False,True,False,False,False,0
e01-tds1,HIDDEN_MARKOV,747,False,False,True,False,False,False,0
e01-tds1,HIDDEN_MARKOV,748,False,False,True,False,False,False,0
e01-tds1,HIDDEN_MARKOV,749,False,False,True,True,False,False,0
e01-tds1,HIDDEN_MARKOV,750,True,False,True,False,False,False,0
e01-tds1,HIDDEN_MARKOV,751,True,False,True,False,False,False,0
e01-tds1,HIDDEN_MARKOV,752,False,False,True,False,False,False,0
e01-tds1,HIDDEN_MARKOV,753,False,False,True,False,False,False,0
e01-tds1,HIDDEN_MARKOV,754,False,False,True,False,False,False,0
e01-tds1,HIDDEN_MARKOV,755,False,False,True,False,False,False,0
e01-tds1,HIDDEN_MARKOV,756,False,False,True,False,False,False,0
e01-tds1,HIDDEN_MARKOV,757,False,False,True,False,False,False,0
e01-tds1,HIDDEN_MARKOV,758,False,False,True,False,False,False,0
e01-tds1,HIDDEN_MARKOV,759,False,False,True,False,False,False,0
e01-tds1,HIDDEN_MARKOV,760,False,False,True,False,False,False,0
e01-tds1,HIDDEN_MARKOV,761,False,False,True,False,False,False,0
e01-tds1,HIDDEN_MARKOV,762,False,False,True,False,False,False,0
e01-tds1,HIDDEN_MARKOV,763,False,False,True,False,False,False,0
e01-tds1,HIDDEN_MARKOV,764,True,False,True,False,False,False,0
e01-tds1,HIDDEN_MARKOV,765,False,False,True,False,False,False,0
e01-tds1,HIDDEN_MARKOV,766,False,False,True,False,False,False,0
e01-tds1,HIDDEN_MARKOV,767,True,False,True,False,False,False,0
e01-tds1,HIDDEN_MARKOV,768,False,False,True,False,False,False,0
e01-tds1,HIDDEN_MARKOV,769,False,False,True,False,False,False,0
e01-tds1,HIDDEN_MARKOV,770,False,False,True,False,False,False,0
e01-tds1,HIDDEN_MARKOV,771,False,False,True,False,False,False,0
e01-tds1,HIDDEN_MARKOV,772,False,False,True,False,False,False,0
e01-tds1,HIDDEN_MARKOV,773,False,False,True,True,False,False,0
e01-tds1,HIDDEN_MARKOV,774,False,False,True,False,False,False,0
e01-tds1,HIDDEN_MARKOV,775,False,False,True,False,False,False,0
e01-tds1,HIDDEN_MARKOV,776,False,False,True,True,False,False,0
e01-tds1,HIDDEN_MARKOV,777,False,False,True,False,False,False,0
e01-tds1,HIDDEN_MARKOV,778,False,False,True,False,False,False,0
e01-tds1,HIDDEN_MARKOV,779,False,False,True,True,False,False,0
e01-tds1,HIDDEN_MARKOV,780,False,False,True,False,False,False,0
e01-tds1,HIDDEN_MARKOV,781,False,False,True,False,False,False,0
e01-tds1,HIDDEN_MARKOV,782,False,False,True,False,False,False,0
e01-tds1,HIDDEN_MARKOV,783,False,False,True,True,False,False,0
e01-tds1,HIDDEN_MARKOV,784,False,False,True,False,False,False,0
e01-tds1,HIDDEN_MARKOV,785,False,False,True,False,False,False,0
e01-tds1,HIDDEN_MARKOV,786,True,False,True,False,False,False,0
e01-tds1,HIDDEN_MARKOV,787,False,False,True,False,False,False,0
e01-tds1,HIDDEN_MARKOV,788,False,False,True,False,False,False,0
e01-tds1,HIDDEN_MARKOV,789,True,False,True,False,False,False,0
e01-tds1,HIDDEN_MARKOV,790,False,False,True,False,False,False,0
e01-tds1,HIDDEN_MARKOV,791,False,False,True,False,False,False,0
e01-tds1,HIDDEN_MARKOV,792,False,False,True,False,False,False,0
e01-tds1,HIDDEN_MARKOV,793,False,False,True,False,False,False,0
e01-tds1,HIDDEN_MARKOV,794,False,False,True,False,False,False,0
e01-tds1,HIDDEN_MARKOV,795,False,False,True,True,False,False,0
e01-tds1,HIDDEN_MARKOV,796,False,False,True,False,False,False,0
e01-tds1,HIDDEN_MARKOV,797,False,False,True,False,False,False,0
e01-tds1,HIDDEN_MARKOV,798,False,False,True,True,False,False,0
e01-tds1,HIDDEN_MARKOV,799,False,False,True,False,False,False,0
e01-tds1,HIDDEN_MARKOV,800,False,False,True,False,False,False,0
e01-tds1,HIDDEN_MARKOV,801,False,False,True,True,False,False,0
e01-tds1,HIDDEN_MARKOV,802,False,False,True,False,False,False,0
e01-tds1,HIDDEN_MARKOV,803,False,False,True,False,False,False,0
e01-tds1,HIDDEN_MARKOV,804,False,False,True,False,False,False,0
e01-tds1,HIDDEN_MARKOV,805,False,False,True,False,False,False,0
e01-tds1,HIDDEN_MARKOV,806,False,False,True,True,False,False,0
e01-tds1,HIDDEN_MARKOV,807,True,False,True,False,False,False,0
e01-tds1,HIDDEN_MARKOV,808,False,False,True,False,False,False,0
e01-tds1,HIDDEN_MARKOV,809,False,False,True,False,False,False,0
e01-tds1,HIDDEN_MARKOV,810,False,False,True,False,False,False,0
e01-tds1,HIDDEN_MARKOV,811,False,False,True,False,False,False,0
e01-tds1,HIDDEN_MARKOV,812,False,False,True,False,False,False,0
e01-tds1,HIDDEN_MARKOV,813,False,False,True,False,False,False,0
e01-tds1,HIDDEN_MARKOV,814,False,False,True,False,False,False,0
e01-tds1,HIDDEN_MARKOV,815,False,False,True,False,False,False,0
e01-tds1,HIDDEN_MARKOV,816,False,False,True,False,False,False,0
e01-tds1,HIDDEN_MARKOV,817,False,False,True,False,False,False,0
e01-tds1,HIDDEN_MARKOV,818,False,False,True,False,False,False,0
e01-tds1,HIDDEN_MARKOV,819,False,False,True,True,False,False,0
e01-tds1,HIDDEN_MARKOV,820,True,False,True,False,False,False,0
e01-tds1,HIDDEN_MARKOV,821,False,False,True,False,False,False,0
e01-tds1,HIDDEN_MARKOV,822,False,False,True,False,False,False,0
e01-tds1,HIDDEN_MARKOV,823,False,False,True,False,False,False,0
e01-tds1,HIDDEN_MARKOV,824,False,False,True,False,False,False,0
e01-tds1,HIDDEN_MARKOV,825,False,False,True,False,False,False,0
e01-tds1,HIDDEN_MARKOV,826,False,False,True,False,False,False,0
e01-tds1,HIDDEN_MARKOV,827,False,False,True,False,False,False,0
e01-tds1,HIDDEN_MARKOV,828,False,False,True,False,False,False,0
e01-tds1,HIDDEN_MARKOV,829,False,False,True,False,False,False,0
e01-tds1,HIDDEN_MARKOV,830,False,False,True,False,False,False,0
e01-tds1,HIDDEN_MARKOV,831,False,False,True,False,False,False,0
e01-tds1,HIDDEN_MARKOV,832,False,False,True,False,False,False,0
e01-tds1,HIDDEN_MARKOV,833,False,False,True,False,False,False,0
e01-tds1,HIDDEN_MARKOV,834,False,False,True,False,False,False,0
e01-tds1,HIDDEN_MARKOV,835,False,False,True,False,False,False,0
e01-tds1,HIDDEN_MARKOV,836,False,False,True,False,False,False,0
e01-tds1,HIDDEN_MARKOV,837,False,False,True,False,False,False,0
e01-tds1,HIDDEN_MARKOV,838,False,False,True,False,False,False,0
e01-tds1,HIDDEN_MARKOV,839,False,False,True,False,False,False,0
e01-tds1,HIDDEN_MARKOV,840,False,False,True,False,False,False,0
e01-tds1,HIDDEN_MARKOV,841,False,False,True,True,False,False,0
e01-tds1,HIDDEN_MARKOV,842,False,False,True,True,False,False,0
e01-tds1,HIDDEN_MARKOV,843,True,False,True,False,False,False,0
e01-tds1,HIDDEN_MARKOV,844,False,False,True,False,False,False,0
e01-tds1,HIDDEN_MARKOV,845,False,False,True,False,False,False,0
e01-tds1,HIDDEN_MARKOV,846,False,False,True,False,False,False,0
e01-tds1,HIDDEN_MARKOV,847,False,False,True,False,False,False,0
e01-tds1,HIDDEN_MARKOV,848,True,False,True,False,False,False,0
e01-tds1,HIDDEN_MARKOV,849,False,False,True,False,False,False,0
e01-tds1,HIDDEN_MARKOV,850,False,False,True,False,False,False,0
e01-tds1,HIDDEN_MARKOV,851,False,False,True,True,False,False,0
e01-tds1,HIDDEN_MARKOV,852,False,False,True,True,False,False,0
e01-tds1,HIDDEN_MARKOV,853,False,False,True,False,False,False,0
e01-tds1,HIDDEN_MARKOV,854,False,False,True,False,False,False,0
e01-tds1,HIDDEN_MARKOV,855,False,False,True,True,False,False,0
e01-tds1,HIDDEN_MARKOV,856,False,False,True,False,False,False,0
e01-tds1,HIDDEN_MARKOV,857,False,False,True,False,False,False,0
e01-tds1,HIDDEN_MARKOV,858,False,False,True,False,False,False,0
e01-tds1,HIDDEN_MARKOV,859,True,False,True,False,False,False,0
e01-tds1,HIDDEN_MARKOV,860,True,False,True,False,False,False,0
e01-tds1,HIDDEN_MARKOV,861,False,False,True,False,False,False,0
e01-tds1,HIDDEN_MARKOV,862,False,False,True,True,False,False,0
e01-tds1,HIDDEN_MARKOV,863,False,False,True,False,False,False,0
e01-tds1,HIDDEN_MARKOV,864,False,False,True,False,False,False,0
e01-tds1,HIDDEN_MARKOV,865,True,False,True,False,False,False,0
e01-tds1,HIDDEN_MARKOV,866,False,False,True,False,False,False,0
e01-tds1,HIDDEN_MARKOV,867,False,False,True,False,False,False,0
e01-tds1,HIDDEN_MARKOV,868,False,False,True,False,False,False,0
e01-tds1,HIDDEN_MARKOV,869,False,False,True,False,False,False,0
e01-tds1,HIDDEN_MARKOV,870,False,False,True,False,False,False,0
e01-tds1,HIDDEN_MARKOV,871,False,False,True,True,False,False,0
e01-tds1,HIDDEN_MARKOV,872,False,False,True,False,False,False,0
e01-tds1,HIDDEN_MARKOV,873,False,False,True,False,False,False,0
e01-tds1,HIDDEN_MARKOV,874,False,False,True,False,False,False,0
e01-tds1,HIDDEN_MARKOV,875,False,False,True,False,False,False,0
e01-tds1,HIDDEN_MARKOV,876,False,False,True,False,False,False,0
e01-tds1,HIDDEN_MARKOV,877,False,False,True,False,False,False,0
e01-tds1,HIDDEN_MARKOV,878,False,False,True,False,False,False,0
e01-tds1,HIDDEN_MARKOV,879,True,False,True,False,False,False,0
e01-tds1,HIDDEN_MARKOV,880,False,False,True,False,False,False,0
e01-tds1,HIDDEN_MARKOV,881,False,False,True,False,False,False,0
e01-tds1,HIDDEN_MARKOV,882,False,False,True,False,False,False,0
e01-tds1,HIDDEN_MARKOV,883,False,False,True,False,False,False,0
e01-tds1,HIDDEN_MARKOV,884,False,False,True,False,False,False,0
e01-tds1,HIDDEN_MARKOV,885,False,False,True,False,False,False,0
e01-tds1,HIDDEN_MARKOV,886,False,False,True,True,False,False,0
e01-tds1,HIDDEN_MARKOV,887,False,False,True,True,False,False,0
e01-tds1,HIDDEN_MARKOV,888,True,False,True,False,False,False,0
e01-tds1,HIDDEN_MARKOV,889,False,False,True,False,False,False,0
e01-tds1,HIDDEN_MARKOV,890,False,False,True,True,False,False,0
e01-tds1,HIDDEN_MARKOV,891,False,False,True,False,False,False,0
e01-tds1,HIDDEN_MARKOV,892,False,False,True,False,False,False,0
e01-tds1,HIDDEN_MARKOV,893,False,False,True,False,False,False,0
e01-tds1,HIDDEN_MARKOV,894,False,False,True,False,False,False,0
e01-tds1,HIDDEN_MARKOV,895,False,False,True,True,False,False,0
e01-tds1,HIDDEN_MARKOV,896,False,False,True,False,False,False,0
e01-tds1,HIDDEN_MARKOV,897,False,False,True,False,False,False,0
e01-tds1,HIDDEN_MARKOV,898,False,False,True,True,False,False,0
e01-tds1,HIDDEN_MARKOV,899,True,False,True,False,False,False,0
e01-tds1,HIDDEN_MARKOV,900,False,False,True,True,False,False,0
e01-tds1,HIDDEN_MARKOV,901,False,False,True,False,False,False,0
e01-tds1,HIDDEN_MARKOV,902,False,False,True,False,False,False,0
e01-tds1,HIDDEN_MARKOV,903,False,False,True,False,False,False,0
e01-tds1,HIDDEN_MARKOV,904,False,False,True,False,False,False,0
e01-tds1,HIDDEN_MARKOV,905,False,False,True,False,False,False,0
e01-tds1,HIDDEN_MARKOV,906,False,False,True,False,False,False,0
e01-tds1,HIDDEN_MARKOV,907,False,False,True,False,False,False,0
e01-tds1,HIDDEN_MARKOV,908,False,False,True,False,False,False,0
e01-tds1,HIDDEN_MARKOV,909,False,False,True,False,False,False,0
e01-tds1,HIDDEN_MARKOV,910,True,False,True,False,False,False,0
e01-tds1,HIDDEN_MARKOV,911,False,False,True,True,False,False,0
e01-tds1,HIDDEN_MARKOV,912,False,False,True,False,False,False,0
e01-tds1,HIDDEN_MARKOV,913,False,False,True,True,False,False,0
e01-tds1,HIDDEN_MARKOV,914,False,False,True,False,False,False,0
e01-tds1,HIDDEN_MARKOV,915,False,False,True,False,False,False,0
e01-tds1,HIDDEN_MARKOV,916,False,False,True,True,False,False,0
e01-tds1,HIDDEN_MARKOV,917,False,False,True,True,False,False,0
e01-tds1,HIDDEN_MARKOV,918,False,False,True,False,False,False,0
e01-tds1,HIDDEN_MARKOV,919,False,False,True,True,False,False,0
e01-tds1,HIDDEN_MARKOV,920,False,False,True,False,False,False,0
e01-tds1,HIDDEN_MARKOV,921,False,True,True,False,False,False,0
e01-tds1,HIDDEN_MARKOV,922,False,False,True,False,False,False,0
e01-tds1,HIDDEN_MARKOV,923,False,False,True,True,False,False,0
e01-tds1,HIDDEN_MARKOV,924,False,False,True,False,False,False,0
e01-tds1,HIDDEN_MARKOV,925,False,False,True,False,False,False,0
e01-tds1,HIDDEN_MARKOV,926,False,False,True,False,False,False,0
e01-tds1,HIDDEN_MARKOV,927,False,False,True,False,False,False,0
e01-tds1,HIDDEN_MARKOV,928,False,False,True,False,False,False,0
e01-tds1,HIDDEN_MARKOV,929,False,False,True,False,False,False,0
e01-tds1,HIDDEN_MARKOV,930,False,False,True,True,False,False,0
e01-tds1,HIDDEN_MARKOV,931,False,False,True,True,False,False,0
e01-tds1,HIDDEN_MARKOV,932,False,False,True,False,False,False,0
e01-tds1,HIDDEN_MARKOV,933,True,False,True,False,False,False,0
e01-tds1,HIDDEN_MARKOV,934,False,False,True,False,False,False,0
e01-tds1,HIDDEN_MARKOV,935,False,False,True,False,False,False,0
e01-tds1,HIDDEN_MARKOV,936,False,False,True,False,False,False,0
e01-tds1,HIDDEN_MARKOV,937,False,False,True,False,False,False,0
e01-tds1,HIDDEN_MARKOV,938,False,False,True,False,False,False,0
e01-tds1,HIDDEN_MARKOV,939,True,False,True,False,False,False,0
e01-tds1,HIDDEN_MARKOV,940,False,False,True,False,False,False,0
e01-tds1,HIDDEN_MARKOV,941,False,False,True,False,False,False,0
e01-tds1,HIDDEN_MARKOV,942,False,False,True,False,False,False,0
e01-tds1,HIDDEN_MARKOV,943,False,False,True,False,False,False,0
e01-tds1,HIDDEN_MARKOV,944,False,False,True,False,False,False,0
e01-tds1,HIDDEN_MARKOV,945,False,False,True,False,False,False,0
e01-tds1,HIDDEN_MARKOV,946,False,False,True,False,False,False,0
e01-tds1,HIDDEN_MARKOV,947,True,False,True,False,False,False,0
e01-tds1,HIDDEN_MARKOV,948,False,False,True,False,False,False,0
e01-tds1,HIDDEN_MARKOV,949,True,False,True,False,False,False,0
e01-tds1,HIDDEN_MARKOV,950,False,False,True,False,False,False,0
e01-tds1,HIDDEN_MARKOV,951,True,False,True,False,False,False,0
e01-tds1,HIDDEN_MARKOV,952,False,False,True,False,False,False,0
e01-tds1,HIDDEN_MARKOV,953,False,False,True,False,False,False,0
e01-tds1,HIDDEN_MARKOV,954,False,False,True,False,False,False,0
e01-tds1,HIDDEN_MARKOV,955,False,False,True,False,False,False,0
e01-tds1,HIDDEN_MARKOV,956,False,False,True,True,False,False,0
e01-tds1,HIDDEN_MARKOV,957,True,False,True,False,False,False,0
e01-tds1,HIDDEN_MARKOV,958,True,False,True,False,False,False,0
e01-tds1,HIDDEN_MARKOV,959,False,False,True,False,False,False,0
e01-tds1,HIDDEN_MARKOV,960,True,False,True,False,False,False,0
e01-tds1,HIDDEN_MARKOV,961,False,False,True,False,False,False,0
e01-tds1,HIDDEN_MARKOV,962,False,False,True,True,False,False,0
e01-tds1,HIDDEN_MARKOV,963,False,False,True,False,False,False,0
e01-tds1,HIDDEN_MARKOV,964,False,False,True,True,False,False,0
e01-tds1,HIDDEN_MARKOV,965,True,False,True,False,False,False,0
e01-tds1,HIDDEN_MARKOV,966,False,False,True,True,False,False,0
e01-tds1,HIDDEN_MARKOV,967,False,False,True,True,False,False,0
e01-tds1,HIDDEN_MARKOV,968,False,False,True,True,False,False,0
e01-tds1,HIDDEN_MARKOV,969,False,False,True,True,False,False,0
e01-tds1,HIDDEN_MARKOV,970,True,False,True,False,False,False,0
e01-tds1,HIDDEN_MARKOV,971,False,False,True,False,False,False,0
e01-tds1,HIDDEN_MARKOV,972,False,False,True,False,False,False,0
e01-tds1,HIDDEN_MARKOV,973,False,False,True,False,False,False,0
e01-tds1,HIDDEN_MARKOV,974,False,False,True,False,False,False,0
e01-tds1,HIDDEN_MARKOV,975,False,False,True,False,False,False,0
e01-tds1,HIDDEN_MARKOV,976,False,False,True,False,False,False,0
e01-tds1,HIDDEN_MARKOV,977,False,False,True,False,False,False,0
e01-tds1,HIDDEN_MARKOV,978,True,False,True,False,False,False,0
e01-tds1,HIDDEN_MARKOV,979,False,False,True,False,False,False,0
e01-tds1,HIDDEN_MARKOV,980,False,False,True,False,False,False,0
e01-tds1,HIDDEN_MARKOV,981,True,False,True,False,False,False,0
e01-tds1,HIDDEN_MARKOV,982,False,False,True,False,False,False,0
e01-tds1,HIDDEN_MARKOV,983,True,False,True,False,False,False,0
e01-tds1,HIDDEN_MARKOV,984,False,False,True,True,False,False,0
e01-tds1,HIDDEN_MARKOV,985,True,False,True,False,False,False,0
e01-tds1,HIDDEN_MARKOV,986,False,False,True,False,False,False,0
e01-tds1,HIDDEN_MARKOV,987,True,False,True,False,False,False,0
e01-tds1,HIDDEN_MARKOV,988,False,False,True,False,False,False,0
e01-tds1,HIDDEN_MARKOV,989,False,False,True,False,False,False,0
e01-tds1,HIDDEN_MARKOV,990,False,False,True,False,False,False,0
e01-tds1,HIDDEN_MARKOV,991,False,False,True,False,False,False,0
e01-tds1,HIDDEN_MARKOV,992,False,False,True,False,False,False,0
e01-tds1,HIDDEN_MARKOV,993,False,False,True,True,False,False,0
e01-tds1,HIDDEN_MARKOV,994,True,True,True,True,True,False,0
e01-tds1,HIDDEN_MARKOV,995,False,False,True,False,False,False,0
e01-tds1,HIDDEN_MARKOV,996,True,False,True,False,False,False,0
e01-tds1,HIDDEN_MARKOV,997,False,False,True,False,False,False,0
e01-tds1,HIDDEN_MARKOV,998,False,False,True,False,False,False,0
e01-tds1,HIDDEN_MARKOV,999,True,False,True,False,False,False,0
e01-tds1,HIDDEN_MARKOV,1000,False,False,True,False,False,False,0
e01-tds1,HIDDEN_MARKOV,1001,False,False,True,False,False,False,0
e01-tds1,HIDDEN_MARKOV,1002,False,False,True,False,False,False,0
e01-tds1,HIDDEN_MARKOV,1003,False,False,True,True,False,False,0
e01-tds1,HIDDEN_MARKOV,1004,False,False,True,False,False,False,0
e01-tds1,HIDDEN_MARKOV,1005,False,False,True,False,False,False,0
e01-tds1,HIDDEN_MARKOV,1006,False,False,True,False,False,False,0
e01-tds1,HIDDEN_MARKOV,1007,False,False,True,False,False,False,0
e01-tds1,HIDDEN_MARKOV,1008,False,False,True,False,False,False,0
e01-tds1,HIDDEN_MARKOV,1009,True,False,True,False,False,False,0
e01-tds1,HIDDEN_MARKOV,1010,False,False,True,True,False,False,0
e01-tds1,HIDDEN_MARKOV,1011,False,False,True,False,False,False,0
e01-tds1,HIDDEN_MARKOV,1012,False,False,True,False,False,False,0
e01-tds1,HIDDEN_MARKOV,1013,False,False,True,False,False,False,0
e01-tds1,HIDDEN_MARKOV,1014,False,False,True,True,False,False,0
e01-tds1,HIDDEN_MARKOV,1015,False,False,True,False,False,False,0
e01-tds1,HIDDEN_MARKOV,1016,False,False,True,False,False,False,0
e01-tds1,HIDDEN_MARKOV,1017,False,False,True,False,False,False,0
e01-tds1,HIDDEN_MARKOV,1018,False,False,True,False,False,False,0
e01-tds1,HIDDEN_MARKOV,1019,False,False,True,False,False,False,0
e01-tds1,HIDDEN_MARKOV,1020,True,False,True,False,False,False,0
e01-tds1,HIDDEN_MARKOV,1021,False,False,True,False,False,False,0
e01-tds1,HIDDEN_MARKOV,1022,False,False,True,True,False,False,0
e01-tds1,HIDDEN_MARKOV,1023,True,False,True,False,False,False,0
e01-tds1,HIDDEN_MARKOV,1024,False,False,True,False,False,False,0
e01-tds1,HIDDEN_MARKOV,1025,False,False,True,False,False,False,0
e01-tds1,HIDDEN_MARKOV,1026,False,False,True,False,False,False,0
e01-tds1,HIDDEN_MARKOV,1027,False,False,True,False,False,False,0
e01-tds1,HIDDEN_MARKOV,1028,False,False,True,False,False,False,0
e01-tds1,HIDDEN_MARKOV,1029,False,False,True,True,False,False,0
e01-tds1,HIDDEN_MARKOV,1030,False,False,True,False,False,False,0
e01-tds1,HIDDEN_MARKOV,1031,False,False,True,False,False,False,0
e01-tds1,HIDDEN_MARKOV,1032,False,False,True,False,False,False,0
e01-tds1,HIDDEN_MARKOV,1033,False,False,True,True,False,False,0
e01-tds1,HIDDEN_MARKOV,1034,False,False,True,True,False,False,0
e01-tds1,HIDDEN_MARKOV,1035,False,False,True,True,False,False,0
e01-tds1,HIDDEN_MARKOV,1036,True,False,True,False,False,False,0
e01-tds1,HIDDEN_MARKOV,1037,False,False,True,False,False,False,0
e01-tds1,HIDDEN_MARKOV,1038,True,False,True,False,False,False,0
e01-tds1,HIDDEN_MARKOV,1039,True,False,True,False,False,False,0
e01-tds1,HIDDEN_MARKOV,1040,False,False,True,False,False,False,0
e01-tds1,HIDDEN_MARKOV,1041,True,False,True,False,False,False,0
e01-tds1,HIDDEN_MARKOV,1042,False,False,True,True,False,False,0
e01-tds1,HIDDEN_MARKOV,1043,False,False,True,True,False,False,0
e01-tds1,HIDDEN_MARKOV,1044,False,False,True,True,False,False,0
e01-tds1,HIDDEN_MARKOV,1045,False,False,True,False,False,False,0
e01-tds1,HIDDEN_MARKOV,1046,False,False,True,False,False,False,0
e01-tds1,HIDDEN_MARKOV,1047,False,False,True,False,False,False,0
e01-tds1,HIDDEN_MARKOV,1048,False,False,True,True,False,False,0
e01-tds1,HIDDEN_MARKOV,1049,False,False,True,False,False,False,0
e01-tds1,HIDDEN_MARKOV,1050,False,False,True,False,False,False,0
e01-tds1,HIDDEN_MARKOV,1051,False,False,True,False,False,False,0
e01-tds1,HIDDEN_MARKOV,1052,True,False,True,False,False,False,0
e01-tds1,HIDDEN_MARKOV,1053,False,False,True,False,False,False,0
e01-tds1,HIDDEN_MARKOV,1054,True,False,True,False,False,False,0
e01-tds1,HIDDEN_MARKOV,1055,False,False,True,False,False,False,0
e01-tds1,HIDDEN_MARKOV,1056,False,False,True,False,False,False,0
e01-tds1,HIDDEN_MARKOV,1057,False,False,True,False,False,False,0
e01-tds1,HIDDEN_MARKOV,1058,False,False,True,False,False,False,0
e01-tds1,HIDDEN_MARKOV,1059,False,False,True,False,False,False,0
e01-tds1,HIDDEN_MARKOV,1060,True,False,True,False,False,False,0
e01-tds1,HIDDEN_MARKOV,1061,False,False,True,True,False,False,0
e01-tds1,HIDDEN_MARKOV,1062,True,False,True,False,False,False,0
e01-tds1,HIDDEN_MARKOV,1063,False,False,True,True,False,False,0
e01-tds1,HIDDEN_MARKOV,1064,False,False,True,True,False,False,0
e01-tds1,HIDDEN_MARKOV,1065,False,False,True,False,False,False,0
e01-tds1,HIDDEN_MARKOV,1066,False,False,True,False,False,False,0
e01-tds1,HIDDEN_MARKOV,1067,False,False,True,False,False,False,0
e01-tds1,HIDDEN_MARKOV,1068,False,False,True,False,False,False,0
e01-tds1,HIDDEN_MARKOV,1069,False,False,True,False,False,False,0
e01-tds1,HIDDEN_MARKOV,1070,False,False,True,False,False,False,0
e01-tds1,HIDDEN_MARKOV,1071,False,False,True,False,False,False,0
e01-tds1,HIDDEN_MARKOV,1072,False,False,True,True,False,False,0
e01-tds1,HIDDEN_MARKOV,1073,False,False,True,True,False,False,0
e01-tds1,HIDDEN_MARKOV,1074,False,False,True,False,False,False,0
e01-tds1,HIDDEN_MARKOV,1075,False,False,True,False,False,False,0
e01-tds1,HIDDEN_MARKOV,1076,False,False,True,False,False,False,0
e01-tds1,HIDDEN_MARKOV,1077,False,False,True,False,False,False,0
e01-tds1,HIDDEN_MARKOV,1078,False,False,True,False,False,False,0
e01-tds1,HIDDEN_MARKOV,1079,False,False,True,True,False,False,0
e01-tds1,HIDDEN_MARKOV,1080,False,False,True,False,False,False,0
e01-tds1,HIDDEN_MARKOV,1081,False,False,True,False,False,False,0
e01-tds1,HIDDEN_MARKOV,1082,False,False,True,False,False,False,0
e01-tds1,HIDDEN_MARKOV,1083,False,False,True,False,False,False,0
e01-tds1,HIDDEN_MARKOV,1084,False,False,True,False,False,False,0
e01-tds1,HIDDEN_MARKOV,1085,False,False,True,False,False,False,0
e01-tds1,HIDDEN_MARKOV,1086,False,False,True,False,False,False,0
e01-tds1,HIDDEN_MARKOV,1087,False,False,True,False,False,False,0
e01-tds1,HIDDEN_MARKOV,1088,False,False,True,False,False,False,0
e01-tds1,HIDDEN_MARKOV,1089,False,False,True,True,False,False,0
e01-tds1,HIDDEN_MARKOV,1090,False,False,True,False,False,False,0
e01-tds1,HIDDEN_MARKOV,1091,False,False,True,False,False,False,0
e01-tds1,HIDDEN_MARKOV,1092,False,False,True,False,False,False,0
e01-tds1,HIDDEN_MARKOV,1093,False,False,True,False,False,False,0
e01-tds1,HIDDEN_MARKOV,1094,False,False,True,False,False,False,0
e01-tds1,HIDDEN_MARKOV,1095,False,False,True,False,False,False,0
e01-tds1,HIDDEN_MARKOV,1096,False,False,True,False,False,False,0
e01-tds1,HIDDEN_MARKOV,1097,False,False,True,False,False,False,0
e01-tds1,HIDDEN_MARKOV,1098,False,False,True,False,False,False,0
e01-tds1,HIDDEN_MARKOV,1099,True,False,True,False,False,False,0
e01-tds1,HIDDEN_MARKOV,1100,False,False,True,False,False,False,0
e01-tds1,HIDDEN_MARKOV,1101,False,False,True,False,False,False,0
e01-tds1,HIDDEN_MARKOV,1102,False,False,True,False,False,False,0
e01-tds1,HIDDEN_MARKOV,1103,False,False,True,True,False,False,0
e01-tds1,HIDDEN_MARKOV,1104,False,False,True,True,False,False,0
e01-tds1,HIDDEN_MARKOV,1105,False,False,True,False,False,False,0
e01-tds1,HIDDEN_MARKOV,1106,False,False,True,False,False,False,0
e01-tds1,HIDDEN_MARKOV,1107,False,False,True,False,False,False,0
e01-tds1,HIDDEN_MARKOV,1108,False,False,True,False,False,False,0
e01-tds1,HIDDEN_MARKOV,1109,True,False,True,False,False,False,0
e01-tds1,HIDDEN_MARKOV,1110,False,False,True,False,False,False,0
e01-tds1,HIDDEN_MARKOV,1111,False,False,True,False,False,False,0
e01-tds1,HIDDEN_MARKOV,1112,False,False,True,False,False,False,0
e01-tds1,HIDDEN_MARKOV,1113,False,False,True,False,False,False,0
e01-tds1,HIDDEN_MARKOV,1114,False,False,True,False,False,False,0
e01-tds1,HIDDEN_MARKOV,1115,False,False,True,False,False,False,0
e01-tds1,HIDDEN_MARKOV,1116,False,False,True,True,False,False,0
e01-tds1,HIDDEN_MARKOV,1117,False,False,True,False,False,False,0
e01-tds1,HIDDEN_MARKOV,1118,False,False,True,False,False,False,0
e01-tds1,HIDDEN_MARKOV,1119,False,False,True,False,False,False,0
e01-tds1,HIDDEN_MARKOV,1120,False,False,True,True,False,False,0
e01-tds1,HIDDEN_MARKOV,1121,False,False,True,True,False,False,0
e01-tds1,HIDDEN_MARKOV,1122,False,False,True,True,False,False,0
e01-tds1,HIDDEN_MARKOV,1123,False,False,True,True,False,False,0
e01-tds1,HIDDEN_MARKOV,1124,False,False,True,False,False,False,0
e01-tds1,HIDDEN_MARKOV,1125,False,False,True,True,False,False,0
e01-tds1,HIDDEN_MARKOV,1126,False,False,True,False,False,False,0
e01-tds1,HIDDEN_MARKOV,1127,False,False,True,True,False,False,0
e01-tds1,HIDDEN_MARKOV,1128,False,False,True,True,False,False,0
e01-tds1,HIDDEN_MARKOV,1129,False,False,True,False,False,False,0
e01-tds1,HIDDEN_MARKOV,1130,False,True,True,False,False,False,0
e01-tds1,HIDDEN_MARKOV,1131,True,False,True,False,False,False,0
e01-tds1,HIDDEN_MARKOV,1132,False,False,True,False,False,False,0
e01-tds1,HIDDEN_MARKOV,1133,False,False,True,False,False,False,0
e01-tds1,HIDDEN_MARKOV,1134,False,False,True,True,False,False,0
e01-tds1,HIDDEN_MARKOV,1135,True,False,True,False,False,False,0
e01-tds1,HIDDEN_MARKOV,1136,False,False,True,False,False,False,0
e01-tds1,HIDDEN_MARKOV,1137,False,True,True,False,False,False,0
e01-tds1,HIDDEN_MARKOV,1138,False,False,True,False,False,False,0
e01-tds1,HIDDEN_MARKOV,1139,False,False,True,False,False,False,0
e01-tds1,HIDDEN_MARKOV,1140,False,False,True,True,False,False,0
e01-tds1,HIDDEN_MARKOV,1141,False,False,True,False,False,False,0
e01-tds1,HIDDEN_MARKOV,1142,False,False,True,False,False,False,0
e01-tds1,HIDDEN_MARKOV,1143,False,False,True,True,False,False,0
e01-tds1,HIDDEN_MARKOV,1144,False,False,True,True,False,False,0
e01-tds1,HIDDEN_MARKOV,1145,False,False,True,True,False,False,0
e01-tds1,HIDDEN_MARKOV,1146,False,False,True,False,False,False,0
e01-tds1,HIDDEN_MARKOV,1147,False,False,True,False,False,False,0
e01-tds1,HIDDEN_MARKOV,1148,False,False,True,False,False,False,0
e01-tds1,HIDDEN_MARKOV,1149,False,False,True,False,False,False,0
e01-tds1,HIDDEN_MARKOV,1150,False,False,True,True,False,False,0
e01-tds1,HIDDEN_MARKOV,1151,True,False,True,False,False,False,0
e01-tds1,HIDDEN_MARKOV,1152,False,False,True,True,False,False,0
e01-tds1,HIDDEN_MARKOV,1153,False,False,True,False,False,False,0
e01-tds1,HIDDEN_MARKOV,1154,False,False,True,False,False,False,0
e01-tds1,HIDDEN_MARKOV,1155,True,False,True,True,False,False,0
e01-tds1,HIDDEN_MARKOV,1156,False,False,True,False,False,False,0
e01-tds1,HIDDEN_MARKOV,1157,False,False,True,False,False,False,0
e01-tds1,HIDDEN_MARKOV,1158,True,False,True,False,False,False,0
e01-tds1,HIDDEN_MARKOV,1159,False,False,True,False,False,False,0
e01-tds1,HIDDEN_MARKOV,1160,True,False,True,False,False,False,0
e01-tds1,HIDDEN_MARKOV,1161,True,False,True,False,False,False,0
e01-tds1,HIDDEN_MARKOV,1162,False,False,True,False,False,False,0
e01-tds1,HIDDEN_MARKOV,1163,False,False,True,False,False,False,0
e01-tds1,HIDDEN_MARKOV,1164,False,False,True,False,False,False,0
e01-tds1,HIDDEN_MARKOV,1165,False,False,True,True,False,False,0
e01-tds1,HIDDEN_MARKOV,1166,False,False,True,True,False,False,0
e01-tds1,HIDDEN_MARKOV,1167,False,False,True,False,False,False,0
e01-tds1,HIDDEN_MARKOV,1168,False,False,True,False,False,False,0
e01-tds1,HIDDEN_MARKOV,1169,False,False,True,False,False,False,0
e01-tds1,HIDDEN_MARKOV,1170,False,False,True,False,False,False,0
e01-tds1,HIDDEN_MARKOV,1171,False,False,True,False,False,False,0
e01-tds1,HIDDEN_MARKOV,1172,False,False,True,False,False,False,0
e01-tds1,HIDDEN_MARKOV,1173,False,False,True,False,False,False,0
e01-tds1,HIDDEN_MARKOV,1174,False,False,True,False,False,False,0
e01-tds1,HIDDEN_MARKOV,1175,True,False,True,False,False,False,0
e01-tds1,HIDDEN_MARKOV,1176,True,False,True,False,False,False,0
e01-tds1,HIDDEN_MARKOV,1177,False,False,True,False,False,False,0
e01-tds1,HIDDEN_MARKOV,1178,False,False,True,False,False,False,0
e01-tds1,HIDDEN_MARKOV,1179,True,False,True,False,False,False,0
e01-tds1,HIDDEN_MARKOV,1180,False,False,True,True,False,False,0
e01-tds1,HIDDEN_MARKOV,1181,False,False,True,False,False,False,0
e01-tds1,HIDDEN_MARKOV,1182,False,False,True,False,False,False,0
e01-tds1,HIDDEN_MARKOV,1183,False,False,True,False,False,False,0
e01-tds1,HIDDEN_MARKOV,1184,False,False,True,True,False,False,0
e01-tds1,HIDDEN_MARKOV,1185,False,False,True,False,False,False,0
e01-tds1,HIDDEN_MARKOV,1186,False,False,True,False,False,False,0
e01-tds1,HIDDEN_MARKOV,1187,False,False,True,False,False,False,0
e01-tds1,HIDDEN_MARKOV,1188,True,False,True,False,False,False,0
e01-tds1,HIDDEN_MARKOV,1189,True,False,True,False,False,False,0
e01-tds1,HIDDEN_MARKOV,1190,False,False,True,True,False,False,0
e01-tds1,HIDDEN_MARKOV,1191,False,False,True,False,False,False,0
e01-tds1,HIDDEN_MARKOV,1192,False,False,True,False,False,False,0
e01-tds1,HIDDEN_MARKOV,1193,False,False,True,False,False,False,0
e01-tds1,HIDDEN_MARKOV,1194,True,False,True,False,False,False,0
e01-tds1,HIDDEN_MARKOV,1195,False,False,True,False,False,False,0
e01-tds1,HIDDEN_MARKOV,1196,False,False,True,True,False,False,0
e01-tds1,HIDDEN_MARKOV,1197,True,False,True,False,False,False,0
e01-tds1,HIDDEN_MARKOV,1198,True,False,True,False,False,False,0
e01-tds1,HIDDEN_MARKOV,1199,False,False,True,False,False,False,0
e01-tds1,HIDDEN_MARKOV,1200,True,False,True,False,False,False,0
e01-tds1,HIDDEN_MARKOV,1201,False,False,True,False,False,False,0
e01-tds1,HIDDEN_MARKOV,1202,False,False,True,False,False,False,0
e01-tds1,HIDDEN_MARKOV,1203,False,False,True,False,False,False,0
e01-tds1,HIDDEN_MARKOV,1204,False,False,True,False,False,False,0
e01-tds1,HIDDEN_MARKOV,1205,False,False,True,False,False,False,0
e01-tds1,HIDDEN_MARKOV,1206,False,False,True,False,False,False,0
e01-tds1,HIDDEN_MARKOV,1207,True,False,True,False,False,False,0
e01-tds1,HIDDEN_MARKOV,1208,False,False,True,False,False,False,0
e01-tds1,HIDDEN_MARKOV,1209,False,False,True,True,False,False,0
e01-tds1,HIDDEN_MARKOV,1210,False,False,True,False,False,False,0
e01-tds1,HIDDEN_MARKOV,1211,True,False,True,True,False,False,0
e01-tds1,HIDDEN_MARKOV,1212,False,False,True,False,False,False,0
e01-tds1,HIDDEN_MARKOV,1213,False,False,True,False,False,False,0
e01-tds1,HIDDEN_MARKOV,1214,False,False,True,True,False,False,0
e01-tds1,HIDDEN_MARKOV,1215,False,True,True,False,False,False,0
e01-tds1,HIDDEN_MARKOV,1216,False,False,True,False,False,False,0
e01-tds1,HIDDEN_MARKOV,1217,False,False,True,False,False,False,0
e01-tds1,HIDDEN_MARKOV,1218,False,False,True,False,False,False,0
e01-tds1,HIDDEN_MARKOV,1219,False,False,True,False,False,False,0
e01-tds1,HIDDEN_MARKOV,1220,False,False,True,False,False,False,0
e01-tds1,HIDDEN_MARKOV,1221,True,False,True,False,False,False,0
e01-tds1,HIDDEN_MARKOV,1222,False,False,True,False,False,False,0
e01-tds1,HIDDEN_MARKOV,1223,False,False,True,True,False,False,0
e01-tds1,HIDDEN_MARKOV,1224,False,False,True,False,False,False,0
e01-tds1,HIDDEN_MARKOV,1225,False,False,True,False,False,False,0
e01-tds1,HIDDEN_MARKOV,1226,False,False,True,False,False,False,0
e01-tds1,HIDDEN_MARKOV,1227,False,False,True,False,False,False,0
e01-tds1,HIDDEN_MARKOV,1228,False,False,True,False,False,False,0
e01-tds1,HIDDEN_MARKOV,1229,False,False,True,False,False,False,0
e01-tds1,HIDDEN_MARKOV,1230,False,False,True,True,False,False,0
e01-tds1,HIDDEN_MARKOV,1231,False,False,True,False,False,False,0
e01-tds1,HIDDEN_MARKOV,1232,False,False,True,False,False,False,0
e01-tds1,HIDDEN_MARKOV,1233,False,False,True,False,False,False,0
e01-tds1,HIDDEN_MARKOV,1234,True,False,True,False,False,False,0
e01-tds1,HIDDEN_MARKOV,1235,False,False,True,False,False,False,0
e01-tds1,HIDDEN_MARKOV,1236,False,False,True,False,False,False,0
e01-tds1,HIDDEN_MARKOV,1237,False,False,True,False,False,False,0
e01-tds1,HIDDEN_MARKOV,1238,False,False,True,True,False,False,0
e01-tds1,HIDDEN_MARKOV,1239,False,False,True,False,False,False,0
e01-tds1,HIDDEN_MARKOV,1240,True,False,True,False,False,False,0
e01-tds1,HIDDEN_MARKOV,1241,False,False,True,False,False,False,0
e01-tds1,HIDDEN_MARKOV,1242,False,False,True,True,False,False,0
e01-tds1,HIDDEN_MARKOV,1243,False,False,True,True,False,False,0
e01-tds1,HIDDEN_MARKOV,1244,False,False,True,False,False,False,0
e01-tds1,HIDDEN_MARKOV,1245,False,False,True,False,False,False,0
e01-tds1,HIDDEN_MARKOV,1246,False,False,True,False,False,False,0
e01-tds1,HIDDEN_MARKOV,1247,False,False,True,False,False,False,0
e01-tds1,HIDDEN_MARKOV,1248,False,False,True,False,False,False,0
e01-tds1,HIDDEN_MARKOV,1249,False,False,True,False,False,False,0
e01-tds1,HIDDEN_MARKOV,1250,False,False,True,False,False,False,0
e01-tds1,HIDDEN_MARKOV,1251,False,False,True,False,False,False,0
e01-tds1,HIDDEN_MARKOV,1252,False,False,True,False,False,False,0
e01-tds1,HIDDEN_MARKOV,1253,False,False,True,True,False,False,0
e01-tds1,HIDDEN_MARKOV,1254,False,False,True,True,False,False,0
e01-tds1,HIDDEN_MARKOV,1255,False,False,True,False,False,False,0
e01-tds1,HIDDEN_MARKOV,1256,False,False,True,False,False,False,0
e01-tds1,HIDDEN_MARKOV,1257,False,False,True,False,False,False,0
e01-tds1,HIDDEN_MARKOV,1258,False,False,True,False,False,False,0
e01-tds1,HIDDEN_MARKOV,1259,False,False,True,False,False,False,0
e01-tds1,HIDDEN_MARKOV,1260,False,False,True,True,False,False,0
e01-tds1,HIDDEN_MARKOV,1261,False,False,True,False,False,False,0
e01-tds1,HIDDEN_MARKOV,1262,False,False,True,False,False,False,0
e01-tds1,HIDDEN_MARKOV,1263,False,False,True,False,False,False,0
e01-tds1,HIDDEN_MARKOV,1264,False,False,True,False,False,False,0
e01-tds1,HIDDEN_MARKOV,1265,False,False,True,False,False,False,0
e01-tds1,HIDDEN_MARKOV,1266,True,False,True,False,False,False,0
e01-tds1,HIDDEN_MARKOV,1267,False,False,True,False,False,False,0
e01-tds1,HIDDEN_MARKOV,1268,False,False,True,False,False,False,0
e01-tds1,HIDDEN_MARKOV,1269,False,False,True,False,False,False,0
e01-tds1,HIDDEN_MARKOV,1270,True,False,True,False,False,False,0
e01-tds1,HIDDEN_MARKOV,1271,False,False,True,False,False,False,0
e01-tds1,HIDDEN_MARKOV,1272,True,False,True,False,False,False,0
e01-tds1,HIDDEN_MARKOV,1273,False,False,True,True,False,False,0
e01-tds1,HIDDEN_MARKOV,1274,False,False,True,False,False,False,0
e01-tds1,HIDDEN_MARKOV,1275,False,False,True,False,False,False,0
e01-tds1,HIDDEN_MARKOV,1276,True,False,True,False,False,False,0
e01-tds1,HIDDEN_MARKOV,1277,False,False,True,False,False,False,0
e01-tds1,HIDDEN_MARKOV,1278,False,False,True,False,False,False,0
e01-tds1,HIDDEN_MARKOV,1279,False,False,True,False,False,False,0
e01-tds1,HIDDEN_MARKOV,1280,False,False,True,False,False,False,0
e01-tds1,HIDDEN_MARKOV,1281,False,False,True,False,False,False,0
e01-tds1,HIDDEN_MARKOV,1282,False,False,True,False,False,False,0
e01-tds1,HIDDEN_MARKOV,1283,False,False,True,False,False,False,0
e01-tds1,HIDDEN_MARKOV,1284,True,False,True,True,False,False,0
e01-tds1,HIDDEN_MARKOV,1285,False,False,True,False,False,False,0
e01-tds1,HIDDEN_MARKOV,1286,True,False,True,False,False,False,0
e01-tds1,HIDDEN_MARKOV,1287,False,False,True,False,False,False,0
e01-tds1,HIDDEN_MARKOV,1288,False,False,True,False,False,False,0
e01-tds1,HIDDEN_MARKOV,1289,False,False,True,False,False,False,0
e01-tds1,HIDDEN_MARKOV,1290,False,False,True,False,False,False,0
e01-tds1,HIDDEN_MARKOV,1291,False,False,True,False,False,False,0
e01-tds1,HIDDEN_MARKOV,1292,False,False,True,False,False,False,0
e01-tds1,HIDDEN_MARKOV,1293,False,False,True,False,False,False,0
e01-tds1,HIDDEN_MARKOV,1294,False,False,True,False,False,False,0
e01-tds1,HIDDEN_MARKOV,1295,False,False,True,False,False,False,0
e01-tds1,HIDDEN_MARKOV,1296,False,False,True,False,False,False,0
e01-tds1,HIDDEN_MARKOV,1297,False,False,True,False,False,False,0
e01-tds1,HIDDEN_MARKOV,1298,False,False,True,False,False,False,0
e01-tds1,HIDDEN_MARKOV,1299,False,False,True,False,False,False,0
e01-tds1,HIDDEN_MARKOV,1300,False,False,True,False,False,False,0
e01-tds1,HIDDEN_MARKOV,1301,False,False,True,False,False,False,0
e01-tds1,HIDDEN_MARKOV,1302,False,False,True,False,False,False,0
e01-tds1,HIDDEN_MARKOV,1303,False,False,True,True,False,False,0
e01-tds1,HIDDEN_MARKOV,1304,False,False,True,False,False,False,0
e01-tds1,HIDDEN_MARKOV,1305,False,False,True,False,False,False,0
e01-tds1,HIDDEN_MARKOV,1306,False,False,True,False,False,False,0
e01-tds1,HIDDEN_MARKOV,1307,False,False,True,False,False,False,0
e01-tds1,HIDDEN_MARKOV,1308,False,False,True,False,False,False,0
e01-tds1,HIDDEN_MARKOV,1309,False,False,True,False,False,False,0
e01-tds1,HIDDEN_MARKOV,1310,False,False,True,False,False,False,0
e01-tds1,HIDDEN_MARKOV,1311,False,False,True,False,False,False,0
e01-tds1,HIDDEN_MARKOV,1312,False,False,True,False,False,False,0
e01-tds1,HIDDEN_MARKOV,1313,True,False,True,False,False,False,0
e01-tds1,HIDDEN_MARKOV,1314,False,False,True,False,False,False,0
e01-tds1,HIDDEN_MARKOV,1315,False,False,True,False,False,False,0
e01-tds1,HIDDEN_MARKOV,1316,True,False,True,False,False,False,0
e01-tds1,HIDDEN_MARKOV,1317,False,False,True,False,False,False,0
e01-tds1,HIDDEN_MARKOV,1318,False,False,True,False,False,False,0
e01-tds1,HIDDEN_MARKOV,1319,True,False,True,False,False,False,0
e01-tds1,HIDDEN_MARKOV,1320,False,True,True,False,False,False,0
e01-tds1,HIDDEN_MARKOV,1321,False,False,True,False,False,False,0
e01-tds1,HIDDEN_MARKOV,1322,True,False,True,False,False,False,0
e01-tds1,HIDDEN_MARKOV,1323,False,False,True,False,False,False,0
e01-tds1,HIDDEN_MARKOV,1324,False,False,True,False,False,False,0
e01-tds1,HIDDEN_MARKOV,1325,False,False,True,False,False,False,0
e01-tds1,HIDDEN_MARKOV,1326,False,False,True,False,False,False,0
e01-tds1,HIDDEN_MARKOV,1327,False,False,True,False,False,False,0
e01-tds1,HIDDEN_MARKOV,1328,True,False,True,False,False,False,0
e01-tds1,HIDDEN_MARKOV,1329,False,False,True,False,False,False,0
e01-tds1,HIDDEN_MARKOV,1330,False,False,True,False,False,False,0
e01-tds1,HIDDEN_MARKOV,1331,False,False,True,False,False,False,0
e01-tds1,HIDDEN_MARKOV,1332,True,False,True,False,False,False,0
e01-tds1,HIDDEN_MARKOV,1333,False,False,True,False,False,False,0
e01-tds1,HIDDEN_MARKOV,1334,False,False,True,False,False,False,0
e01-tds1,HIDDEN_MARKOV,1335,True,True,True,False,False,False,0
e01-tds1,HIDDEN_MARKOV,1336,False,False,True,False,False,False,0
e01-tds1,HIDDEN_MARKOV,1337,False,False,True,False,False,False,0
e01-tds1,HIDDEN_MARKOV,1338,False,False,True,False,False,False,0
e01-tds1,HIDDEN_MARKOV,1339,False,False,True,False,False,False,0
e01-tds1,HIDDEN_MARKOV,1340,False,False,True,True,False,False,0
e01-tds1,HIDDEN_MARKOV,1341,False,False,True,False,False,False,0
e01-tds1,HIDDEN_MARKOV,1342,False,False,True,False,False,False,0
e01-tds1,HIDDEN_MARKOV,1343,False,False,True,False,False,False,0
e01-tds1,HIDDEN_MARKOV,1344,False,False,True,False,False,False,0
e01-tds1,HIDDEN_MARKOV,1345,False,False,True,False,False,False,0
e01-tds1,HIDDEN_MARKOV,1346,False,False,True,True,False,False,0
e01-tds1,HIDDEN_MARKOV,1347,False,False,True,False,False,False,0
e01-tds1,HIDDEN_MARKOV,1348,False,False,True,True,False,False,0
e01-tds1,HIDDEN_MARKOV,1349,False,False,True,False,False,False,0
e01-tds1,HIDDEN_MARKOV,1350,False,False,True,False,False,False,0
e01-tds1,HIDDEN_MARKOV,1351,False,False,True,False,False,False,0
e01-tds1,HIDDEN_MARKOV,1352,False,False,True,False,False,False,0
e01-tds1,HIDDEN_MARKOV,1353,False,False,True,False,False,False,0
e01-tds1,HIDDEN_MARKOV,1354,True,False,True,False,False,False,0
e01-tds1,HIDDEN_MARKOV,1355,False,False,True,False,False,False,0
e01-tds1,HIDDEN_MARKOV,1356,False,False,True,False,False,False,0
e01-tds1,HIDDEN_MARKOV,1357,True,False,True,False,False,False,0
e01-tds1,HIDDEN_MARKOV,1358,False,False,True,True,False,False,0
e01-tds1,HIDDEN_MARKOV,1359,False,False,True,True,False,False,0
e01-tds1,HIDDEN_MARKOV,1360,False,False,True,False,False,False,0
e01-tds1,HIDDEN_MARKOV,1361,True,False,True,False,False,False,0
e01-tds1,HIDDEN_MARKOV,1362,True,True,True,False,False,False,0
e01-tds1,HIDDEN_MARKOV,1363,False,False,True,False,False,False,0
e01-tds1,HIDDEN_MARKOV,1364,True,False,True,False,False,False,0
e01-tds1,HIDDEN_MARKOV,1365,False,False,True,False,False,False,0
e01-tds1,HIDDEN_MARKOV,1366,False,False,True,True,False,False,0
e01-tds1,HIDDEN_MARKOV,1367,False,False,True,True,False,False,0
e01-tds1,HIDDEN_MARKOV,1368,False,False,True,False,False,False,0
e01-tds1,HIDDEN_MARKOV,1369,False,False,True,True,False,False,0
e01-tds1,HIDDEN_MARKOV,1370,False,False,True,False,False,False,0
e01-tds1,HIDDEN_MARKOV,1371,False,False,True,False,False,False,0
e01-tds1,HIDDEN_MARKOV,1372,False,False,True,True,False,False,0
e01-tds1,HIDDEN_MARKOV,1373,False,False,True,False,False,False,0
e01-tds1,HIDDEN_MARKOV,1374,False,False,True,False,False,False,0
e01-tds1,HIDDEN_MARKOV,1375,True,False,True,False,False,False,0
e01-tds1,HIDDEN_MARKOV,1376,False,False,True,False,False,False,0
e01-tds1,HIDDEN_MARKOV,1377,False,False,True,False,False,False,0
e01-tds1,HIDDEN_MARKOV,1378,False,False,True,False,False,False,0
e01-tds1,HIDDEN_MARKOV,1379,False,False,True,False,False,False,0
e01-tds1,HIDDEN_MARKOV,1380,False,False,True,True,False,False,0
e01-tds1,HIDDEN_MARKOV,1381,False,False,True,True,False,False,0
e01-tds1,HIDDEN_MARKOV,1382,False,False,True,False,False,False,0
e01-tds1,HIDDEN_MARKOV,1383,False,False,True,False,False,False,0
e01-tds1,HIDDEN_MARKOV,1384,True,False,True,False,False,False,0
e01-tds1,HIDDEN_MARKOV,1385,False,False,True,False,False,False,0
e01-tds1,HIDDEN_MARKOV,1386,False,False,True,True,False,False,0
e01-tds1,HIDDEN_MARKOV,1387,False,False,True,False,False,False,0
e01-tds1,HIDDEN_MARKOV,1388,False,False,True,True,False,False,0
e01-tds1,HIDDEN_MARKOV,1389,False,False,True,True,False,False,0
e01-tds1,HIDDEN_MARKOV,1390,True,False,True,False,False,False,0
e01-tds1,HIDDEN_MARKOV,1391,False,False,True,False,False,False,0
e01-tds1,HIDDEN_MARKOV,1392,False,False,True,False,False,False,0
e01-tds1,HIDDEN_MARKOV,1393,False,False,True,False,False,False,0
e01-tds1,HIDDEN_MARKOV,1394,False,False,True,False,False,False,0
e01-tds1,HIDDEN_MARKOV,1395,False,False,True,False,False,False,0
e01-tds1,HIDDEN_MARKOV,1396,False,False,True,False,False,False,0
e01-tds1,HIDDEN_MARKOV,1397,False,False,True,True,False,False,0
e01-tds1,HIDDEN_MARKOV,1398,False,False,True,False,False,False,0
e01-tds1,HIDDEN_MARKOV,1399,False,False,True,True,False,False,0
e01-tds1,HIDDEN_MARKOV,1400,True,False,True,False,False,False,0
e01-tds1,HIDDEN_MARKOV,1401,False,False,True,False,False,False,0
e01-tds1,HIDDEN_MARKOV,1402,False,False,True,False,False,False,0
e01-tds1,HIDDEN_MARKOV,1403,False,False,True,False,False,False,0
e01-tds1,HIDDEN_MARKOV,1404,False,False,True,False,False,False,0
e01-tds1,HIDDEN_MARKOV,1405,False,False,True,False,False,False,0
e01-tds1,HIDDEN_MARKOV,1406,False,False,True,True,False,False,0
e01-tds1,HIDDEN_MARKOV,1407,False,False,True,False,False,False,0
e01-tds1,HIDDEN_MARKOV,1408,False,False,True,False,False,False,0
e01-tds1,HIDDEN_MARKOV,1409,False,False,True,False,False,False,0
e01-tds1,HIDDEN_MARKOV,1410,False,False,True,True,False,False,0
e01-tds1,HIDDEN_MARKOV,1411,False,False,True,True,False,False,0
e01-tds1,HIDDEN_MARKOV,1412,True,False,True,False,False,False,0
e01-tds1,HIDDEN_MARKOV,1413,True,False,True,False,False,False,0
e01-tds1,HIDDEN_MARKOV,1414,True,False,True,False,False,False,0
e01-tds1,HIDDEN_MARKOV,1415,False,False,True,False,False,False,0
e01-tds1,HIDDEN_MARKOV,1416,True,False,True,False,False,False,0
e01-tds1,HIDDEN_MARKOV,1417,False,False,True,True,False,False,0
e01-tds1,HIDDEN_MARKOV,1418,False,False,True,False,False,False,0
e01-tds1,HIDDEN_MARKOV,1419,False,False,True,False,False,False,0
e01-tds1,HIDDEN_MARKOV,1420,False,False,True,False,False,False,0
e01-tds1,HIDDEN_MARKOV,1421,False,False,True,False,False,False,0
e01-tds1,HIDDEN_MARKOV,1422,False,False,True,False,False,False,0
e01-tds1,HIDDEN_MARKOV,1423,False,False,True,False,False,False,0
e01-tds1,HIDDEN_MARKOV,1424,False,False,True,False,False,False,0
e01-tds1,HIDDEN_MARKOV,1425,False,False,True,False,False,False,0
e01-tds1,HIDDEN_MARKOV,1426,False,False,True,False,False,False,0
e01-tds1,HIDDEN_MARKOV,1427,False,False,True,False,False,False,0
e01-tds1,HIDDEN_MARKOV,1428,False,False,True,False,False,False,0
e01-tds1,HIDDEN_MARKOV,1429,True,False,True,False,False,False,0
e01-tds1,HIDDEN_MARKOV,1430,False,False,True,True,False,False,0
e01-tds1,HIDDEN_MARKOV,1431,False,False,True,False,False,False,0
e01-tds1,HIDDEN_MARKOV,1432,True,False,True,False,False,False,0
e01-tds1,HIDDEN_MARKOV,1433,False,False,True,True,False,False,0
e01-tds1,HIDDEN_MARKOV,1434,False,False,True,False,False,False,0
e01-tds1,HIDDEN_MARKOV,1435,False,False,True,False,False,False,0
e01-tds1,HIDDEN_MARKOV,1436,False,False,True,False,False,False,0
e01-tds1,HIDDEN_MARKOV,1437,False,False,True,False,False,False,0
e01-tds1,HIDDEN_MARKOV,1438,False,False,True,False,False,False,0
e01-tds1,HIDDEN_MARKOV,1439,False,False,True,False,False,False,0
e01-tds1,HIDDEN_MARKOV,1440,False,False,True,False,False,False,0
e01-tds1,HIDDEN_MARKOV,1441,False,False,True,False,False,False,0
e01-tds1,HIDDEN_MARKOV,1442,False,False,True,False,False,False,0
e01-tds1,HIDDEN_MARKOV,1443,False,False,True,True,False,False,0
e01-tds1,HIDDEN_MARKOV,1444,False,False,True,False,False,False,0
e01-tds1,HIDDEN_MARKOV,1445,False,False,True,True,False,False,0
e01-tds1,HIDDEN_MARKOV,1446,False,False,True,False,False,False,0
e01-tds1,HIDDEN_MARKOV,1447,False,False,True,False,False,False,0
e01-tds1,HIDDEN_MARKOV,1448,False,False,True,False,False,False,0
e01-tds1,HIDDEN_MARKOV,1449,False,False,True,True,False,False,0
e01-tds1,HIDDEN_MARKOV,1450,False,False,True,False,False,False,0
e01-tds1,HIDDEN_MARKOV,1451,False,False,True,False,False,False,0
e01-tds1,HIDDEN_MARKOV,1452,False,False,True,False,False,False,0
e01-tds1,HIDDEN_MARKOV,1453,False,False,True,False,False,False,0
e01-tds1,HIDDEN_MARKOV,1454,False,False,True,False,False,False,0
e01-tds1,HIDDEN_MARKOV,1455,False,False,True,False,False,False,0
e01-tds1,HIDDEN_MARKOV,1456,False,False,True,False,False,False,0
e01-tds1,HIDDEN_MARKOV,1457,False,False,True,True,False,False,0
e01-tds1,HIDDEN_MARKOV,1458,False,False,True,False,False,False,0
e01-tds1,HIDDEN_MARKOV,1459,False,False,True,False,False,False,0
e01-tds1,HIDDEN_MARKOV,1460,False,False,True,False,False,False,0
e01-tds1,HIDDEN_MARKOV,1461,False,False,True,True,False,False,0
e01-tds1,HIDDEN_MARKOV,1462,False,False,True,False,False,False,0
e01-tds1,HIDDEN_MARKOV,1463,False,False,True,False,False,False,0
e01-tds1,HIDDEN_MARKOV,1464,False,False,True,False,False,False,0
e01-tds1,HIDDEN_MARKOV,1465,False,False,True,False,False,False,0
e01-tds1,HIDDEN_MARKOV,1466,False,False,True,False,False,False,0
e01-tds1,HIDDEN_MARKOV,1467,False,False,True,False,False,False,0
e01-tds1,HIDDEN_MARKOV,1468,True,False,True,True,False,False,0
e01-tds1,HIDDEN_MARKOV,1469,False,False,True,False,False,False,0
e01-tds1,HIDDEN_MARKOV,1470,False,False,True,False,False,False,0
e01-tds1,HIDDEN_MARKOV,1471,False,False,True,True,False,False,0
e01-tds1,HIDDEN_MARKOV,1472,False,False,True,True,False,False,0
e01-tds1,HIDDEN_MARKOV,1473,False,False,True,False,False,False,0
e01-tds1,HIDDEN_MARKOV,1474,False,False,True,True,False,False,0
e01-tds1,HIDDEN_MARKOV,1475,False,False,True,False,False,False,0
e01-tds1,HIDDEN_MARKOV,1476,False,False,True,False,False,False,0
e01-tds1,HIDDEN_MARKOV,1477,False,False,True,False,False,False,0
e01-tds1,HIDDEN_MARKOV,1478,False,False,True,False,False,False,0
e01-tds1,HIDDEN_MARKOV,1479,True,False,True,False,False,False,0
e01-tds1,HIDDEN_MARKOV,1480,False,False,True,False,False,False,0
e01-tds1,HIDDEN_MARKOV,1481,False,False,True,False,False,False,0
e01-tds1,HIDDEN_MARKOV,1482,False,False,True,False,False,False,0
e01-tds1,HIDDEN_MARKOV,1483,False,False,True,False,False,False,0
e01-tds1,HIDDEN_MARKOV,1484,True,False,True,False,False,False,0
e01-tds1,HIDDEN_MARKOV,1485,True,False,True,False,False,False,0
e01-tds1,HIDDEN_MARKOV,1486,False,False,True,False,False,False,0
e01-tds1,HIDDEN_MARKOV,1487,False,False,True,False,False,False,0
e01-tds1,HIDDEN_MARKOV,1488,False,False,True,False,False,False,0
e01-tds1,HIDDEN_MARKOV,1489,False,False,True,True,False,False,0
e01-tds1,HIDDEN_MARKOV,1490,True,False,True,False,False,False,0
e01-tds1,HIDDEN_MARKOV,1491,False,False,True,False,False,False,0
e01-tds1,HIDDEN_MARKOV,1492,False,False,True,False,False,False,0
e01-tds1,HIDDEN_MARKOV,1493,False,False,True,False,False,False,0
e01-tds1,HIDDEN_MARKOV,1494,False,False,True,False,False,False,0
e01-tds1,HIDDEN_MARKOV,1495,False,False,True,False,False,False,0
e01-tds1,HIDDEN_MARKOV,1496,True,False,True,False,False,False,0
e01-tds1,HIDDEN_MARKOV,1497,False,False,True,False,False,False,0
e01-tds1,HIDDEN_MARKOV,1498,False,False,True,False,False,False,0
e01-tds1,HIDDEN_MARKOV,1499,True,False,True,False,False,False,0
e01-tds1,HIDDEN_MARKOV,1500,False,False,True,False,False,False,0
e01-tds1,HIDDEN_MARKOV,1501,False,False,True,True,False,False,0
e01-tds1,HIDDEN_MARKOV,1502,False,False,True,True,False,False,0
e01-tds1,HIDDEN_MARKOV,1503,True,False,True,False,False,False,0
e01-tds1,HIDDEN_MARKOV,1504,False,False,True,False,False,False,0
e01-tds1,HIDDEN_MARKOV,1505,False,False,True,False,False,False,0
e01-tds1,HIDDEN_MARKOV,1506,False,False,True,False,False,False,0
e01-tds1,HIDDEN_MARKOV,1507,False,False,True,False,False,False,0
e01-tds1,HIDDEN_MARKOV,1508,False,False,True,True,False,False,0
e01-tds1,HIDDEN_MARKOV,1509,False,False,True,False,False,False,0
e01-tds1,HIDDEN_MARKOV,1510,False,False,True,False,False,False,0
e01-tds1,HIDDEN_MARKOV,1511,False,True,True,False,False,False,0
e01-tds1,HIDDEN_MARKOV,1512,False,False,True,False,False,False,0
e01-tds1,HIDDEN_MARKOV,1513,False,False,True,False,False,False,0
e01-tds1,HIDDEN_MARKOV,1514,True,False,True,False,False,False,0
e01-tds1,HIDDEN_MARKOV,1515,False,True,True,False,False,False,0
e01-tds1,HIDDEN_MARKOV,1516,False,False,True,True,False,False,0
e01-tds1,HIDDEN_MARKOV,1517,True,False,True,True,False,False,0
e01-tds1,HIDDEN_MARKOV,1518,False,False,True,False,False,False,0
e01-tds1,HIDDEN_MARKOV,1519,False,False,True,False,False,False,0
e01-tds1,HIDDEN_MARKOV,1520,False,False,True,True,False,False,0
e01-tds1,HIDDEN_MARKOV,1521,True,False,True,False,False,False,0
e01-tds1,HIDDEN_MARKOV,1522,True,False,True,False,False,False,0
e01-tds1,HIDDEN_MARKOV,1523,False,False,True,False,False,False,0
e01-tds1,HIDDEN_MARKOV,1524,False,False,True,False,False,False,0
e01-tds1,HIDDEN_MARKOV,1525,False,False,True,False,False,False,0
e01-tds1,HIDDEN_MARKOV,1526,True,False,True,False,False,False,0
e01-tds1,HIDDEN_MARKOV,1527,False,False,True,False,False,False,0
e01-tds1,HIDDEN_MARKOV,1528,True,False,True,False,False,False,0
e01-tds1,HIDDEN_MARKOV,1529,True,False,True,False,False,False,0
e01-tds1,HIDDEN_MARKOV,1530,False,False,True,False,False,False,0
e01-tds1,HIDDEN_MARKOV,1531,True,False,True,False,False,False,0
e01-tds1,HIDDEN_MARKOV,1532,True,False,True,False,False,False,0
e01-tds1,HIDDEN_MARKOV,1533,False,False,True,False,False,False,0
e01-tds1,HIDDEN_MARKOV,1534,False,False,True,True,False,False,0
e01-tds1,HIDDEN_MARKOV,1535,False,False,True,False,False,False,0
e01-tds1,HIDDEN_MARKOV,1536,False,False,True,True,False,False,0
e01-tds1,HIDDEN_MARKOV,1537,True,False,True,False,False,False,0
e01-tds1,HIDDEN_MARKOV,1538,True,False,True,False,False,False,0
e01-tds1,HIDDEN_MARKOV,1539,False,False,True,False,False,False,0
e01-tds1,HIDDEN_MARKOV,1540,False,False,True,False,False,False,0
e01-tds1,HIDDEN_MARKOV,1541,False,False,True,False,False,False,0
e01-tds1,HIDDEN_MARKOV,1542,False,False,True,False,False,False,0
e01-tds1,HIDDEN_MARKOV,1543,False,False,True,False,False,False,0
e01-tds1,HIDDEN_MARKOV,1544,True,False,True,False,False,False,0
e01-tds1,HIDDEN_MARKOV,1545,False,False,True,False,False,False,0
e01-tds1,HIDDEN_MARKOV,1546,False,False,True,False,False,False,0
e01-tds1,HIDDEN_MARKOV,1547,False,False,True,False,False,False,0
e01-tds1,HIDDEN_MARKOV,1548,True,False,True,False,False,False,0
e01-tds1,HIDDEN_MARKOV,1549,False,False,True,False,False,False,0
e01-tds1,HIDDEN_MARKOV,1550,False,False,True,False,False,False,0
e01-tds1,HIDDEN_MARKOV,1551,False,False,True,False,False,False,0
e01-tds1,HIDDEN_MARKOV,1552,False,False,True,True,False,False,0
e01-tds1,HIDDEN_MARKOV,1553,False,False,True,False,False,False,0
e01-tds1,HIDDEN_MARKOV,1554,False,False,True,False,False,False,0
e01-tds1,HIDDEN_MARKOV,1555,False,False,True,False,False,False,0
e01-tds1,HIDDEN_MARKOV,1556,False,False,True,True,False,False,0
e01-tds1,HIDDEN_MARKOV,1557,False,False,True,False,False,False,0
e01-tds1,HIDDEN_MARKOV,1558,False,False,True,False,False,False,0
e01-tds1,HIDDEN_MARKOV,1559,True,False,True,True,False,False,0
e01-tds1,HIDDEN_MARKOV,1560,False,False,True,False,False,False,0
e01-tds1,HIDDEN_MARKOV,1561,True,False,True,False,False,False,0
e01-tds1,HIDDEN_MARKOV,1562,False,False,True,False,False,False,0
e01-tds1,HIDDEN_MARKOV,1563,False,False,True,False,False,False,0
e01-tds1,HIDDEN_MARKOV,1564,False,False,True,False,False,False,0
e01-tds1,HIDDEN_MARKOV,1565,False,False,True,True,False,False,0
e01-tds1,HIDDEN_MARKOV,1566,False,False,True,False,False,False,0
e01-tds1,HIDDEN_MARKOV,1567,False,False,True,False,False,False,0
e01-tds1,HIDDEN_MARKOV,1568,False,False,True,False,False,False,0
e01-tds1,HIDDEN_MARKOV,1569,False,False,True,False,False,False,0
e01-tds1,HIDDEN_MARKOV,1570,True,False,True,False,False,False,0
e01-tds1,HIDDEN_MARKOV,1571,False,False,True,True,False,False,0
e01-tds1,HIDDEN_MARKOV,1572,False,False,True,False,False,False,0
e01-tds1,HIDDEN_MARKOV,1573,False,False,True,False,False,False,0
e01-tds1,HIDDEN_MARKOV,1574,True,False,True,False,False,False,0
e01-tds1,HIDDEN_MARKOV,1575,False,False,True,False,False,False,0
e01-tds1,HIDDEN_MARKOV,1576,False,False,True,False,False,False,0
e01-tds1,HIDDEN_MARKOV,1577,False,False,True,True,False,False,0
e01-tds1,HIDDEN_MARKOV,1578,False,False,True,False,False,False,0
e01-tds1,HIDDEN_MARKOV,1579,False,False,True,False,False,False,0
e01-tds1,HIDDEN_MARKOV,1580,False,False,True,False,False,False,0
e01-tds1,HIDDEN_MARKOV,1581,True,False,True,False,False,False,0
e01-tds1,HIDDEN_MARKOV,1582,False,False,True,False,False,False,0
e01-tds1,HIDDEN_MARKOV,1583,False,False,True,False,False,False,0
e01-tds1,HIDDEN_MARKOV,1584,False,False,True,False,False,False,0
e01-tds1,HIDDEN_MARKOV,1585,False,False,True,False,False,False,0
e01-tds1,HIDDEN_MARKOV,1586,False,False,True,False,False,False,0
e01-tds1,HIDDEN_MARKOV,1587,False,False,True,False,False,False,0
e01-tds1,HIDDEN_MARKOV,1588,False,False,True,False,False,False,0
e01-tds1,HIDDEN_MARKOV,1589,False,False,True,False,False,False,0
e01-tds1,HIDDEN_MARKOV,1590,False,False,True,False,False,False,0
e01-tds1,HIDDEN_MARKOV,1591,False,False,True,True,False,False,0
e01-tds1,HIDDEN_MARKOV,1592,False,False,True,False,False,False,0
e01-tds1,HIDDEN_MARKOV,1593,False,False,True,False,False,False,0
e01-tds1,HIDDEN_MARKOV,1594,False,False,True,False,False,False,0
e01-tds1,HIDDEN_MARKOV,1595,False,False,True,True,False,False,0
e01-tds1,HIDDEN_MARKOV,1596,False,False,True,False,False,False,0
e01-tds1,HIDDEN_MARKOV,1597,False,False,True,False,False,False,0
e01-tds1,HIDDEN_MARKOV,1598,False,False,True,False,False,False,0
e01-tds1,HIDDEN_MARKOV,1599,True,False,True,False,False,False,0
e01-tds1,HIDDEN_MARKOV,1600,True,False,True,False,False,False,0
e01-tds1,HIDDEN_MARKOV,1601,False,False,True,False,False,False,0
e01-tds1,HIDDEN_MARKOV,1602,True,False,True,False,False,False,0
e01-tds1,HIDDEN_MARKOV,1603,False,False,True,False,False,False,0
e01-tds1,HIDDEN_MARKOV,1604,False,False,True,False,False,False,0
e01-tds1,HIDDEN_MARKOV,1605,True,False,True,False,False,False,0
e01-tds1,HIDDEN_MARKOV,1606,False,False,True,False,False,False,0
e01-tds1,HIDDEN_MARKOV,1607,True,False,True,False,False,False,0
e01-tds1,HIDDEN_MARKOV,1608,False,False,True,False,False,False,0
e01-tds1,HIDDEN_MARKOV,1609,False,False,True,False,False,False,0
e01-tds1,HIDDEN_MARKOV,1610,False,False,True,True,False,False,0
e01-tds1,HIDDEN_MARKOV,1611,False,False,True,False,False,False,0
e01-tds1,HIDDEN_MARKOV,1612,False,False,True,False,False,False,0
e01-tds1,HIDDEN_MARKOV,1613,False,False,True,False,False,False,0
e01-tds1,HIDDEN_MARKOV,1614,False,False,True,True,False,False,0
e01-tds1,HIDDEN_MARKOV,1615,False,False,True,False,False,False,0
e01-tds1,HIDDEN_MARKOV,1616,False,False,True,False,False,False,0
e01-tds1,HIDDEN_MARKOV,1617,False,False,True,True,False,False,0
e01-tds1,HIDDEN_MARKOV,1618,False,False,True,False,False,False,0
e01-tds1,HIDDEN_MARKOV,1619,False,False,True,False,False,False,0
e01-tds1,HIDDEN_MARKOV,1620,False,False,True,True,False,False,0
e01-tds1,HIDDEN_MARKOV,1621,False,False,True,False,False,False,0
e01-tds1,HIDDEN_MARKOV,1622,False,False,True,False,False,False,0
e01-tds1,HIDDEN_MARKOV,1623,False,False,True,False,False,False,0
e01-tds1,HIDDEN_MARKOV,1624,True,False,True,False,False,False,0
e01-tds1,HIDDEN_MARKOV,1625,False,False,True,False,False,False,0
e01-tds1,HIDDEN_MARKOV,1626,False,False,True,False,False,False,0
e01-tds1,HIDDEN_MARKOV,1627,False,False,True,False,False,False,0
e01-tds1,HIDDEN_MARKOV,1628,False,False,True,False,False,False,0
e01-tds1,HIDDEN_MARKOV,1629,False,False,True,False,False,False,0
e01-tds1,HIDDEN_MARKOV,1630,False,False,True,True,False,False,0
e01-tds1,HIDDEN_MARKOV,1631,False,False,True,False,False,False,0
e01-tds1,HIDDEN_MARKOV,1632,False,False,True,True,False,False,0
e01-tds1,HIDDEN_MARKOV,1633,False,False,True,False,False,False,0
e01-tds1,HIDDEN_MARKOV,1634,False,False,True,False,False,False,0
e01-tds1,HIDDEN_MARKOV,1635,False,False,True,False,False,False,0
e01-tds1,HIDDEN_MARKOV,1636,False,False,True,True,False,False,0
e01-tds1,HIDDEN_MARKOV,1637,False,False,True,False,False,False,0
e01-tds1,HIDDEN_MARKOV,1638,False,False,True,False,False,False,0
e01-tds1,HIDDEN_MARKOV,1639,False,False,True,False,False,False,0
e01-tds1,HIDDEN_MARKOV,1640,False,False,True,False,False,False,0
e01-tds1,HIDDEN_MARKOV,1641,False,False,True,False,False,False,0
e01-tds1,HIDDEN_MARKOV,1642,False,False,True,True,False,False,0
e01-tds1,HIDDEN_MARKOV,1643,False,False,True,False,False,False,0
e01-tds1,HIDDEN_MARKOV,1644,False,False,True,False,False,False,0
e01-tds1,HIDDEN_MARKOV,1645,False,False,True,False,False,False,0
e01-tds1,HIDDEN_MARKOV,1646,False,False,True,False,False,False,0
e01-tds1,HIDDEN_MARKOV,1647,False,False,True,True,False,False,0
e01-tds1,HIDDEN_MARKOV,1648,False,False,True,False,False,False,0
e01-tds1,HIDDEN_MARKOV,1649,False,False,True,False,False,False,0
e01-tds1,HIDDEN_MARKOV,1650,True,True,True,False,False,False,0
e01-tds1,HIDDEN_MARKOV,1651,False,False,True,False,False,False,0
e01-tds1,HIDDEN_MARKOV,1652,False,False,True,False,False,False,0
e01-tds1,HIDDEN_MARKOV,1653,False,False,True,False,False,False,0
e01-tds1,HIDDEN_MARKOV,1654,False,False,True,False,False,False,0
e01-tds1,HIDDEN_MARKOV,1655,True,True,True,False,False,False,0
e01-tds1,HIDDEN_MARKOV,1656,False,False,True,False,False,False,0
e01-tds1,HIDDEN_MARKOV,1657,False,False,True,True,False,False,0
e01-tds1,HIDDEN_MARKOV,1658,True,False,True,False,False,False,0
e01-tds1,HIDDEN_MARKOV,1659,False,False,True,False,False,False,0
e01-tds1,HIDDEN_MARKOV,1660,False,False,True,False,False,False,0
e01-tds1,HIDDEN_MARKOV,1661,False,False,True,False,False,False,0
e01-tds1,HIDDEN_MARKOV,1662,False,False,True,False,False,False,0
e01-tds1,HIDDEN_MARKOV,1663,True,False,True,False,False,False,0
e01-tds1,HIDDEN_MARKOV,1664,False,False,True,False,False,False,0
e01-tds1,HIDDEN_MARKOV,1665,False,False,True,False,False,False,0
e01-tds1,HIDDEN_MARKOV,1666,False,False,True,True,False,False,0
e01-tds1,HIDDEN_MARKOV,1667,False,False,True,False,False,False,0
e01-tds1,HIDDEN_MARKOV,1668,True,False,True,False,False,False,0
e01-tds1,HIDDEN_MARKOV,1669,False,False,True,False,False,False,0
e01-tds1,HIDDEN_MARKOV,1670,False,False,True,False,False,False,0
e01-tds1,HIDDEN_MARKOV,1671,False,False,True,False,False,False,0
e01-tds1,HIDDEN_MARKOV,1672,False,False,True,False,False,False,0
e01-tds1,HIDDEN_MARKOV,1673,False,False,True,False,False,False,0
e01-tds1,HIDDEN_MARKOV,1674,False,False,True,False,False,False,0
e01-tds1,HIDDEN_MARKOV,1675,False,False,True,False,False,False,0
e01-tds1,HIDDEN_MARKOV,1676,True,False,True,False,False,False,0
e01-tds1,HIDDEN_MARKOV,1677,False,False,True,False,False,False,0
e01-tds1,HIDDEN_MARKOV,1678,False,False,True,False,False,False,0
e01-tds1,HIDDEN_MARKOV,1679,True,False,True,True,False,False,0
e01-tds1,HIDDEN_MARKOV,1680,False,False,True,True,False,False,0
e01-tds1,HIDDEN_MARKOV,1681,False,False,True,False,False,False,0
e01-tds1,HIDDEN_MARKOV,1682,False,False,True,True,False,False,0
e01-tds1,HIDDEN_MARKOV,1683,False,False,True,False,False,False,0
e01-tds1,HIDDEN_MARKOV,1684,False,False,True,False,False,False,0
e01-tds1,HIDDEN_MARKOV,1685,False,False,True,True,False,False,0
e01-tds1,HIDDEN_MARKOV,1686,False,False,True,False,False,False,0
e01-tds1,HIDDEN_MARKOV,1687,False,False,True,False,False,False,0
e01-tds1,HIDDEN_MARKOV,1688,False,False,True,False,False,False,0
e01-tds1,HIDDEN_MARKOV,1689,False,False,True,False,False,False,0
e01-tds1,HIDDEN_MARKOV,1690,False,False,True,False,False,False,0
e01-tds1,HIDDEN_MARKOV,1691,False,False,True,False,False,False,0
e01-tds1,HIDDEN_MARKOV,1692,False,False,True,False,False,False,0
e01-tds1,HIDDEN_MARKOV,1693,True,False,True,False,False,False,0
e01-tds1,HIDDEN_MARKOV,1694,False,False,True,False,False,False,0
e01-tds1,HIDDEN_MARKOV,1695,False,False,True,False,False,False,0
e01-tds1,HIDDEN_MARKOV,1696,False,False,True,False,False,False,0
e01-tds1,HIDDEN_MARKOV,1697,False,False,True,False,False,False,0
e01-tds1,HIDDEN_MARKOV,1698,False,False,True,False,False,False,0
e01-tds1,HIDDEN_MARKOV,1699,False,False,True,False,False,False,0
e01-tds1,HIDDEN_MARKOV,1700,False,False,True,False,False,False,0
e01-tds1,HIDDEN_MARKOV,1701,False,False,True,False,False,False,0
e01-tds1,HIDDEN_MARKOV,1702,False,False,True,False,False,False,0
e01-tds1,HIDDEN_MARKOV,1703,False,False,True,False,False,False,0
e01-tds1,HIDDEN_MARKOV,1704,False,False,True,False,False,False,0
e01-tds1,HIDDEN_MARKOV,1705,False,False,True,True,False,False,0
e01-tds1,HIDDEN_MARKOV,1706,False,False,True,True,False,False,0
e01-tds1,HIDDEN_MARKOV,1707,False,False,True,True,False,False,0
e01-tds1,HIDDEN_MARKOV,1708,False,False,True,False,False,False,0
e01-tds1,HIDDEN_MARKOV,1709,False,False,True,False,False,False,0
e01-tds1,HIDDEN_MARKOV,1710,False,False,True,True,False,False,0
e01-tds1,HIDDEN_MARKOV,1711,False,False,True,True,False,False,0
e01-tds1,HIDDEN_MARKOV,1712,False,False,True,False,False,False,0
e01-tds1,HIDDEN_MARKOV,1713,False,False,True,True,False,False,0
e01-tds1,HIDDEN_MARKOV,1714,False,False,True,False,False,False,0
e01-tds1,HIDDEN_MARKOV,1715,True,False,True,True,False,False,0
e01-tds1,HIDDEN_MARKOV,1716,False,False,True,False,False,False,0
e01-tds1,HIDDEN_MARKOV,1717,False,False,True,False,False,False,0
e01-tds1,HIDDEN_MARKOV,1718,False,False,True,False,False,False,0
e01-tds1,HIDDEN_MARKOV,1719,False,False,True,False,False,False,0
e01-tds1,HIDDEN_MARKOV,1720,False,False,True,True,False,False,0
e01-tds1,HIDDEN_MARKOV,1721,False,False,True,False,False,False,0
e01-tds1,HIDDEN_MARKOV,1722,False,False,True,False,False,False,0
e01-tds1,HIDDEN_MARKOV,1723,False,False,True,False,False,False,0
e01-tds1,HIDDEN_MARKOV,1724,False,False,True,False,False,False,0
e01-tds1,HIDDEN_MARKOV,1725,False,False,True,False,False,False,0
e01-tds1,HIDDEN_MARKOV,1726,False,False,True,False,False,False,0
e01-tds1,HIDDEN_MARKOV,1727,False,False,True,True,False,False,0
e01-tds1,HIDDEN_MARKOV,1728,False,False,True,False,False,False,0
e01-tds1,HIDDEN_MARKOV,1729,False,False,True,False,False,False,0
e01-tds1,HIDDEN_MARKOV,1730,False,False,True,True,False,False,0
e01-tds1,HIDDEN_MARKOV,1731,False,False,True,False,False,False,0
e01-tds1,HIDDEN_MARKOV,1732,True,False,True,False,False,False,0
e01-tds1,HIDDEN_MARKOV,1733,False,False,True,False,False,False,0
e01-tds1,HIDDEN_MARKOV,1734,False,False,True,False,False,False,0
e01-tds1,HIDDEN_MARKOV,1735,False,False,True,True,False,False,0
e01-tds1,HIDDEN_MARKOV,1736,True,False,True,False,False,False,0
e01-tds1,HIDDEN_MARKOV,1737,True,False,True,False,False,False,0
e01-tds1,HIDDEN_MARKOV,1738,True,False,True,False,False,False,0
e01-tds1,HIDDEN_MARKOV,1739,False,False,True,False,False,False,0
e01-tds1,HIDDEN_MARKOV,1740,False,False,True,False,False,False,0
e01-tds1,HIDDEN_MARKOV,1741,False,False,True,False,False,False,0
e01-tds1,HIDDEN_MARKOV,1742,False,False,True,False,False,False,0
e01-tds1,HIDDEN_MARKOV,1743,False,False,True,False,False,False,0
e01-tds1,HIDDEN_MARKOV,1744,True,False,True,False,False,False,0
e01-tds1,HIDDEN_MARKOV,1745,False,False,True,False,False,False,0
e01-tds1,HIDDEN_MARKOV,1746,False,False,True,False,False,False,0
e01-tds1,HIDDEN_MARKOV,1747,False,False,True,True,False,False,0
e01-tds1,HIDDEN_MARKOV,1748,False,False,True,False,False,False,0
e01-tds1,HIDDEN_MARKOV,1749,False,False,True,False,False,False,0
e01-tds1,HIDDEN_MARKOV,1750,False,False,True,False,False,False,0
e01-tds1,HIDDEN_MARKOV,1751,False,False,True,False,False,False,0
e01-tds1,HIDDEN_MARKOV,1752,False,False,True,False,False,False,0
e01-tds1,HIDDEN_MARKOV,1753,False,False,True,False,False,False,0
e01-tds1,HIDDEN_MARKOV,1754,False,False,True,True,False,False,0
e01-tds1,HIDDEN_MARKOV,1755,False,False,True,False,False,False,0
e01-tds1,HIDDEN_MARKOV,1756,False,False,True,False,False,False,0
e01-tds1,HIDDEN_MARKOV,1757,False,False,True,False,False,False,0
e01-tds1,HIDDEN_MARKOV,1758,False,False,True,False,False,False,0
e01-tds1,HIDDEN_MARKOV,1759,False,False,True,True,False,False,0
e01-tds1,HIDDEN_MARKOV,1760,False,False,True,False,False,False,0
e01-tds1,HIDDEN_MARKOV,1761,False,False,True,True,False,False,0
e01-tds1,HIDDEN_MARKOV,1762,False,False,True,True,False,False,0
e01-tds1,HIDDEN_MARKOV,1763,True,False,True,False,False,False,0
e01-tds1,HIDDEN_MARKOV,1764,False,False,True,False,False,False,0
e01-tds1,HIDDEN_MARKOV,1765,False,False,True,True,False,False,0
e01-tds1,HIDDEN_MARKOV,1766,False,False,True,False,False,False,0
e01-tds1,HIDDEN_MARKOV,1767,False,False,True,True,False,False,0
e01-tds1,HIDDEN_MARKOV,1768,True,False,True,False,False,False,0
e01-tds1,HIDDEN_MARKOV,1769,True,False,True,False,False,False,0
e01-tds1,HIDDEN_MARKOV,1770,False,False,True,False,False,False,0
e01-tds1,HIDDEN_MARKOV,1771,True,False,True,False,False,False,0
e01-tds1,HIDDEN_MARKOV,1772,False,False,True,True,False,False,0
e01-tds1,HIDDEN_MARKOV,1773,False,False,True,False,False,False,0
e01-tds1,HIDDEN_MARKOV,1774,False,False,True,False,False,False,0
e01-tds1,HIDDEN_MARKOV,1775,False,False,True,False,False,False,0
e01-tds1,HIDDEN_MARKOV,1776,False,False,True,False,False,False,0
e01-tds1,HIDDEN_MARKOV,1777,False,False,True,False,False,False,0
e01-tds1,HIDDEN_MARKOV,1778,True,False,True,False,False,False,0
e01-tds1,HIDDEN_MARKOV,1779,False,False,True,False,False,False,0
e01-tds1,HIDDEN_MARKOV,1780,False,False,True,False,False,False,0
e01-tds1,HIDDEN_MARKOV,1781,False,False,True,False,False,False,0
e01-tds1,HIDDEN_MARKOV,1782,True,False,True,False,False,False,0
e01-tds1,HIDDEN_MARKOV,1783,False,False,True,True,False,False,0
e01-tds1,HIDDEN_MARKOV,1784,False,False,True,False,False,False,0
e01-tds1,HIDDEN_MARKOV,1785,False,False,True,True,False,False,0
e01-tds1,HIDDEN_MARKOV,1786,False,False,True,False,False,False,0
e01-tds1,HIDDEN_MARKOV,1787,False,False,True,False,False,False,0
e01-tds1,HIDDEN_MARKOV,1788,False,False,True,True,False,False,0
e01-tds1,HIDDEN_MARKOV,1789,True,False,True,False,False,False,0
e01-tds1,HIDDEN_MARKOV,1790,True,False,True,False,False,False,0
e01-tds1,HIDDEN_MARKOV,1791,False,False,True,False,False,False,0
e01-tds1,HIDDEN_MARKOV,1792,False,False,True,False,False,False,0
e01-tds1,HIDDEN_MARKOV,1793,True,False,True,False,False,False,0
e01-tds1,HIDDEN_MARKOV,1794,False,False,True,False,False,False,0
e01-tds1,HIDDEN_MARKOV,1795,False,False,True,False,False,False,0
e01-tds1,HIDDEN_MARKOV,1796,False,False,True,False,False,False,0
e01-tds1,HIDDEN_MARKOV,1797,False,False,True,True,False,False,0
e01-tds1,HIDDEN_MARKOV,1798,False,False,True,False,False,False,0
e01-tds1,HIDDEN_MARKOV,1799,False,False,True,False,False,False,0
e01-tds1,HIDDEN_MARKOV,1800,False,False,True,False,False,False,0
e01-tds1,HIDDEN_MARKOV,1801,False,False,True,False,False,False,0
e01-tds1,HIDDEN_MARKOV,1802,False,False,True,False,False,False,0
e01-tds1,HIDDEN_MARKOV,1803,False,False,True,False,False,False,0
e01-tds1,HIDDEN_MARKOV,1804,True,False,True,False,False,False,0
e01-tds1,HIDDEN_MARKOV,1805,True,False,True,False,False,False,0
e01-tds1,HIDDEN_MARKOV,1806,False,False,True,False,False,False,0
e01-tds1,HIDDEN_MARKOV,1807,False,False,True,False,False,False,0
e01-tds1,HIDDEN_MARKOV,1808,False,False,True,False,False,False,0
e01-tds1,HIDDEN_MARKOV,1809,False,False,True,True,False,False,0
e01-tds1,HIDDEN_MARKOV,1810,False,False,True,False,False,False,0
e01-tds1,HIDDEN_MARKOV,1811,False,False,True,False,False,False,0
e01-tds1,HIDDEN_MARKOV,1812,False,False,True,False,False,False,0
e01-tds1,HIDDEN_MARKOV,1813,False,False,True,False,False,False,0
e01-tds1,HIDDEN_MARKOV,1814,False,False,True,False,False,False,0
e01-tds1,HIDDEN_MARKOV,1815,False,False,True,False,False,False,0
e01-tds1,HIDDEN_MARKOV,1816,False,False,True,False,False,False,0
e01-tds1,HIDDEN_MARKOV,1817,True,False,True,False,False,False,0
e01-tds1,HIDDEN_MARKOV,1818,False,False,True,False,False,False,0
e01-tds1,HIDDEN_MARKOV,1819,False,False,True,False,False,False,0
e01-tds1,HIDDEN_MARKOV,1820,False,False,True,False,False,False,0
e01-tds1,HIDDEN_MARKOV,1821,False,False,True,False,False,False,0
e01-tds1,HIDDEN_MARKOV,1822,False,False,True,False,False,False,0
e01-tds1,HIDDEN_MARKOV,1823,False,False,True,False,False,False,0
e01-tds1,HIDDEN_MARKOV,1824,False,False,True,False,False,False,0
e01-tds1,HIDDEN_MARKOV,1825,False,False,True,False,False,False,0
e01-tds1,HIDDEN_MARKOV,1826,False,False,True,False,False,False,0
e01-tds1,HIDDEN_MARKOV,1827,False,False,True,False,False,False,0
e01-tds1,HIDDEN_MARKOV,1828,False,False,True,False,False,False,0
e01-tds1,HIDDEN_MARKOV,1829,False,False,True,False,False,False,0
e01-tds1,HIDDEN_MARKOV,1830,False,False,True,False,False,False,0
e01-tds1,HIDDEN_MARKOV,1831,False,False,True,False,False,False,0
e01-tds1,HIDDEN_MARKOV,1832,False,False,True,False,False,False,0
e01-tds1,HIDDEN_MARKOV,1833,False,False,True,False,False,False,0
e01-tds1,HIDDEN_MARKOV,1834,False,False,True,False,False,False,0
e01-tds1,HIDDEN_MARKOV,1835,False,False,True,False,False,False,0
e01-tds1,HIDDEN_MARKOV,1836,False,False,True,False,False,False,0
e01-tds1,HIDDEN_MARKOV,1837,False,False,True,False,False,False,0
e01-tds1,HIDDEN_MARKOV,1838,False,False,True,False,False,False,0
e01-tds1,HIDDEN_MARKOV,1839,False,False,True,False,False,False,0
e01-tds1,HIDDEN_MARKOV,1840,False,False,True,False,False,False,0
e01-tds1,HIDDEN_MARKOV,1841,False,False,True,False,False,False,0
e01-tds1,HIDDEN_MARKOV,1842,False,False,True,False,False,False,0
e01-tds1,HIDDEN_MARKOV,1843,True,False,True,False,False,False,0
e01-tds1,HIDDEN_MARKOV,1844,False,False,True,False,False,False,0
e01-tds1,HIDDEN_MARKOV,1845,False,False,True,False,False,False,0
e01-tds1,HIDDEN_MARKOV,1846,False,False,True,True,False,False,0
e01-tds1,HIDDEN_MARKOV,1847,False,False,True,False,False,False,0
e01-tds1,HIDDEN_MARKOV,1848,False,False,True,True,False,False,0
e01-tds1,HIDDEN_MARKOV,1849,True,False,True,False,False,False,0
e01-tds1,HIDDEN_MARKOV,1850,False,False,True,False,False,False,0
e01-tds1,HIDDEN_MARKOV,1851,False,False,True,True,False,False,0
e01-tds1,HIDDEN_MARKOV,1852,False,False,True,False,False,False,0
e01-tds1,HIDDEN_MARKOV,1853,False,False,True,False,False,False,0
e01-tds1,HIDDEN_MARKOV,1854,False,False,True,False,False,False,0
e01-tds1,HIDDEN_MARKOV,1855,False,False,True,False,False,False,0
e01-tds1,HIDDEN_MARKOV,1856,False,False,True,True,False,False,0
e01-tds1,HIDDEN_MARKOV,1857,False,False,True,False,False,False,0
e01-tds1,HIDDEN_MARKOV,1858,False,False,True,False,False,False,0
e01-tds1,HIDDEN_MARKOV,1859,True,False,True,False,False,False,0
e01-tds1,HIDDEN_MARKOV,1860,False,False,True,False,False,False,0
e01-tds1,HIDDEN_MARKOV,1861,True,False,True,False,False,False,0
e01-tds1,HIDDEN_MARKOV,1862,False,False,True,False,False,False,0
e01-tds1,HIDDEN_MARKOV,1863,True,False,True,False,False,False,0
e01-tds1,HIDDEN_MARKOV,1864,False,False,True,False,False,False,0
e01-tds1,HIDDEN_MARKOV,1865,False,False,True,False,False,False,0
e01-tds1,HIDDEN_MARKOV,1866,False,False,True,False,False,False,0
e01-tds1,HIDDEN_MARKOV,1867,False,False,True,False,False,False,0
e01-tds1,HIDDEN_MARKOV,1868,False,False,True,False,False,False,0
e01-tds1,HIDDEN_MARKOV,1869,True,False,True,False,False,False,0
e01-tds1,HIDDEN_MARKOV,1870,False,False,True,False,False,False,0
e01-tds1,HIDDEN_MARKOV,1871,False,False,True,True,False,False,0
e01-tds1,HIDDEN_MARKOV,1872,False,False,True,True,False,False,0
e01-tds1,HIDDEN_MARKOV,1873,False,False,True,False,False,False,0
e01-tds1,HIDDEN_MARKOV,1874,False,False,True,False,False,False,0
e01-tds1,HIDDEN_MARKOV,1875,False,False,True,False,False,False,0
e01-tds1,HIDDEN_MARKOV,1876,False,False,True,False,False,False,0
e01-tds1,HIDDEN_MARKOV,1877,False,False,True,True,False,False,0
e01-tds1,HIDDEN_MARKOV,1878,True,False,True,False,False,False,0
e01-tds1,HIDDEN_MARKOV,1879,False,False,True,False,False,False,0
e01-tds1,HIDDEN_MARKOV,1880,False,False,True,True,False,False,0
e01-tds1,HIDDEN_MARKOV,1881,False,False,True,False,False,False,0
e01-tds1,HIDDEN_MARKOV,1882,False,False,True,False,False,False,0
e01-tds1,HIDDEN_MARKOV,1883,False,False,True,False,False,False,0
e01-tds1,HIDDEN_MARKOV,1884,True,False,True,False,False,False,0
e01-tds1,HIDDEN_MARKOV,1885,True,False,True,False,False,False,0
e01-tds1,HIDDEN_MARKOV,1886,False,False,True,False,False,False,0
e01-tds1,HIDDEN_MARKOV,1887,True,False,True,False,False,False,0
e01-tds1,HIDDEN_MARKOV,1888,False,False,True,False,False,False,0
e01-tds1,HIDDEN_MARKOV,1889,False,False,True,False,False,False,0
e01-tds1,HIDDEN_MARKOV,1890,False,False,True,True,False,False,0
e01-tds1,HIDDEN_MARKOV,1891,False,False,True,True,False,False,0
e01-tds1,HIDDEN_MARKOV,1892,False,False,True,False,False,False,0
e01-tds1,HIDDEN_MARKOV,1893,False,False,True,False,False,False,0
e01-tds1,HIDDEN_MARKOV,1894,False,False,True,True,False,False,0
e01-tds1,HIDDEN_MARKOV,1895,False,False,True,False,False,False,0
e01-tds1,HIDDEN_MARKOV,1896,False,False,True,True,False,False,0
e01-tds1,HIDDEN_MARKOV,1897,False,False,True,False,False,False,0
e01-tds1,HIDDEN_MARKOV,1898,False,False,True,False,False,False,0
e01-tds1,HIDDEN_MARKOV,1899,False,False,True,False,False,False,0
e01-tds1,HIDDEN_MARKOV,1900,False,False,True,False,False,False,0
e01-tds1,HIDDEN_MARKOV,1901,True,False,True,False,False,False,0
e01-tds1,HIDDEN_MARKOV,1902,False,False,True,False,False,False,0
e01-tds1,HIDDEN_MARKOV,1903,False,False,True,False,False,False,0
e01-tds1,HIDDEN_MARKOV,1904,False,False,True,False,False,False,0
e01-tds1,HIDDEN_MARKOV,1905,False,False,True,False,False,False,0
e01-tds1,HIDDEN_MARKOV,1906,False,False,True,False,False,False,0
e01-tds1,HIDDEN_MARKOV,1907,False,False,True,False,False,False,0
e01-tds1,HIDDEN_MARKOV,1908,False,True,True,False,False,False,0
e01-tds1,HIDDEN_MARKOV,1909,False,False,True,False,False,False,0
e01-tds1,HIDDEN_MARKOV,1910,False,False,True,True,False,False,0
e01-tds1,HIDDEN_MARKOV,1911,False,False,True,False,False,False,0
e01-tds1,HIDDEN_MARKOV,1912,False,False,True,True,False,False,0
e01-tds1,HIDDEN_MARKOV,1913,True,False,True,False,False,False,0
e01-tds1,HIDDEN_MARKOV,1914,False,False,True,True,False,False,0
e01-tds1,HIDDEN_MARKOV,1915,False,False,True,False,False,False,0
e01-tds1,HIDDEN_MARKOV,1916,False,False,True,False,False,False,0
e01-tds1,HIDDEN_MARKOV,1917,False,False,True,True,False,False,0
e01-tds1,HIDDEN_MARKOV,1918,False,False,True,False,False,False,0
e01-tds1,HIDDEN_MARKOV,1919,False,False,True,True,False,False,0
e01-tds1,HIDDEN_MARKOV,1920,False,False,True,False,False,False,0
e01-tds1,HIDDEN_MARKOV,1921,False,False,True,False,False,False,0
e01-tds1,HIDDEN_MARKOV,1922,False,False,True,False,False,False,0
e01-tds1,HIDDEN_MARKOV,1923,False,False,True,False,False,False,0
e01-tds1,HIDDEN_MARKOV,1924,False,False,True,False,False,False,0
e01-tds1,HIDDEN_MARKOV,1925,False,False,True,False,False,False,0
e01-tds1,HIDDEN_MARKOV,1926,False,False,True,True,False,False,0
e01-tds1,HIDDEN_MARKOV,1927,False,False,True,False,False,False,0
e01-tds1,HIDDEN_MARKOV,1928,False,False,True,True,False,False,0
e01-tds1,HIDDEN_MARKOV,1929,False,False,True,False,False,False,0
e01-tds1,HIDDEN_MARKOV,1930,False,False,True,False,False,False,0
e01-tds1,HIDDEN_MARKOV,1931,False,False,True,False,False,False,0
e01-tds1,HIDDEN_MARKOV,1932,False,False,True,False,False,False,0
e01-tds1,HIDDEN_MARKOV,1933,False,False,True,False,False,False,0
e01-tds1,HIDDEN_MARKOV,1934,False,False,True,True,False,False,0
e01-tds1,HIDDEN_MARKOV,1935,False,False,True,False,False,False,0
e01-tds1,HIDDEN_MARKOV,1936,False,False,True,False,False,False,0
e01-tds1,HIDDEN_MARKOV,1937,False,False,True,False,False,False,0
e01-tds1,HIDDEN_MARKOV,1938,False,False,True,False,False,False,0
e01-tds1,HIDDEN_MARKOV,1939,False,False,True,True,False,False,0
e01-tds1,HIDDEN_MARKOV,1940,False,False,True,False,False,False,0
e01-tds1,HIDDEN_MARKOV,1941,False,True,True,False,False,False,0
e01-tds1,HIDDEN_MARKOV,1942,True,False,True,False,False,False,0
e01-tds1,HIDDEN_MARKOV,1943,False,False,True,True,False,False,0
e01-tds1,HIDDEN_MARKOV,1944,False,False,True,True,False,False,0
e01-tds1,HIDDEN_MARKOV,1945,True,False,True,False,False,False,0
e01-tds1,HIDDEN_MARKOV,1946,False,False,True,False,False,False,0
e01-tds1,HIDDEN_MARKOV,1947,False,False,True,False,False,False,0
e01-tds1,HIDDEN_MARKOV,1948,False,False,True,False,False,False,0
e01-tds1,HIDDEN_MARKOV,1949,False,False,True,False,False,False,0
e01-tds1,HIDDEN_MARKOV,1950,False,False,True,False,False,False,0
e01-tds1,HIDDEN_MARKOV,1951,False,False,True,False,False,False,0
e01-tds1,HIDDEN_MARKOV,1952,False,False,True,True,False,False,0
e01-tds1,HIDDEN_MARKOV,1953,False,False,True,False,False,False,0
e01-tds1,HIDDEN_MARKOV,1954,False,False,True,False,False,False,0
e01-tds1,HIDDEN_MARKOV,1955,False,False,True,True,False,False,0
e01-tds1,HIDDEN_MARKOV,1956,False,False,True,True,False,False,0
e01-tds1,HIDDEN_MARKOV,1957,False,False,True,False,False,False,0
e01-tds1,HIDDEN_MARKOV,1958,False,False,True,False,False,False,0
e01-tds1,HIDDEN_MARKOV,1959,False,False,True,False,False,False,0
e01-tds1,HIDDEN_MARKOV,1960,False,False,True,False,False,False,0
e01-tds1,HIDDEN_MARKOV,1961,False,False,True,False,False,False,0
e01-tds1,HIDDEN_MARKOV,1962,False,False,True,False,False,False,0
e01-tds1,HIDDEN_MARKOV,1963,False,False,True,False,False,False,0
e01-tds1,HIDDEN_MARKOV,1964,True,False,True,False,False,False,0
e01-tds1,HIDDEN_MARKOV,1965,False,False,True,False,False,False,0
e01-tds1,HIDDEN_MARKOV,1966,False,False,True,False,False,False,0
e01-tds1,HIDDEN_MARKOV,1967,False,False,True,True,False,False,0
e01-tds1,HIDDEN_MARKOV,1968,False,False,True,False,False,False,0
e01-tds1,HIDDEN_MARKOV,1969,False,False,True,False,False,False,0
e01-tds1,HIDDEN_MARKOV,1970,False,False,True,False,False,False,0
e01-tds1,HIDDEN_MARKOV,1971,False,False,True,False,False,False,0
e01-tds1,HIDDEN_MARKOV,1972,False,False,True,False,False,False,0
e01-tds1,HIDDEN_MARKOV,1973,False,False,True,False,False,False,0
e01-tds1,HIDDEN_MARKOV,1974,False,False,True,False,False,False,0
e01-tds1,HIDDEN_MARKOV,1975,False,False,True,False,False,False,0
e01-tds1,HIDDEN_MARKOV,1976,False,False,True,False,False,False,0
e01-tds1,HIDDEN_MARKOV,1977,False,False,True,False,False,False,0
e01-tds1,HIDDEN_MARKOV,1978,False,False,True,True,False,False,0
e01-tds1,HIDDEN_MARKOV,1979,False,False,True,False,False,False,0
e01-tds1,HIDDEN_MARKOV,1980,False,False,True,False,False,False,0
e01-tds1,HIDDEN_MARKOV,1981,False,False,True,False,False,False,0
e01-tds1,HIDDEN_MARKOV,1982,False,False,True,False,False,False,0
e01-tds1,HIDDEN_MARKOV,1983,False,False,True,False,False,False,0
e01-tds1,HIDDEN_MARKOV,1984,False,False,True,False,False,False,0
e01-tds1,HIDDEN_MARKOV,1985,False,False,True,False,False,False,0
e01-tds1,HIDDEN_MARKOV,1986,False,False,True,False,False,False,0
e01-tds1,HIDDEN_MARKOV,1987,False,False,True,False,False,False,0
e01-tds1,HIDDEN_MARKOV,1988,False,False,True,False,False,False,0
e01-tds1,HIDDEN_MARKOV,1989,False,False,True,False,False,False,0
e01-tds1,HIDDEN_MARKOV,1990,False,False,True,False,False,False,0
e01-tds1,HIDDEN_MARKOV,1991,False,False,True,False,False,False,0
e01-tds1,HIDDEN_MARKOV,1992,False,False,True,False,False,False,0
e01-tds1,HIDDEN_MARKOV,1993,False,False,True,False,False,False,0
e01-tds1,HIDDEN_MARKOV,1994,False,False,True,False,False,False,0
e01-tds1,HIDDEN_MARKOV,1995,False,False,True,True,False,False,0
e01-tds1,HIDDEN_MARKOV,1996,False,False,True,True,False,False,0
e01-tds1,HIDDEN_MARKOV,1997,False,False,True,True,False,False,0
e01-tds1,HIDDEN_MARKOV,1998,False,False,True,True,False,False,0
e01-tds1,HIDDEN_MARKOV,1999,True,False,True,False,False,False,0
e01-tds1,HIDDEN_MARKOV,2000,False,False,True,False,False,False,0
e01-tds1,HIDDEN_MARKOV,2001,False,False,True,False,False,False,0
e01-tds1,HIDDEN_MARKOV,2002,False,False,True,False,False,False,0
e01-tds1,HIDDEN_MARKOV,2003,False,False,True,False,False,False,0
e01-tds1,HIDDEN_MARKOV,2004,False,False,True,False,False,False,0
e01-tds1,HIDDEN_MARKOV,2005,False,False,True,False,False,False,0
e01-tds1,HIDDEN_MARKOV,2006,False,False,True,False,False,False,0
e01-tds1,HIDDEN_MARKOV,2007,False,False,True,True,False,False,0
e01-tds1,HIDDEN_MARKOV,2008,False,False,True,True,False,False,0
e01-tds1,HIDDEN_MARKOV,2009,False,False,True,False,False,False,0
e01-tds1,HIDDEN_MARKOV,2010,False,False,True,False,False,False,0
e01-tds1,HIDDEN_MARKOV,2011,False,False,True,False,False,False,0
e01-tds1,HIDDEN_MARKOV,2012,False,False,True,True,False,False,0
e01-tds1,HIDDEN_MARKOV,2013,False,False,True,False,False,False,0
e01-tds1,HIDDEN_MARKOV,2014,False,False,True,False,False,False,0
e01-tds1,HIDDEN_MARKOV,2015,False,False,True,False,False,False,0
e01-tds1,HIDDEN_MARKOV,2016,False,False,True,False,False,False,0
e01-tds1,HIDDEN_MARKOV,2017,True,False,True,False,False,False,0
e01-tds1,HIDDEN_MARKOV,2018,False,False,True,False,False,False,0
e01-tds1,HIDDEN_MARKOV,2019,False,False,True,False,False,False,0
e01-tds1,HIDDEN_MARKOV,2020,False,False,True,False,False,False,0
e01-tds1,HIDDEN_MARKOV,2021,False,False,True,False,False,False,0
e01-tds1,HIDDEN_MARKOV,2022,False,False,True,False,False,False,0
e01-tds1,HIDDEN_MARKOV,2023,True,False,True,False,False,False,0
e01-tds1,HIDDEN_MARKOV,2024,False,False,True,False,False,False,0
e01-tds1,HIDDEN_MARKOV,2025,False,False,True,False,False,False,0
e01-tds1,HIDDEN_MARKOV,2026,False,False,True,False,False,False,0
e01-tds1,HIDDEN_MARKOV,2027,False,False,True,False,False,False,0
e01-tds1,HIDDEN_MARKOV,2028,False,False,True,False,False,False,0
e01-tds1,HIDDEN_MARKOV,2029,False,False,True,False,False,False,0
e01-tds1,HIDDEN_MARKOV,2030,False,False,True,False,False,False,0
e01-tds1,HIDDEN_MARKOV,2031,False,False,True,False,False,False,0
e01-tds1,HIDDEN_MARKOV,2032,False,False,True,False,False,False,0
e01-tds1,HIDDEN_MARKOV,2033,False,False,True,False,False,False,0
e01-tds1,HIDDEN_MARKOV,2034,False,False,True,False,False,False,0
e01-tds1,HIDDEN_MARKOV,2035,False,False,True,False,False,False,0
e01-tds1,HIDDEN_MARKOV,2036,True,False,True,True,False,False,0
e01-tds1,HIDDEN_MARKOV,2037,False,False,True,False,False,False,0
e01-tds1,HIDDEN_MARKOV,2038,True,False,True,False,False,False,0
e01-tds1,HIDDEN_MARKOV,2039,False,False,True,True,False,False,0
e01-tds1,HIDDEN_MARKOV,2040,False,False,True,False,False,False,0
e01-tds1,HIDDEN_MARKOV,2041,False,False,True,True,False,False,0
e01-tds1,HIDDEN_MARKOV,2042,False,False,True,False,False,False,0
e01-tds1,HIDDEN_MARKOV,2043,True,False,True,False,False,False,0
e01-tds1,HIDDEN_MARKOV,2044,False,False,True,True,False,False,0
e01-tds1,HIDDEN_MARKOV,2045,False,False,True,False,False,False,0
e01-tds1,HIDDEN_MARKOV,2046,False,False,True,False,False,False,0
e01-tds1,HIDDEN_MARKOV,2047,False,True,True,True,False,False,0
e01-tds1,HIDDEN_MARKOV,2048,True,False,True,False,False,False,0
e01-tds1,HIDDEN_MARKOV,2049,False,False,True,True,False,False,0
e01-tds1,HIDDEN_MARKOV,2050,False,False,True,False,False,False,0
e01-tds1,HIDDEN_MARKOV,2051,False,False,True,False,False,False,0
e01-tds1,HIDDEN_MARKOV,2052,False,False,True,False,False,False,0
e01-tds1,HIDDEN_MARKOV,2053,False,False,True,False,False,False,0
e01-tds1,HIDDEN_MARKOV,2054,False,False,True,False,False,False,0
e01-tds1,HIDDEN_MARKOV,2055,False,False,True,False,False,False,0
e01-tds1,HIDDEN_MARKOV,2056,False,False,True,False,False,False,0
e01-tds1,HIDDEN_MARKOV,2057,False,False,True,False,False,False,0
e01-tds1,HIDDEN_MARKOV,2058,False,False,True,False,False,False,0
e01-tds1,HIDDEN_MARKOV,2059,False,False,True,False,False,False,0
e01-tds1,HIDDEN_MARKOV,2060,False,False,True,False,False,False,0
e01-tds1,HIDDEN_MARKOV,2061,True,False,True,False,False,False,0
e01-tds1,HIDDEN_MARKOV,2062,True,False,True,False,False,False,0
e01-tds1,HIDDEN_MARKOV,2063,False,False,True,False,False,False,0
e01-tds1,HIDDEN_MARKOV,2064,True,False,True,True,False,False,0
e01-tds1,HIDDEN_MARKOV,2065,False,False,True,False,False,False,0
e01-tds1,HIDDEN_MARKOV,2066,False,False,True,False,False,False,0
e01-tds1,HIDDEN_MARKOV,2067,False,False,True,False,False,False,0
e01-tds1,HIDDEN_MARKOV,2068,False,False,True,True,False,False,0
e01-tds1,HIDDEN_MARKOV,2069,False,False,True,False,False,False,0
e01-tds1,HIDDEN_MARKOV,2070,False,False,True,False,False,False,0
e01-tds1,HIDDEN_MARKOV,2071,False,False,True,False,False,False,0
e01-tds1,HIDDEN_MARKOV,2072,False,False,True,False,False,False,0
e01-tds1,HIDDEN_MARKOV,2073,False,False,True,False,False,False,0
e01-tds1,HIDDEN_MARKOV,2074,False,False,True,False,False,False,0
e01-tds1,HIDDEN_MARKOV,2075,False,False,True,True,False,False,0
e01-tds1,HIDDEN_MARKOV,2076,True,False,True,False,False,False,0
e01-tds1,HIDDEN_MARKOV,2077,False,False,True,True,False,False,0
e01-tds1,HIDDEN_MARKOV,2078,False,False,True,False,False,False,0
e01-tds1,HIDDEN_MARKOV,2079,False,False,True,False,False,False,0
e01-tds1,HIDDEN_MARKOV,2080,False,False,True,True,False,False,0
e01-tds1,HIDDEN_MARKOV,2081,False,False,True,False,False,False,0
e01-tds1,HIDDEN_MARKOV,2082,False,False,True,False,False,False,0
e01-tds1,HIDDEN_MARKOV,2083,False,False,True,False,False,False,0
e01-tds1,HIDDEN_MARKOV,2084,False,False,True,False,False,False,0
e01-tds1,HIDDEN_MARKOV,2085,False,False,True,False,False,False,0
e01-tds1,HIDDEN_MARKOV,2086,False,False,True,False,False,False,0
e01-tds1,HIDDEN_MARKOV,2087,False,False,True,False,False,False,0
e01-tds1,HIDDEN_MARKOV,2088,False,False,True,False,False,False,0
e01-tds1,HIDDEN_MARKOV,2089,False,False,True,False,False,False,0
e01-tds1,HIDDEN_MARKOV,2090,False,False,True,False,False,False,0
e01-tds1,HIDDEN_MARKOV,2091,True,False,True,False,False,False,0
e01-tds1,HIDDEN_MARKOV,2092,False,False,True,False,False,False,0
e01-tds1,HIDDEN_MARKOV,2093,False,False,True,False,False,False,0
e01-tds1,HIDDEN_MARKOV,2094,False,False,True,False,False,False,0
e01-tds1,HIDDEN_MARKOV,2095,False,False,True,False,False,False,0
e01-tds1,HIDDEN_MARKOV,2096,False,False,True,False,False,False,0
e01-tds1,HIDDEN_MARKOV,2097,False,False,True,False,False,False,0
e01-tds1,HIDDEN_MARKOV,2098,False,False,True,False,False,False,0
e01-tds1,HIDDEN_MARKOV,2099,False,False,True,False,False,False,0
e01-tds1,HIDDEN_MARKOV,2100,False,False,True,False,False,False,0
e01-tds1,HIDDEN_MARKOV,2101,False,False,True,True,False,False,0
e01-tds1,HIDDEN_MARKOV,2102,False,False,True,False,False,False,0
e01-tds1,HIDDEN_MARKOV,2103,False,False,True,False,False,False,0
e01-tds1,HIDDEN_MARKOV,2104,False,False,True,False,False,False,0
e01-tds1,HIDDEN_MARKOV,2105,False,False,True,False,False,False,0
e01-tds1,HIDDEN_MARKOV,2106,False,False,True,False,False,False,0
e01-tds1,HIDDEN_MARKOV,2107,False,False,True,False,False,False,0
e01-tds1,HIDDEN_MARKOV,2108,False,False,True,False,False,False,0
e01-tds1,HIDDEN_MARKOV,2109,False,False,True,False,False,False,0
e01-tds1,HIDDEN_MARKOV,2110,True,False,True,False,False,False,0
e01-tds1,HIDDEN_MARKOV,2111,True,False,True,False,False,False,0
e01-tds1,HIDDEN_MARKOV,2112,False,False,True,False,False,False,0
e01-tds1,HIDDEN_MARKOV,2113,False,False,True,False,False,False,0
e01-tds1,HIDDEN_MARKOV,2114,False,False,True,False,False,False,0
e01-tds1,HIDDEN_MARKOV,2115,False,False,True,False,False,False,0
e01-tds1,HIDDEN_MARKOV,2116,True,False,True,False,False,False,0
e01-tds1,HIDDEN_MARKOV,2117,False,False,True,False,False,False,0
e01-tds1,HIDDEN_MARKOV,2118,False,False,True,False,False,False,0
e01-tds1,HIDDEN_MARKOV,2119,True,False,True,False,False,False,0
e01-tds1,HIDDEN_MARKOV,2120,False,False,True,False,False,False,0
e01-tds1,HIDDEN_MARKOV,2121,False,False,True,False,False,False,0
e01-tds1,HIDDEN_MARKOV,2122,False,False,True,False,False,False,0
e01-tds1,HIDDEN_MARKOV,2123,False,False,True,False,False,False,0
e01-tds1,HIDDEN_MARKOV,2124,False,False,True,False,False,False,0
e01-tds1,HIDDEN_MARKOV,2125,False,False,True,False,False,False,0
e01-tds1,HIDDEN_MARKOV,2126,False,False,True,False,False,False,0
e01-tds1,HIDDEN_MARKOV,2127,False,False,True,True,False,False,0
e01-tds1,HIDDEN_MARKOV,2128,False,False,True,False,False,False,0
e01-tds1,HIDDEN_MARKOV,2129,False,False,True,False,False,False,0
e01-tds1,HIDDEN_MARKOV,2130,False,False,True,False,False,False,0
e01-tds1,HIDDEN_MARKOV,2131,False,False,True,False,False,False,0
e01-tds1,HIDDEN_MARKOV,2132,False,False,True,False,False,False,0
e01-tds1,HIDDEN_MARKOV,2133,False,False,True,False,False,False,0
e01-tds1,HIDDEN_MARKOV,2134,False,False,True,True,False,False,0
e01-tds1,HIDDEN_MARKOV,2135,False,False,True,False,False,False,0
e01-tds1,HIDDEN_MARKOV,2136,False,False,True,False,False,False,0
e01-tds1,HIDDEN_MARKOV,2137,False,False,True,False,False,False,0
e01-tds1,HIDDEN_MARKOV,2138,False,False,True,False,False,False,0
e01-tds1,HIDDEN_MARKOV,2139,False,False,True,False,False,False,0
e01-tds1,HIDDEN_MARKOV,2140,False,False,True,False,False,False,0
e01-tds1,HIDDEN_MARKOV,2141,False,False,True,False,False,False,0
e01-tds1,HIDDEN_MARKOV,2142,False,False,True,False,False,False,0
e01-tds1,HIDDEN_MARKOV,2143,False,False,True,False,False,False,0
e01-tds1,HIDDEN_MARKOV,2144,False,False,True,False,False,False,0
e01-tds1,HIDDEN_MARKOV,2145,False,False,True,False,False,False,0
e01-tds1,HIDDEN_MARKOV,2146,False,False,True,False,False,False,0
e01-tds1,HIDDEN_MARKOV,2147,False,False,True,True,False,False,0
e01-tds1,HIDDEN_MARKOV,2148,True,False,True,False,False,False,0
e01-tds1,HIDDEN_MARKOV,2149,False,False,True,False,False,False,0
e01-tds1,HIDDEN_MARKOV,2150,False,False,True,False,False,False,0
e01-tds1,HIDDEN_MARKOV,2151,False,False,True,False,False,False,0
e01-tds1,HIDDEN_MARKOV,2152,True,False,True,False,False,False,0
e01-tds1,HIDDEN_MARKOV,2153,False,False,True,False,False,False,0
e01-tds1,HIDDEN_MARKOV,2154,False,False,True,False,False,False,0
e01-tds1,HIDDEN_MARKOV,2155,True,True,True,False,False,False,0
e01-tds1,HIDDEN_MARKOV,2156,False,False,True,False,False,False,0
e01-tds1,HIDDEN_MARKOV,2157,True,False,True,False,False,False,0
e01-tds1,HIDDEN_MARKOV,2158,False,True,True,True,False,False,0
e01-tds1,HIDDEN_MARKOV,2159,False,True,True,True,False,False,0
e01-tds1,HIDDEN_MARKOV,2160,False,False,True,False,False,False,0
e01-tds1,HIDDEN_MARKOV,2161,False,False,True,False,False,False,0
e01-tds1,HIDDEN_MARKOV,2162,False,False,True,False,False,False,0
e01-tds1,HIDDEN_MARKOV,2163,False,False,True,False,False,False,0
e01-tds1,HIDDEN_MARKOV,2164,True,False,True,False,False,False,0
e01-tds1,HIDDEN_MARKOV,2165,False,False,True,False,False,False,0
e01-tds1,HIDDEN_MARKOV,2166,False,False,True,False,False,False,0
e01-tds1,HIDDEN_MARKOV,2167,False,False,True,False,False,False,0
e01-tds1,HIDDEN_MARKOV,2168,False,False,True,True,False,False,0
e01-tds1,HIDDEN_MARKOV,2169,False,False,True,False,False,False,0
e01-tds1,HIDDEN_MARKOV,2170,False,False,True,False,False,False,0
e01-tds1,HIDDEN_MARKOV,2171,False,False,True,True,False,False,0
e01-tds1,HIDDEN_MARKOV,2172,False,False,True,False,False,False,0
e01-tds1,HIDDEN_MARKOV,2173,False,False,True,True,False,False,0
e01-tds1,HIDDEN_MARKOV,2174,False,False,True,False,False,False,0
e01-tds1,HIDDEN_MARKOV,2175,False,False,True,False,False,False,0
e01-tds1,HIDDEN_MARKOV,2176,False,False,True,False,False,False,0
e01-tds1,HIDDEN_MARKOV,2177,False,False,True,True,False,False,0
e01-tds1,HIDDEN_MARKOV,2178,True,False,True,False,False,False,0
e01-tds1,HIDDEN_MARKOV,2179,False,False,True,False,False,False,0
e01-tds1,HIDDEN_MARKOV,2180,False,False,True,False,False,False,0
e01-tds1,HIDDEN_MARKOV,2181,False,False,True,False,False,False,0
e01-tds1,HIDDEN_MARKOV,2182,False,False,True,False,False,False,0
e01-tds1,HIDDEN_MARKOV,2183,False,False,True,True,False,False,0
e01-tds1,HIDDEN_MARKOV,2184,False,False,True,False,False,False,0
e01-tds1,HIDDEN_MARKOV,2185,False,False,True,False,False,False,0
e01-tds1,HIDDEN_MARKOV,2186,False,False,True,False,False,False,0
e01-tds1,HIDDEN_MARKOV,2187,False,False,True,True,False,False,0
e01-tds1,HIDDEN_MARKOV,2188,False,False,True,False,False,False,0
e01-tds1,HIDDEN_MARKOV,2189,False,False,True,False,False,False,0
e01-tds1,HIDDEN_MARKOV,2190,False,False,True,False,False,False,0
e01-tds1,HIDDEN_MARKOV,2191,False,False,True,False,False,False,0
e01-tds1,HIDDEN_MARKOV,2192,False,False,True,False,False,False,0
e01-tds1,HIDDEN_MARKOV,2193,True,False,True,False,False,False,0
e01-tds1,HIDDEN_MARKOV,2194,False,False,True,False,False,False,0
e01-tds1,HIDDEN_MARKOV,2195,False,False,True,False,False,False,0
e01-tds1,HIDDEN_MARKOV,2196,False,False,True,False,False,False,0
e01-tds1,HIDDEN_MARKOV,2197,False,False,True,False,False,False,0
e01-tds1,HIDDEN_MARKOV,2198,False,False,True,False,False,False,0
e01-tds1,HIDDEN_MARKOV,2199,False,False,True,True,False,False,0
e01-tds1,HIDDEN_MARKOV,2200,False,False,True,True,False,False,0
e01-tds1,HIDDEN_MARKOV,2201,False,False,True,False,False,False,0
e01-tds1,HIDDEN_MARKOV,2202,False,False,True,False,False,False,0
e01-tds1,HIDDEN_MARKOV,2203,False,False,True,False,False,False,0
e01-tds1,HIDDEN_MARKOV,2204,False,False,True,True,False,False,0
e01-tds1,HIDDEN_MARKOV,2205,False,False,True,False,False,False,0
e01-tds1,HIDDEN_MARKOV,2206,False,False,True,False,False,False,0
e01-tds1,HIDDEN_MARKOV,2207,False,False,True,True,False,False,0
e01-tds1,HIDDEN_MARKOV,2208,False,False,True,False,False,False,0
e01-tds1,HIDDEN_MARKOV,2209,True,False,True,False,False,False,0
e01-tds1,HIDDEN_MARKOV,2210,False,False,True,False,False,False,0
e01-tds1,HIDDEN_MARKOV,2211,False,False,True,False,False,False,0
e01-tds1,HIDDEN_MARKOV,2212,False,False,True,False,False,False,0
e01-tds1,HIDDEN_MARKOV,2213,False,False,True,True,False,False,0
e01-tds1,HIDDEN_MARKOV,2214,True,False,True,False,False,False,0
e01-tds1,HIDDEN_MARKOV,2215,False,False,True,False,False,False,0
e01-tds1,HIDDEN_MARKOV,2216,False,False,True,True,False,False,0
e01-tds1,HIDDEN_MARKOV,2217,False,False,True,False,False,False,0
e01-tds1,HIDDEN_MARKOV,2218,False,False,True,False,False,False,0
e01-tds1,HIDDEN_MARKOV,2219,False,False,True,False,False,False,0
e01-tds1,HIDDEN_MARKOV,2220,False,False,True,False,False,False,0
e01-tds1,HIDDEN_MARKOV,2221,False,False,True,False,False,False,0
e01-tds1,HIDDEN_MARKOV,2222,False,False,True,True,False,False,0
e01-tds1,HIDDEN_MARKOV,2223,False,False,True,False,False,False,0
e01-tds1,HIDDEN_MARKOV,2224,False,False,True,False,False,False,0
e01-tds1,HIDDEN_MARKOV,2225,False,False,True,False,False,False,0
e01-tds1,HIDDEN_MARKOV,2226,False,False,True,False,False,False,0
e01-tds1,HIDDEN_MARKOV,2227,False,False,True,False,False,False,0
e01-tds1,HIDDEN_MARKOV,2228,False,False,True,False,False,False,0
e01-tds1,HIDDEN_MARKOV,2229,False,False,True,False,False,False,0
e01-tds1,HIDDEN_MARKOV,2230,False,False,True,False,False,False,0
e01-tds1,HIDDEN_MARKOV,2231,False,False,True,False,False,False,0
e01-tds1,HIDDEN_MARKOV,2232,False,False,True,False,False,False,0
e01-tds1,HIDDEN_MARKOV,2233,False,False,True,True,False,False,0
e01-tds1,HIDDEN_MARKOV,2234,False,False,True,True,False,False,0
e01-tds1,HIDDEN_MARKOV,2235,False,False,True,False,False,False,0
e01-tds1,HIDDEN_MARKOV,2236,False,False,True,False,False,False,0
e01-tds1,HIDDEN_MARKOV,2237,False,False,True,True,False,False,0
e01-tds1,HIDDEN_MARKOV,2238,False,False,True,False,False,False,0
e01-tds1,HIDDEN_MARKOV,2239,True,False,True,False,False,False,0
e01-tds1,HIDDEN_MARKOV,2240,False,False,True,True,False,False,0
e01-tds1,HIDDEN_MARKOV,2241,False,False,True,False,False,False,0
e01-tds1,HIDDEN_MARKOV,2242,False,False,True,False,False,False,0
e01-tds1,HIDDEN_MARKOV,2243,False,False,True,False,False,False,0
e01-tds1,HIDDEN_MARKOV,2244,True,False,True,False,False,False,0
e01-tds1,HIDDEN_MARKOV,2245,False,False,True,True,False,False,0
e01-tds1,HIDDEN_MARKOV,2246,False,False,True,False,False,False,0
e01-tds1,HIDDEN_MARKOV,2247,False,False,True,False,False,False,0
e01-tds1,HIDDEN_MARKOV,2248,False,False,True,False,False,False,0
e01-tds1,HIDDEN_MARKOV,2249,False,False,True,False,False,False,0
e01-tds1,HIDDEN_MARKOV,2250,False,False,True,False,False,False,0
e01-tds1,HIDDEN_MARKOV,2251,False,False,True,False,False,False,0
e01-tds1,HIDDEN_MARKOV,2252,False,False,True,False,False,False,0
e01-tds1,HIDDEN_MARKOV,2253,False,False,True,True,False,False,0
e01-tds1,HIDDEN_MARKOV,2254,True,False,True,False,False,False,0
e01-tds1,HIDDEN_MARKOV,2255,False,False,True,True,False,False,0
e01-tds1,HIDDEN_MARKOV,2256,False,True,True,False,False,False,0
e01-tds1,HIDDEN_MARKOV,2257,False,False,True,False,False,False,0
e01-tds1,HIDDEN_MARKOV,2258,False,False,True,False,False,False,0
e01-tds1,HIDDEN_MARKOV,2259,False,False,True,True,False,False,0
e01-tds1,HIDDEN_MARKOV,2260,False,False,True,False,False,False,0
e01-tds1,HIDDEN_MARKOV,2261,False,False,True,False,False,False,0
e01-tds1,HIDDEN_MARKOV,2262,False,False,True,False,False,False,0
e01-tds1,HIDDEN_MARKOV,2263,True,False,True,False,False,False,0
e01-tds1,HIDDEN_MARKOV,2264,False,False,True,False,False,False,0
e01-tds1,HIDDEN_MARKOV,2265,False,False,True,False,False,False,0
e01-tds1,HIDDEN_MARKOV,2266,False,False,True,False,False,False,0
e01-tds1,HIDDEN_MARKOV,2267,False,False,True,False,False,False,0
e01-tds1,HIDDEN_MARKOV,2268,False,False,True,False,False,False,0
e01-tds1,HIDDEN_MARKOV,2269,False,False,True,False,False,False,0
e01-tds1,HIDDEN_MARKOV,2270,False,False,True,False,False,False,0
e01-tds1,HIDDEN_MARKOV,2271,False,False,True,False,False,False,0
e01-tds1,HIDDEN_MARKOV,2272,False,False,True,False,False,False,0
e01-tds1,HIDDEN_MARKOV,2273,False,False,True,False,False,False,0
e01-tds1,HIDDEN_MARKOV,2274,False,False,True,True,False,False,0
e01-tds1,HIDDEN_MARKOV,2275,False,False,True,False,False,False,0
e01-tds1,HIDDEN_MARKOV,2276,False,False,True,False,False,False,0
e01-tds1,HIDDEN_MARKOV,2277,False,False,True,False,False,False,0
e01-tds1,HIDDEN_MARKOV,2278,False,False,True,False,False,False,0
e01-tds1,HIDDEN_MARKOV,2279,False,False,True,False,False,False,0
e01-tds1,HIDDEN_MARKOV,2280,False,False,True,False,False,False,0
e01-tds1,HIDDEN_MARKOV,2281,False,False,True,False,False,False,0
e01-tds1,HIDDEN_MARKOV,2282,False,False,True,False,False,False,0
e01-tds1,HIDDEN_MARKOV,2283,False,False,True,True,False,False,0
e01-tds1,HIDDEN_MARKOV,2284,False,False,True,False,False,False,0
e01-tds1,HIDDEN_MARKOV,2285,False,False,True,False,False,False,0
e01-tds1,HIDDEN_MARKOV,2286,False,False,True,False,False,False,0
e01-tds1,HIDDEN_MARKOV,2287,False,False,True,False,False,False,0
e01-tds1,HIDDEN_MARKOV,2288,False,False,True,False,False,False,0
e01-tds1,HIDDEN_MARKOV,2289,False,False,True,False,False,False,0
e01-tds1,HIDDEN_MARKOV,2290,False,False,True,True,False,False,0
e01-tds1,HIDDEN_MARKOV,2291,False,False,True,False,False,False,0
e01-tds1,HIDDEN_MARKOV,2292,False,False,True,False,False,False,0
e01-tds1,HIDDEN_MARKOV,2293,False,False,True,False,False,False,0
e01-tds1,HIDDEN_MARKOV,2294,False,False,True,False,False,False,0
e01-tds1,HIDDEN_MARKOV,2295,True,False,True,False,False,False,0
e01-tds1,HIDDEN_MARKOV,2296,False,False,True,True,False,False,0
e01-tds1,HIDDEN_MARKOV,2297,False,False,True,False,False,False,0
e01-tds1,HIDDEN_MARKOV,2298,False,False,True,False,False,False,0
e01-tds1,HIDDEN_MARKOV,2299,False,False,True,False,False,False,0
e01-tds1,HIDDEN_MARKOV,2300,False,False,True,False,False,False,0
e01-tds1,HIDDEN_MARKOV,2301,False,False,True,False,False,False,0
e01-tds1,HIDDEN_MARKOV,2302,False,False,True,False,False,False,0
e01-tds1,HIDDEN_MARKOV,2303,False,False,True,False,False,False,0
e01-tds1,HIDDEN_MARKOV,2304,False,False,True,False,False,False,0
e01-tds1,HIDDEN_MARKOV,2305,False,False,True,False,False,False,0
e01-tds1,HIDDEN_MARKOV,2306,False,False,True,False,False,False,0
e01-tds1,HIDDEN_MARKOV,2307,False,False,True,False,False,False,0
e01-tds1,HIDDEN_MARKOV,2308,False,False,True,True,False,False,0
e01-tds1,HIDDEN_MARKOV,2309,False,False,True,True,False,False,0
e01-tds1,HIDDEN_MARKOV,2310,False,False,True,False,False,False,0
e01-tds1,HIDDEN_MARKOV,2311,False,False,True,False,False,False,0
e01-tds1,HIDDEN_MARKOV,2312,False,False,True,False,False,False,0
e01-tds1,HIDDEN_MARKOV,2313,False,False,True,False,False,False,0
e01-tds1,HIDDEN_MARKOV,2314,False,False,True,False,False,False,0
e01-tds1,HIDDEN_MARKOV,2315,False,False,True,False,False,False,0
e01-tds1,HIDDEN_MARKOV,2316,False,False,True,False,False,False,0
e01-tds1,HIDDEN_MARKOV,2317,False,False,True,False,False,False,0
e01-tds1,HIDDEN_MARKOV,2318,False,False,True,True,False,False,0
e01-tds1,HIDDEN_MARKOV,2319,False,False,True,True,False,False,0
e01-tds1,HIDDEN_MARKOV,2320,False,False,True,True,False,False,0
e01-tds1,HIDDEN_MARKOV,2321,False,False,True,False,False,False,0
e01-tds1,HIDDEN_MARKOV,2322,False,False,True,False,False,False,0
e01-tds1,HIDDEN_MARKOV,2323,False,False,True,False,False,False,0
e01-tds1,HIDDEN_MARKOV,2324,False,False,True,True,False,False,0
e01-tds1,HIDDEN_MARKOV,2325,False,False,True,False,False,False,0
e01-tds1,HIDDEN_MARKOV,2326,False,False,True,True,False,False,0
e01-tds1,HIDDEN_MARKOV,2327,False,False,True,True,False,False,0
e01-tds1,HIDDEN_MARKOV,2328,False,False,True,False,False,False,0
e01-tds1,HIDDEN_MARKOV,2329,False,False,True,False,False,False,0
e01-tds1,HIDDEN_MARKOV,2330,False,False,True,True,False,False,0
e01-tds1,HIDDEN_MARKOV,2331,False,False,True,False,False,False,0
e01-tds1,HIDDEN_MARKOV,2332,False,False,True,False,False,False,0
e01-tds1,HIDDEN_MARKOV,2333,False,False,True,False,False,False,0
e01-tds1,HIDDEN_MARKOV,2334,False,False,True,False,False,False,0
e01-tds1,HIDDEN_MARKOV,2335,True,False,True,False,False,False,0
e01-tds1,HIDDEN_MARKOV,2336,False,False,True,False,False,False,0
e01-tds1,HIDDEN_MARKOV,2337,False,False,True,True,False,False,0
e01-tds1,HIDDEN_MARKOV,2338,False,False,True,True,False,False,0
e01-tds1,HIDDEN_MARKOV,2339,False,False,True,False,False,False,0
e01-tds1,HIDDEN_MARKOV,2340,False,False,True,False,False,False,0
e01-tds1,HIDDEN_MARKOV,2341,False,False,True,True,False,False,0
e01-tds1,HIDDEN_MARKOV,2342,False,False,True,False,False,False,0
e01-tds1,HIDDEN_MARKOV,2343,False,False,True,False,False,False,0
e01-tds1,HIDDEN_MARKOV,2344,False,False,True,True,False,False,0
e01-tds1,HIDDEN_MARKOV,2345,False,False,True,False,False,False,0
e01-tds1,HIDDEN_MARKOV,2346,False,False,True,True,False,False,0
e01-tds1,HIDDEN_MARKOV,2347,False,False,True,False,False,False,0
e01-tds1,HIDDEN_MARKOV,2348,False,False,True,False,False,False,0
e01-tds1,HIDDEN_MARKOV,2349,False,False,True,True,False,False,0
e01-tds1,HIDDEN_MARKOV,2350,False,False,True,False,False,False,0
e01-tds1,HIDDEN_MARKOV,2351,False,False,True,True,False,False,0
e01-tds1,HIDDEN_MARKOV,2352,True,False,True,False,False,False,0
e01-tds1,HIDDEN_MARKOV,2353,True,False,True,False,False,False,0
e01-tds1,HIDDEN_MARKOV,2354,False,False,True,True,False,False,0
e01-tds1,HIDDEN_MARKOV,2355,True,False,True,False,False,False,0
e01-tds1,HIDDEN_MARKOV,2356,False,False,True,False,False,False,0
e01-tds1,HIDDEN_MARKOV,2357,False,False,True,False,False,False,0
e01-tds1,HIDDEN_MARKOV,2358,True,False,True,False,False,False,0
e01-tds1,HIDDEN_MARKOV,2359,False,False,True,True,False,False,0
e01-tds1,HIDDEN_MARKOV,2360,False,False,True,False,False,False,0
e01-tds1,HIDDEN_MARKOV,2361,False,False,True,False,False,False,0
e01-tds1,HIDDEN_MARKOV,2362,False,False,True,False,False,False,0
e01-tds1,HIDDEN_MARKOV,2363,False,False,True,False,False,False,0
e01-tds1,HIDDEN_MARKOV,2364,False,False,True,False,False,False,0
e01-tds1,HIDDEN_MARKOV,2365,False,False,True,False,False,False,0
e01-tds1,HIDDEN_MARKOV,2366,False,False,True,False,False,False,0
e01-tds1,HIDDEN_MARKOV,2367,False,False,True,False,False,False,0
e01-tds1,HIDDEN_MARKOV,2368,False,False,True,True,False,False,0
e01-tds1,HIDDEN_MARKOV,2369,False,False,True,False,False,False,0
e01-tds1,HIDDEN_MARKOV,2370,False,False,True,False,False,False,0
e01-tds1,HIDDEN_MARKOV,2371,False,False,True,False,False,False,0
e01-tds1,HIDDEN_MARKOV,2372,False,False,True,False,False,False,0
e01-tds1,HIDDEN_MARKOV,2373,True,False,True,False,False,False,0
e01-tds1,HIDDEN_MARKOV,2374,False,False,True,False,False,False,0
e01-tds1,HIDDEN_MARKOV,2375,False,False,True,False,False,False,0
e01-tds1,HIDDEN_MARKOV,2376,False,False,True,True,False,False,0
e01-tds1,HIDDEN_MARKOV,2377,False,False,True,False,False,False,0
e01-tds1,HIDDEN_MARKOV,2378,False,False,True,False,False,False,0
e01-tds1,HIDDEN_MARKOV,2379,False,False,True,False,False,False,0
e01-tds1,HIDDEN_MARKOV,2380,False,False,True,False,False,False,0
e01-tds1,HIDDEN_MARKOV,2381,False,False,True,False,False,False,0
e01-tds1,HIDDEN_MARKOV,2382,False,False,True,False,False,False,0
e01-tds1,HIDDEN_MARKOV,2383,False,False,True,False,False,False,0
e01-tds1,HIDDEN_MARKOV,2384,True,False,True,False,False,False,0
e01-tds1,HIDDEN_MARKOV,2385,False,False,True,True,False,False,0
e01-tds1,HIDDEN_MARKOV,2386,False,False,True,False,False,False,0
e01-tds1,HIDDEN_MARKOV,2387,False,False,True,False,False,False,0
e01-tds1,HIDDEN_MARKOV,2388,False,False,True,False,False,False,0
e01-tds1,HIDDEN_MARKOV,2389,False,False,True,True,False,False,0
e01-tds1,HIDDEN_MARKOV,2390,False,False,True,True,False,False,0
e01-tds1,HIDDEN_MARKOV,2391,False,False,True,False,False,False,0
e01-tds1,HIDDEN_MARKOV,2392,False,False,True,False,False,False,0
e01-tds1,HIDDEN_MARKOV,2393,False,False,True,False,False,False,0
e01-tds1,HIDDEN_MARKOV,2394,False,False,True,False,False,False,0
e01-tds1,HIDDEN_MARKOV,2395,True,False,True,False,False,False,0
e01-tds1,HIDDEN_MARKOV,2396,False,False,True,False,False,False,0
e01-tds1,HIDDEN_MARKOV,2397,True,False,True,False,False,False,0
e01-tds1,HIDDEN_MARKOV,2398,False,False,True,True,False,False,0
e01-tds1,HIDDEN_MARKOV,2399,False,False,True,False,False,False,0
e01-tds1,HIDDEN_MARKOV,2400,True,False,True,False,False,False,0
e01-tds1,HIDDEN_MARKOV,2401,False,False,True,False,False,False,0
e01-tds1,HIDDEN_MARKOV,2402,False,False,True,True,False,False,0
e01-tds1,HIDDEN_MARKOV,2403,False,False,True,False,False,False,0
e01-tds1,HIDDEN_MARKOV,2404,False,False,True,False,False,False,0
e01-tds1,HIDDEN_MARKOV,2405,True,False,True,False,False,False,0
e01-tds1,HIDDEN_MARKOV,2406,False,False,True,True,False,False,0
e01-tds1,HIDDEN_MARKOV,2407,False,False,True,False,False,False,0
e01-tds1,HIDDEN_MARKOV,2408,False,False,True,True,False,False,0
e01-tds1,HIDDEN_MARKOV,2409,False,False,True,False,False,False,0
e01-tds1,HIDDEN_MARKOV,2410,True,False,True,False,False,False,0
e01-tds1,HIDDEN_MARKOV,2411,False,False,True,False,False,False,0
e01-tds1,HIDDEN_MARKOV,2412,False,False,True,False,False,False,0
e01-tds1,HIDDEN_MARKOV,2413,False,False,True,True,False,False,0
e01-tds1,HIDDEN_MARKOV,2414,False,False,True,False,False,False,0
e01-tds1,HIDDEN_MARKOV,2415,False,False,True,True,False,False,0
e01-tds1,HIDDEN_MARKOV,2416,False,False,True,False,False,False,0
e01-tds1,HIDDEN_MARKOV,2417,False,False,True,False,False,False,0
e01-tds1,HIDDEN_MARKOV,2418,True,False,True,False,False,False,0
e01-tds1,HIDDEN_MARKOV,2419,True,False,True,True,False,False,0
e01-tds1,HIDDEN_MARKOV,2420,False,True,True,False,False,False,0
e01-tds1,HIDDEN_MARKOV,2421,False,False,True,False,False,False,0
e01-tds1,HIDDEN_MARKOV,2422,False,False,True,True,False,False,0
e01-tds1,HIDDEN_MARKOV,2423,False,False,True,False,False,False,0
e01-tds1,HIDDEN_MARKOV,2424,False,False,True,False,False,False,0
e01-tds1,HIDDEN_MARKOV,2425,False,False,True,False,False,False,0
e01-tds1,HIDDEN_MARKOV,2426,False,False,True,False,False,False,0
e01-tds1,HIDDEN_MARKOV,2427,False,False,True,True,False,False,0
e01-tds1,HIDDEN_MARKOV,2428,False,False,True,False,False,False,0
e01-tds1,HIDDEN_MARKOV,2429,False,False,True,False,False,False,0
e01-tds1,HIDDEN_MARKOV,2430,False,False,True,False,False,False,0
e01-tds1,HIDDEN_MARKOV,2431,False,False,True,True,False,False,0
e01-tds1,HIDDEN_MARKOV,2432,False,False,True,False,False,False,0
e01-tds1,HIDDEN_MARKOV,2433,False,False,True,True,False,False,0
e01-tds1,HIDDEN_MARKOV,2434,False,False,True,False,False,False,0
e01-tds1,HIDDEN_MARKOV,2435,False,False,True,True,False,False,0
e01-tds1,HIDDEN_MARKOV,2436,False,False,True,False,False,False,0
e01-tds1,HIDDEN_MARKOV,2437,False,False,True,False,False,False,0
e01-tds1,HIDDEN_MARKOV,2438,False,False,True,False,False,False,0
e01-tds1,HIDDEN_MARKOV,2439,False,False,True,False,False,False,0
e01-tds1,HIDDEN_MARKOV,2440,False,False,True,False,False,False,0
e01-tds1,HIDDEN_MARKOV,2441,True,False,True,False,False,False,0
e01-tds1,HIDDEN_MARKOV,2442,False,False,True,True,False,False,0
e01-tds1,HIDDEN_MARKOV,2443,False,False,True,False,False,False,0
e01-tds1,HIDDEN_MARKOV,2444,False,False,True,True,False,False,0
e01-tds1,HIDDEN_MARKOV,2445,False,False,True,False,False,False,0
e01-tds1,HIDDEN_MARKOV,2446,False,False,True,False,False,False,0
e01-tds1,HIDDEN_MARKOV,2447,False,False,True,False,False,False,0
e01-tds1,HIDDEN_MARKOV,2448,False,False,True,False,False,False,0
e01-tds1,HIDDEN_MARKOV,2449,False,False,True,False,False,False,0
e01-tds1,HIDDEN_MARKOV,2450,False,False,True,False,False,False,0
e01-tds1,HIDDEN_MARKOV,2451,False,False,True,False,False,False,0
e01-tds1,HIDDEN_MARKOV,2452,False,False,True,False,False,False,0
e01-tds1,HIDDEN_MARKOV,2453,False,False,True,False,False,False,0
e01-tds1,HIDDEN_MARKOV,2454,False,False,True,False,False,False,0
e01-tds1,HIDDEN_MARKOV,2455,False,False,True,True,False,False,0
e01-tds1,HIDDEN_MARKOV,2456,False,False,True,False,False,False,0
e01-tds1,HIDDEN_MARKOV,2457,False,False,True,False,False,False,0
e01-tds1,HIDDEN_MARKOV,2458,False,False,True,False,False,False,0
e01-tds1,HIDDEN_MARKOV,2459,False,False,True,False,False,False,0
e01-tds1,HIDDEN_MARKOV,2460,False,False,True,False,False,False,0
e01-tds1,HIDDEN_MARKOV,2461,False,False,True,False,False,False,0
e01-tds1,HIDDEN_MARKOV,2462,False,False,True,False,False,False,0
e01-tds1,HIDDEN_MARKOV,2463,False,False,True,False,False,False,0
e01-tds1,HIDDEN_MARKOV,2464,False,False,True,False,False,False,0
e01-tds1,HIDDEN_MARKOV,2465,False,False,True,False,False,False,0
e01-tds1,HIDDEN_MARKOV,2466,False,False,True,False,False,False,0
e01-tds1,HIDDEN_MARKOV,2467,False,False,True,False,False,False,0
e01-tds1,HIDDEN_MARKOV,2468,False,False,True,False,False,False,0
e01-tds1,HIDDEN_MARKOV,2469,False,False,True,False,False,False,0
e01-tds1,HIDDEN_MARKOV,2470,False,False,True,False,False,False,0
e01-tds1,HIDDEN_MARKOV,2471,False,False,True,False,False,False,0
e01-tds1,HIDDEN_MARKOV,2472,False,True,True,False,False,False,0
e01-tds1,HIDDEN_MARKOV,2473,False,False,True,False,False,False,0
e01-tds1,HIDDEN_MARKOV,2474,False,False,True,False,False,False,0
e01-tds1,HIDDEN_MARKOV,2475,False,False,True,False,False,False,0
e01-tds1,HIDDEN_MARKOV,2476,False,False,True,False,False,False,0
e01-tds1,HIDDEN_MARKOV,2477,False,False,True,False,False,False,0
e01-tds1,HIDDEN_MARKOV,2478,True,False,True,True,False,False,0
e01-tds1,HIDDEN_MARKOV,2479,True,False,True,False,False,False,0
e01-tds1,HIDDEN_MARKOV,2480,False,False,True,False,False,False,0
e01-tds1,HIDDEN_MARKOV,2481,False,False,True,False,False,False,0
e01-tds1,HIDDEN_MARKOV,2482,False,False,True,False,False,False,0
e01-tds1,HIDDEN_MARKOV,2483,False,False,True,False,False,False,0
e01-tds1,HIDDEN_MARKOV,2484,False,False,True,False,False,False,0
e01-tds1,HIDDEN_MARKOV,2485,False,False,True,True,False,False,0
e01-tds1,HIDDEN_MARKOV,2486,False,False,True,False,False,False,0
e01-tds1,HIDDEN_MARKOV,2487,False,False,True,True,False,False,0
e01-tds1,HIDDEN_MARKOV,2488,False,False,True,True,False,False,0
e01-tds1,HIDDEN_MARKOV,2489,False,False,True,False,False,False,0
e01-tds1,HIDDEN_MARKOV,2490,False,False,True,True,False,False,0
e01-tds1,HIDDEN_MARKOV,2491,False,False,True,False,False,False,0
e01-tds1,HIDDEN_MARKOV,2492,False,False,True,True,False,False,0
e01-tds1,HIDDEN_MARKOV,2493,False,False,True,False,False,False,0
e01-tds1,HIDDEN_MARKOV,2494,False,False,True,False,False,False,0
e01-tds1,HIDDEN_MARKOV,2495,False,False,True,True,False,False,0
e01-tds1,HIDDEN_MARKOV,2496,False,False,True,False,False,False,0
e01-tds1,HIDDEN_MARKOV,2497,False,False,True,False,False,False,0
e01-tds1,HIDDEN_MARKOV,2498,False,False,True,False,False,False,0
e01-tds1,HIDDEN_MARKOV,2499,False,False,True,True,False,False,0
e01-tds1,HIDDEN_MARKOV,2500,False,False,True,False,False,False,0
e01-tds1,HIDDEN_MARKOV,2501,False,False,True,True,False,False,0
e01-tds1,HIDDEN_MARKOV,2502,False,False,True,False,False,False,0
e01-tds1,HIDDEN_MARKOV,2503,False,False,True,False,False,False,0
e01-tds1,HIDDEN_MARKOV,2504,False,False,True,False,False,False,0
e01-tds1,HIDDEN_MARKOV,2505,True,False,True,False,False,False,0
e01-tds1,HIDDEN_MARKOV,2506,False,False,True,False,False,False,0
e01-tds1,HIDDEN_MARKOV,2507,False,False,True,False,False,False,0
e01-tds1,HIDDEN_MARKOV,2508,False,False,True,False,False,False,0
e01-tds1,HIDDEN_MARKOV,2509,False,False,True,False,False,False,0
e01-tds1,HIDDEN_MARKOV,2510,False,True,True,True,False,False,0
e01-tds1,HIDDEN_MARKOV,2511,False,False,True,False,False,False,0
e01-tds1,HIDDEN_MARKOV,2512,False,False,True,False,False,False,0
e01-tds1,HIDDEN_MARKOV,2513,False,False,True,False,False,False,0
e01-tds1,HIDDEN_MARKOV,2514,False,False,True,True,False,False,0
e01-tds1,HIDDEN_MARKOV,2515,False,False,True,True,False,False,0
e01-tds1,HIDDEN_MARKOV,2516,False,False,True,False,False,False,0
e01-tds1,HIDDEN_MARKOV,2517,False,False,True,False,False,False,0
e01-tds1,HIDDEN_MARKOV,2518,True,False,True,False,False,False,0
e01-tds1,HIDDEN_MARKOV,2519,False,False,True,False,False,False,0
e01-tds1,HIDDEN_MARKOV,2520,False,False,True,False,False,False,0
e01-tds1,HIDDEN_MARKOV,2521,False,False,True,True,False,False,0
e01-tds1,HIDDEN_MARKOV,2522,False,False,True,False,False,False,0
e01-tds1,HIDDEN_MARKOV,2523,True,False,True,False,False,False,0
e01-tds1,HIDDEN_MARKOV,2524,False,False,True,False,False,False,0
e01-tds1,HIDDEN_MARKOV,2525,True,False,True,False,False,False,0
e01-tds1,HIDDEN_MARKOV,2526,False,False,True,False,False,False,0
e01-tds1,HIDDEN_MARKOV,2527,False,False,True,False,False,False,0
e01-tds1,HIDDEN_MARKOV,2528,False,False,True,True,False,False,0
e01-tds1,HIDDEN_MARKOV,2529,False,False,True,False,False,False,0
e01-tds1,HIDDEN_MARKOV,2530,False,False,True,False,False,False,0
e01-tds1,HIDDEN_MARKOV,2531,True,False,True,False,False,False,0
e01-tds1,HIDDEN_MARKOV,2532,False,False,True,False,False,False,0
e01-tds1,HIDDEN_MARKOV,2533,False,False,True,True,False,False,0
e01-tds1,HIDDEN_MARKOV,2534,True,False,True,False,False,False,0
e01-tds1,HIDDEN_MARKOV,2535,False,False,True,False,False,False,0
e01-tds1,HIDDEN_MARKOV,2536,False,False,True,False,False,False,0
e01-tds1,HIDDEN_MARKOV,2537,False,False,True,True,False,False,0
e01-tds1,HIDDEN_MARKOV,2538,False,False,True,False,False,False,0
e01-tds1,HIDDEN_MARKOV,2539,False,False,True,False,False,False,0
e01-tds1,HIDDEN_MARKOV,2540,False,False,True,False,False,False,0
e01-tds1,HIDDEN_MARKOV,2541,False,False,True,False,False,False,0
e01-tds1,HIDDEN_MARKOV,2542,True,False,True,False,False,False,0
e01-tds1,HIDDEN_MARKOV,2543,False,False,True,False,False,False,0
e01-tds1,HIDDEN_MARKOV,2544,False,False,True,False,False,False,0
e01-tds1,HIDDEN_MARKOV,2545,False,False,True,False,False,False,0
e01-tds1,HIDDEN_MARKOV,2546,False,False,True,False,False,False,0
e01-tds1,HIDDEN_MARKOV,2547,False,False,True,False,False,False,0
e01-tds1,HIDDEN_MARKOV,2548,False,False,True,False,False,False,0
e01-tds1,HIDDEN_MARKOV,2549,False,False,True,False,False,False,0
e01-tds1,HIDDEN_MARKOV,2550,False,False,True,False,False,False,0
e01-tds1,HIDDEN_MARKOV,2551,False,False,True,False,False,False,0
e01-tds1,HIDDEN_MARKOV,2552,False,False,True,False,False,False,0
e01-tds1,HIDDEN_MARKOV,2553,False,False,True,True,False,False,0
e01-tds1,HIDDEN_MARKOV,2554,False,False,True,True,False,False,0
e01-tds1,HIDDEN_MARKOV,2555,True,False,True,False,False,False,0
e01-tds1,HIDDEN_MARKOV,2556,False,False,True,False,False,False,0
e01-tds1,HIDDEN_MARKOV,2557,False,False,True,False,False,False,0
e01-tds1,HIDDEN_MARKOV,2558,True,False,True,False,False,False,0
e01-tds1,HIDDEN_MARKOV,2559,False,False,True,False,False,False,0
e01-tds1,HIDDEN_MARKOV,2560,False,False,True,False,False,False,0
e01-tds1,HIDDEN_MARKOV,2561,False,False,True,False,False,False,0
e01-tds1,HIDDEN_MARKOV,2562,False,False,True,False,False,False,0
e01-tds1,HIDDEN_MARKOV,2563,False,False,True,False,False,False,0
e01-tds1,HIDDEN_MARKOV,2564,False,False,True,False,False,False,0
e01-tds1,HIDDEN_MARKOV,2565,False,False,True,False,False,False,0
e01-tds1,HIDDEN_MARKOV,2566,False,False,True,False,False,False,0
e01-tds1,HIDDEN_MARKOV,2567,False,False,True,True,False,False,0
e01-tds1,HIDDEN_MARKOV,2568,False,False,True,False,False,False,0
e01-tds1,HIDDEN_MARKOV,2569,False,False,True,False,False,False,0
e01-tds1,HIDDEN_MARKOV,2570,False,False,True,False,False,False,0
e01-tds1,HIDDEN_MARKOV,2571,False,False,True,False,False,False,0
e01-tds1,HIDDEN_MARKOV,2572,False,False,True,False,False,False,0
e01-tds1,HIDDEN_MARKOV,2573,False,False,True,False,False,False,0
e01-tds1,HIDDEN_MARKOV,2574,True,False,True,False,False,False,0
e01-tds1,HIDDEN_MARKOV,2575,False,False,True,False,False,False,0
e01-tds1,HIDDEN_MARKOV,2576,False,False,True,False,False,False,0
e01-tds1,HIDDEN_MARKOV,2577,False,False,True,False,False,False,0
e01-tds1,HIDDEN_MARKOV,2578,False,False,True,False,False,False,0
e01-tds1,HIDDEN_MARKOV,2579,False,False,True,False,False,False,0
e01-tds1,HIDDEN_MARKOV,2580,False,False,True,False,False,False,0
e01-tds1,HIDDEN_MARKOV,2581,False,False,True,False,False,False,0
e01-tds1,HIDDEN_MARKOV,2582,False,False,True,False,False,False,0
e01-tds1,HIDDEN_MARKOV,2583,False,False,True,False,False,False,0
e01-tds1,HIDDEN_MARKOV,2584,True,False,True,False,False,False,0
e01-tds1,HIDDEN_MARKOV,2585,False,False,True,False,False,False,0
e01-tds1,HIDDEN_MARKOV,2586,False,False,True,False,False,False,0
e01-tds1,HIDDEN_MARKOV,2587,False,False,True,False,False,False,0
e01-tds1,HIDDEN_MARKOV,2588,False,False,True,False,False,False,0
e01-tds1,HIDDEN_MARKOV,2589,False,False,True,False,False,False,0
e01-tds1,HIDDEN_MARKOV,2590,False,False,True,True,False,False,0
e01-tds1,HIDDEN_MARKOV,2591,False,False,True,False,False,False,0
e01-tds1,HIDDEN_MARKOV,2592,True,True,True,False,False,False,0
e01-tds1,HIDDEN_MARKOV,2593,False,False,True,True,False,False,0
e01-tds1,HIDDEN_MARKOV,2594,False,False,True,False,False,False,0
e01-tds1,HIDDEN_MARKOV,2595,False,False,True,False,False,False,0
e01-tds1,HIDDEN_MARKOV,2596,False,False,True,False,False,False,0
e01-tds1,HIDDEN_MARKOV,2597,False,False,True,False,False,False,0
e01-tds1,HIDDEN_MARKOV,2598,False,False,True,False,False,False,0
e01-tds1,HIDDEN_MARKOV,2599,False,False,True,False,False,False,0
e01-tds1,HIDDEN_MARKOV,2600,False,False,True,False,False,False,0
e01-tds1,HIDDEN_MARKOV,2601,False,False,True,False,False,False,0
e01-tds1,HIDDEN_MARKOV,2602,False,False,True,False,False,False,0
e01-tds1,HIDDEN_MARKOV,2603,False,False,True,False,False,False,0
e01-tds1,HIDDEN_MARKOV,2604,False,False,True,False,False,False,0
e01-tds1,HIDDEN_MARKOV,2605,False,False,True,True,False,False,0
e01-tds1,HIDDEN_MARKOV,2606,False,False,True,False,False,False,0
e01-tds1,HIDDEN_MARKOV,2607,False,False,True,False,False,False,0
e01-tds1,HIDDEN_MARKOV,2608,False,False,True,True,False,False,0
e01-tds1,HIDDEN_MARKOV,2609,False,False,True,False,False,False,0
e01-tds1,HIDDEN_MARKOV,2610,False,False,True,False,False,False,0
e01-tds1,HIDDEN_MARKOV,2611,False,False,True,False,False,False,0
e01-tds1,HIDDEN_MARKOV,2612,False,False,True,True,False,False,0
e01-tds1,HIDDEN_MARKOV,2613,False,False,True,False,False,False,0
e01-tds1,HIDDEN_MARKOV,2614,False,False,True,False,False,False,0
e01-tds1,HIDDEN_MARKOV,2615,False,False,True,False,False,False,0
e01-tds1,HIDDEN_MARKOV,2616,False,False,True,False,False,False,0
e01-tds1,HIDDEN_MARKOV,2617,False,False,True,False,False,False,0
e01-tds1,HIDDEN_MARKOV,2618,False,False,True,True,False,False,0
e01-tds1,HIDDEN_MARKOV,2619,False,False,True,False,False,False,0
e01-tds1,HIDDEN_MARKOV,2620,False,False,True,False,False,False,0
e01-tds1,HIDDEN_MARKOV,2621,False,False,True,True,False,False,0
e01-tds1,HIDDEN_MARKOV,2622,False,False,True,False,False,False,0
e01-tds1,HIDDEN_MARKOV,2623,False,False,True,False,False,False,0
e01-tds1,HIDDEN_MARKOV,2624,False,False,True,True,False,False,0
e01-tds1,HIDDEN_MARKOV,2625,False,False,True,False,False,False,0
e01-tds1,HIDDEN_MARKOV,2626,False,False,True,True,False,False,0
e01-tds1,HIDDEN_MARKOV,2627,False,False,True,False,False,False,0
e01-tds1,HIDDEN_MARKOV,2628,False,False,True,False,False,False,0
e01-tds1,HIDDEN_MARKOV,2629,False,False,True,False,False,False,0
e01-tds1,HIDDEN_MARKOV,2630,False,False,True,False,False,False,0
e01-tds1,HIDDEN_MARKOV,2631,False,False,True,True,False,False,0
e01-tds1,HIDDEN_MARKOV,2632,True,False,True,False,False,False,0
e01-tds1,HIDDEN_MARKOV,2633,True,False,True,False,False,False,0
e01-tds1,HIDDEN_MARKOV,2634,False,False,True,False,False,False,0
e01-tds1,HIDDEN_MARKOV,2635,False,False,True,False,False,False,0
e01-tds1,HIDDEN_MARKOV,2636,False,False,True,False,False,False,0
e01-tds1,HIDDEN_MARKOV,2637,False,False,True,False,False,False,0
e01-tds1,HIDDEN_MARKOV,2638,True,False,True,False,False,False,0
e01-tds1,HIDDEN_MARKOV,2639,True,False,True,False,False,False,0
e01-tds1,HIDDEN_MARKOV,2640,False,False,True,False,False,False,0
e01-tds1,HIDDEN_MARKOV,2641,False,False,True,False,False,False,0
e01-tds1,HIDDEN_MARKOV,2642,False,False,True,False,False,False,0
e01-tds1,HIDDEN_MARKOV,2643,False,False,True,False,False,False,0
e01-tds1,HIDDEN_MARKOV,2644,False,False,True,False,False,False,0
e01-tds1,HIDDEN_MARKOV,2645,False,False,True,False,False,False,0
e01-tds1,HIDDEN_MARKOV,2646,False,False,True,True,False,False,0
e01-tds1,HIDDEN_MARKOV,2647,False,False,True,False,False,False,0
e01-tds1,HIDDEN_MARKOV,2648,False,False,True,False,False,False,0
e01-tds1,HIDDEN_MARKOV,2649,True,False,True,False,False,False,0
e01-tds1,HIDDEN_MARKOV,2650,False,False,True,False,False,False,0
e01-tds1,HIDDEN_MARKOV,2651,False,False,True,False,False,False,0
e01-tds1,HIDDEN_MARKOV,2652,False,False,True,False,False,False,0
e01-tds1,HIDDEN_MARKOV,2653,False,False,True,True,False,False,0
e01-tds1,HIDDEN_MARKOV,2654,False,False,True,False,False,False,0
e01-tds1,HIDDEN_MARKOV,2655,False,False,True,False,False,False,0
e01-tds1,HIDDEN_MARKOV,2656,False,False,True,False,False,False,0
e01-tds1,HIDDEN_MARKOV,2657,False,False,True,False,False,False,0
e01-tds1,HIDDEN_MARKOV,2658,False,False,True,False,False,False,0
e01-tds1,HIDDEN_MARKOV,2659,True,False,True,False,False,False,0
e01-tds1,HIDDEN_MARKOV,2660,False,False,True,True,False,False,0
e01-tds1,HIDDEN_MARKOV,2661,False,False,True,False,False,False,0
e01-tds1,HIDDEN_MARKOV,2662,False,False,True,False,False,False,0
e01-tds1,HIDDEN_MARKOV,2663,False,False,True,False,False,False,0
e01-tds1,HIDDEN_MARKOV,2664,False,False,True,False,False,False,0
e01-tds1,HIDDEN_MARKOV,2665,False,False,True,True,False,False,0
e01-tds1,HIDDEN_MARKOV,2666,False,False,True,False,False,False,0
e01-tds1,HIDDEN_MARKOV,2667,False,False,True,False,False,False,0
e01-tds1,HIDDEN_MARKOV,2668,False,False,True,False,False,False,0
e01-tds1,HIDDEN_MARKOV,2669,False,False,True,False,False,False,0
e01-tds1,HIDDEN_MARKOV,2670,False,False,True,False,False,False,0
e01-tds1,HIDDEN_MARKOV,2671,False,False,True,False,False,False,0
e01-tds1,HIDDEN_MARKOV,2672,False,False,True,False,False,False,0
e01-tds1,HIDDEN_MARKOV,2673,False,False,True,False,False,False,0
e01-tds1,HIDDEN_MARKOV,2674,True,True,True,False,False,False,0
e01-tds1,HIDDEN_MARKOV,2675,False,False,True,False,False,False,0
e01-tds1,HIDDEN_MARKOV,2676,False,False,True,False,False,False,0
e01-tds1,HIDDEN_MARKOV,2677,False,False,True,False,False,False,0
e01-tds1,HIDDEN_MARKOV,2678,False,False,True,False,False,False,0
e01-tds1,HIDDEN_MARKOV,2679,False,False,True,False,False,False,0
e01-tds1,HIDDEN_MARKOV,2680,False,False,True,True,False,False,0
e01-tds1,HIDDEN_MARKOV,2681,False,False,True,False,False,False,0
e01-tds1,HIDDEN_MARKOV,2682,False,False,True,False,False,False,0
e01-tds1,HIDDEN_MARKOV,2683,False,False,True,False,False,False,0
e01-tds1,HIDDEN_MARKOV,2684,True,False,True,False,False,False,0
e01-tds1,HIDDEN_MARKOV,2685,False,False,True,True,False,False,0
e01-tds1,HIDDEN_MARKOV,2686,False,False,True,False,False,False,0
e01-tds1,HIDDEN_MARKOV,2687,False,False,True,False,False,False,0
e01-tds1,HIDDEN_MARKOV,2688,True,False,True,False,False,False,0
e01-tds1,HIDDEN_MARKOV,2689,False,False,True,False,False,False,0
e01-tds1,HIDDEN_MARKOV,2690,False,False,True,False,False,False,0
e01-tds1,HIDDEN_MARKOV,2691,False,False,True,True,False,False,0
e01-tds1,HIDDEN_MARKOV,2692,False,False,True,False,False,False,0
e01-tds1,HIDDEN_MARKOV,2693,True,False,True,False,False,False,0
e01-tds1,HIDDEN_MARKOV,2694,False,False,True,True,False,False,0
e01-tds1,HIDDEN_MARKOV,2695,False,False,True,True,False,False,0
e01-tds1,HIDDEN_MARKOV,2696,False,False,True,True,False,False,0
e01-tds1,HIDDEN_MARKOV,2697,True,False,True,False,False,False,0
e01-tds1,HIDDEN_MARKOV,2698,False,False,True,False,False,False,0
e01-tds1,HIDDEN_MARKOV,2699,False,False,True,False,False,False,0
e01-tds1,HIDDEN_MARKOV,2700,False,False,True,False,False,False,0
e01-tds1,HIDDEN_MARKOV,2701,False,False,True,False,False,False,0
e01-tds1,HIDDEN_MARKOV,2702,False,False,True,False,False,False,0
e01-tds1,HIDDEN_MARKOV,2703,False,False,True,False,False,False,0
e01-tds1,HIDDEN_MARKOV,2704,False,False,True,True,False,False,0
e01-tds1,HIDDEN_MARKOV,2705,True,False,True,False,False,False,0
e01-tds1,HIDDEN_MARKOV,2706,False,False,True,False,False,False,0
e01-tds1,HIDDEN_MARKOV,2707,False,False,True,False,False,False,0
e01-tds1,HIDDEN_MARKOV,2708,False,False,True,False,False,False,0
e01-tds1,HIDDEN_MARKOV,2709,False,False,True,True,False,False,0
e01-tds1,HIDDEN_MARKOV,2710,False,False,True,False,False,False,0
e01-tds1,HIDDEN_MARKOV,2711,False,False,True,False,False,False,0
e01-tds1,HIDDEN_MARKOV,2712,False,False,True,False,False,False,0
e01-tds1,HIDDEN_MARKOV,2713,False,False,True,True,False,False,0
e01-tds1,HIDDEN_MARKOV,2714,False,False,True,False,False,False,0
e01-tds1,HIDDEN_MARKOV,2715,False,False,True,False,False,False,0
e01-tds1,HIDDEN_MARKOV,2716,False,False,True,True,False,False,0
e01-tds1,HIDDEN_MARKOV,2717,False,False,True,False,False,False,0
e01-tds1,HIDDEN_MARKOV,2718,True,False,True,False,False,False,0
e01-tds1,HIDDEN_MARKOV,2719,False,False,True,False,False,False,0
e01-tds1,HIDDEN_MARKOV,2720,False,False,True,False,False,False,0
e01-tds1,HIDDEN_MARKOV,2721,False,False,True,False,False,False,0
e01-tds1,HIDDEN_MARKOV,2722,True,False,True,False,False,False,0
e01-tds1,HIDDEN_MARKOV,2723,False,False,True,True,False,False,0
e01-tds1,HIDDEN_MARKOV,2724,False,False,True,False,False,False,0
e01-tds1,HIDDEN_MARKOV,2725,False,False,True,False,False,False,0
e01-tds1,HIDDEN_MARKOV,2726,False,False,True,False,False,False,0
e01-tds1,HIDDEN_MARKOV,2727,False,False,True,False,False,False,0
e01-tds1,HIDDEN_MARKOV,2728,False,False,True,False,False,False,0
e01-tds1,HIDDEN_MARKOV,2729,False,False,True,True,False,False,0
e01-tds1,HIDDEN_MARKOV,2730,False,False,True,True,False,False,0
e01-tds1,HIDDEN_MARKOV,2731,False,False,True,False,False,False,0
e01-tds1,HIDDEN_MARKOV,2732,True,False,True,False,False,False,0
e01-tds1,HIDDEN_MARKOV,2733,True,False,True,False,False,False,0
e01-tds1,HIDDEN_MARKOV,2734,False,False,True,False,False,False,0
e01-tds1,HIDDEN_MARKOV,2735,False,False,True,True,False,False,0
e01-tds1,HIDDEN_MARKOV,2736,False,False,True,False,False,False,0
e01-tds1,HIDDEN_MARKOV,2737,False,False,True,False,False,False,0
e01-tds1,HIDDEN_MARKOV,2738,False,False,True,True,False,False,0
e01-tds1,HIDDEN_MARKOV,2739,False,False,True,False,False,False,0
e01-tds1,HIDDEN_MARKOV,2740,False,False,True,True,False,False,0
e01-tds1,HIDDEN_MARKOV,2741,False,False,True,False,False,False,0
e01-tds1,HIDDEN_MARKOV,2742,True,False,True,True,False,False,0
e01-tds1,HIDDEN_MARKOV,2743,False,False,True,False,False,False,0
e01-tds1,HIDDEN_MARKOV,2744,False,False,True,False,False,False,0
e01-tds1,HIDDEN_MARKOV,2745,False,False,True,False,False,False,0
e01-tds1,HIDDEN_MARKOV,2746,False,False,True,False,False,False,0
e01-tds1,HIDDEN_MARKOV,2747,False,False,True,True,False,False,0
e01-tds1,HIDDEN_MARKOV,2748,False,False,True,False,False,False,0
e01-tds1,HIDDEN_MARKOV,2749,False,False,True,True,False,False,0
e01-tds1,HIDDEN_MARKOV,2750,False,False,True,False,False,False,0
e01-tds1,HIDDEN_MARKOV,2751,False,False,True,False,False,False,0
e01-tds1,HIDDEN_MARKOV,2752,False,False,True,False,False,False,0
e01-tds1,HIDDEN_MARKOV,2753,False,False,True,False,False,False,0
e01-tds1,HIDDEN_MARKOV,2754,False,False,True,True,False,False,0
e01-tds1,HIDDEN_MARKOV,2755,False,False,True,False,False,False,0
e01-tds1,HIDDEN_MARKOV,2756,False,False,True,False,False,False,0
e01-tds1,HIDDEN_MARKOV,2757,False,False,True,False,False,False,0
e01-tds1,HIDDEN_MARKOV,2758,False,True,True,False,False,False,0
e01-tds1,HIDDEN_MARKOV,2759,False,False,True,True,False,False,0
e01-tds1,HIDDEN_MARKOV,2760,True,False,True,False,False,False,0
e01-tds1,HIDDEN_MARKOV,2761,False,False,True,False,False,False,0
e01-tds1,HIDDEN_MARKOV,2762,False,False,True,True,False,False,0
e01-tds1,HIDDEN_MARKOV,2763,True,False,True,False,False,False,0
e01-tds1,HIDDEN_MARKOV,2764,False,False,True,False,False,False,0
e01-tds1,HIDDEN_MARKOV,2765,False,False,True,False,False,False,0
e01-tds1,HIDDEN_MARKOV,2766,True,False,True,False,False,False,0
e01-tds1,HIDDEN_MARKOV,2767,False,False,True,True,False,False,0
e01-tds1,HIDDEN_MARKOV,2768,False,False,True,False,False,False,0
e01-tds1,HIDDEN_MARKOV,2769,True,False,True,False,False,False,0
e01-tds1,HIDDEN_MARKOV,2770,False,False,True,False,False,False,0
e01-tds1,HIDDEN_MARKOV,2771,False,False,True,False,False,False,0
e01-tds1,HIDDEN_MARKOV,2772,False,False,True,True,False,False,0
e01-tds1,HIDDEN_MARKOV,2773,False,False,True,True,False,False,0
e01-tds1,HIDDEN_MARKOV,2774,False,False,True,False,False,False,0
e01-tds1,HIDDEN_MARKOV,2775,False,False,True,False,False,False,0
e01-tds1,HIDDEN_MARKOV,2776,False,False,True,False,False,False,0
e01-tds1,HIDDEN_MARKOV,2777,False,False,True,True,False,False,0
e01-tds1,HIDDEN_MARKOV,2778,False,False,True,False,False,False,0
e01-tds1,HIDDEN_MARKOV,2779,False,False,True,False,False,False,0
e01-tds1,HIDDEN_MARKOV,2780,False,False,True,False,False,False,0
e01-tds1,HIDDEN_MARKOV,2781,True,False,True,False,False,False,0
e01-tds1,HIDDEN_MARKOV,2782,False,False,True,False,False,False,0
e01-tds1,HIDDEN_MARKOV,2783,True,False,True,False,False,False,0
e01-tds1,HIDDEN_MARKOV,2784,False,False,True,False,False,False,0
e01-tds1,HIDDEN_MARKOV,2785,False,False,True,False,False,False,0
e01-tds1,HIDDEN_MARKOV,2786,False,False,True,False,False,False,0
e01-tds1,HIDDEN_MARKOV,2787,False,False,True,True,False,False,0
e01-tds1,HIDDEN_MARKOV,2788,True,False,True,False,False,False,0
e01-tds1,HIDDEN_MARKOV,2789,False,False,True,False,False,False,0
e01-tds1,HIDDEN_MARKOV,2790,False,False,True,True,False,False,0
e01-tds1,HIDDEN_MARKOV,2791,False,False,True,False,False,False,0
e01-tds1,HIDDEN_MARKOV,2792,False,False,True,False,False,False,0
e01-tds1,HIDDEN_MARKOV,2793,False,False,True,False,False,False,0
e01-tds1,HIDDEN_MARKOV,2794,False,False,True,False,False,False,0
e01-tds1,HIDDEN_MARKOV,2795,False,False,True,False,False,False,0
e01-tds1,HIDDEN_MARKOV,2796,False,False,True,False,False,False,0
e01-tds1,HIDDEN_MARKOV,2797,False,False,True,False,False,False,0
e01-tds1,HIDDEN_MARKOV,2798,False,False,True,True,False,False,0
e01-tds1,HIDDEN_MARKOV,2799,False,False,True,False,False,False,0
e01-tds1,HIDDEN_MARKOV,2800,True,False,True,False,False,False,0
e01-tds1,HIDDEN_MARKOV,2801,False,False,True,False,False,False,0
e01-tds1,HIDDEN_MARKOV,2802,False,False,True,False,False,False,0
e01-tds1,HIDDEN_MARKOV,2803,False,False,True,False,False,False,0
e01-tds1,HIDDEN_MARKOV,2804,False,False,True,False,False,False,0
e01-tds1,HIDDEN_MARKOV,2805,True,False,True,False,False,False,0
e01-tds1,HIDDEN_MARKOV,2806,False,False,True,True,False,False,0
e01-tds1,HIDDEN_MARKOV,2807,False,True,True,False,False,False,0
e01-tds1,HIDDEN_MARKOV,2808,False,False,True,False,False,False,0
e01-tds1,HIDDEN_MARKOV,2809,True,False,True,False,False,False,0
e01-tds1,HIDDEN_MARKOV,2810,False,False,True,False,False,False,0
e01-tds1,HIDDEN_MARKOV,2811,False,False,True,False,False,False,0
e01-tds1,HIDDEN_MARKOV,2812,False,True,True,False,False,False,0
e01-tds1,HIDDEN_MARKOV,2813,False,False,True,False,False,False,0
e01-tds1,HIDDEN_MARKOV,2814,False,False,True,False,False,False,0
e01-tds1,HIDDEN_MARKOV,2815,False,False,True,False,False,False,0
e01-tds1,HIDDEN_MARKOV,2816,False,False,True,False,False,False,0
e01-tds1,HIDDEN_MARKOV,2817,False,False,True,False,False,False,0
e01-tds1,HIDDEN_MARKOV,2818,False,False,True,False,False,False,0
e01-tds1,HIDDEN_MARKOV,2819,False,False,True,True,False,False,0
e01-tds1,HIDDEN_MARKOV,2820,False,False,True,False,False,False,0
e01-tds1,HIDDEN_MARKOV,2821,False,False,True,False,False,False,0
e01-tds1,HIDDEN_MARKOV,2822,False,False,True,False,False,False,0
e01-tds1,HIDDEN_MARKOV,2823,True,False,True,False,False,False,0
e01-tds1,HIDDEN_MARKOV,2824,False,False,True,True,False,False,0
e01-tds1,HIDDEN_MARKOV,2825,False,False,True,False,False,False,0
e01-tds1,HIDDEN_MARKOV,2826,True,False,True,True,False,False,0
e01-tds1,HIDDEN_MARKOV,2827,False,False,True,False,False,False,0
e01-tds1,HIDDEN_MARKOV,2828,False,False,True,True,False,False,0
e01-tds1,HIDDEN_MARKOV,2829,False,False,True,True,False,False,0
e01-tds1,HIDDEN_MARKOV,2830,False,False,True,False,False,False,0
e01-tds1,HIDDEN_MARKOV,2831,False,False,True,False,False,False,0
e01-tds1,HIDDEN_MARKOV,2832,False,False,True,False,False,False,0
e01-tds1,HIDDEN_MARKOV,2833,False,False,True,False,False,False,0
e01-tds1,HIDDEN_MARKOV,2834,True,False,True,False,False,False,0
e01-tds1,HIDDEN_MARKOV,2835,False,False,True,True,False,False,0
e01-tds1,HIDDEN_MARKOV,2836,True,False,True,False,False,False,0
e01-tds1,HIDDEN_MARKOV,2837,False,False,True,False,False,False,0
e01-tds1,HIDDEN_MARKOV,2838,False,False,True,True,False,False,0
e01-tds1,HIDDEN_MARKOV,2839,False,False,True,False,False,False,0
e01-tds1,HIDDEN_MARKOV,2840,False,False,True,False,False,False,0
e01-tds1,HIDDEN_MARKOV,2841,True,True,True,False,False,False,0
e01-tds1,HIDDEN_MARKOV,2842,True,False,True,False,False,False,0
e01-tds1,HIDDEN_MARKOV,2843,False,False,True,False,False,False,0
e01-tds1,HIDDEN_MARKOV,2844,True,False,True,False,False,False,0
e01-tds1,HIDDEN_MARKOV,2845,False,False,True,False,False,False,0
e01-tds1,HIDDEN_MARKOV,2846,False,False,True,False,False,False,0
e01-tds1,HIDDEN_MARKOV,2847,False,False,True,False,False,False,0
e01-tds1,HIDDEN_MARKOV,2848,True,False,True,False,False,False,0
e01-tds1,HIDDEN_MARKOV,2849,False,False,True,False,False,False,0
e01-tds1,HIDDEN_MARKOV,2850,False,False,True,False,False,False,0
e01-tds1,HIDDEN_MARKOV,2851,False,False,True,True,False,False,0
e01-tds1,HIDDEN_MARKOV,2852,False,False,True,True,False,False,0
e01-tds1,HIDDEN_MARKOV,2853,False,False,True,False,False,False,0
e01-tds1,HIDDEN_MARKOV,2854,False,False,True,False,False,False,0
e01-tds1,HIDDEN_MARKOV,2855,False,False,True,False,False,False,0
e01-tds1,HIDDEN_MARKOV,2856,False,False,True,True,False,False,0
e01-tds1,HIDDEN_MARKOV,2857,False,False,True,False,False,False,0
e01-tds1,HIDDEN_MARKOV,2858,False,False,True,False,False,False,0
e01-tds1,HIDDEN_MARKOV,2859,False,False,True,False,False,False,0
e01-tds1,HIDDEN_MARKOV,2860,True,False,True,False,False,False,0
e01-tds1,HIDDEN_MARKOV,2861,False,False,True,False,False,False,0
e01-tds1,HIDDEN_MARKOV,2862,False,False,True,False,False,False,0
e01-tds1,HIDDEN_MARKOV,2863,False,False,True,True,False,False,0
e01-tds1,HIDDEN_MARKOV,2864,False,False,True,True,False,False,0
e01-tds1,HIDDEN_MARKOV,2865,False,False,True,False,False,False,0
e01-tds1,HIDDEN_MARKOV,2866,False,False,True,False,False,False,0
e01-tds1,HIDDEN_MARKOV,2867,False,False,True,False,False,False,0
e01-tds1,HIDDEN_MARKOV,2868,True,False,True,False,False,False,0
e01-tds1,HIDDEN_MARKOV,2869,False,False,True,True,False,False,0
e01-tds1,HIDDEN_MARKOV,2870,False,False,True,False,False,False,0
e01-tds1,HIDDEN_MARKOV,2871,False,False,True,False,False,False,0
e01-tds1,HIDDEN_MARKOV,2872,False,False,True,True,False,False,0
e01-tds1,HIDDEN_MARKOV,2873,False,False,True,False,False,False,0
e01-tds1,HIDDEN_MARKOV,2874,False,False,True,False,False,False,0
e01-tds1,HIDDEN_MARKOV,2875,False,False,True,False,False,False,0
e01-tds1,HIDDEN_MARKOV,2876,False,False,True,False,False,False,0
e01-tds1,HIDDEN_MARKOV,2877,False,False,True,False,False,False,0
e01-tds1,HIDDEN_MARKOV,2878,False,False,True,True,False,False,0
e01-tds1,HIDDEN_MARKOV,2879,False,False,True,True,False,False,0
e01-tds1,HIDDEN_MARKOV,2880,False,False,True,False,False,False,0
e01-tds1,HIDDEN_MARKOV,2881,False,False,True,False,False,False,0
e01-tds1,HIDDEN_MARKOV,2882,False,False,True,False,False,False,0
e01-tds1,HIDDEN_MARKOV,2883,False,False,True,False,False,False,0
e01-tds1,HIDDEN_MARKOV,2884,False,False,True,False,False,False,0
e01-tds1,HIDDEN_MARKOV,2885,False,False,True,False,False,False,0
e01-tds1,HIDDEN_MARKOV,2886,True,False,True,False,False,False,0
e01-tds1,HIDDEN_MARKOV,2887,True,False,True,False,False,False,0
e01-tds1,HIDDEN_MARKOV,2888,False,False,True,False,False,False,0
e01-tds1,HIDDEN_MARKOV,2889,False,False,True,True,False,False,0
e01-tds1,HIDDEN_MARKOV,2890,False,False,True,False,False,False,0
e01-tds1,HIDDEN_MARKOV,2891,False,False,True,False,False,False,0
e01-tds1,HIDDEN_MARKOV,2892,False,False,True,False,False,False,0
e01-tds1,HIDDEN_MARKOV,2893,False,False,True,True,False,False,0
e01-tds1,HIDDEN_MARKOV,2894,False,True,True,True,False,False,0
e01-tds1,HIDDEN_MARKOV,2895,False,False,True,False,False,False,0
e01-tds1,HIDDEN_MARKOV,2896,False,False,True,False,False,False,0
e01-tds1,HIDDEN_MARKOV,2897,False,False,True,False,False,False,0
e01-tds1,HIDDEN_MARKOV,2898,False,False,True,False,False,False,0
e01-tds1,HIDDEN_MARKOV,2899,False,False,True,False,False,False,0
e01-tds1,HIDDEN_MARKOV,2900,False,False,True,False,False,False,0
e01-tds1,HIDDEN_MARKOV,2901,False,False,True,True,False,False,0
e01-tds1,HIDDEN_MARKOV,2902,False,False,True,False,False,False,0
e01-tds1,HIDDEN_MARKOV,2903,False,True,True,False,False,False,0
e01-tds1,HIDDEN_MARKOV,2904,True,True,True,False,False,False,0
e01-tds1,HIDDEN_MARKOV,2905,False,False,True,False,False,False,0
e01-tds1,HIDDEN_MARKOV,2906,False,False,True,False,False,False,0
e01-tds1,HIDDEN_MARKOV,2907,False,False,True,False,False,False,0
e01-tds1,HIDDEN_MARKOV,2908,False,False,True,False,False,False,0
e01-tds1,HIDDEN_MARKOV,2909,False,False,True,False,False,False,0
e01-tds1,HIDDEN_MARKOV,2910,True,False,True,False,False,False,0
e01-tds1,HIDDEN_MARKOV,2911,False,False,True,True,False,False,0
e01-tds1,HIDDEN_MARKOV,2912,False,False,True,False,False,False,0
e01-tds1,HIDDEN_MARKOV,2913,False,False,True,False,False,False,0
e01-tds1,HIDDEN_MARKOV,2914,False,False,True,True,False,False,0
e01-tds1,HIDDEN_MARKOV,2915,False,False,True,True,False,False,0
e01-tds1,HIDDEN_MARKOV,2916,False,False,True,False,False,False,0
e01-tds1,HIDDEN_MARKOV,2917,False,False,True,False,False,False,0
e01-tds1,HIDDEN_MARKOV,2918,False,False,True,False,False,False,0
e01-tds1,HIDDEN_MARKOV,2919,True,False,True,False,False,False,0
e01-tds1,HIDDEN_MARKOV,2920,True,False,True,False,False,False,0
e01-tds1,HIDDEN_MARKOV,2921,False,False,True,True,False,False,0
e01-tds1,HIDDEN_MARKOV,2922,False,True,True,False,False,False,0
e01-tds1,HIDDEN_MARKOV,2923,True,False,True,False,False,False,0
e01-tds1,HIDDEN_MARKOV,2924,False,False,True,False,False,False,0
e01-tds1,HIDDEN_MARKOV,2925,False,False,True,False,False,False,0
e01-tds1,HIDDEN_MARKOV,2926,False,False,True,True,False,False,0
e01-tds1,HIDDEN_MARKOV,2927,True,False,True,False,False,False,0
e01-tds1,HIDDEN_MARKOV,2928,True,False,True,True,False,False,0
e01-tds1,HIDDEN_MARKOV,2929,False,False,True,False,False,False,0
e01-tds1,HIDDEN_MARKOV,2930,True,False,True,False,False,False,0
e01-tds1,HIDDEN_MARKOV,2931,False,False,True,False,False,False,0
e01-tds1,HIDDEN_MARKOV,2932,False,False,True,False,False,False,0
e01-tds1,HIDDEN_MARKOV,2933,False,False,True,False,False,False,0
e01-tds1,HIDDEN_MARKOV,2934,False,False,True,False,False,False,0
e01-tds1,HIDDEN_MARKOV,2935,False,False,True,False,False,False,0
e01-tds1,HIDDEN_MARKOV,2936,False,False,True,False,False,False,0
e01-tds1,HIDDEN_MARKOV,2937,True,False,True,False,False,False,0
e01-tds1,HIDDEN_MARKOV,2938,False,False,True,False,False,False,0
e01-tds1,HIDDEN_MARKOV,2939,False,False,True,False,False,False,0
e01-tds1,HIDDEN_MARKOV,2940,False,False,True,False,False,False,0
e01-tds1,HIDDEN_MARKOV,2941,False,False,True,False,False,False,0
e01-tds1,HIDDEN_MARKOV,2942,False,False,True,False,False,False,0
e01-tds1,HIDDEN_MARKOV,2943,False,False,True,True,False,False,0
e01-tds1,HIDDEN_MARKOV,2944,False,False,True,True,False,False,0
e01-tds1,HIDDEN_MARKOV,2945,False,False,True,False,False,False,0
e01-tds1,HIDDEN_MARKOV,2946,False,False,True,False,False,False,0
e01-tds1,HIDDEN_MARKOV,2947,False,False,True,False,False,False,0
e01-tds1,HIDDEN_MARKOV,2948,False,False,True,False,False,False,0
e01-tds1,HIDDEN_MARKOV,2949,False,False,True,True,False,False,0
e01-tds1,HIDDEN_MARKOV,2950,False,False,True,True,False,False,0
e01-tds1,HIDDEN_MARKOV,2951,False,False,True,True,False,False,0
e01-tds1,HIDDEN_MARKOV,2952,False,False,True,True,False,False,0
e01-tds1,HIDDEN_MARKOV,2953,False,False,True,False,False,False,0
e01-tds1,HIDDEN_MARKOV,2954,False,False,True,False,False,False,0
e01-tds1,HIDDEN_MARKOV,2955,True,False,True,False,False,False,0
e01-tds1,HIDDEN_MARKOV,2956,False,False,True,False,False,False,0
e01-tds1,HIDDEN_MARKOV,2957,False,False,True,True,False,False,0
e01-tds1,HIDDEN_MARKOV,2958,False,False,True,False,False,False,0
e01-tds1,HIDDEN_MARKOV,2959,False,False,True,False,False,False,0
e01-tds1,HIDDEN_MARKOV,2960,False,False,True,False,False,False,0
e01-tds1,HIDDEN_MARKOV,2961,False,False,True,False,False,False,0
e01-tds1,HIDDEN_MARKOV,2962,False,False,True,False,False,False,0
e01-tds1,HIDDEN_MARKOV,2963,True,False,True,False,False,False,0
e01-tds1,HIDDEN_MARKOV,2964,False,False,True,True,False,False,0
e01-tds1,HIDDEN_MARKOV,2965,True,False,True,False,False,False,0
e01-tds1,HIDDEN_MARKOV,2966,False,False,True,False,False,False,0
e01-tds1,HIDDEN_MARKOV,2967,True,True,True,False,False,False,0
e01-tds1,HIDDEN_MARKOV,2968,False,False,True,False,False,False,0
e01-tds1,HIDDEN_MARKOV,2969,False,False,True,True,False,False,0
e01-tds1,HIDDEN_MARKOV,2970,False,False,True,True,False,False,0
e01-tds1,HIDDEN_MARKOV,2971,False,False,True,False,False,False,0
e01-tds1,HIDDEN_MARKOV,2972,False,False,True,False,False,False,0
e01-tds1,HIDDEN_MARKOV,2973,False,False,True,False,False,False,0
e01-tds1,HIDDEN_MARKOV,2974,False,False,True,True,False,False,0
e01-tds1,HIDDEN_MARKOV,2975,False,False,True,True,False,False,0
e01-tds1,HIDDEN_MARKOV,2976,True,False,True,False,False,False,0
e01-tds1,HIDDEN_MARKOV,2977,False,False,True,False,False,False,0
e01-tds1,HIDDEN_MARKOV,2978,False,False,True,False,False,False,0
e01-tds1,HIDDEN_MARKOV,2979,False,False,True,True,False,False,0
e01-tds1,HIDDEN_MARKOV,2980,False,False,True,False,False,False,0
e01-tds1,HIDDEN_MARKOV,2981,True,False,True,False,False,False,0
e01-tds1,HIDDEN_MARKOV,2982,False,False,True,False,False,False,0
e01-tds1,HIDDEN_MARKOV,2983,False,False,True,False,False,False,0
e01-tds1,HIDDEN_MARKOV,2984,False,False,True,False,False,False,0
e01-tds1,HIDDEN_MARKOV,2985,False,False,True,False,False,False,0
e01-tds1,HIDDEN_MARKOV,2986,False,False,True,False,False,False,0
e01-tds1,HIDDEN_MARKOV,2987,False,False,True,False,False,False,0
e01-tds1,HIDDEN_MARKOV,2988,False,False,True,False,False,False,0
e01-tds1,HIDDEN_MARKOV,2989,False,True,True,False,False,False,0
e01-tds1,HIDDEN_MARKOV,2990,True,False,True,False,False,False,0
e01-tds1,HIDDEN_MARKOV,2991,False,False,True,True,False,False,0
e01-tds1,HIDDEN_MARKOV,2992,False,False,True,False,False,False,0
e01-tds1,HIDDEN_MARKOV,2993,False,False,True,False,False,False,0
e01-tds1,HIDDEN_MARKOV,2994,False,False,True,False,False,False,0
e01-tds1,HIDDEN_MARKOV,2995,False,False,True,False,False,False,0
e01-tds1,HIDDEN_MARKOV,2996,False,False,True,False,False,False,0
e01-tds1,HIDDEN_MARKOV,2997,False,False,True,False,False,False,0
e01-tds1,HIDDEN_MARKOV,2998,False,False,True,True,False,False,0
e01-tds1,HIDDEN_MARKOV,2999,False,False,True,False,False,False,0
e01-tds1,TAIL_BURST,0,True,True,True,False,False,False,0
e01-tds1,TAIL_BURST,1,False,False,True,False,False,False,0
e01-tds1,TAIL_BURST,2,True,False,True,False,False,False,0
e01-tds1,TAIL_BURST,3,True,False,True,False,False,False,0
e01-tds1,TAIL_BURST,4,True,True,True,True,True,False,0
e01-tds1,TAIL_BURST,5,True,True,True,True,True,False,0
e01-tds1,TAIL_BURST,6,True,True,True,False,False,False,0
e01-tds1,TAIL_BURST,7,True,True,True,False,False,False,0
e01-tds1,TAIL_BURST,8,True,True,True,False,False,False,0
e01-tds1,TAIL_BURST,9,True,False,True,False,False,False,0
e01-tds1,TAIL_BURST,10,True,True,True,False,False,False,0
e01-tds1,TAIL_BURST,11,True,True,True,False,False,False,0
e01-tds1,TAIL_BURST,12,True,False,True,False,False,False,0
e01-tds1,TAIL_BURST,13,True,False,True,False,False,False,0
e01-tds1,TAIL_BURST,14,True,True,True,False,False,False,0
e01-tds1,TAIL_BURST,15,True,True,True,False,False,False,0
e01-tds1,TAIL_BURST,16,True,True,True,False,False,False,0
e01-tds1,TAIL_BURST,17,True,True,True,False,False,False,0
e01-tds1,TAIL_BURST,18,True,False,True,False,False,False,0
e01-tds1,TAIL_BURST,19,True,False,True,False,False,False,0
e01-tds1,TAIL_BURST,20,True,True,True,False,False,False,0
e01-tds1,TAIL_BURST,21,True,False,True,False,False,False,0
e01-tds1,TAIL_BURST,22,True,False,True,False,False,False,0
e01-tds1,TAIL_BURST,23,True,True,True,True,True,False,0
e01-tds1,TAIL_BURST,24,True,True,True,False,False,False,0
e01-tds1,TAIL_BURST,25,False,False,True,False,False,False,0
e01-tds1,TAIL_BURST,26,False,False,True,False,False,False,0
e01-tds1,TAIL_BURST,27,True,True,True,False,False,False,0
e01-tds1,TAIL_BURST,28,True,False,True,False,False,False,0
e01-tds1,TAIL_BURST,29,True,False,True,False,False,False,0
e01-tds1,TAIL_BURST,30,True,True,True,False,False,False,0
e01-tds1,TAIL_BURST,31,True,False,True,False,False,False,0
e01-tds1,TAIL_BURST,32,True,False,True,False,False,False,0
e01-tds1,TAIL_BURST,33,True,True,True,False,False,False,0
e01-tds1,TAIL_BURST,34,True,True,True,False,False,False,0
e01-tds1,TAIL_BURST,35,True,True,True,False,False,False,0
e01-tds1,TAIL_BURST,36,True,False,True,False,False,False,0
e01-tds1,TAIL_BURST,37,True,True,True,False,False,False,0
e01-tds1,TAIL_BURST,38,True,True,True,False,False,False,0
e01-tds1,TAIL_BURST,39,True,False,True,False,False,False,0
e01-tds1,TAIL_BURST,40,True,True,True,True,True,False,0
e01-tds1,TAIL_BURST,41,True,False,True,False,False,False,0
e01-tds1,TAIL_BURST,42,True,True,True,False,False,False,0
e01-tds1,TAIL_BURST,43,True,False,True,False,False,False,0
e01-tds1,TAIL_BURST,44,True,True,True,False,False,False,0
e01-tds1,TAIL_BURST,45,False,False,True,False,False,False,0
e01-tds1,TAIL_BURST,46,True,True,True,True,True,False,0
e01-tds1,TAIL_BURST,47,True,False,True,False,False,False,0
e01-tds1,TAIL_BURST,48,True,False,True,False,False,False,0
e01-tds1,TAIL_BURST,49,False,False,True,False,False,False,0
e01-tds1,TAIL_BURST,50,True,True,True,True,True,False,0
e01-tds1,TAIL_BURST,51,True,False,True,False,False,False,0
e01-tds1,TAIL_BURST,52,True,True,True,False,False,False,0
e01-tds1,TAIL_BURST,53,True,False,True,False,False,False,0
e01-tds1,TAIL_BURST,54,True,False,True,False,False,False,0
e01-tds1,TAIL_BURST,55,True,True,True,False,False,False,0
e01-tds1,TAIL_BURST,56,True,False,True,False,False,False,0
e01-tds1,TAIL_BURST,57,True,True,True,False,False,False,0
e01-tds1,TAIL_BURST,58,True,False,True,False,False,False,0
e01-tds1,TAIL_BURST,59,True,True,True,False,False,False,0
e01-tds1,TAIL_BURST,60,True,True,True,False,False,False,0
e01-tds1,TAIL_BURST,61,True,False,True,False,False,False,0
e01-tds1,TAIL_BURST,62,False,False,True,True,False,False,0
e01-tds1,TAIL_BURST,63,True,True,True,False,False,False,0
e01-tds1,TAIL_BURST,64,False,False,True,False,False,False,0
e01-tds1,TAIL_BURST,65,True,True,True,True,True,False,0
e01-tds1,TAIL_BURST,66,True,False,True,False,False,False,0
e01-tds1,TAIL_BURST,67,True,False,True,False,False,False,0
e01-tds1,TAIL_BURST,68,True,False,True,False,False,False,0
e01-tds1,TAIL_BURST,69,True,False,True,False,False,False,0
e01-tds1,TAIL_BURST,70,True,False,True,False,False,False,0
e01-tds1,TAIL_BURST,71,True,False,True,False,False,False,0
e01-tds1,TAIL_BURST,72,True,True,True,False,False,False,0
e01-tds1,TAIL_BURST,73,True,False,True,False,False,False,0
e01-tds1,TAIL_BURST,74,True,True,True,False,False,False,0
e01-tds1,TAIL_BURST,75,True,True,True,False,False,False,0
e01-tds1,TAIL_BURST,76,True,False,True,False,False,False,0
e01-tds1,TAIL_BURST,77,True,True,True,False,False,False,0
e01-tds1,TAIL_BURST,78,True,True,True,False,False,False,0
e01-tds1,TAIL_BURST,79,True,False,True,False,False,False,0
e01-tds1,TAIL_BURST,80,True,False,True,False,False,False,0
e01-tds1,TAIL_BURST,81,True,False,True,False,False,False,0
e01-tds1,TAIL_BURST,82,True,False,True,False,False,False,0
e01-tds1,TAIL_BURST,83,True,False,True,False,False,False,0
e01-tds1,TAIL_BURST,84,True,True,True,True,True,False,0
e01-tds1,TAIL_BURST,85,True,True,True,False,False,False,0
e01-tds1,TAIL_BURST,86,True,True,True,False,False,False,0
e01-tds1,TAIL_BURST,87,True,False,True,False,False,False,0
e01-tds1,TAIL_BURST,88,True,False,True,False,False,False,0
e01-tds1,TAIL_BURST,89,True,True,True,False,False,False,0
e01-tds1,TAIL_BURST,90,True,False,True,False,False,False,0
e01-tds1,TAIL_BURST,91,True,False,True,False,False,False,0
e01-tds1,TAIL_BURST,92,True,True,True,False,False,False,0
e01-tds1,TAIL_BURST,93,True,True,True,False,False,False,0
e01-tds1,TAIL_BURST,94,False,False,True,False,False,False,0
e01-tds1,TAIL_BURST,95,True,True,True,False,False,False,0
e01-tds1,TAIL_BURST,96,True,False,True,False,False,False,0
e01-tds1,TAIL_BURST,97,True,True,True,False,False,False,0
e01-tds1,TAIL_BURST,98,True,True,True,False,False,False,0
e01-tds1,TAIL_BURST,99,True,False,True,False,False,False,0
e01-tds1,TAIL_BURST,100,False,False,True,True,False,False,0
e01-tds1,TAIL_BURST,101,True,True,True,False,False,False,0
e01-tds1,TAIL_BURST,102,True,False,True,False,False,False,0
e01-tds1,TAIL_BURST,103,True,True,True,True,True,False,0
e01-tds1,TAIL_BURST,104,False,False,True,True,False,False,0
e01-tds1,TAIL_BURST,105,True,True,True,False,False,False,0
e01-tds1,TAIL_BURST,106,True,False,True,False,False,False,0
e01-tds1,TAIL_BURST,107,True,False,True,False,False,False,0
e01-tds1,TAIL_BURST,108,False,False,True,False,False,False,0
e01-tds1,TAIL_BURST,109,True,True,True,False,False,False,0
e01-tds1,TAIL_BURST,110,True,False,True,False,False,False,0
e01-tds1,TAIL_BURST,111,True,True,True,False,False,False,0
e01-tds1,TAIL_BURST,112,True,False,True,False,False,False,0
e01-tds1,TAIL_BURST,113,True,False,True,False,False,False,0
e01-tds1,TAIL_BURST,114,False,False,True,False,False,False,0
e01-tds1,TAIL_BURST,115,True,True,True,False,False,False,0
e01-tds1,TAIL_BURST,116,True,True,True,False,False,False,0
e01-tds1,TAIL_BURST,117,False,False,True,False,False,False,0
e01-tds1,TAIL_BURST,118,True,True,True,True,True,False,0
e01-tds1,TAIL_BURST,119,False,False,True,True,False,False,0
e01-tds1,TAIL_BURST,120,False,False,True,False,False,False,0
e01-tds1,TAIL_BURST,121,True,False,True,False,False,False,0
e01-tds1,TAIL_BURST,122,True,True,True,False,False,False,0
e01-tds1,TAIL_BURST,123,True,True,True,False,False,False,0
e01-tds1,TAIL_BURST,124,True,True,True,False,False,False,0
e01-tds1,TAIL_BURST,125,True,True,True,False,False,False,0
e01-tds1,TAIL_BURST,126,True,True,True,False,False,False,0
e01-tds1,TAIL_BURST,127,True,False,True,False,False,False,0
e01-tds1,TAIL_BURST,128,False,False,True,False,False,False,0
e01-tds1,TAIL_BURST,129,True,True,True,False,False,False,0
e01-tds1,TAIL_BURST,130,True,True,True,False,False,False,0
e01-tds1,TAIL_BURST,131,True,True,True,False,False,False,0
e01-tds1,TAIL_BURST,132,False,False,True,False,False,False,0
e01-tds1,TAIL_BURST,133,True,False,True,False,False,False,0
e01-tds1,TAIL_BURST,134,True,True,True,False,False,False,0
e01-tds1,TAIL_BURST,135,True,True,True,False,False,False,0
e01-tds1,TAIL_BURST,136,True,True,True,False,False,False,0
e01-tds1,TAIL_BURST,137,True,True,True,False,False,False,0
e01-tds1,TAIL_BURST,138,True,False,True,False,False,False,0
e01-tds1,TAIL_BURST,139,False,True,True,False,False,False,0
e01-tds1,TAIL_BURST,140,True,False,True,False,False,False,0
e01-tds1,TAIL_BURST,141,False,False,True,True,False,False,0
e01-tds1,TAIL_BURST,142,True,False,True,False,False,False,0
e01-tds1,TAIL_BURST,143,True,False,True,False,False,False,0
e01-tds1,TAIL_BURST,144,True,True,True,False,False,False,0
e01-tds1,TAIL_BURST,145,True,False,True,False,False,False,0
e01-tds1,TAIL_BURST,146,True,True,True,False,False,False,0
e01-tds1,TAIL_BURST,147,True,True,True,False,False,False,0
e01-tds1,TAIL_BURST,148,True,True,True,False,False,False,0
e01-tds1,TAIL_BURST,149,True,True,True,False,False,False,0
e01-tds1,TAIL_BURST,150,True,False,True,False,False,False,0
e01-tds1,TAIL_BURST,151,True,True,True,False,False,False,0
e01-tds1,TAIL_BURST,152,False,False,True,False,False,False,0
e01-tds1,TAIL_BURST,153,True,True,True,False,False,False,0
e01-tds1,TAIL_BURST,154,True,False,True,False,False,False,0
e01-tds1,TAIL_BURST,155,True,True,True,False,False,False,0
e01-tds1,TAIL_BURST,156,True,True,True,False,False,False,0
e01-tds1,TAIL_BURST,157,True,True,True,False,False,False,0
e01-tds1,TAIL_BURST,158,True,False,True,False,False,False,0
e01-tds1,TAIL_BURST,159,True,True,True,False,False,False,0
e01-tds1,TAIL_BURST,160,True,True,True,False,False,False,0
e01-tds1,TAIL_BURST,161,True,True,True,False,False,False,0
e01-tds1,TAIL_BURST,162,True,False,True,False,False,False,0
e01-tds1,TAIL_BURST,163,True,True,True,False,False,False,0
e01-tds1,TAIL_BURST,164,True,False,True,False,False,False,0
e01-tds1,TAIL_BURST,165,True,False,True,False,False,False,0
e01-tds1,TAIL_BURST,166,False,False,True,False,False,False,0
e01-tds1,TAIL_BURST,167,True,True,True,False,False,False,0
e01-tds1,TAIL_BURST,168,True,False,True,False,False,False,0
e01-tds1,TAIL_BURST,169,True,False,True,False,False,False,0
e01-tds1,TAIL_BURST,170,True,True,True,False,False,False,0
e01-tds1,TAIL_BURST,171,True,True,True,False,False,False,0
e01-tds1,TAIL_BURST,172,True,False,True,False,False,False,0
e01-tds1,TAIL_BURST,173,True,False,True,False,False,False,0
e01-tds1,TAIL_BURST,174,True,False,True,False,False,False,0
e01-tds1,TAIL_BURST,175,True,True,True,True,True,False,0
e01-tds1,TAIL_BURST,176,True,True,True,False,False,False,0
e01-tds1,TAIL_BURST,177,True,True,True,False,False,False,0
e01-tds1,TAIL_BURST,178,False,False,True,False,False,False,0
e01-tds1,TAIL_BURST,179,True,True,True,False,False,False,0
e01-tds1,TAIL_BURST,180,True,True,True,False,False,False,0
e01-tds1,TAIL_BURST,181,True,False,True,False,False,False,0
e01-tds1,TAIL_BURST,182,True,True,True,False,False,False,0
e01-tds1,TAIL_BURST,183,False,False,True,False,False,False,0
e01-tds1,TAIL_BURST,184,False,True,True,True,False,False,0
e01-tds1,TAIL_BURST,185,True,False,True,False,False,False,0
e01-tds1,TAIL_BURST,186,True,True,True,False,False,False,0
e01-tds1,TAIL_BURST,187,True,True,True,False,False,False,0
e01-tds1,TAIL_BURST,188,False,False,True,False,False,False,0
e01-tds1,TAIL_BURST,189,True,False,True,False,False,False,0
e01-tds1,TAIL_BURST,190,True,True,True,False,False,False,0
e01-tds1,TAIL_BURST,191,True,True,True,True,True,False,0
e01-tds1,TAIL_BURST,192,False,False,True,False,False,False,0
e01-tds1,TAIL_BURST,193,True,True,True,False,False,False,0
e01-tds1,TAIL_BURST,194,True,True,True,False,False,False,0
e01-tds1,TAIL_BURST,195,True,True,True,True,True,False,0
e01-tds1,TAIL_BURST,196,True,False,True,False,False,False,0
e01-tds1,TAIL_BURST,197,True,False,True,False,False,False,0
e01-tds1,TAIL_BURST,198,True,False,True,False,False,False,0
e01-tds1,TAIL_BURST,199,True,False,True,False,False,False,0
e01-tds1,TAIL_BURST,200,True,False,True,False,False,False,0
e01-tds1,TAIL_BURST,201,False,False,True,True,False,False,0
e01-tds1,TAIL_BURST,202,False,False,True,True,False,False,0
e01-tds1,TAIL_BURST,203,False,False,True,True,False,False,0
e01-tds1,TAIL_BURST,204,True,False,True,False,False,False,0
e01-tds1,TAIL_BURST,205,False,False,True,False,False,False,0
e01-tds1,TAIL_BURST,206,True,True,True,False,False,False,0
e01-tds1,TAIL_BURST,207,True,True,True,False,False,False,0
e01-tds1,TAIL_BURST,208,True,False,True,False,False,False,0
e01-tds1,TAIL_BURST,209,True,True,True,False,False,False,0
e01-tds1,TAIL_BURST,210,True,True,True,True,False,False,0
e01-tds1,TAIL_BURST,211,True,False,True,False,False,False,0
e01-tds1,TAIL_BURST,212,True,False,True,False,False,False,0
e01-tds1,TAIL_BURST,213,True,True,True,False,False,False,0
e01-tds1,TAIL_BURST,214,True,False,True,True,False,False,0
e01-tds1,TAIL_BURST,215,True,True,True,False,False,False,0
e01-tds1,TAIL_BURST,216,True,True,True,False,False,False,0
e01-tds1,TAIL_BURST,217,False,False,True,False,False,False,0
e01-tds1,TAIL_BURST,218,True,False,True,False,False,False,0
e01-tds1,TAIL_BURST,219,True,True,True,False,False,False,0
e01-tds1,TAIL_BURST,220,True,True,True,False,False,False,0
e01-tds1,TAIL_BURST,221,True,True,True,False,False,False,0
e01-tds1,TAIL_BURST,222,True,False,True,False,False,False,0
e01-tds1,TAIL_BURST,223,True,True,True,False,False,False,0
e01-tds1,TAIL_BURST,224,True,False,True,False,False,False,0
e01-tds1,TAIL_BURST,225,False,True,True,False,False,False,0
e01-tds1,TAIL_BURST,226,True,False,True,False,False,False,0
e01-tds1,TAIL_BURST,227,True,True,True,False,False,False,0
e01-tds1,TAIL_BURST,228,True,True,True,False,False,False,0
e01-tds1,TAIL_BURST,229,False,False,True,False,False,False,0
e01-tds1,TAIL_BURST,230,True,False,True,False,False,False,0
e01-tds1,TAIL_BURST,231,True,True,True,False,False,False,0
e01-tds1,TAIL_BURST,232,True,False,True,False,False,False,0
e01-tds1,TAIL_BURST,233,True,False,True,False,False,False,0
e01-tds1,TAIL_BURST,234,False,False,True,True,False,False,0
e01-tds1,TAIL_BURST,235,False,False,True,True,False,False,0
e01-tds1,TAIL_BURST,236,False,False,True,False,False,False,0
e01-tds1,TAIL_BURST,237,True,False,True,False,False,False,0
e01-tds1,TAIL_BURST,238,True,False,True,False,False,False,0
e01-tds1,TAIL_BURST,239,True,False,True,False,False,False,0
e01-tds1,TAIL_BURST,240,True,False,True,False,False,False,0
e01-tds1,TAIL_BURST,241,True,False,True,False,False,False,0
e01-tds1,TAIL_BURST,242,True,False,True,False,False,False,0
e01-tds1,TAIL_BURST,243,True,True,True,False,False,False,0
e01-tds1,TAIL_BURST,244,True,False,True,False,False,False,0
e01-tds1,TAIL_BURST,245,True,False,True,False,False,False,0
e01-tds1,TAIL_BURST,246,True,True,True,False,False,False,0
e01-tds1,TAIL_BURST,247,True,False,True,False,False,False,0
e01-tds1,TAIL_BURST,248,True,False,True,False,False,False,0
e01-tds1,TAIL_BURST,249,True,True,True,False,False,False,0
e01-tds1,TAIL_BURST,250,True,False,True,False,False,False,0
e01-tds1,TAIL_BURST,251,True,True,True,False,False,False,0
e01-tds1,TAIL_BURST,252,False,True,True,True,False,False,0
e01-tds1,TAIL_BURST,253,True,False,True,False,False,False,0
e01-tds1,TAIL_BURST,254,True,True,True,False,False,False,0
e01-tds1,TAIL_BURST,255,True,False,True,False,False,False,0
e01-tds1,TAIL_BURST,256,True,True,True,False,False,False,0
e01-tds1,TAIL_BURST,257,True,True,True,False,False,False,0
e01-tds1,TAIL_BURST,258,True,True,True,False,False,False,0
e01-tds1,TAIL_BURST,259,True,False,True,False,False,False,0
e01-tds1,TAIL_BURST,260,False,False,True,False,False,False,0
e01-tds1,TAIL_BURST,261,True,True,True,False,False,False,0
e01-tds1,TAIL_BURST,262,True,False,True,False,False,False,0
e01-tds1,TAIL_BURST,263,True,True,True,False,False,False,0
e01-tds1,TAIL_BURST,264,True,False,True,False,False,False,0
e01-tds1,TAIL_BURST,265,True,False,True,False,False,False,0
e01-tds1,TAIL_BURST,266,True,False,True,False,False,False,0
e01-tds1,TAIL_BURST,267,True,False,True,False,False,False,0
e01-tds1,TAIL_BURST,268,True,True,True,False,False,False,0
e01-tds1,TAIL_BURST,269,True,True,True,False,False,False,0
e01-tds1,TAIL_BURST,270,True,False,True,False,False,False,0
e01-tds1,TAIL_BURST,271,True,False,True,False,False,False,0
e01-tds1,TAIL_BURST,272,True,True,True,False,False,False,0
e01-tds1,TAIL_BURST,273,True,True,True,True,True,False,0
e01-tds1,TAIL_BURST,274,True,True,True,False,False,False,0
e01-tds1,TAIL_BURST,275,True,True,True,False,False,False,0
e01-tds1,TAIL_BURST,276,True,False,True,False,False,False,0
e01-tds1,TAIL_BURST,277,True,True,True,False,False,False,0
e01-tds1,TAIL_BURST,278,True,True,True,False,False,False,0
e01-tds1,TAIL_BURST,279,True,True,True,False,False,False,0
e01-tds1,TAIL_BURST,280,True,True,True,False,False,False,0
e01-tds1,TAIL_BURST,281,True,False,True,False,False,False,0
e01-tds1,TAIL_BURST,282,False,False,True,True,False,False,0
e01-tds1,TAIL_BURST,283,True,True,True,False,False,False,0
e01-tds1,TAIL_BURST,284,True,True,True,False,False,False,0
e01-tds1,TAIL_BURST,285,True,False,True,False,False,False,0
e01-tds1,TAIL_BURST,286,True,True,True,False,False,False,0
e01-tds1,TAIL_BURST,287,True,False,True,False,False,False,0
e01-tds1,TAIL_BURST,288,True,True,True,False,False,False,0
e01-tds1,TAIL_BURST,289,True,True,True,False,False,False,0
e01-tds1,TAIL_BURST,290,True,False,True,False,False,False,0
e01-tds1,TAIL_BURST,291,True,True,True,False,False,False,0
e01-tds1,TAIL_BURST,292,True,False,True,False,False,False,0
e01-tds1,TAIL_BURST,293,True,False,True,False,False,False,0
e01-tds1,TAIL_BURST,294,True,True,True,False,False,False,0
e01-tds1,TAIL_BURST,295,True,False,True,False,False,False,0
e01-tds1,TAIL_BURST,296,True,True,True,False,False,False,0
e01-tds1,TAIL_BURST,297,True,True,True,False,False,False,0
e01-tds1,TAIL_BURST,298,False,False,True,False,False,False,0
e01-tds1,TAIL_BURST,299,True,True,True,False,False,False,0
e01-tds1,TAIL_BURST,300,False,False,True,False,False,False,0
e01-tds1,TAIL_BURST,301,False,False,True,False,False,False,0
e01-tds1,TAIL_BURST,302,True,True,True,False,False,False,0
e01-tds1,TAIL_BURST,303,False,False,True,False,False,False,0
e01-tds1,TAIL_BURST,304,True,True,True,False,False,False,0
e01-tds1,TAIL_BURST,305,True,False,True,False,False,False,0
e01-tds1,TAIL_BURST,306,False,False,True,True,False,False,0
e01-tds1,TAIL_BURST,307,True,True,True,False,False,False,0
e01-tds1,TAIL_BURST,308,True,False,True,False,False,False,0
e01-tds1,TAIL_BURST,309,True,False,True,False,False,False,0
e01-tds1,TAIL_BURST,310,True,True,True,False,False,False,0
e01-tds1,TAIL_BURST,311,True,True,True,True,False,False,0
e01-tds1,TAIL_BURST,312,True,True,True,False,False,False,0
e01-tds1,TAIL_BURST,313,False,False,True,False,False,False,0
e01-tds1,TAIL_BURST,314,True,False,True,False,False,False,0
e01-tds1,TAIL_BURST,315,True,False,True,False,False,False,0
e01-tds1,TAIL_BURST,316,True,False,True,True,False,False,0
e01-tds1,TAIL_BURST,317,True,False,True,False,False,False,0
e01-tds1,TAIL_BURST,318,True,False,True,False,False,False,0
e01-tds1,TAIL_BURST,319,True,True,True,False,False,False,0
e01-tds1,TAIL_BURST,320,True,False,True,False,False,False,0
e01-tds1,TAIL_BURST,321,True,False,True,False,False,False,0
e01-tds1,TAIL_BURST,322,True,False,True,False,False,False,0
e01-tds1,TAIL_BURST,323,True,False,True,False,False,False,0
e01-tds1,TAIL_BURST,324,True,True,True,False,False,False,0
e01-tds1,TAIL_BURST,325,True,False,True,False,False,False,0
e01-tds1,TAIL_BURST,326,True,False,True,False,False,False,0
e01-tds1,TAIL_BURST,327,True,True,True,False,False,False,0
e01-tds1,TAIL_BURST,328,True,True,True,False,False,False,0
e01-tds1,TAIL_BURST,329,True,True,True,False,False,False,0
e01-tds1,TAIL_BURST,330,False,False,True,True,False,False,0
e01-tds1,TAIL_BURST,331,True,False,True,False,False,False,0
e01-tds1,TAIL_BURST,332,True,False,True,False,False,False,0
e01-tds1,TAIL_BURST,333,True,True,True,False,False,False,0
e01-tds1,TAIL_BURST,334,False,False,True,False,False,False,0
e01-tds1,TAIL_BURST,335,True,True,True,False,False,False,0
e01-tds1,TAIL_BURST,336,False,True,True,False,False,False,0
e01-tds1,TAIL_BURST,337,True,True,True,False,False,False,0
e01-tds1,TAIL_BURST,338,True,True,True,False,False,False,0
e01-tds1,TAIL_BURST,339,False,False,True,False,False,False,0
e01-tds1,TAIL_BURST,340,True,True,True,False,False,False,0
e01-tds1,TAIL_BURST,341,True,False,True,False,False,False,0
e01-tds1,TAIL_BURST,342,True,True,True,False,False,False,0
e01-tds1,TAIL_BURST,343,True,False,True,False,False,False,0
e01-tds1,TAIL_BURST,344,True,True,True,False,False,False,0
e01-tds1,TAIL_BURST,345,False,False,True,False,False,False,0
e01-tds1,TAIL_BURST,346,True,False,True,False,False,False,0
e01-tds1,TAIL_BURST,347,True,True,True,False,False,False,0
e01-tds1,TAIL_BURST,348,True,False,True,False,False,False,0
e01-tds1,TAIL_BURST,349,True,False,True,False,False,False,0
e01-tds1,TAIL_BURST,350,True,True,True,True,False,False,0
e01-tds1,TAIL_BURST,351,False,False,True,True,False,False,0
e01-tds1,TAIL_BURST,352,True,True,True,False,False,False,0
e01-tds1,TAIL_BURST,353,True,True,True,False,False,False,0
e01-tds1,TAIL_BURST,354,True,False,True,False,False,False,0
e01-tds1,TAIL_BURST,355,True,True,True,False,False,False,0
e01-tds1,TAIL_BURST,356,True,True,True,False,False,False,0
e01-tds1,TAIL_BURST,357,False,True,True,False,False,False,0
e01-tds1,TAIL_BURST,358,True,True,True,True,True,False,0
e01-tds1,TAIL_BURST,359,False,False,True,False,False,False,0
e01-tds1,TAIL_BURST,360,True,False,True,False,False,False,0
e01-tds1,TAIL_BURST,361,False,False,True,False,False,False,0
e01-tds1,TAIL_BURST,362,False,False,True,False,False,False,0
e01-tds1,TAIL_BURST,363,False,False,True,False,False,False,0
e01-tds1,TAIL_BURST,364,True,True,True,False,False,False,0
e01-tds1,TAIL_BURST,365,True,False,True,False,False,False,0
e01-tds1,TAIL_BURST,366,True,False,True,False,False,False,0
e01-tds1,TAIL_BURST,367,True,False,True,False,False,False,0
e01-tds1,TAIL_BURST,368,True,False,True,False,False,False,0
e01-tds1,TAIL_BURST,369,False,False,True,False,False,False,0
e01-tds1,TAIL_BURST,370,True,True,True,False,False,False,0
e01-tds1,TAIL_BURST,371,True,False,True,False,False,False,0
e01-tds1,TAIL_BURST,372,True,True,True,False,False,False,0
e01-tds1,TAIL_BURST,373,True,True,True,True,True,False,0
e01-tds1,TAIL_BURST,374,True,False,True,False,False,False,0
e01-tds1,TAIL_BURST,375,False,False,True,False,False,False,0
e01-tds1,TAIL_BURST,376,True,True,True,False,False,False,0
e01-tds1,TAIL_BURST,377,True,True,True,False,False,False,0
e01-tds1,TAIL_BURST,378,True,False,True,False,False,False,0
e01-tds1,TAIL_BURST,379,True,True,True,True,True,False,0
e01-tds1,TAIL_BURST,380,True,True,True,False,False,False,0
e01-tds1,TAIL_BURST,381,True,True,True,False,False,False,0
e01-tds1,TAIL_BURST,382,True,False,True,False,False,False,0
e01-tds1,TAIL_BURST,383,True,True,True,False,False,False,0
e01-tds1,TAIL_BURST,384,True,True,True,False,False,False,0
e01-tds1,TAIL_BURST,385,True,False,True,False,False,False,0
e01-tds1,TAIL_BURST,386,True,False,True,False,False,False,0
e01-tds1,TAIL_BURST,387,False,False,True,False,False,False,0
e01-tds1,TAIL_BURST,388,True,True,True,False,False,False,0
e01-tds1,TAIL_BURST,389,True,False,True,False,False,False,0
e01-tds1,TAIL_BURST,390,True,True,True,False,False,False,0
e01-tds1,TAIL_BURST,391,True,True,True,True,False,False,0
e01-tds1,TAIL_BURST,392,True,False,True,False,False,False,0
e01-tds1,TAIL_BURST,393,True,True,True,False,False,False,0
e01-tds1,TAIL_BURST,394,True,False,True,False,False,False,0
e01-tds1,TAIL_BURST,395,True,True,True,False,False,False,0
e01-tds1,TAIL_BURST,396,True,True,True,False,False,False,0
e01-tds1,TAIL_BURST,397,True,True,True,False,False,False,0
e01-tds1,TAIL_BURST,398,True,True,True,False,False,False,0
e01-tds1,TAIL_BURST,399,True,False,True,True,False,False,0
e01-tds1,TAIL_BURST,400,True,False,True,False,False,False,0
e01-tds1,TAIL_BURST,401,True,True,True,False,False,False,0
e01-tds1,TAIL_BURST,402,False,False,True,False,False,False,0
e01-tds1,TAIL_BURST,403,True,True,True,False,False,False,0
e01-tds1,TAIL_BURST,404,False,False,True,True,False,False,0
e01-tds1,TAIL_BURST,405,True,True,True,False,False,False,0
e01-tds1,TAIL_BURST,406,True,True,True,False,False,False,0
e01-tds1,TAIL_BURST,407,True,True,True,False,False,False,0
e01-tds1,TAIL_BURST,408,True,False,True,False,False,False,0
e01-tds1,TAIL_BURST,409,False,False,True,False,False,False,0
e01-tds1,TAIL_BURST,410,True,True,True,False,False,False,0
e01-tds1,TAIL_BURST,411,True,False,True,False,False,False,0
e01-tds1,TAIL_BURST,412,True,True,True,False,False,False,0
e01-tds1,TAIL_BURST,413,True,False,True,False,False,False,0
e01-tds1,TAIL_BURST,414,True,True,True,False,False,False,0
e01-tds1,TAIL_BURST,415,True,True,True,False,False,False,0
e01-tds1,TAIL_BURST,416,True,False,True,False,False,False,0
e01-tds1,TAIL_BURST,417,True,False,True,False,False,False,0
e01-tds1,TAIL_BURST,418,False,False,True,True,False,False,0
e01-tds1,TAIL_BURST,419,False,False,True,False,False,False,0
e01-tds1,TAIL_BURST,420,True,True,True,False,False,False,0
e01-tds1,TAIL_BURST,421,True,True,True,False,False,False,0
e01-tds1,TAIL_BURST,422,True,False,True,False,False,False,0
e01-tds1,TAIL_BURST,423,True,False,True,False,False,False,0
e01-tds1,TAIL_BURST,424,True,True,True,False,False,False,0
e01-tds1,TAIL_BURST,425,True,True,True,False,False,False,0
e01-tds1,TAIL_BURST,426,False,False,True,False,False,False,0
e01-tds1,TAIL_BURST,427,True,False,True,False,False,False,0
e01-tds1,TAIL_BURST,428,True,True,False,False,False,False,0
e01-tds1,TAIL_BURST,429,True,False,True,False,False,False,0
e01-tds1,TAIL_BURST,430,True,True,True,False,False,False,0
e01-tds1,TAIL_BURST,431,True,True,True,False,False,False,0
e01-tds1,TAIL_BURST,432,True,True,True,False,False,False,0
e01-tds1,TAIL_BURST,433,True,True,True,False,False,False,0
e01-tds1,TAIL_BURST,434,False,False,True,False,False,False,0
e01-tds1,TAIL_BURST,435,True,True,True,False,False,False,0
e01-tds1,TAIL_BURST,436,True,True,True,True,True,False,0
e01-tds1,TAIL_BURST,437,True,False,True,False,False,False,0
e01-tds1,TAIL_BURST,438,True,False,True,False,False,False,0
e01-tds1,TAIL_BURST,439,True,False,True,False,False,False,0
e01-tds1,TAIL_BURST,440,True,False,True,False,False,False,0
e01-tds1,TAIL_BURST,441,True,False,True,False,False,False,0
e01-tds1,TAIL_BURST,442,True,True,True,True,False,False,0
e01-tds1,TAIL_BURST,443,True,True,True,False,False,False,0
e01-tds1,TAIL_BURST,444,True,False,True,False,False,False,0
e01-tds1,TAIL_BURST,445,True,False,True,False,False,False,0
e01-tds1,TAIL_BURST,446,False,False,True,False,False,False,0
e01-tds1,TAIL_BURST,447,False,True,True,False,False,False,0
e01-tds1,TAIL_BURST,448,True,True,True,False,False,False,0
e01-tds1,TAIL_BURST,449,True,False,True,False,False,False,0
e01-tds1,TAIL_BURST,450,True,True,True,False,False,False,0
e01-tds1,TAIL_BURST,451,True,False,True,False,False,False,0
e01-tds1,TAIL_BURST,452,True,False,True,False,False,False,0
e01-tds1,TAIL_BURST,453,True,False,True,False,False,False,0
e01-tds1,TAIL_BURST,454,True,True,True,True,True,False,0
e01-tds1,TAIL_BURST,455,True,True,True,False,False,False,0
e01-tds1,TAIL_BURST,456,True,True,True,False,False,False,0
e01-tds1,TAIL_BURST,457,False,False,True,True,False,False,0
e01-tds1,TAIL_BURST,458,True,True,True,False,False,False,0
e01-tds1,TAIL_BURST,459,True,True,True,False,False,False,0
e01-tds1,TAIL_BURST,460,True,False,True,False,False,False,0
e01-tds1,TAIL_BURST,461,True,False,True,False,False,False,0
e01-tds1,TAIL_BURST,462,True,True,True,False,False,False,0
e01-tds1,TAIL_BURST,463,True,True,True,False,False,False,0
e01-tds1,TAIL_BURST,464,True,False,True,False,False,False,0
e01-tds1,TAIL_BURST,465,False,False,True,True,False,False,0
e01-tds1,TAIL_BURST,466,True,True,True,False,False,False,0
e01-tds1,TAIL_BURST,467,True,True,True,False,False,False,0
e01-tds1,TAIL_BURST,468,False,False,True,True,False,False,0
e01-tds1,TAIL_BURST,469,False,False,True,True,False,False,0
e01-tds1,TAIL_BURST,470,True,True,True,True,True,False,0
e01-tds1,TAIL_BURST,471,True,False,True,False,False,False,0
e01-tds1,TAIL_BURST,472,True,False,True,False,False,False,0
e01-tds1,TAIL_BURST,473,False,False,True,False,False,False,0
e01-tds1,TAIL_BURST,474,True,True,True,False,False,False,0
e01-tds1,TAIL_BURST,475,True,False,True,False,False,False,0
e01-tds1,TAIL_BURST,476,True,True,True,False,False,False,0
e01-tds1,TAIL_BURST,477,True,True,True,True,True,False,0
e01-tds1,TAIL_BURST,478,True,True,True,False,False,False,0
e01-tds1,TAIL_BURST,479,True,False,True,False,False,False,0
e01-tds1,TAIL_BURST,480,True,True,True,False,False,False,0
e01-tds1,TAIL_BURST,481,True,False,True,False,False,False,0
e01-tds1,TAIL_BURST,482,True,True,True,False,False,False,0
e01-tds1,TAIL_BURST,483,True,True,True,False,False,False,0
e01-tds1,TAIL_BURST,484,True,False,True,False,False,False,0
e01-tds1,TAIL_BURST,485,True,True,True,False,False,False,0
e01-tds1,TAIL_BURST,486,True,False,True,False,False,False,0
e01-tds1,TAIL_BURST,487,True,True,True,True,True,False,0
e01-tds1,TAIL_BURST,488,True,True,True,False,False,False,0
e01-tds1,TAIL_BURST,489,True,True,True,False,False,False,0
e01-tds1,TAIL_BURST,490,True,True,True,False,False,False,0
e01-tds1,TAIL_BURST,491,False,False,True,False,False,False,0
e01-tds1,TAIL_BURST,492,True,True,True,False,False,False,0
e01-tds1,TAIL_BURST,493,True,True,True,False,False,False,0
e01-tds1,TAIL_BURST,494,True,True,True,False,False,False,0
e01-tds1,TAIL_BURST,495,True,True,True,False,False,False,0
e01-tds1,TAIL_BURST,496,True,False,True,False,False,False,0
e01-tds1,TAIL_BURST,497,True,False,True,False,False,False,0
e01-tds1,TAIL_BURST,498,False,False,True,True,False,False,0
e01-tds1,TAIL_BURST,499,True,True,True,False,False,False,0
e01-tds1,TAIL_BURST,500,True,False,True,False,False,False,0
e01-tds1,TAIL_BURST,501,True,True,True,False,False,False,0
e01-tds1,TAIL_BURST,502,True,True,True,True,True,False,0
e01-tds1,TAIL_BURST,503,True,False,True,False,False,False,0
e01-tds1,TAIL_BURST,504,False,False,True,False,False,False,0
e01-tds1,TAIL_BURST,505,True,False,True,False,False,False,0
e01-tds1,TAIL_BURST,506,True,True,True,False,False,False,0
e01-tds1,TAIL_BURST,507,True,True,True,False,False,False,0
e01-tds1,TAIL_BURST,508,True,False,True,False,False,False,0
e01-tds1,TAIL_BURST,509,True,True,True,True,True,False,0
e01-tds1,TAIL_BURST,510,True,True,True,False,False,False,0
e01-tds1,TAIL_BURST,511,False,False,True,False,False,False,0
e01-tds1,TAIL_BURST,512,True,False,True,False,False,False,0
e01-tds1,TAIL_BURST,513,True,False,True,False,False,False,0
e01-tds1,TAIL_BURST,514,True,False,True,False,False,False,0
e01-tds1,TAIL_BURST,515,True,True,True,False,False,False,0
e01-tds1,TAIL_BURST,516,True,True,True,False,False,False,0
e01-tds1,TAIL_BURST,517,True,False,True,False,False,False,0
e01-tds1,TAIL_BURST,518,True,False,True,False,False,False,0
e01-tds1,TAIL_BURST,519,True,False,True,False,False,False,0
e01-tds1,TAIL_BURST,520,True,True,True,False,False,False,0
e01-tds1,TAIL_BURST,521,True,False,True,False,False,False,0
e01-tds1,TAIL_BURST,522,True,False,True,False,False,False,0
e01-tds1,TAIL_BURST,523,True,False,True,False,False,False,0
e01-tds1,TAIL_BURST,524,False,False,True,False,False,False,0
e01-tds1,TAIL_BURST,525,True,False,True,False,False,False,0
e01-tds1,TAIL_BURST,526,True,True,True,False,False,False,0
e01-tds1,TAIL_BURST,527,True,False,True,False,False,False,0
e01-tds1,TAIL_BURST,528,False,False,True,False,False,False,0
e01-tds1,TAIL_BURST,529,True,True,True,False,False,False,0
e01-tds1,TAIL_BURST,530,True,True,True,False,False,False,0
e01-tds1,TAIL_BURST,531,True,True,False,False,False,False,0
e01-tds1,TAIL_BURST,532,True,True,True,False,False,False,0
e01-tds1,TAIL_BURST,533,True,True,True,False,False,False,0
e01-tds1,TAIL_BURST,534,False,False,True,False,False,False,0
e01-tds1,TAIL_BURST,535,True,False,True,False,False,False,0
e01-tds1,TAIL_BURST,536,True,False,True,False,False,False,0
e01-tds1,TAIL_BURST,537,True,False,True,False,False,False,0
e01-tds1,TAIL_BURST,538,True,True,True,False,False,False,0
e01-tds1,TAIL_BURST,539,True,True,True,False,False,False,0
e01-tds1,TAIL_BURST,540,True,False,True,False,False,False,0
e01-tds1,TAIL_BURST,541,True,True,True,False,False,False,0
e01-tds1,TAIL_BURST,542,True,True,True,False,False,False,0
e01-tds1,TAIL_BURST,543,False,True,True,False,False,False,0
e01-tds1,TAIL_BURST,544,True,True,True,False,False,False,0
e01-tds1,TAIL_BURST,545,True,True,True,False,False,False,0
e01-tds1,TAIL_BURST,546,True,False,True,False,False,False,0
e01-tds1,TAIL_BURST,547,True,False,True,False,False,False,0
e01-tds1,TAIL_BURST,548,False,True,True,False,False,False,0
e01-tds1,TAIL_BURST,549,True,True,True,False,False,False,0
e01-tds1,TAIL_BURST,550,True,True,True,False,False,False,0
e01-tds1,TAIL_BURST,551,True,False,True,False,False,False,0
e01-tds1,TAIL_BURST,552,True,True,True,False,False,False,0
e01-tds1,TAIL_BURST,553,False,False,True,True,False,False,0
e01-tds1,TAIL_BURST,554,True,False,True,False,False,False,0
e01-tds1,TAIL_BURST,555,True,True,True,False,False,False,0
e01-tds1,TAIL_BURST,556,True,True,True,False,False,False,0
e01-tds1,TAIL_BURST,557,True,False,True,False,False,False,0
e01-tds1,TAIL_BURST,558,False,False,True,False,False,False,0
e01-tds1,TAIL_BURST,559,True,False,True,False,False,False,0
e01-tds1,TAIL_BURST,560,True,True,True,False,False,False,0
e01-tds1,TAIL_BURST,561,True,True,True,False,False,False,0
e01-tds1,TAIL_BURST,562,True,False,True,False,False,False,0
e01-tds1,TAIL_BURST,563,True,False,True,False,False,False,0
e01-tds1,TAIL_BURST,564,True,True,True,False,False,False,0
e01-tds1,TAIL_BURST,565,True,True,True,False,False,False,0
e01-tds1,TAIL_BURST,566,True,False,True,False,False,False,0
e01-tds1,TAIL_BURST,567,True,True,True,False,False,False,0
e01-tds1,TAIL_BURST,568,True,True,True,False,False,False,0
e01-tds1,TAIL_BURST,569,True,False,True,False,False,False,0
e01-tds1,TAIL_BURST,570,True,False,True,False,False,False,0
e01-tds1,TAIL_BURST,571,False,False,True,False,False,False,0
e01-tds1,TAIL_BURST,572,True,True,True,True,True,False,0
e01-tds1,TAIL_BURST,573,True,False,True,False,False,False,0
e01-tds1,TAIL_BURST,574,True,True,True,False,False,False,0
e01-tds1,TAIL_BURST,575,True,True,True,False,False,False,0
e01-tds1,TAIL_BURST,576,True,False,True,False,False,False,0
e01-tds1,TAIL_BURST,577,True,True,True,False,False,False,0
e01-tds1,TAIL_BURST,578,True,False,True,False,False,False,0
e01-tds1,TAIL_BURST,579,False,False,True,True,False,False,0
e01-tds1,TAIL_BURST,580,True,True,True,False,False,False,0
e01-tds1,TAIL_BURST,581,True,False,True,False,False,False,0
e01-tds1,TAIL_BURST,582,False,False,True,False,False,False,0
e01-tds1,TAIL_BURST,583,True,True,True,False,False,False,0
e01-tds1,TAIL_BURST,584,True,True,True,False,False,False,0
e01-tds1,TAIL_BURST,585,True,True,True,True,True,False,0
e01-tds1,TAIL_BURST,586,True,False,True,False,False,False,0
e01-tds1,TAIL_BURST,587,True,True,True,False,False,False,0
e01-tds1,TAIL_BURST,588,True,True,True,False,False,False,0
e01-tds1,TAIL_BURST,589,True,True,True,False,False,False,0
e01-tds1,TAIL_BURST,590,True,True,True,False,False,False,0
e01-tds1,TAIL_BURST,591,True,True,True,False,False,False,0
e01-tds1,TAIL_BURST,592,True,True,True,False,False,False,0
e01-tds1,TAIL_BURST,593,True,True,True,False,False,False,0
e01-tds1,TAIL_BURST,594,False,False,True,False,False,False,0
e01-tds1,TAIL_BURST,595,True,True,True,False,False,False,0
e01-tds1,TAIL_BURST,596,True,True,True,False,False,False,0
e01-tds1,TAIL_BURST,597,False,False,True,False,False,False,0
e01-tds1,TAIL_BURST,598,True,False,True,False,False,False,0
e01-tds1,TAIL_BURST,599,True,True,True,False,False,False,0
e01-tds1,TAIL_BURST,600,True,True,True,False,False,False,0
e01-tds1,TAIL_BURST,601,True,True,True,False,False,False,0
e01-tds1,TAIL_BURST,602,False,False,True,False,False,False,0
e01-tds1,TAIL_BURST,603,True,True,True,False,False,False,0
e01-tds1,TAIL_BURST,604,False,False,True,False,False,False,0
e01-tds1,TAIL_BURST,605,True,False,True,False,False,False,0
e01-tds1,TAIL_BURST,606,True,False,True,False,False,False,0
e01-tds1,TAIL_BURST,607,True,False,True,False,False,False,0
e01-tds1,TAIL_BURST,608,True,True,True,False,False,False,0
e01-tds1,TAIL_BURST,609,True,True,True,False,False,False,0
e01-tds1,TAIL_BURST,610,True,True,True,False,False,False,0
e01-tds1,TAIL_BURST,611,True,True,True,False,False,False,0
e01-tds1,TAIL_BURST,612,True,True,True,False,False,False,0
e01-tds1,TAIL_BURST,613,True,True,True,False,False,False,0
e01-tds1,TAIL_BURST,614,True,True,True,False,False,False,0
e01-tds1,TAIL_BURST,615,True,True,True,False,False,False,0
e01-tds1,TAIL_BURST,616,True,True,True,False,False,False,0
e01-tds1,TAIL_BURST,617,True,True,True,False,False,False,0
e01-tds1,TAIL_BURST,618,True,True,True,False,False,False,0
e01-tds1,TAIL_BURST,619,True,True,True,False,False,False,0
e01-tds1,TAIL_BURST,620,True,True,True,False,False,False,0
e01-tds1,TAIL_BURST,621,True,True,True,False,False,False,0
e01-tds1,TAIL_BURST,622,True,False,True,False,False,False,0
e01-tds1,TAIL_BURST,623,True,True,True,False,False,False,0
e01-tds1,TAIL_BURST,624,True,True,True,False,False,False,0
e01-tds1,TAIL_BURST,625,True,True,True,False,False,False,0
e01-tds1,TAIL_BURST,626,True,False,True,True,False,False,0
e01-tds1,TAIL_BURST,627,True,True,True,False,False,False,0
e01-tds1,TAIL_BURST,628,True,True,True,False,False,False,0
e01-tds1,TAIL_BURST,629,True,True,True,False,False,False,0
e01-tds1,TAIL_BURST,630,True,True,True,False,False,False,0
e01-tds1,TAIL_BURST,631,False,False,True,False,False,False,0
e01-tds1,TAIL_BURST,632,True,False,True,False,False,False,0
e01-tds1,TAIL_BURST,633,True,True,True,False,False,False,0
e01-tds1,TAIL_BURST,634,True,True,True,False,False,False,0
e01-tds1,TAIL_BURST,635,True,True,True,False,False,False,0
e01-tds1,TAIL_BURST,636,False,False,True,True,False,False,0
e01-tds1,TAIL_BURST,637,True,False,True,False,False,False,0
e01-tds1,TAIL_BURST,638,True,True,True,False,False,False,0
e01-tds1,TAIL_BURST,639,True,True,True,False,False,False,0
e01-tds1,TAIL_BURST,640,True,True,True,False,False,False,0
e01-tds1,TAIL_BURST,641,True,True,True,False,False,False,0
e01-tds1,TAIL_BURST,642,False,False,True,True,False,False,0
e01-tds1,TAIL_BURST,643,True,False,True,False,False,False,0
e01-tds1,TAIL_BURST,644,True,False,True,False,False,False,0
e01-tds1,TAIL_BURST,645,True,True,True,False,False,False,0
e01-tds1,TAIL_BURST,646,False,False,True,False,False,False,0
e01-tds1,TAIL_BURST,647,True,True,True,False,False,False,0
e01-tds1,TAIL_BURST,648,True,False,True,False,False,False,0
e01-tds1,TAIL_BURST,649,True,True,True,False,False,False,0
e01-tds1,TAIL_BURST,650,False,False,True,False,False,False,0
e01-tds1,TAIL_BURST,651,True,True,True,True,True,False,0
e01-tds1,TAIL_BURST,652,True,False,True,False,False,False,0
e01-tds1,TAIL_BURST,653,True,True,True,False,False,False,0
e01-tds1,TAIL_BURST,654,False,False,True,False,False,False,0
e01-tds1,TAIL_BURST,655,True,True,True,False,False,False,0
e01-tds1,TAIL_BURST,656,True,True,True,False,False,False,0
e01-tds1,TAIL_BURST,657,False,False,True,True,False,False,0
e01-tds1,TAIL_BURST,658,True,False,True,False,False,False,0
e01-tds1,TAIL_BURST,659,False,True,True,True,False,False,0
e01-tds1,TAIL_BURST,660,True,True,True,False,False,False,0
e01-tds1,TAIL_BURST,661,False,True,True,False,False,False,0
e01-tds1,TAIL_BURST,662,True,True,True,False,False,False,0
e01-tds1,TAIL_BURST,663,True,True,True,False,False,False,0
e01-tds1,TAIL_BURST,664,True,False,True,False,False,False,0
e01-tds1,TAIL_BURST,665,True,False,True,False,False,False,0
e01-tds1,TAIL_BURST,666,False,False,True,False,False,False,0
e01-tds1,TAIL_BURST,667,True,True,True,False,False,False,0
e01-tds1,TAIL_BURST,668,True,True,True,False,False,False,0
e01-tds1,TAIL_BURST,669,True,False,True,False,False,False,0
e01-tds1,TAIL_BURST,670,True,False,True,False,False,False,0
e01-tds1,TAIL_BURST,671,True,False,True,False,False,False,0
e01-tds1,TAIL_BURST,672,True,False,True,False,False,False,0
e01-tds1,TAIL_BURST,673,True,False,True,True,False,False,0
e01-tds1,TAIL_BURST,674,True,True,True,False,False,False,0
e01-tds1,TAIL_BURST,675,False,False,True,False,False,False,0
e01-tds1,TAIL_BURST,676,True,True,True,False,False,False,0
e01-tds1,TAIL_BURST,677,True,False,True,False,False,False,0
e01-tds1,TAIL_BURST,678,True,True,True,False,False,False,0
e01-tds1,TAIL_BURST,679,True,True,True,False,False,False,0
e01-tds1,TAIL_BURST,680,True,True,True,False,False,False,0
e01-tds1,TAIL_BURST,681,True,True,True,False,False,False,0
e01-tds1,TAIL_BURST,682,True,False,True,False,False,False,0
e01-tds1,TAIL_BURST,683,True,False,True,False,False,False,0
e01-tds1,TAIL_BURST,684,False,False,True,False,False,False,0
e01-tds1,TAIL_BURST,685,True,True,True,False,False,False,0
e01-tds1,TAIL_BURST,686,True,True,True,False,False,False,0
e01-tds1,TAIL_BURST,687,True,True,True,False,False,False,0
e01-tds1,TAIL_BURST,688,True,True,True,False,False,False,0
e01-tds1,TAIL_BURST,689,True,False,True,False,False,False,0
e01-tds1,TAIL_BURST,690,False,False,True,False,False,False,0
e01-tds1,TAIL_BURST,691,False,False,True,True,False,False,0
e01-tds1,TAIL_BURST,692,False,False,True,True,False,False,0
e01-tds1,TAIL_BURST,693,True,True,True,False,False,False,0
e01-tds1,TAIL_BURST,694,True,False,True,False,False,False,0
e01-tds1,TAIL_BURST,695,True,False,True,False,False,False,0
e01-tds1,TAIL_BURST,696,True,True,True,False,False,False,0
e01-tds1,TAIL_BURST,697,True,True,True,False,False,False,0
e01-tds1,TAIL_BURST,698,False,False,True,False,False,False,0
e01-tds1,TAIL_BURST,699,True,True,True,False,False,False,0
e01-tds1,TAIL_BURST,700,True,True,True,False,False,False,0
e01-tds1,TAIL_BURST,701,True,True,True,False,False,False,0
e01-tds1,TAIL_BURST,702,False,False,True,False,False,False,0
e01-tds1,TAIL_BURST,703,True,True,True,True,True,False,0
e01-tds1,TAIL_BURST,704,False,False,True,False,False,False,0
e01-tds1,TAIL_BURST,705,True,True,True,False,False,False,0
e01-tds1,TAIL_BURST,706,False,False,True,False,False,False,0
e01-tds1,TAIL_BURST,707,True,True,True,False,False,False,0
e01-tds1,TAIL_BURST,708,True,False,True,False,False,False,0
e01-tds1,TAIL_BURST,709,True,True,True,False,False,False,0
e01-tds1,TAIL_BURST,710,True,False,True,False,False,False,0
e01-tds1,TAIL_BURST,711,True,True,True,False,False,False,0
e01-tds1,TAIL_BURST,712,True,True,True,False,False,False,0
e01-tds1,TAIL_BURST,713,False,False,True,True,False,False,0
e01-tds1,TAIL_BURST,714,False,False,True,True,False,False,0
e01-tds1,TAIL_BURST,715,True,True,True,True,True,False,0
e01-tds1,TAIL_BURST,716,True,True,True,False,False,False,0
e01-tds1,TAIL_BURST,717,True,False,True,False,False,False,0
e01-tds1,TAIL_BURST,718,True,True,True,False,False,False,0
e01-tds1,TAIL_BURST,719,True,True,True,False,False,False,0
e01-tds1,TAIL_BURST,720,True,False,True,False,False,False,0
e01-tds1,TAIL_BURST,721,True,True,True,True,True,False,0
e01-tds1,TAIL_BURST,722,True,False,True,False,False,False,0
e01-tds1,TAIL_BURST,723,True,True,True,True,True,False,0
e01-tds1,TAIL_BURST,724,True,False,True,False,False,False,0
e01-tds1,TAIL_BURST,725,True,True,True,False,False,False,0
e01-tds1,TAIL_BURST,726,True,False,True,False,False,False,0
e01-tds1,TAIL_BURST,727,True,False,True,False,False,False,0
e01-tds1,TAIL_BURST,728,True,True,True,False,False,False,0
e01-tds1,TAIL_BURST,729,True,True,True,False,False,False,0
e01-tds1,TAIL_BURST,730,True,True,True,False,False,False,0
e01-tds1,TAIL_BURST,731,True,False,True,False,False,False,0
e01-tds1,TAIL_BURST,732,True,False,True,False,False,False,0
e01-tds1,TAIL_BURST,733,False,False,True,True,False,False,0
e01-tds1,TAIL_BURST,734,True,False,True,False,False,False,0
e01-tds1,TAIL_BURST,735,True,False,True,False,False,False,0
e01-tds1,TAIL_BURST,736,True,False,True,False,False,False,0
e01-tds1,TAIL_BURST,737,True,True,True,False,False,False,0
e01-tds1,TAIL_BURST,738,False,True,True,False,False,False,0
e01-tds1,TAIL_BURST,739,True,False,True,False,False,False,0
e01-tds1,TAIL_BURST,740,True,False,True,False,False,False,0
e01-tds1,TAIL_BURST,741,True,True,True,False,False,False,0
e01-tds1,TAIL_BURST,742,True,False,True,False,False,False,0
e01-tds1,TAIL_BURST,743,True,True,True,True,True,False,0
e01-tds1,TAIL_BURST,744,True,False,True,False,False,False,0
e01-tds1,TAIL_BURST,745,True,False,True,False,False,False,0
e01-tds1,TAIL_BURST,746,False,False,True,True,False,False,0
e01-tds1,TAIL_BURST,747,True,True,True,False,False,False,0
e01-tds1,TAIL_BURST,748,True,False,True,False,False,False,0
e01-tds1,TAIL_BURST,749,True,True,True,False,False,False,0
e01-tds1,TAIL_BURST,750,True,True,True,False,False,False,0
e01-tds1,TAIL_BURST,751,False,False,True,False,False,False,0
e01-tds1,TAIL_BURST,752,True,True,True,False,False,False,0
e01-tds1,TAIL_BURST,753,True,False,True,False,False,False,0
e01-tds1,TAIL_BURST,754,True,True,True,True,False,False,0
e01-tds1,TAIL_BURST,755,True,True,True,False,False,False,0
e01-tds1,TAIL_BURST,756,True,False,True,False,False,False,0
e01-tds1,TAIL_BURST,757,False,False,True,False,False,False,0
e01-tds1,TAIL_BURST,758,True,True,True,False,False,False,0
e01-tds1,TAIL_BURST,759,True,True,True,False,False,False,0
e01-tds1,TAIL_BURST,760,True,True,True,False,False,False,0
e01-tds1,TAIL_BURST,761,True,True,True,False,False,False,0
e01-tds1,TAIL_BURST,762,True,True,True,False,False,False,0
e01-tds1,TAIL_BURST,763,True,True,True,False,False,False,0
e01-tds1,TAIL_BURST,764,True,True,True,False,False,False,0
e01-tds1,TAIL_BURST,765,True,True,True,False,False,False,0
e01-tds1,TAIL_BURST,766,True,False,True,False,False,False,0
e01-tds1,TAIL_BURST,767,True,True,True,False,False,False,0
e01-tds1,TAIL_BURST,768,True,True,True,False,False,False,0
e01-tds1,TAIL_BURST,769,False,False,True,True,False,False,0
e01-tds1,TAIL_BURST,770,False,False,True,False,False,False,0
e01-tds1,TAIL_BURST,771,True,False,True,False,False,False,0
e01-tds1,TAIL_BURST,772,True,True,True,False,False,False,0
e01-tds1,TAIL_BURST,773,True,True,True,False,False,False,0
e01-tds1,TAIL_BURST,774,True,True,True,False,False,False,0
e01-tds1,TAIL_BURST,775,True,True,True,False,False,False,0
e01-tds1,TAIL_BURST,776,True,True,True,False,False,False,0
e01-tds1,TAIL_BURST,777,True,False,True,False,False,False,0
e01-tds1,TAIL_BURST,778,True,True,True,False,False,False,0
e01-tds1,TAIL_BURST,779,True,True,True,False,False,False,0
e01-tds1,TAIL_BURST,780,True,False,True,False,False,False,0
e01-tds1,TAIL_BURST,781,True,True,True,False,False,False,0
e01-tds1,TAIL_BURST,782,False,False,True,True,False,False,0
e01-tds1,TAIL_BURST,783,True,False,True,False,False,False,0
e01-tds1,TAIL_BURST,784,True,True,True,False,False,False,0
e01-tds1,TAIL_BURST,785,True,True,True,False,False,False,0
e01-tds1,TAIL_BURST,786,False,True,True,False,False,False,0
e01-tds1,TAIL_BURST,787,False,False,True,False,False,False,0
e01-tds1,TAIL_BURST,788,True,False,True,False,False,False,0
e01-tds1,TAIL_BURST,789,True,True,True,False,False,False,0
e01-tds1,TAIL_BURST,790,True,False,True,False,False,False,0
e01-tds1,TAIL_BURST,791,True,True,True,False,False,False,0
e01-tds1,TAIL_BURST,792,True,False,True,False,False,False,0
e01-tds1,TAIL_BURST,793,False,False,True,True,False,False,0
e01-tds1,TAIL_BURST,794,True,True,True,False,False,False,0
e01-tds1,TAIL_BURST,795,True,False,True,False,False,False,0
e01-tds1,TAIL_BURST,796,True,True,True,False,False,False,0
e01-tds1,TAIL_BURST,797,True,True,True,False,False,False,0
e01-tds1,TAIL_BURST,798,True,False,True,False,False,False,0
e01-tds1,TAIL_BURST,799,True,True,True,False,False,False,0
e01-tds1,TAIL_BURST,800,False,False,True,False,False,False,0
e01-tds1,TAIL_BURST,801,True,False,True,False,False,False,0
e01-tds1,TAIL_BURST,802,True,True,True,False,False,False,0
e01-tds1,TAIL_BURST,803,True,False,True,False,False,False,0
e01-tds1,TAIL_BURST,804,False,False,True,False,False,False,0
e01-tds1,TAIL_BURST,805,True,True,True,False,False,False,0
e01-tds1,TAIL_BURST,806,True,True,True,False,False,False,0
e01-tds1,TAIL_BURST,807,True,True,True,False,False,False,0
e01-tds1,TAIL_BURST,808,True,True,True,False,False,False,0
e01-tds1,TAIL_BURST,809,False,False,True,False,False,False,0
e01-tds1,TAIL_BURST,810,True,True,True,False,False,False,0
e01-tds1,TAIL_BURST,811,True,True,True,False,False,False,0
e01-tds1,TAIL_BURST,812,True,True,True,False,False,False,0
e01-tds1,TAIL_BURST,813,True,False,True,True,False,False,0
e01-tds1,TAIL_BURST,814,True,True,True,False,False,False,0
e01-tds1,TAIL_BURST,815,True,True,True,False,False,False,0
e01-tds1,TAIL_BURST,816,True,True,True,False,False,False,0
e01-tds1,TAIL_BURST,817,False,False,True,False,False,False,0
e01-tds1,TAIL_BURST,818,True,True,True,False,False,False,0
e01-tds1,TAIL_BURST,819,True,True,True,False,False,False,0
e01-tds1,TAIL_BURST,820,True,False,True,False,False,False,0
e01-tds1,TAIL_BURST,821,True,False,True,True,False,False,0
e01-tds1,TAIL_BURST,822,True,False,True,False,False,False,0
e01-tds1,TAIL_BURST,823,False,False,True,False,False,False,0
e01-tds1,TAIL_BURST,824,True,False,True,False,False,False,0
e01-tds1,TAIL_BURST,825,True,True,True,False,False,False,0
e01-tds1,TAIL_BURST,826,True,False,True,False,False,False,0
e01-tds1,TAIL_BURST,827,True,True,True,False,False,False,0
e01-tds1,TAIL_BURST,828,True,True,True,False,False,False,0
e01-tds1,TAIL_BURST,829,True,True,True,False,False,False,0
e01-tds1,TAIL_BURST,830,False,False,True,False,False,False,0
e01-tds1,TAIL_BURST,831,True,False,True,False,False,False,0
e01-tds1,TAIL_BURST,832,True,False,True,False,False,False,0
e01-tds1,TAIL_BURST,833,False,False,True,False,False,False,0
e01-tds1,TAIL_BURST,834,True,False,True,False,False,False,0
e01-tds1,TAIL_BURST,835,True,False,True,False,False,False,0
e01-tds1,TAIL_BURST,836,True,True,True,False,False,False,0
e01-tds1,TAIL_BURST,837,True,False,True,False,False,False,0
e01-tds1,TAIL_BURST,838,True,False,True,False,False,False,0
e01-tds1,TAIL_BURST,839,True,True,True,False,False,False,0
e01-tds1,TAIL_BURST,840,True,True,True,False,False,False,0
e01-tds1,TAIL_BURST,841,True,False,True,False,False,False,0
e01-tds1,TAIL_BURST,842,True,True,True,False,False,False,0
e01-tds1,TAIL_BURST,843,False,False,True,True,False,False,0
e01-tds1,TAIL_BURST,844,True,True,True,False,False,False,0
e01-tds1,TAIL_BURST,845,True,True,True,False,False,False,0
e01-tds1,TAIL_BURST,846,True,False,True,False,False,False,0
e01-tds1,TAIL_BURST,847,True,True,True,False,False,False,0
e01-tds1,TAIL_BURST,848,True,True,True,False,False,False,0
e01-tds1,TAIL_BURST,849,True,False,True,False,False,False,0
e01-tds1,TAIL_BURST,850,False,False,True,True,False,False,0
e01-tds1,TAIL_BURST,851,True,True,True,False,False,False,0
e01-tds1,TAIL_BURST,852,True,True,True,False,False,False,0
e01-tds1,TAIL_BURST,853,False,False,True,False,False,False,0
e01-tds1,TAIL_BURST,854,True,False,True,False,False,False,0
e01-tds1,TAIL_BURST,855,True,False,True,False,False,False,0
e01-tds1,TAIL_BURST,856,True,True,True,False,False,False,0
e01-tds1,TAIL_BURST,857,True,True,True,False,False,False,0
e01-tds1,TAIL_BURST,858,True,True,True,False,False,False,0
e01-tds1,TAIL_BURST,859,True,True,True,False,False,False,0
e01-tds1,TAIL_BURST,860,True,False,True,False,False,False,0
e01-tds1,TAIL_BURST,861,True,True,True,False,False,False,0
e01-tds1,TAIL_BURST,862,True,True,True,False,False,False,0
e01-tds1,TAIL_BURST,863,True,False,True,False,False,False,0
e01-tds1,TAIL_BURST,864,True,False,True,False,False,False,0
e01-tds1,TAIL_BURST,865,True,False,True,False,False,False,0
e01-tds1,TAIL_BURST,866,True,True,True,False,False,False,0
e01-tds1,TAIL_BURST,867,False,False,True,True,False,False,0
e01-tds1,TAIL_BURST,868,False,False,True,False,False,False,0
e01-tds1,TAIL_BURST,869,True,False,True,True,False,False,0
e01-tds1,TAIL_BURST,870,True,False,True,False,False,False,0
e01-tds1,TAIL_BURST,871,True,True,True,True,True,False,0
e01-tds1,TAIL_BURST,872,True,True,True,False,False,False,0
e01-tds1,TAIL_BURST,873,True,False,True,True,False,False,0
e01-tds1,TAIL_BURST,874,True,False,True,False,False,False,0
e01-tds1,TAIL_BURST,875,True,False,True,False,False,False,0
e01-tds1,TAIL_BURST,876,True,True,True,False,False,False,0
e01-tds1,TAIL_BURST,877,True,True,True,False,False,False,0
e01-tds1,TAIL_BURST,878,True,True,True,False,False,False,0
e01-tds1,TAIL_BURST,879,True,False,True,False,False,False,0
e01-tds1,TAIL_BURST,880,True,True,True,False,False,False,0
e01-tds1,TAIL_BURST,881,True,False,True,False,False,False,0
e01-tds1,TAIL_BURST,882,False,False,True,False,False,False,0
e01-tds1,TAIL_BURST,883,True,True,True,False,False,False,0
e01-tds1,TAIL_BURST,884,False,False,True,False,False,False,0
e01-tds1,TAIL_BURST,885,True,True,True,True,True,False,0
e01-tds1,TAIL_BURST,886,True,False,True,False,False,False,0
e01-tds1,TAIL_BURST,887,True,False,True,False,False,False,0
e01-tds1,TAIL_BURST,888,True,True,True,False,False,False,0
e01-tds1,TAIL_BURST,889,False,False,True,False,False,False,0
e01-tds1,TAIL_BURST,890,True,True,True,False,False,False,0
e01-tds1,TAIL_BURST,891,True,True,True,False,False,False,0
e01-tds1,TAIL_BURST,892,True,True,True,True,True,False,0
e01-tds1,TAIL_BURST,893,True,True,True,False,False,False,0
e01-tds1,TAIL_BURST,894,True,False,True,False,False,False,0
e01-tds1,TAIL_BURST,895,False,False,True,True,False,False,0
e01-tds1,TAIL_BURST,896,True,True,True,False,False,False,0
e01-tds1,TAIL_BURST,897,True,True,True,False,False,False,0
e01-tds1,TAIL_BURST,898,True,False,True,False,False,False,0
e01-tds1,TAIL_BURST,899,True,True,True,False,False,False,0
e01-tds1,TAIL_BURST,900,True,True,True,False,False,False,0
e01-tds1,TAIL_BURST,901,True,True,True,False,False,False,0
e01-tds1,TAIL_BURST,902,True,True,True,False,False,False,0
e01-tds1,TAIL_BURST,903,True,True,True,False,False,False,0
e01-tds1,TAIL_BURST,904,True,False,True,False,False,False,0
e01-tds1,TAIL_BURST,905,True,True,True,False,False,False,0
e01-tds1,TAIL_BURST,906,False,False,True,False,False,False,0
e01-tds1,TAIL_BURST,907,True,False,True,False,False,False,0
e01-tds1,TAIL_BURST,908,True,True,True,False,False,False,0
e01-tds1,TAIL_BURST,909,False,True,True,False,False,False,0
e01-tds1,TAIL_BURST,910,True,True,True,False,False,False,0
e01-tds1,TAIL_BURST,911,True,True,True,False,False,False,0
e01-tds1,TAIL_BURST,912,True,True,True,False,False,False,0
e01-tds1,TAIL_BURST,913,True,False,True,False,False,False,0
e01-tds1,TAIL_BURST,914,True,False,True,False,False,False,0
e01-tds1,TAIL_BURST,915,True,False,True,False,False,False,0
e01-tds1,TAIL_BURST,916,True,True,True,False,False,False,0
e01-tds1,TAIL_BURST,917,True,True,True,False,False,False,0
e01-tds1,TAIL_BURST,918,True,True,True,True,True,False,0
e01-tds1,TAIL_BURST,919,False,False,True,False,False,False,0
e01-tds1,TAIL_BURST,920,False,False,True,True,False,False,0
e01-tds1,TAIL_BURST,921,True,True,True,False,False,False,0
e01-tds1,TAIL_BURST,922,True,True,True,False,False,False,0
e01-tds1,TAIL_BURST,923,False,False,True,False,False,False,0
e01-tds1,TAIL_BURST,924,True,False,True,False,False,False,0
e01-tds1,TAIL_BURST,925,True,True,True,False,False,False,0
e01-tds1,TAIL_BURST,926,True,False,True,False,False,False,0
e01-tds1,TAIL_BURST,927,True,False,True,False,False,False,0
e01-tds1,TAIL_BURST,928,True,True,True,False,False,False,0
e01-tds1,TAIL_BURST,929,True,True,True,False,False,False,0
e01-tds1,TAIL_BURST,930,True,True,True,False,False,False,0
e01-tds1,TAIL_BURST,931,False,False,True,True,False,False,0
e01-tds1,TAIL_BURST,932,True,True,True,False,False,False,0
e01-tds1,TAIL_BURST,933,False,False,True,False,False,False,0
e01-tds1,TAIL_BURST,934,True,False,True,False,False,False,0
e01-tds1,TAIL_BURST,935,True,True,True,False,False,False,0
e01-tds1,TAIL_BURST,936,True,True,True,False,False,False,0
e01-tds1,TAIL_BURST,937,True,True,True,True,True,False,0
e01-tds1,TAIL_BURST,938,True,True,True,False,False,False,0
e01-tds1,TAIL_BURST,939,True,True,True,False,False,False,0
e01-tds1,TAIL_BURST,940,True,False,True,False,False,False,0
e01-tds1,TAIL_BURST,941,True,True,True,False,False,False,0
e01-tds1,TAIL_BURST,942,True,False,True,False,False,False,0
e01-tds1,TAIL_BURST,943,True,True,True,False,False,False,0
e01-tds1,TAIL_BURST,944,True,True,True,False,False,False,0
e01-tds1,TAIL_BURST,945,True,True,True,False,False,False,0
e01-tds1,TAIL_BURST,946,True,True,True,False,False,False,0
e01-tds1,TAIL_BURST,947,True,False,True,False,False,False,0
e01-tds1,TAIL_BURST,948,True,True,True,False,False,False,0
e01-tds1,TAIL_BURST,949,True,True,True,False,False,False,0
e01-tds1,TAIL_BURST,950,True,True,True,False,False,False,0
e01-tds1,TAIL_BURST,951,True,True,True,False,False,False,0
e01-tds1,TAIL_BURST,952,True,True,True,False,False,False,0
e01-tds1,TAIL_BURST,953,True,False,True,False,False,False,0
e01-tds1,TAIL_BURST,954,True,True,True,False,False,False,0
e01-tds1,TAIL_BURST,955,True,True,True,False,False,False,0
e01-tds1,TAIL_BURST,956,False,False,True,False,False,False,0
e01-tds1,TAIL_BURST,957,True,False,True,False,False,False,0
e01-tds1,TAIL_BURST,958,True,False,True,False,False,False,0
e01-tds1,TAIL_BURST,959,True,True,True,False,False,False,0
e01-tds1,TAIL_BURST,960,True,True,True,False,False,False,0
e01-tds1,TAIL_BURST,961,True,False,True,False,False,False,0
e01-tds1,TAIL_BURST,962,True,True,True,False,False,False,0
e01-tds1,TAIL_BURST,963,True,True,True,False,False,False,0
e01-tds1,TAIL_BURST,964,True,False,True,False,False,False,0
e01-tds1,TAIL_BURST,965,True,False,True,False,False,False,0
e01-tds1,TAIL_BURST,966,True,False,True,False,False,False,0
e01-tds1,TAIL_BURST,967,True,True,True,False,False,False,0
e01-tds1,TAIL_BURST,968,True,True,True,False,False,False,0
e01-tds1,TAIL_BURST,969,True,True,True,False,False,False,0
e01-tds1,TAIL_BURST,970,True,True,True,False,False,False,0
e01-tds1,TAIL_BURST,971,True,True,True,True,True,False,0
e01-tds1,TAIL_BURST,972,True,False,True,False,False,False,0
e01-tds1,TAIL_BURST,973,False,False,True,False,False,False,0
e01-tds1,TAIL_BURST,974,False,False,True,False,False,False,0
e01-tds1,TAIL_BURST,975,True,False,True,False,False,False,0
e01-tds1,TAIL_BURST,976,False,False,True,True,False,False,0
e01-tds1,TAIL_BURST,977,True,False,True,False,False,False,0
e01-tds1,TAIL_BURST,978,True,False,True,False,False,False,0
e01-tds1,TAIL_BURST,979,True,False,True,False,False,False,0
e01-tds1,TAIL_BURST,980,True,True,True,True,True,False,0
e01-tds1,TAIL_BURST,981,True,True,True,False,False,False,0
e01-tds1,TAIL_BURST,982,True,True,True,False,False,False,0
e01-tds1,TAIL_BURST,983,True,True,True,False,False,False,0
e01-tds1,TAIL_BURST,984,True,True,True,False,False,False,0
e01-tds1,TAIL_BURST,985,True,True,True,True,True,False,0
e01-tds1,TAIL_BURST,986,False,False,True,True,False,False,0
e01-tds1,TAIL_BURST,987,True,True,True,False,False,False,0
e01-tds1,TAIL_BURST,988,False,False,True,True,False,False,0
e01-tds1,TAIL_BURST,989,True,True,True,False,False,False,0
e01-tds1,TAIL_BURST,990,True,False,True,False,False,False,0
e01-tds1,TAIL_BURST,991,True,False,True,False,False,False,0
e01-tds1,TAIL_BURST,992,True,True,True,False,False,False,0
e01-tds1,TAIL_BURST,993,True,False,True,False,False,False,0
e01-tds1,TAIL_BURST,994,True,False,True,True,False,False,0
e01-tds1,TAIL_BURST,995,True,True,True,False,False,False,0
e01-tds1,TAIL_BURST,996,True,True,True,False,False,False,0
e01-tds1,TAIL_BURST,997,True,False,True,False,False,False,0
e01-tds1,TAIL_BURST,998,True,False,True,False,False,False,0
e01-tds1,TAIL_BURST,999,True,True,True,True,True,False,0
e01-tds1,TAIL_BURST,1000,False,True,True,True,False,False,0
e01-tds1,TAIL_BURST,1001,True,True,True,False,False,False,0
e01-tds1,TAIL_BURST,1002,True,False,True,False,False,False,0
e01-tds1,TAIL_BURST,1003,False,False,True,False,False,False,0
e01-tds1,TAIL_BURST,1004,True,True,True,False,False,False,0
e01-tds1,TAIL_BURST,1005,True,True,True,False,False,False,0
e01-tds1,TAIL_BURST,1006,False,False,True,True,False,False,0
e01-tds1,TAIL_BURST,1007,True,True,True,False,False,False,0
e01-tds1,TAIL_BURST,1008,True,True,True,False,False,False,0
e01-tds1,TAIL_BURST,1009,True,True,True,False,False,False,0
e01-tds1,TAIL_BURST,1010,False,False,True,False,False,False,0
e01-tds1,TAIL_BURST,1011,True,True,True,False,False,False,0
e01-tds1,TAIL_BURST,1012,True,True,True,False,False,False,0
e01-tds1,TAIL_BURST,1013,True,False,True,False,False,False,0
e01-tds1,TAIL_BURST,1014,True,False,True,False,False,False,0
e01-tds1,TAIL_BURST,1015,True,False,True,False,False,False,0
e01-tds1,TAIL_BURST,1016,True,False,True,False,False,False,0
e01-tds1,TAIL_BURST,1017,False,False,True,False,False,False,0
e01-tds1,TAIL_BURST,1018,True,True,True,False,False,False,0
e01-tds1,TAIL_BURST,1019,True,False,True,False,False,False,0
e01-tds1,TAIL_BURST,1020,True,True,True,True,False,False,0
e01-tds1,TAIL_BURST,1021,True,True,True,False,False,False,0
e01-tds1,TAIL_BURST,1022,True,False,True,False,False,False,0
e01-tds1,TAIL_BURST,1023,True,True,True,True,True,False,0
e01-tds1,TAIL_BURST,1024,True,True,True,True,True,False,0
e01-tds1,TAIL_BURST,1025,True,True,True,False,False,False,0
e01-tds1,TAIL_BURST,1026,True,False,True,False,False,False,0
e01-tds1,TAIL_BURST,1027,True,True,True,False,False,False,0
e01-tds1,TAIL_BURST,1028,True,True,True,False,False,False,0
e01-tds1,TAIL_BURST,1029,False,False,True,False,False,False,0
e01-tds1,TAIL_BURST,1030,True,True,True,False,False,False,0
e01-tds1,TAIL_BURST,1031,True,True,True,False,False,False,0
e01-tds1,TAIL_BURST,1032,True,False,True,False,False,False,0
e01-tds1,TAIL_BURST,1033,True,True,True,False,False,False,0
e01-tds1,TAIL_BURST,1034,True,False,True,False,False,False,0
e01-tds1,TAIL_BURST,1035,False,False,True,False,False,False,0
e01-tds1,TAIL_BURST,1036,True,False,True,False,False,False,0
e01-tds1,TAIL_BURST,1037,True,True,True,False,False,False,0
e01-tds1,TAIL_BURST,1038,True,False,True,False,False,False,0
e01-tds1,TAIL_BURST,1039,True,True,True,False,False,False,0
e01-tds1,TAIL_BURST,1040,False,False,True,False,False,False,0
e01-tds1,TAIL_BURST,1041,True,True,True,False,False,False,0
e01-tds1,TAIL_BURST,1042,True,True,True,False,False,False,0
e01-tds1,TAIL_BURST,1043,False,False,True,False,False,False,0
e01-tds1,TAIL_BURST,1044,False,True,True,False,False,False,0
e01-tds1,TAIL_BURST,1045,True,False,True,False,False,False,0
e01-tds1,TAIL_BURST,1046,True,True,True,False,False,False,0
e01-tds1,TAIL_BURST,1047,True,False,True,False,False,False,0
e01-tds1,TAIL_BURST,1048,True,False,True,False,False,False,0
e01-tds1,TAIL_BURST,1049,True,True,True,False,False,False,0
e01-tds1,TAIL_BURST,1050,False,False,True,False,False,False,0
e01-tds1,TAIL_BURST,1051,True,True,True,False,False,False,0
e01-tds1,TAIL_BURST,1052,True,False,True,True,False,False,0
e01-tds1,TAIL_BURST,1053,True,True,True,True,True,False,0
e01-tds1,TAIL_BURST,1054,True,True,True,True,True,False,0
e01-tds1,TAIL_BURST,1055,False,False,True,False,False,False,0
e01-tds1,TAIL_BURST,1056,True,False,True,False,False,False,0
e01-tds1,TAIL_BURST,1057,True,True,True,False,False,False,0
e01-tds1,TAIL_BURST,1058,True,True,True,False,False,False,0
e01-tds1,TAIL_BURST,1059,False,True,True,False,False,False,0
e01-tds1,TAIL_BURST,1060,True,False,True,False,False,False,0
e01-tds1,TAIL_BURST,1061,True,False,True,False,False,False,0
e01-tds1,TAIL_BURST,1062,True,False,True,False,False,False,0
e01-tds1,TAIL_BURST,1063,True,False,True,False,False,False,0
e01-tds1,TAIL_BURST,1064,True,False,True,False,False,False,0
e01-tds1,TAIL_BURST,1065,True,False,True,False,False,False,0
e01-tds1,TAIL_BURST,1066,True,False,True,False,False,False,0
e01-tds1,TAIL_BURST,1067,True,False,True,False,False,False,0
e01-tds1,TAIL_BURST,1068,True,True,True,False,False,False,0
e01-tds1,TAIL_BURST,1069,True,False,True,False,False,False,0
e01-tds1,TAIL_BURST,1070,True,False,True,False,False,False,0
e01-tds1,TAIL_BURST,1071,True,False,True,False,False,False,0
e01-tds1,TAIL_BURST,1072,True,True,True,False,False,False,0
e01-tds1,TAIL_BURST,1073,True,False,True,False,False,False,0
e01-tds1,TAIL_BURST,1074,True,True,True,False,False,False,0
e01-tds1,TAIL_BURST,1075,True,True,True,False,False,False,0
e01-tds1,TAIL_BURST,1076,True,False,True,False,False,False,0
e01-tds1,TAIL_BURST,1077,True,True,True,True,True,False,0
e01-tds1,TAIL_BURST,1078,True,True,True,False,False,False,0
e01-tds1,TAIL_BURST,1079,True,False,True,False,False,False,0
e01-tds1,TAIL_BURST,1080,True,True,True,False,False,False,0
e01-tds1,TAIL_BURST,1081,True,False,True,False,False,False,0
e01-tds1,TAIL_BURST,1082,True,False,True,False,False,False,0
e01-tds1,TAIL_BURST,1083,False,False,True,False,False,False,0
e01-tds1,TAIL_BURST,1084,True,True,True,False,False,False,0
e01-tds1,TAIL_BURST,1085,True,True,True,False,False,False,0
e01-tds1,TAIL_BURST,1086,True,False,True,False,False,False,0
e01-tds1,TAIL_BURST,1087,True,True,True,False,False,False,0
e01-tds1,TAIL_BURST,1088,True,True,True,False,False,False,0
e01-tds1,TAIL_BURST,1089,True,False,True,False,False,False,0
e01-tds1,TAIL_BURST,1090,True,True,True,False,False,False,0
e01-tds1,TAIL_BURST,1091,True,False,True,False,False,False,0
e01-tds1,TAIL_BURST,1092,True,True,True,False,False,False,0
e01-tds1,TAIL_BURST,1093,True,True,True,False,False,False,0
e01-tds1,TAIL_BURST,1094,False,False,True,False,False,False,0
e01-tds1,TAIL_BURST,1095,True,True,True,True,True,False,0
e01-tds1,TAIL_BURST,1096,True,True,True,False,False,False,0
e01-tds1,TAIL_BURST,1097,True,True,True,False,False,False,0
e01-tds1,TAIL_BURST,1098,True,False,True,False,False,False,0
e01-tds1,TAIL_BURST,1099,True,False,True,False,False,False,0
e01-tds1,TAIL_BURST,1100,True,False,True,False,False,False,0
e01-tds1,TAIL_BURST,1101,True,False,True,False,False,False,0
e01-tds1,TAIL_BURST,1102,True,False,True,False,False,False,0
e01-tds1,TAIL_BURST,1103,True,False,True,False,False,False,0
e01-tds1,TAIL_BURST,1104,True,False,True,False,False,False,0
e01-tds1,TAIL_BURST,1105,True,True,True,True,True,False,0
e01-tds1,TAIL_BURST,1106,True,True,True,False,False,False,0
e01-tds1,TAIL_BURST,1107,False,False,True,False,False,False,0
e01-tds1,TAIL_BURST,1108,True,True,True,False,False,False,0
e01-tds1,TAIL_BURST,1109,True,False,True,False,False,False,0
e01-tds1,TAIL_BURST,1110,True,False,True,False,False,False,0
e01-tds1,TAIL_BURST,1111,True,True,True,False,False,False,0
e01-tds1,TAIL_BURST,1112,True,True,True,False,False,False,0
e01-tds1,TAIL_BURST,1113,True,True,True,False,False,False,0
e01-tds1,TAIL_BURST,1114,True,True,True,False,False,False,0
e01-tds1,TAIL_BURST,1115,True,True,True,True,True,False,0
e01-tds1,TAIL_BURST,1116,False,False,True,False,False,False,0
e01-tds1,TAIL_BURST,1117,False,False,True,True,False,False,0
e01-tds1,TAIL_BURST,1118,True,True,True,False,False,False,0
e01-tds1,TAIL_BURST,1119,True,True,True,False,False,False,0
e01-tds1,TAIL_BURST,1120,True,True,True,False,False,False,0
e01-tds1,TAIL_BURST,1121,False,False,True,False,False,False,0
e01-tds1,TAIL_BURST,1122,True,False,True,False,False,False,0
e01-tds1,TAIL_BURST,1123,True,True,True,False,False,False,0
e01-tds1,TAIL_BURST,1124,True,False,True,False,False,False,0
e01-tds1,TAIL_BURST,1125,True,False,True,True,False,False,0
e01-tds1,TAIL_BURST,1126,True,True,True,False,False,False,0
e01-tds1,TAIL_BURST,1127,True,False,True,False,False,False,0
e01-tds1,TAIL_BURST,1128,False,False,True,False,False,False,0
e01-tds1,TAIL_BURST,1129,True,False,True,False,False,False,0
e01-tds1,TAIL_BURST,1130,True,True,True,False,False,False,0
e01-tds1,TAIL_BURST,1131,True,True,True,False,False,False,0
e01-tds1,TAIL_BURST,1132,True,False,True,False,False,False,0
e01-tds1,TAIL_BURST,1133,True,True,True,False,False,False,0
e01-tds1,TAIL_BURST,1134,True,True,True,False,False,False,0
e01-tds1,TAIL_BURST,1135,True,True,True,False,False,False,0
e01-tds1,TAIL_BURST,1136,True,False,True,False,False,False,0
e01-tds1,TAIL_BURST,1137,True,False,True,False,False,False,0
e01-tds1,TAIL_BURST,1138,True,False,True,False,False,False,0
e01-tds1,TAIL_BURST,1139,False,True,True,False,False,False,0
e01-tds1,TAIL_BURST,1140,True,True,True,False,False,False,0
e01-tds1,TAIL_BURST,1141,True,False,True,False,False,False,0
e01-tds1,TAIL_BURST,1142,False,True,True,True,False,False,0
e01-tds1,TAIL_BURST,1143,False,False,True,False,False,False,0
e01-tds1,TAIL_BURST,1144,True,True,True,False,False,False,0
e01-tds1,TAIL_BURST,1145,True,True,True,False,False,False,0
e01-tds1,TAIL_BURST,1146,True,False,True,False,False,False,0
e01-tds1,TAIL_BURST,1147,True,False,True,False,False,False,0
e01-tds1,TAIL_BURST,1148,True,True,True,False,False,False,0
e01-tds1,TAIL_BURST,1149,False,False,True,True,False,False,0
e01-tds1,TAIL_BURST,1150,True,False,True,False,False,False,0
e01-tds1,TAIL_BURST,1151,True,False,True,False,False,False,0
e01-tds1,TAIL_BURST,1152,False,False,True,False,False,False,0
e01-tds1,TAIL_BURST,1153,True,False,True,False,False,False,0
e01-tds1,TAIL_BURST,1154,True,False,True,False,False,False,0
e01-tds1,TAIL_BURST,1155,True,False,True,False,False,False,0
e01-tds1,TAIL_BURST,1156,True,False,True,False,False,False,0
e01-tds1,TAIL_BURST,1157,True,True,True,False,False,False,0
e01-tds1,TAIL_BURST,1158,True,True,True,False,False,False,0
e01-tds1,TAIL_BURST,1159,True,False,True,False,False,False,0
e01-tds1,TAIL_BURST,1160,True,False,True,False,False,False,0
e01-tds1,TAIL_BURST,1161,True,True,True,False,False,False,0
e01-tds1,TAIL_BURST,1162,True,True,True,False,False,False,0
e01-tds1,TAIL_BURST,1163,False,False,True,True,False,False,0
e01-tds1,TAIL_BURST,1164,True,False,True,False,False,False,0
e01-tds1,TAIL_BURST,1165,True,False,True,False,False,False,0
e01-tds1,TAIL_BURST,1166,True,False,True,False,False,False,0
e01-tds1,TAIL_BURST,1167,True,False,True,False,False,False,0
e01-tds1,TAIL_BURST,1168,True,True,True,False,False,False,0
e01-tds1,TAIL_BURST,1169,True,True,True,False,False,False,0
e01-tds1,TAIL_BURST,1170,True,False,True,False,False,False,0
e01-tds1,TAIL_BURST,1171,True,False,True,False,False,False,0
e01-tds1,TAIL_BURST,1172,True,True,True,False,False,False,0
e01-tds1,TAIL_BURST,1173,True,False,True,False,False,False,0
e01-tds1,TAIL_BURST,1174,True,False,True,False,False,False,0
e01-tds1,TAIL_BURST,1175,True,True,True,False,False,False,0
e01-tds1,TAIL_BURST,1176,True,True,True,False,False,False,0
e01-tds1,TAIL_BURST,1177,True,False,True,False,False,False,0
e01-tds1,TAIL_BURST,1178,True,True,True,False,False,False,0
e01-tds1,TAIL_BURST,1179,True,True,True,False,False,False,0
e01-tds1,TAIL_BURST,1180,True,True,True,False,False,False,0
e01-tds1,TAIL_BURST,1181,False,False,True,False,False,False,0
e01-tds1,TAIL_BURST,1182,True,False,True,False,False,False,0
e01-tds1,TAIL_BURST,1183,True,True,True,False,False,False,0
e01-tds1,TAIL_BURST,1184,True,False,True,False,False,False,0
e01-tds1,TAIL_BURST,1185,False,False,True,False,False,False,0
e01-tds1,TAIL_BURST,1186,False,False,True,False,False,False,0
e01-tds1,TAIL_BURST,1187,True,False,True,False,False,False,0
e01-tds1,TAIL_BURST,1188,True,False,True,False,False,False,0
e01-tds1,TAIL_BURST,1189,True,True,True,False,False,False,0
e01-tds1,TAIL_BURST,1190,True,True,True,False,False,False,0
e01-tds1,TAIL_BURST,1191,True,True,True,False,False,False,0
e01-tds1,TAIL_BURST,1192,True,False,True,False,False,False,0
e01-tds1,TAIL_BURST,1193,True,True,True,False,False,False,0
e01-tds1,TAIL_BURST,1194,True,True,True,False,False,False,0
e01-tds1,TAIL_BURST,1195,True,False,True,False,False,False,0
e01-tds1,TAIL_BURST,1196,True,True,True,False,False,False,0
e01-tds1,TAIL_BURST,1197,True,False,True,False,False,False,0
e01-tds1,TAIL_BURST,1198,True,False,True,False,False,False,0
e01-tds1,TAIL_BURST,1199,True,True,True,False,False,False,0
e01-tds1,TAIL_BURST,1200,False,False,True,False,False,False,0
e01-tds1,TAIL_BURST,1201,True,True,True,False,False,False,0
e01-tds1,TAIL_BURST,1202,True,False,True,False,False,False,0
e01-tds1,TAIL_BURST,1203,True,True,True,False,False,False,0
e01-tds1,TAIL_BURST,1204,True,False,True,False,False,False,0
e01-tds1,TAIL_BURST,1205,True,True,True,True,True,False,0
e01-tds1,TAIL_BURST,1206,True,True,True,False,False,False,0
e01-tds1,TAIL_BURST,1207,True,True,True,False,False,False,0
e01-tds1,TAIL_BURST,1208,True,False,True,False,False,False,0
e01-tds1,TAIL_BURST,1209,True,False,True,False,False,False,0
e01-tds1,TAIL_BURST,1210,True,False,True,False,False,False,0
e01-tds1,TAIL_BURST,1211,False,False,True,False,False,False,0
e01-tds1,TAIL_BURST,1212,True,False,True,False,False,False,0
e01-tds1,TAIL_BURST,1213,True,True,True,False,False,False,0
e01-tds1,TAIL_BURST,1214,True,False,True,False,False,False,0
e01-tds1,TAIL_BURST,1215,True,False,True,False,False,False,0
e01-tds1,TAIL_BURST,1216,True,False,True,False,False,False,0
e01-tds1,TAIL_BURST,1217,True,False,True,False,False,False,0
e01-tds1,TAIL_BURST,1218,True,True,True,False,False,False,0
e01-tds1,TAIL_BURST,1219,True,False,True,False,False,False,0
e01-tds1,TAIL_BURST,1220,True,True,True,False,False,False,0
e01-tds1,TAIL_BURST,1221,False,False,True,False,False,False,0
e01-tds1,TAIL_BURST,1222,True,False,True,False,False,False,0
e01-tds1,TAIL_BURST,1223,True,True,True,False,False,False,0
e01-tds1,TAIL_BURST,1224,True,False,True,False,False,False,0
e01-tds1,TAIL_BURST,1225,False,False,True,True,False,False,0
e01-tds1,TAIL_BURST,1226,True,True,True,False,False,False,0
e01-tds1,TAIL_BURST,1227,True,True,False,False,False,False,0
e01-tds1,TAIL_BURST,1228,False,False,True,True,False,False,0
e01-tds1,TAIL_BURST,1229,True,True,True,False,False,False,0
e01-tds1,TAIL_BURST,1230,False,False,True,True,False,False,0
e01-tds1,TAIL_BURST,1231,False,False,True,True,False,False,0
e01-tds1,TAIL_BURST,1232,True,True,True,False,False,False,0
e01-tds1,TAIL_BURST,1233,False,False,True,False,False,False,0
e01-tds1,TAIL_BURST,1234,True,True,True,False,False,False,0
e01-tds1,TAIL_BURST,1235,True,False,True,False,False,False,0
e01-tds1,TAIL_BURST,1236,False,False,True,False,False,False,0
e01-tds1,TAIL_BURST,1237,True,False,True,False,False,False,0
e01-tds1,TAIL_BURST,1238,False,False,True,True,False,False,0
e01-tds1,TAIL_BURST,1239,True,True,True,False,False,False,0
e01-tds1,TAIL_BURST,1240,True,False,True,False,False,False,0
e01-tds1,TAIL_BURST,1241,True,True,True,False,False,False,0
e01-tds1,TAIL_BURST,1242,True,True,True,False,False,False,0
e01-tds1,TAIL_BURST,1243,True,False,True,False,False,False,0
e01-tds1,TAIL_BURST,1244,True,True,True,False,False,False,0
e01-tds1,TAIL_BURST,1245,False,False,True,False,False,False,0
e01-tds1,TAIL_BURST,1246,True,False,True,False,False,False,0
e01-tds1,TAIL_BURST,1247,True,False,True,False,False,False,0
e01-tds1,TAIL_BURST,1248,True,False,True,False,False,False,0
e01-tds1,TAIL_BURST,1249,True,True,True,False,False,False,0
e01-tds1,TAIL_BURST,1250,True,False,True,False,False,False,0
e01-tds1,TAIL_BURST,1251,False,False,True,False,False,False,0
e01-tds1,TAIL_BURST,1252,True,False,True,False,False,False,0
e01-tds1,TAIL_BURST,1253,True,True,True,False,False,False,0
e01-tds1,TAIL_BURST,1254,True,False,True,False,False,False,0
e01-tds1,TAIL_BURST,1255,True,True,False,False,False,False,0
e01-tds1,TAIL_BURST,1256,False,False,True,True,False,False,0
e01-tds1,TAIL_BURST,1257,True,False,True,False,False,False,0
e01-tds1,TAIL_BURST,1258,True,False,True,False,False,False,0
e01-tds1,TAIL_BURST,1259,True,True,True,False,False,False,0
e01-tds1,TAIL_BURST,1260,True,True,True,False,False,False,0
e01-tds1,TAIL_BURST,1261,True,True,True,False,False,False,0
e01-tds1,TAIL_BURST,1262,True,True,True,False,False,False,0
e01-tds1,TAIL_BURST,1263,True,False,True,False,False,False,0
e01-tds1,TAIL_BURST,1264,True,True,True,False,False,False,0
e01-tds1,TAIL_BURST,1265,True,True,True,False,False,False,0
e01-tds1,TAIL_BURST,1266,True,False,True,False,False,False,0
e01-tds1,TAIL_BURST,1267,True,True,True,False,False,False,0
e01-tds1,TAIL_BURST,1268,True,False,True,False,False,False,0
e01-tds1,TAIL_BURST,1269,False,False,True,False,False,False,0
e01-tds1,TAIL_BURST,1270,True,True,True,False,False,False,0
e01-tds1,TAIL_BURST,1271,True,True,True,False,False,False,0
e01-tds1,TAIL_BURST,1272,True,False,True,False,False,False,0
e01-tds1,TAIL_BURST,1273,True,False,True,False,False,False,0
e01-tds1,TAIL_BURST,1274,True,True,True,False,False,False,0
e01-tds1,TAIL_BURST,1275,True,False,True,False,False,False,0
e01-tds1,TAIL_BURST,1276,False,False,True,False,False,False,0
e01-tds1,TAIL_BURST,1277,True,True,True,False,False,False,0
e01-tds1,TAIL_BURST,1278,True,False,True,False,False,False,0
e01-tds1,TAIL_BURST,1279,False,True,True,True,False,False,0
e01-tds1,TAIL_BURST,1280,True,False,True,False,False,False,0
e01-tds1,TAIL_BURST,1281,True,True,True,False,False,False,0
e01-tds1,TAIL_BURST,1282,False,False,True,True,False,False,0
e01-tds1,TAIL_BURST,1283,True,True,True,False,False,False,0
e01-tds1,TAIL_BURST,1284,True,False,True,False,False,False,0
e01-tds1,TAIL_BURST,1285,True,False,True,False,False,False,0
e01-tds1,TAIL_BURST,1286,True,False,True,False,False,False,0
e01-tds1,TAIL_BURST,1287,True,True,True,True,True,False,0
e01-tds1,TAIL_BURST,1288,True,False,True,False,False,False,0
e01-tds1,TAIL_BURST,1289,True,False,True,False,False,False,0
e01-tds1,TAIL_BURST,1290,True,True,True,False,False,False,0
e01-tds1,TAIL_BURST,1291,True,False,True,False,False,False,0
e01-tds1,TAIL_BURST,1292,True,True,True,False,False,False,0
e01-tds1,TAIL_BURST,1293,False,False,True,False,False,False,0
e01-tds1,TAIL_BURST,1294,True,True,True,False,False,False,0
e01-tds1,TAIL_BURST,1295,False,True,True,True,False,False,0
e01-tds1,TAIL_BURST,1296,True,False,True,False,False,False,0
e01-tds1,TAIL_BURST,1297,True,True,True,False,False,False,0
e01-tds1,TAIL_BURST,1298,True,True,True,False,False,False,0
e01-tds1,TAIL_BURST,1299,True,True,True,False,False,False,0
e01-tds1,TAIL_BURST,1300,True,True,True,False,False,False,0
e01-tds1,TAIL_BURST,1301,True,True,True,False,False,False,0
e01-tds1,TAIL_BURST,1302,False,False,True,False,False,False,0
e01-tds1,TAIL_BURST,1303,True,False,True,False,False,False,0
e01-tds1,TAIL_BURST,1304,True,False,True,False,False,False,0
e01-tds1,TAIL_BURST,1305,False,False,True,False,False,False,0
e01-tds1,TAIL_BURST,1306,True,True,True,False,False,False,0
e01-tds1,TAIL_BURST,1307,True,True,True,False,False,False,0
e01-tds1,TAIL_BURST,1308,True,True,True,False,False,False,0
e01-tds1,TAIL_BURST,1309,False,False,True,True,False,False,0
e01-tds1,TAIL_BURST,1310,True,True,True,False,False,False,0
e01-tds1,TAIL_BURST,1311,True,True,True,False,False,False,0
e01-tds1,TAIL_BURST,1312,True,True,True,False,False,False,0
e01-tds1,TAIL_BURST,1313,True,True,True,False,False,False,0
e01-tds1,TAIL_BURST,1314,True,False,True,False,False,False,0
e01-tds1,TAIL_BURST,1315,True,True,True,False,False,False,0
e01-tds1,TAIL_BURST,1316,True,True,True,False,False,False,0
e01-tds1,TAIL_BURST,1317,True,True,True,False,False,False,0
e01-tds1,TAIL_BURST,1318,True,False,True,False,False,False,0
e01-tds1,TAIL_BURST,1319,True,False,True,False,False,False,0
e01-tds1,TAIL_BURST,1320,True,False,True,False,False,False,0
e01-tds1,TAIL_BURST,1321,True,True,True,False,False,False,0
e01-tds1,TAIL_BURST,1322,True,True,True,False,False,False,0
e01-tds1,TAIL_BURST,1323,True,False,True,False,False,False,0
e01-tds1,TAIL_BURST,1324,True,True,True,True,True,False,0
e01-tds1,TAIL_BURST,1325,True,True,True,False,False,False,0
e01-tds1,TAIL_BURST,1326,True,False,True,False,False,False,0
e01-tds1,TAIL_BURST,1327,True,False,True,False,False,False,0
e01-tds1,TAIL_BURST,1328,True,True,True,False,False,False,0
e01-tds1,TAIL_BURST,1329,True,True,True,False,False,False,0
e01-tds1,TAIL_BURST,1330,True,True,True,False,False,False,0
e01-tds1,TAIL_BURST,1331,True,True,True,False,False,False,0
e01-tds1,TAIL_BURST,1332,True,False,True,False,False,False,0
e01-tds1,TAIL_BURST,1333,False,False,True,True,False,False,0
e01-tds1,TAIL_BURST,1334,True,False,True,False,False,False,0
e01-tds1,TAIL_BURST,1335,True,True,True,False,False,False,0
e01-tds1,TAIL_BURST,1336,True,True,True,False,False,False,0
e01-tds1,TAIL_BURST,1337,True,True,True,False,False,False,0
e01-tds1,TAIL_BURST,1338,True,True,True,False,False,False,0
e01-tds1,TAIL_BURST,1339,True,False,True,False,False,False,0
e01-tds1,TAIL_BURST,1340,True,False,True,False,False,False,0
e01-tds1,TAIL_BURST,1341,True,True,True,False,False,False,0
e01-tds1,TAIL_BURST,1342,True,True,True,False,False,False,0
e01-tds1,TAIL_BURST,1343,True,False,True,False,False,False,0
e01-tds1,TAIL_BURST,1344,True,False,True,False,False,False,0
e01-tds1,TAIL_BURST,1345,True,True,True,False,False,False,0
e01-tds1,TAIL_BURST,1346,False,True,True,False,False,False,0
e01-tds1,TAIL_BURST,1347,True,True,True,False,False,False,0
e01-tds1,TAIL_BURST,1348,True,False,True,False,False,False,0
e01-tds1,TAIL_BURST,1349,True,True,True,False,False,False,0
e01-tds1,TAIL_BURST,1350,True,False,True,False,False,False,0
e01-tds1,TAIL_BURST,1351,True,True,True,True,True,False,0
e01-tds1,TAIL_BURST,1352,True,True,True,False,False,False,0
e01-tds1,TAIL_BURST,1353,True,False,True,False,False,False,0
e01-tds1,TAIL_BURST,1354,True,False,True,False,False,False,0
e01-tds1,TAIL_BURST,1355,True,True,True,False,False,False,0
e01-tds1,TAIL_BURST,1356,False,False,True,True,False,False,0
e01-tds1,TAIL_BURST,1357,True,True,True,False,False,False,0
e01-tds1,TAIL_BURST,1358,True,False,True,False,False,False,0
e01-tds1,TAIL_BURST,1359,True,True,True,True,True,False,0
e01-tds1,TAIL_BURST,1360,True,True,True,False,False,False,0
e01-tds1,TAIL_BURST,1361,True,True,True,False,False,False,0
e01-tds1,TAIL_BURST,1362,True,True,True,False,False,False,0
e01-tds1,TAIL_BURST,1363,True,False,True,False,False,False,0
e01-tds1,TAIL_BURST,1364,False,False,True,False,False,False,0
e01-tds1,TAIL_BURST,1365,True,True,True,False,False,False,0
e01-tds1,TAIL_BURST,1366,False,False,True,False,False,False,0
e01-tds1,TAIL_BURST,1367,False,False,True,True,False,False,0
e01-tds1,TAIL_BURST,1368,True,False,True,False,False,False,0
e01-tds1,TAIL_BURST,1369,True,True,True,False,False,False,0
e01-tds1,TAIL_BURST,1370,True,True,True,False,False,False,0
e01-tds1,TAIL_BURST,1371,True,False,True,False,False,False,0
e01-tds1,TAIL_BURST,1372,True,True,True,False,False,False,0
e01-tds1,TAIL_BURST,1373,True,True,True,False,False,False,0
e01-tds1,TAIL_BURST,1374,True,True,True,False,False,False,0
e01-tds1,TAIL_BURST,1375,True,True,True,False,False,False,0
e01-tds1,TAIL_BURST,1376,False,False,True,False,False,False,0
e01-tds1,TAIL_BURST,1377,False,False,True,False,False,False,0
e01-tds1,TAIL_BURST,1378,True,False,True,False,False,False,0
e01-tds1,TAIL_BURST,1379,True,False,True,False,False,False,0
e01-tds1,TAIL_BURST,1380,True,False,True,False,False,False,0
e01-tds1,TAIL_BURST,1381,True,True,True,False,False,False,0
e01-tds1,TAIL_BURST,1382,True,True,True,False,False,False,0
e01-tds1,TAIL_BURST,1383,False,True,True,False,False,False,0
e01-tds1,TAIL_BURST,1384,True,True,True,False,False,False,0
e01-tds1,TAIL_BURST,1385,False,False,True,True,False,False,0
e01-tds1,TAIL_BURST,1386,True,True,True,False,False,False,0
e01-tds1,TAIL_BURST,1387,False,False,True,True,False,False,0
e01-tds1,TAIL_BURST,1388,True,False,True,False,False,False,0
e01-tds1,TAIL_BURST,1389,True,True,True,False,False,False,0
e01-tds1,TAIL_BURST,1390,True,True,True,False,False,False,0
e01-tds1,TAIL_BURST,1391,True,True,True,False,False,False,0
e01-tds1,TAIL_BURST,1392,True,False,True,False,False,False,0
e01-tds1,TAIL_BURST,1393,True,False,True,False,False,False,0
e01-tds1,TAIL_BURST,1394,True,True,True,True,True,False,0
e01-tds1,TAIL_BURST,1395,True,False,True,False,False,False,0
e01-tds1,TAIL_BURST,1396,True,True,True,False,False,False,0
e01-tds1,TAIL_BURST,1397,True,False,True,False,False,False,0
e01-tds1,TAIL_BURST,1398,True,False,True,False,False,False,0
e01-tds1,TAIL_BURST,1399,True,False,True,False,False,False,0
e01-tds1,TAIL_BURST,1400,True,True,True,False,False,False,0
e01-tds1,TAIL_BURST,1401,True,False,True,False,False,False,0
e01-tds1,TAIL_BURST,1402,True,True,True,False,False,False,0
e01-tds1,TAIL_BURST,1403,False,False,True,False,False,False,0
e01-tds1,TAIL_BURST,1404,True,False,True,False,False,False,0
e01-tds1,TAIL_BURST,1405,True,False,True,False,False,False,0
e01-tds1,TAIL_BURST,1406,False,False,True,True,False,False,0
e01-tds1,TAIL_BURST,1407,True,False,True,False,False,False,0
e01-tds1,TAIL_BURST,1408,True,True,True,False,False,False,0
e01-tds1,TAIL_BURST,1409,True,True,True,False,False,False,0
e01-tds1,TAIL_BURST,1410,True,False,True,False,False,False,0
e01-tds1,TAIL_BURST,1411,True,True,True,False,False,False,0
e01-tds1,TAIL_BURST,1412,True,False,True,False,False,False,0
e01-tds1,TAIL_BURST,1413,True,False,True,False,False,False,0
e01-tds1,TAIL_BURST,1414,True,False,True,False,False,False,0
e01-tds1,TAIL_BURST,1415,True,False,True,False,False,False,0
e01-tds1,TAIL_BURST,1416,True,False,True,False,False,False,0
e01-tds1,TAIL_BURST,1417,True,True,True,False,False,False,0
e01-tds1,TAIL_BURST,1418,False,False,True,False,False,False,0
e01-tds1,TAIL_BURST,1419,False,False,True,False,False,False,0
e01-tds1,TAIL_BURST,1420,True,False,True,False,False,False,0
e01-tds1,TAIL_BURST,1421,True,False,True,False,False,False,0
e01-tds1,TAIL_BURST,1422,True,False,True,False,False,False,0
e01-tds1,TAIL_BURST,1423,True,True,True,False,False,False,0
e01-tds1,TAIL_BURST,1424,True,True,True,False,False,False,0
e01-tds1,TAIL_BURST,1425,False,False,True,False,False,False,0
e01-tds1,TAIL_BURST,1426,True,False,True,False,False,False,0
e01-tds1,TAIL_BURST,1427,True,True,True,False,False,False,0
e01-tds1,TAIL_BURST,1428,True,True,True,False,False,False,0
e01-tds1,TAIL_BURST,1429,False,False,True,False,False,False,0
e01-tds1,TAIL_BURST,1430,False,False,True,True,False,False,0
e01-tds1,TAIL_BURST,1431,True,False,True,False,False,False,0
e01-tds1,TAIL_BURST,1432,False,False,True,False,False,False,0
e01-tds1,TAIL_BURST,1433,True,True,True,False,False,False,0
e01-tds1,TAIL_BURST,1434,True,False,True,False,False,False,0
e01-tds1,TAIL_BURST,1435,True,True,True,False,False,False,0
e01-tds1,TAIL_BURST,1436,True,True,True,False,False,False,0
e01-tds1,TAIL_BURST,1437,True,True,True,True,True,False,0
e01-tds1,TAIL_BURST,1438,True,True,True,False,False,False,0
e01-tds1,TAIL_BURST,1439,False,False,True,False,False,False,0
e01-tds1,TAIL_BURST,1440,True,True,True,False,False,False,0
e01-tds1,TAIL_BURST,1441,False,False,True,True,False,False,0
e01-tds1,TAIL_BURST,1442,True,False,True,False,False,False,0
e01-tds1,TAIL_BURST,1443,True,True,True,False,False,False,0
e01-tds1,TAIL_BURST,1444,True,True,True,False,False,False,0
e01-tds1,TAIL_BURST,1445,True,False,True,False,False,False,0
e01-tds1,TAIL_BURST,1446,True,True,True,False,False,False,0
e01-tds1,TAIL_BURST,1447,False,False,True,False,False,False,0
e01-tds1,TAIL_BURST,1448,True,True,True,False,False,False,0
e01-tds1,TAIL_BURST,1449,True,False,True,False,False,False,0
e01-tds1,TAIL_BURST,1450,True,True,True,False,False,False,0
e01-tds1,TAIL_BURST,1451,True,True,True,False,False,False,0
e01-tds1,TAIL_BURST,1452,True,True,True,False,False,False,0
e01-tds1,TAIL_BURST,1453,True,True,True,False,False,False,0
e01-tds1,TAIL_BURST,1454,True,True,True,False,False,False,0
e01-tds1,TAIL_BURST,1455,True,True,True,False,False,False,0
e01-tds1,TAIL_BURST,1456,True,False,True,False,False,False,0
e01-tds1,TAIL_BURST,1457,True,False,True,False,False,False,0
e01-tds1,TAIL_BURST,1458,True,False,True,False,False,False,0
e01-tds1,TAIL_BURST,1459,False,False,True,True,False,False,0
e01-tds1,TAIL_BURST,1460,True,True,True,False,False,False,0
e01-tds1,TAIL_BURST,1461,True,True,True,False,False,False,0
e01-tds1,TAIL_BURST,1462,True,False,True,False,False,False,0
e01-tds1,TAIL_BURST,1463,True,True,True,False,False,False,0
e01-tds1,TAIL_BURST,1464,True,False,True,False,False,False,0
e01-tds1,TAIL_BURST,1465,True,False,True,False,False,False,0
e01-tds1,TAIL_BURST,1466,True,True,True,False,False,False,0
e01-tds1,TAIL_BURST,1467,True,True,True,False,False,False,0
e01-tds1,TAIL_BURST,1468,True,True,True,False,False,False,0
e01-tds1,TAIL_BURST,1469,True,True,True,False,False,False,0
e01-tds1,TAIL_BURST,1470,True,False,True,False,False,False,0
e01-tds1,TAIL_BURST,1471,True,True,True,False,False,False,0
e01-tds1,TAIL_BURST,1472,True,True,True,False,False,False,0
e01-tds1,TAIL_BURST,1473,True,False,True,True,False,False,0
e01-tds1,TAIL_BURST,1474,True,True,True,False,False,False,0
e01-tds1,TAIL_BURST,1475,True,True,True,False,False,False,0
e01-tds1,TAIL_BURST,1476,True,False,True,False,False,False,0
e01-tds1,TAIL_BURST,1477,True,True,True,False,False,False,0
e01-tds1,TAIL_BURST,1478,True,True,True,False,False,False,0
e01-tds1,TAIL_BURST,1479,True,True,True,True,True,False,0
e01-tds1,TAIL_BURST,1480,True,True,True,False,False,False,0
e01-tds1,TAIL_BURST,1481,True,False,True,False,False,False,0
e01-tds1,TAIL_BURST,1482,True,True,True,False,False,False,0
e01-tds1,TAIL_BURST,1483,True,True,True,False,False,False,0
e01-tds1,TAIL_BURST,1484,True,True,True,False,False,False,0
e01-tds1,TAIL_BURST,1485,True,False,True,False,False,False,0
e01-tds1,TAIL_BURST,1486,True,True,True,False,False,False,0
e01-tds1,TAIL_BURST,1487,True,False,True,False,False,False,0
e01-tds1,TAIL_BURST,1488,True,True,True,False,False,False,0
e01-tds1,TAIL_BURST,1489,True,False,True,False,False,False,0
e01-tds1,TAIL_BURST,1490,True,False,True,False,False,False,0
e01-tds1,TAIL_BURST,1491,False,False,True,True,False,False,0
e01-tds1,TAIL_BURST,1492,True,True,True,False,False,False,0
e01-tds1,TAIL_BURST,1493,True,True,True,False,False,False,0
e01-tds1,TAIL_BURST,1494,False,True,True,False,False,False,0
e01-tds1,TAIL_BURST,1495,True,False,True,False,False,False,0
e01-tds1,TAIL_BURST,1496,False,False,True,False,False,False,0
e01-tds1,TAIL_BURST,1497,True,False,True,False,False,False,0
e01-tds1,TAIL_BURST,1498,True,False,True,False,False,False,0
e01-tds1,TAIL_BURST,1499,True,True,True,False,False,False,0
e01-tds1,TAIL_BURST,1500,True,True,True,False,False,False,0
e01-tds1,TAIL_BURST,1501,True,True,True,False,False,False,0
e01-tds1,TAIL_BURST,1502,True,True,True,False,False,False,0
e01-tds1,TAIL_BURST,1503,True,False,True,False,False,False,0
e01-tds1,TAIL_BURST,1504,True,False,True,True,False,False,0
e01-tds1,TAIL_BURST,1505,True,True,True,False,False,False,0
e01-tds1,TAIL_BURST,1506,True,False,True,False,False,False,0
e01-tds1,TAIL_BURST,1507,True,False,True,False,False,False,0
e01-tds1,TAIL_BURST,1508,False,False,True,False,False,False,0
e01-tds1,TAIL_BURST,1509,True,True,True,False,False,False,0
e01-tds1,TAIL_BURST,1510,True,False,True,False,False,False,0
e01-tds1,TAIL_BURST,1511,True,True,True,True,True,False,0
e01-tds1,TAIL_BURST,1512,True,True,True,False,False,False,0
e01-tds1,TAIL_BURST,1513,True,False,True,False,False,False,0
e01-tds1,TAIL_BURST,1514,True,True,True,False,False,False,0
e01-tds1,TAIL_BURST,1515,True,False,True,False,False,False,0
e01-tds1,TAIL_BURST,1516,True,True,True,False,False,False,0
e01-tds1,TAIL_BURST,1517,True,True,True,True,True,False,0
e01-tds1,TAIL_BURST,1518,True,False,True,False,False,False,0
e01-tds1,TAIL_BURST,1519,True,True,True,False,False,False,0
e01-tds1,TAIL_BURST,1520,True,True,True,True,True,False,0
e01-tds1,TAIL_BURST,1521,True,True,True,False,False,False,0
e01-tds1,TAIL_BURST,1522,True,True,True,False,False,False,0
e01-tds1,TAIL_BURST,1523,True,True,True,False,False,False,0
e01-tds1,TAIL_BURST,1524,True,False,True,False,False,False,0
e01-tds1,TAIL_BURST,1525,True,True,True,False,False,False,0
e01-tds1,TAIL_BURST,1526,True,True,True,False,False,False,0
e01-tds1,TAIL_BURST,1527,True,True,True,False,False,False,0
e01-tds1,TAIL_BURST,1528,True,False,True,False,False,False,0
e01-tds1,TAIL_BURST,1529,True,False,True,False,False,False,0
e01-tds1,TAIL_BURST,1530,False,False,True,True,False,False,0
e01-tds1,TAIL_BURST,1531,True,True,True,False,False,False,0
e01-tds1,TAIL_BURST,1532,True,True,True,False,False,False,0
e01-tds1,TAIL_BURST,1533,True,True,True,False,False,False,0
e01-tds1,TAIL_BURST,1534,False,False,True,False,False,False,0
e01-tds1,TAIL_BURST,1535,False,False,True,False,False,False,0
e01-tds1,TAIL_BURST,1536,True,True,True,False,False,False,0
e01-tds1,TAIL_BURST,1537,True,False,True,False,False,False,0
e01-tds1,TAIL_BURST,1538,True,True,True,False,False,False,0
e01-tds1,TAIL_BURST,1539,True,False,True,False,False,False,0
e01-tds1,TAIL_BURST,1540,False,True,True,True,False,False,0
e01-tds1,TAIL_BURST,1541,True,True,True,False,False,False,0
e01-tds1,TAIL_BURST,1542,True,False,True,False,False,False,0
e01-tds1,TAIL_BURST,1543,True,False,True,False,False,False,0
e01-tds1,TAIL_BURST,1544,False,False,True,False,False,False,0
e01-tds1,TAIL_BURST,1545,False,False,True,False,False,False,0
e01-tds1,TAIL_BURST,1546,False,False,True,False,False,False,0
e01-tds1,TAIL_BURST,1547,True,False,True,False,False,False,0
e01-tds1,TAIL_BURST,1548,True,True,True,False,False,False,0
e01-tds1,TAIL_BURST,1549,False,False,True,False,False,False,0
e01-tds1,TAIL_BURST,1550,True,True,True,False,False,False,0
e01-tds1,TAIL_BURST,1551,True,True,True,False,False,False,0
e01-tds1,TAIL_BURST,1552,True,True,True,False,False,False,0
e01-tds1,TAIL_BURST,1553,True,True,True,True,True,False,0
e01-tds1,TAIL_BURST,1554,True,False,True,True,False,False,0
e01-tds1,TAIL_BURST,1555,True,False,True,False,False,False,0
e01-tds1,TAIL_BURST,1556,True,False,True,False,False,False,0
e01-tds1,TAIL_BURST,1557,True,True,True,False,False,False,0
e01-tds1,TAIL_BURST,1558,True,False,True,False,False,False,0
e01-tds1,TAIL_BURST,1559,True,False,True,False,False,False,0
e01-tds1,TAIL_BURST,1560,True,False,True,False,False,False,0
e01-tds1,TAIL_BURST,1561,True,True,True,False,False,False,0
e01-tds1,TAIL_BURST,1562,True,False,True,False,False,False,0
e01-tds1,TAIL_BURST,1563,True,True,True,True,False,False,0
e01-tds1,TAIL_BURST,1564,True,True,True,False,False,False,0
e01-tds1,TAIL_BURST,1565,True,True,True,False,False,False,0
e01-tds1,TAIL_BURST,1566,True,False,True,False,False,False,0
e01-tds1,TAIL_BURST,1567,True,True,True,False,False,False,0
e01-tds1,TAIL_BURST,1568,True,False,True,False,False,False,0
e01-tds1,TAIL_BURST,1569,True,True,True,False,False,False,0
e01-tds1,TAIL_BURST,1570,True,True,True,True,True,False,0
e01-tds1,TAIL_BURST,1571,True,True,True,False,False,False,0
e01-tds1,TAIL_BURST,1572,False,False,True,True,False,False,0
e01-tds1,TAIL_BURST,1573,True,False,True,False,False,False,0
e01-tds1,TAIL_BURST,1574,True,True,True,False,False,False,0
e01-tds1,TAIL_BURST,1575,True,True,True,True,True,False,0
e01-tds1,TAIL_BURST,1576,True,True,True,False,False,False,0
e01-tds1,TAIL_BURST,1577,True,True,True,False,False,False,0
e01-tds1,TAIL_BURST,1578,True,True,True,False,False,False,0
e01-tds1,TAIL_BURST,1579,True,True,True,False,False,False,0
e01-tds1,TAIL_BURST,1580,False,False,True,False,False,False,0
e01-tds1,TAIL_BURST,1581,True,True,True,False,False,False,0
e01-tds1,TAIL_BURST,1582,True,False,True,False,False,False,0
e01-tds1,TAIL_BURST,1583,True,True,True,False,False,False,0
e01-tds1,TAIL_BURST,1584,True,False,True,False,False,False,0
e01-tds1,TAIL_BURST,1585,True,False,True,False,False,False,0
e01-tds1,TAIL_BURST,1586,True,False,True,False,False,False,0
e01-tds1,TAIL_BURST,1587,True,True,True,False,False,False,0
e01-tds1,TAIL_BURST,1588,True,False,True,False,False,False,0
e01-tds1,TAIL_BURST,1589,True,True,True,False,False,False,0
e01-tds1,TAIL_BURST,1590,True,False,True,True,False,False,0
e01-tds1,TAIL_BURST,1591,True,True,True,False,False,False,0
e01-tds1,TAIL_BURST,1592,False,False,True,True,False,False,0
e01-tds1,TAIL_BURST,1593,True,True,True,True,True,False,0
e01-tds1,TAIL_BURST,1594,True,False,True,False,False,False,0
e01-tds1,TAIL_BURST,1595,True,True,True,False,False,False,0
e01-tds1,TAIL_BURST,1596,True,True,True,False,False,False,0
e01-tds1,TAIL_BURST,1597,True,True,True,False,False,False,0
e01-tds1,TAIL_BURST,1598,False,False,True,True,False,False,0
e01-tds1,TAIL_BURST,1599,True,True,True,False,False,False,0
e01-tds1,TAIL_BURST,1600,True,True,True,False,False,False,0
e01-tds1,TAIL_BURST,1601,True,True,True,False,False,False,0
e01-tds1,TAIL_BURST,1602,True,True,True,False,False,False,0
e01-tds1,TAIL_BURST,1603,False,True,True,True,False,False,0
e01-tds1,TAIL_BURST,1604,True,True,True,False,False,False,0
e01-tds1,TAIL_BURST,1605,True,True,True,False,False,False,0
e01-tds1,TAIL_BURST,1606,True,True,True,False,False,False,0
e01-tds1,TAIL_BURST,1607,True,False,True,False,False,False,0
e01-tds1,TAIL_BURST,1608,True,True,True,False,False,False,0
e01-tds1,TAIL_BURST,1609,True,True,True,False,False,False,0
e01-tds1,TAIL_BURST,1610,True,True,True,False,False,False,0
e01-tds1,TAIL_BURST,1611,True,False,True,False,False,False,0
e01-tds1,TAIL_BURST,1612,True,True,True,False,False,False,0
e01-tds1,TAIL_BURST,1613,True,True,True,False,False,False,0
e01-tds1,TAIL_BURST,1614,True,True,True,False,False,False,0
e01-tds1,TAIL_BURST,1615,True,True,True,False,False,False,0
e01-tds1,TAIL_BURST,1616,True,True,True,False,False,False,0
e01-tds1,TAIL_BURST,1617,True,False,True,False,False,False,0
e01-tds1,TAIL_BURST,1618,True,False,True,False,False,False,0
e01-tds1,TAIL_BURST,1619,True,False,True,False,False,False,0
e01-tds1,TAIL_BURST,1620,True,False,True,False,False,False,0
e01-tds1,TAIL_BURST,1621,True,False,True,False,False,False,0
e01-tds1,TAIL_BURST,1622,True,True,True,False,False,False,0
e01-tds1,TAIL_BURST,1623,True,False,True,False,False,False,0
e01-tds1,TAIL_BURST,1624,True,True,True,True,True,False,0
e01-tds1,TAIL_BURST,1625,True,False,True,False,False,False,0
e01-tds1,TAIL_BURST,1626,True,True,True,False,False,False,0
e01-tds1,TAIL_BURST,1627,False,False,True,False,False,False,0
e01-tds1,TAIL_BURST,1628,True,True,True,True,True,False,0
e01-tds1,TAIL_BURST,1629,True,True,True,False,False,False,0
e01-tds1,TAIL_BURST,1630,True,True,True,False,False,False,0
e01-tds1,TAIL_BURST,1631,True,True,True,False,False,False,0
e01-tds1,TAIL_BURST,1632,True,True,True,False,False,False,0
e01-tds1,TAIL_BURST,1633,True,False,True,False,False,False,0
e01-tds1,TAIL_BURST,1634,True,True,True,False,False,False,0
e01-tds1,TAIL_BURST,1635,True,False,True,False,False,False,0
e01-tds1,TAIL_BURST,1636,True,True,True,False,False,False,0
e01-tds1,TAIL_BURST,1637,True,True,True,False,False,False,0
e01-tds1,TAIL_BURST,1638,True,True,True,False,False,False,0
e01-tds1,TAIL_BURST,1639,True,True,True,False,False,False,0
e01-tds1,TAIL_BURST,1640,True,False,True,False,False,False,0
e01-tds1,TAIL_BURST,1641,True,True,True,False,False,False,0
e01-tds1,TAIL_BURST,1642,True,True,True,False,False,False,0
e01-tds1,TAIL_BURST,1643,True,True,True,False,False,False,0
e01-tds1,TAIL_BURST,1644,True,False,True,False,False,False,0
e01-tds1,TAIL_BURST,1645,True,False,True,False,False,False,0
e01-tds1,TAIL_BURST,1646,True,True,True,False,False,False,0
e01-tds1,TAIL_BURST,1647,True,False,True,False,False,False,0
e01-tds1,TAIL_BURST,1648,True,False,True,False,False,False,0
e01-tds1,TAIL_BURST,1649,True,False,True,False,False,False,0
e01-tds1,TAIL_BURST,1650,True,True,True,True,True,False,0
e01-tds1,TAIL_BURST,1651,True,True,True,False,False,False,0
e01-tds1,TAIL_BURST,1652,True,True,True,True,True,False,0
e01-tds1,TAIL_BURST,1653,True,True,True,False,False,False,0
e01-tds1,TAIL_BURST,1654,True,False,True,False,False,False,0
e01-tds1,TAIL_BURST,1655,True,False,True,False,False,False,0
e01-tds1,TAIL_BURST,1656,False,False,True,True,False,False,0
e01-tds1,TAIL_BURST,1657,True,False,True,False,False,False,0
e01-tds1,TAIL_BURST,1658,True,True,True,False,False,False,0
e01-tds1,TAIL_BURST,1659,True,False,True,False,False,False,0
e01-tds1,TAIL_BURST,1660,True,False,True,False,False,False,0
e01-tds1,TAIL_BURST,1661,True,False,True,False,False,False,0
e01-tds1,TAIL_BURST,1662,True,True,True,False,False,False,0
e01-tds1,TAIL_BURST,1663,True,True,True,False,False,False,0
e01-tds1,TAIL_BURST,1664,True,False,True,False,False,False,0
e01-tds1,TAIL_BURST,1665,True,False,True,False,False,False,0
e01-tds1,TAIL_BURST,1666,True,False,True,False,False,False,0
e01-tds1,TAIL_BURST,1667,True,True,True,False,False,False,0
e01-tds1,TAIL_BURST,1668,True,False,True,False,False,False,0
e01-tds1,TAIL_BURST,1669,True,False,True,False,False,False,0
e01-tds1,TAIL_BURST,1670,True,True,True,False,False,False,0
e01-tds1,TAIL_BURST,1671,True,False,True,False,False,False,0
e01-tds1,TAIL_BURST,1672,True,False,True,False,False,False,0
e01-tds1,TAIL_BURST,1673,True,False,True,False,False,False,0
e01-tds1,TAIL_BURST,1674,True,False,True,False,False,False,0
e01-tds1,TAIL_BURST,1675,False,False,True,False,False,False,0
e01-tds1,TAIL_BURST,1676,True,True,True,False,False,False,0
e01-tds1,TAIL_BURST,1677,False,True,True,False,False,False,0
e01-tds1,TAIL_BURST,1678,True,True,True,False,False,False,0
e01-tds1,TAIL_BURST,1679,True,False,True,False,False,False,0
e01-tds1,TAIL_BURST,1680,True,False,True,False,False,False,0
e01-tds1,TAIL_BURST,1681,True,True,True,False,False,False,0
e01-tds1,TAIL_BURST,1682,True,True,True,False,False,False,0
e01-tds1,TAIL_BURST,1683,True,False,True,False,False,False,0
e01-tds1,TAIL_BURST,1684,True,True,True,False,False,False,0
e01-tds1,TAIL_BURST,1685,False,False,True,False,False,False,0
e01-tds1,TAIL_BURST,1686,True,True,True,False,False,False,0
e01-tds1,TAIL_BURST,1687,False,True,True,True,False,False,0
e01-tds1,TAIL_BURST,1688,True,False,True,False,False,False,0
e01-tds1,TAIL_BURST,1689,True,True,True,False,False,False,0
e01-tds1,TAIL_BURST,1690,True,True,True,False,False,False,0
e01-tds1,TAIL_BURST,1691,True,True,True,False,False,False,0
e01-tds1,TAIL_BURST,1692,True,False,True,False,False,False,0
e01-tds1,TAIL_BURST,1693,True,False,True,False,False,False,0
e01-tds1,TAIL_BURST,1694,True,True,True,False,False,False,0
e01-tds1,TAIL_BURST,1695,True,False,True,False,False,False,0
e01-tds1,TAIL_BURST,1696,True,True,True,False,False,False,0
e01-tds1,TAIL_BURST,1697,True,True,True,False,False,False,0
e01-tds1,TAIL_BURST,1698,True,True,True,False,False,False,0
e01-tds1,TAIL_BURST,1699,True,True,True,False,False,False,0
e01-tds1,TAIL_BURST,1700,True,True,True,False,False,False,0
e01-tds1,TAIL_BURST,1701,True,False,True,False,False,False,0
e01-tds1,TAIL_BURST,1702,True,False,True,False,False,False,0
e01-tds1,TAIL_BURST,1703,True,False,True,False,False,False,0
e01-tds1,TAIL_BURST,1704,True,True,True,False,False,False,0
e01-tds1,TAIL_BURST,1705,True,True,True,False,False,False,0
e01-tds1,TAIL_BURST,1706,True,True,True,True,True,False,0
e01-tds1,TAIL_BURST,1707,False,False,True,True,False,False,0
e01-tds1,TAIL_BURST,1708,True,True,True,True,True,False,0
e01-tds1,TAIL_BURST,1709,True,True,True,False,False,False,0
e01-tds1,TAIL_BURST,1710,True,False,True,False,False,False,0
e01-tds1,TAIL_BURST,1711,True,False,True,False,False,False,0
e01-tds1,TAIL_BURST,1712,True,True,True,False,False,False,0
e01-tds1,TAIL_BURST,1713,True,True,True,False,False,False,0
e01-tds1,TAIL_BURST,1714,True,True,True,False,False,False,0
e01-tds1,TAIL_BURST,1715,True,True,True,False,False,False,0
e01-tds1,TAIL_BURST,1716,True,False,True,False,False,False,0
e01-tds1,TAIL_BURST,1717,True,False,True,False,False,False,0
e01-tds1,TAIL_BURST,1718,True,True,True,False,False,False,0
e01-tds1,TAIL_BURST,1719,False,False,True,True,False,False,0
e01-tds1,TAIL_BURST,1720,True,True,True,False,False,False,0
e01-tds1,TAIL_BURST,1721,False,False,True,False,False,False,0
e01-tds1,TAIL_BURST,1722,True,True,True,False,False,False,0
e01-tds1,TAIL_BURST,1723,True,False,True,False,False,False,0
e01-tds1,TAIL_BURST,1724,True,True,True,True,True,False,0
e01-tds1,TAIL_BURST,1725,True,True,True,False,False,False,0
e01-tds1,TAIL_BURST,1726,False,False,True,True,False,False,0
e01-tds1,TAIL_BURST,1727,True,False,True,False,False,False,0
e01-tds1,TAIL_BURST,1728,True,True,True,False,False,False,0
e01-tds1,TAIL_BURST,1729,True,True,True,False,False,False,0
e01-tds1,TAIL_BURST,1730,True,True,True,False,False,False,0
e01-tds1,TAIL_BURST,1731,True,True,True,False,False,False,0
e01-tds1,TAIL_BURST,1732,True,False,True,False,False,False,0
e01-tds1,TAIL_BURST,1733,True,False,True,False,False,False,0
e01-tds1,TAIL_BURST,1734,True,True,True,False,False,False,0
e01-tds1,TAIL_BURST,1735,True,True,True,False,False,False,0
e01-tds1,TAIL_BURST,1736,True,False,True,False,False,False,0
e01-tds1,TAIL_BURST,1737,True,True,True,False,False,False,0
e01-tds1,TAIL_BURST,1738,True,True,True,False,False,False,0
e01-tds1,TAIL_BURST,1739,True,True,True,False,False,False,0
e01-tds1,TAIL_BURST,1740,False,False,True,True,False,False,0
e01-tds1,TAIL_BURST,1741,True,True,True,False,False,False,0
e01-tds1,TAIL_BURST,1742,False,False,True,False,False,False,0
e01-tds1,TAIL_BURST,1743,True,False,True,False,False,False,0
e01-tds1,TAIL_BURST,1744,True,False,True,False,False,False,0
e01-tds1,TAIL_BURST,1745,True,False,True,False,False,False,0
e01-tds1,TAIL_BURST,1746,True,True,True,False,False,False,0
e01-tds1,TAIL_BURST,1747,True,False,True,False,False,False,0
e01-tds1,TAIL_BURST,1748,True,True,True,False,False,False,0
e01-tds1,TAIL_BURST,1749,True,False,True,False,False,False,0
e01-tds1,TAIL_BURST,1750,True,False,True,False,False,False,0
e01-tds1,TAIL_BURST,1751,False,False,True,True,False,False,0
e01-tds1,TAIL_BURST,1752,True,True,True,True,True,False,0
e01-tds1,TAIL_BURST,1753,True,False,True,False,False,False,0
e01-tds1,TAIL_BURST,1754,False,False,True,False,False,False,0
e01-tds1,TAIL_BURST,1755,True,True,True,False,False,False,0
e01-tds1,TAIL_BURST,1756,True,True,True,False,False,False,0
e01-tds1,TAIL_BURST,1757,False,True,True,True,False,False,0
e01-tds1,TAIL_BURST,1758,True,True,True,False,False,False,0
e01-tds1,TAIL_BURST,1759,True,False,True,False,False,False,0
e01-tds1,TAIL_BURST,1760,True,True,True,False,False,False,0
e01-tds1,TAIL_BURST,1761,True,True,True,False,False,False,0
e01-tds1,TAIL_BURST,1762,True,True,True,False,False,False,0
e01-tds1,TAIL_BURST,1763,True,False,True,False,False,False,0
e01-tds1,TAIL_BURST,1764,True,True,True,False,False,False,0
e01-tds1,TAIL_BURST,1765,True,True,True,False,False,False,0
e01-tds1,TAIL_BURST,1766,True,True,True,False,False,False,0
e01-tds1,TAIL_BURST,1767,True,False,True,False,False,False,0
e01-tds1,TAIL_BURST,1768,True,True,True,False,False,False,0
e01-tds1,TAIL_BURST,1769,False,False,True,True,False,False,0
e01-tds1,TAIL_BURST,1770,False,False,True,False,False,False,0
e01-tds1,TAIL_BURST,1771,True,True,True,False,False,False,0
e01-tds1,TAIL_BURST,1772,True,False,True,False,False,False,0
e01-tds1,TAIL_BURST,1773,True,False,True,False,False,False,0
e01-tds1,TAIL_BURST,1774,True,True,True,False,False,False,0
e01-tds1,TAIL_BURST,1775,True,True,True,True,True,False,0
e01-tds1,TAIL_BURST,1776,True,False,True,False,False,False,0
e01-tds1,TAIL_BURST,1777,True,True,True,False,False,False,0
e01-tds1,TAIL_BURST,1778,False,False,True,False,False,False,0
e01-tds1,TAIL_BURST,1779,False,True,True,True,False,False,0
e01-tds1,TAIL_BURST,1780,True,True,True,False,False,False,0
e01-tds1,TAIL_BURST,1781,True,False,True,False,False,False,0
e01-tds1,TAIL_BURST,1782,False,False,True,True,False,False,0
e01-tds1,TAIL_BURST,1783,True,False,True,False,False,False,0
e01-tds1,TAIL_BURST,1784,True,False,True,False,False,False,0
e01-tds1,TAIL_BURST,1785,True,True,True,False,False,False,0
e01-tds1,TAIL_BURST,1786,True,False,True,False,False,False,0
e01-tds1,TAIL_BURST,1787,True,True,True,False,False,False,0
e01-tds1,TAIL_BURST,1788,True,True,True,False,False,False,0
e01-tds1,TAIL_BURST,1789,True,False,True,False,False,False,0
e01-tds1,TAIL_BURST,1790,True,False,True,False,False,False,0
e01-tds1,TAIL_BURST,1791,True,False,True,False,False,False,0
e01-tds1,TAIL_BURST,1792,True,True,True,False,False,False,0
e01-tds1,TAIL_BURST,1793,True,False,True,False,False,False,0
e01-tds1,TAIL_BURST,1794,True,False,True,False,False,False,0
e01-tds1,TAIL_BURST,1795,False,False,True,True,False,False,0
e01-tds1,TAIL_BURST,1796,True,True,True,False,False,False,0
e01-tds1,TAIL_BURST,1797,True,False,True,False,False,False,0
e01-tds1,TAIL_BURST,1798,True,True,True,True,True,False,0
e01-tds1,TAIL_BURST,1799,True,True,True,False,False,False,0
e01-tds1,TAIL_BURST,1800,True,False,True,False,False,False,0
e01-tds1,TAIL_BURST,1801,True,False,True,False,False,False,0
e01-tds1,TAIL_BURST,1802,True,False,True,False,False,False,0
e01-tds1,TAIL_BURST,1803,True,False,True,False,False,False,0
e01-tds1,TAIL_BURST,1804,True,False,True,False,False,False,0
e01-tds1,TAIL_BURST,1805,True,True,True,True,True,False,0
e01-tds1,TAIL_BURST,1806,False,False,True,False,False,False,0
e01-tds1,TAIL_BURST,1807,True,False,True,False,False,False,0
e01-tds1,TAIL_BURST,1808,True,True,True,False,False,False,0
e01-tds1,TAIL_BURST,1809,True,True,True,False,False,False,0
e01-tds1,TAIL_BURST,1810,True,True,True,False,False,False,0
e01-tds1,TAIL_BURST,1811,True,False,True,False,False,False,0
e01-tds1,TAIL_BURST,1812,False,False,True,False,False,False,0
e01-tds1,TAIL_BURST,1813,True,False,True,False,False,False,0
e01-tds1,TAIL_BURST,1814,True,False,True,False,False,False,0
e01-tds1,TAIL_BURST,1815,True,True,True,False,False,False,0
e01-tds1,TAIL_BURST,1816,True,False,True,False,False,False,0
e01-tds1,TAIL_BURST,1817,True,True,True,False,False,False,0
e01-tds1,TAIL_BURST,1818,False,False,True,True,False,False,0
e01-tds1,TAIL_BURST,1819,False,False,True,False,False,False,0
e01-tds1,TAIL_BURST,1820,False,False,True,True,False,False,0
e01-tds1,TAIL_BURST,1821,True,True,True,False,False,False,0
e01-tds1,TAIL_BURST,1822,True,True,True,False,False,False,0
e01-tds1,TAIL_BURST,1823,False,False,True,True,False,False,0
e01-tds1,TAIL_BURST,1824,True,False,True,False,False,False,0
e01-tds1,TAIL_BURST,1825,True,False,True,False,False,False,0
e01-tds1,TAIL_BURST,1826,True,False,True,False,False,False,0
e01-tds1,TAIL_BURST,1827,True,False,True,False,False,False,0
e01-tds1,TAIL_BURST,1828,True,True,True,False,False,False,0
e01-tds1,TAIL_BURST,1829,True,True,True,False,False,False,0
e01-tds1,TAIL_BURST,1830,True,False,True,False,False,False,0
e01-tds1,TAIL_BURST,1831,True,False,True,False,False,False,0
e01-tds1,TAIL_BURST,1832,True,True,True,False,False,False,0
e01-tds1,TAIL_BURST,1833,True,False,True,False,False,False,0
e01-tds1,TAIL_BURST,1834,True,True,True,False,False,False,0
e01-tds1,TAIL_BURST,1835,True,False,True,False,False,False,0
e01-tds1,TAIL_BURST,1836,True,True,True,False,False,False,0
e01-tds1,TAIL_BURST,1837,True,False,True,False,False,False,0
e01-tds1,TAIL_BURST,1838,True,True,True,False,False,False,0
e01-tds1,TAIL_BURST,1839,True,True,True,False,False,False,0
e01-tds1,TAIL_BURST,1840,True,True,True,False,False,False,0
e01-tds1,TAIL_BURST,1841,True,True,True,False,False,False,0
e01-tds1,TAIL_BURST,1842,True,True,True,True,True,False,0
e01-tds1,TAIL_BURST,1843,True,False,True,False,False,False,0
e01-tds1,TAIL_BURST,1844,False,False,True,False,False,False,0
e01-tds1,TAIL_BURST,1845,True,True,True,False,False,False,0
e01-tds1,TAIL_BURST,1846,True,False,True,False,False,False,0
e01-tds1,TAIL_BURST,1847,False,False,True,False,False,False,0
e01-tds1,TAIL_BURST,1848,True,True,True,False,False,False,0
e01-tds1,TAIL_BURST,1849,True,True,True,False,False,False,0
e01-tds1,TAIL_BURST,1850,True,False,True,False,False,False,0
e01-tds1,TAIL_BURST,1851,True,True,True,False,False,False,0
e01-tds1,TAIL_BURST,1852,True,False,True,False,False,False,0
e01-tds1,TAIL_BURST,1853,True,False,True,False,False,False,0
e01-tds1,TAIL_BURST,1854,True,False,True,False,False,False,0
e01-tds1,TAIL_BURST,1855,False,False,True,True,False,False,0
e01-tds1,TAIL_BURST,1856,True,True,True,False,False,False,0
e01-tds1,TAIL_BURST,1857,True,True,True,False,False,False,0
e01-tds1,TAIL_BURST,1858,True,True,True,False,False,False,0
e01-tds1,TAIL_BURST,1859,True,False,True,False,False,False,0
e01-tds1,TAIL_BURST,1860,True,False,True,False,False,False,0
e01-tds1,TAIL_BURST,1861,True,True,True,False,False,False,0
e01-tds1,TAIL_BURST,1862,False,False,True,False,False,False,0
e01-tds1,TAIL_BURST,1863,True,True,True,False,False,False,0
e01-tds1,TAIL_BURST,1864,True,True,True,True,False,False,0
e01-tds1,TAIL_BURST,1865,True,True,True,True,True,False,0
e01-tds1,TAIL_BURST,1866,True,True,True,False,False,False,0
e01-tds1,TAIL_BURST,1867,True,True,True,False,False,False,0
e01-tds1,TAIL_BURST,1868,True,True,True,False,False,False,0
e01-tds1,TAIL_BURST,1869,True,True,True,False,False,False,0
e01-tds1,TAIL_BURST,1870,True,False,True,False,False,False,0
e01-tds1,TAIL_BURST,1871,False,False,True,True,False,False,0
e01-tds1,TAIL_BURST,1872,True,True,True,False,False,False,0
e01-tds1,TAIL_BURST,1873,True,True,True,False,False,False,0
e01-tds1,TAIL_BURST,1874,True,True,True,False,False,False,0
e01-tds1,TAIL_BURST,1875,True,False,True,False,False,False,0
e01-tds1,TAIL_BURST,1876,False,False,True,False,False,False,0
e01-tds1,TAIL_BURST,1877,False,False,True,False,False,False,0
e01-tds1,TAIL_BURST,1878,False,False,True,False,False,False,0
e01-tds1,TAIL_BURST,1879,True,False,True,False,False,False,0
e01-tds1,TAIL_BURST,1880,True,False,True,False,False,False,0
e01-tds1,TAIL_BURST,1881,True,False,True,False,False,False,0
e01-tds1,TAIL_BURST,1882,True,True,True,False,False,False,0
e01-tds1,TAIL_BURST,1883,True,True,True,False,False,False,0
e01-tds1,TAIL_BURST,1884,True,True,True,False,False,False,0
e01-tds1,TAIL_BURST,1885,True,False,True,False,False,False,0
e01-tds1,TAIL_BURST,1886,True,False,True,False,False,False,0
e01-tds1,TAIL_BURST,1887,True,True,True,False,False,False,0
e01-tds1,TAIL_BURST,1888,False,False,True,False,False,False,0
e01-tds1,TAIL_BURST,1889,True,True,True,False,False,False,0
e01-tds1,TAIL_BURST,1890,True,False,True,False,False,False,0
e01-tds1,TAIL_BURST,1891,True,True,True,True,False,False,0
e01-tds1,TAIL_BURST,1892,True,True,True,False,False,False,0
e01-tds1,TAIL_BURST,1893,True,True,True,False,False,False,0
e01-tds1,TAIL_BURST,1894,True,True,True,False,False,False,0
e01-tds1,TAIL_BURST,1895,False,False,True,True,False,False,0
e01-tds1,TAIL_BURST,1896,True,True,True,False,False,False,0
e01-tds1,TAIL_BURST,1897,False,False,True,False,False,False,0
e01-tds1,TAIL_BURST,1898,True,False,True,False,False,False,0
e01-tds1,TAIL_BURST,1899,True,True,True,False,False,False,0
e01-tds1,TAIL_BURST,1900,True,True,True,False,False,False,0
e01-tds1,TAIL_BURST,1901,True,False,True,False,False,False,0
e01-tds1,TAIL_BURST,1902,True,True,True,False,False,False,0
e01-tds1,TAIL_BURST,1903,True,True,True,False,False,False,0
e01-tds1,TAIL_BURST,1904,True,False,True,False,False,False,0
e01-tds1,TAIL_BURST,1905,False,False,True,False,False,False,0
e01-tds1,TAIL_BURST,1906,True,False,True,True,False,False,0
e01-tds1,TAIL_BURST,1907,True,False,True,False,False,False,0
e01-tds1,TAIL_BURST,1908,True,True,True,False,False,False,0
e01-tds1,TAIL_BURST,1909,True,True,True,False,False,False,0
e01-tds1,TAIL_BURST,1910,True,False,True,True,False,False,0
e01-tds1,TAIL_BURST,1911,False,False,True,False,False,False,0
e01-tds1,TAIL_BURST,1912,True,True,True,False,False,False,0
e01-tds1,TAIL_BURST,1913,False,False,True,True,False,False,0
e01-tds1,TAIL_BURST,1914,True,False,True,False,False,False,0
e01-tds1,TAIL_BURST,1915,True,True,True,False,False,False,0
e01-tds1,TAIL_BURST,1916,False,True,True,False,False,False,0
e01-tds1,TAIL_BURST,1917,True,True,True,True,True,False,0
e01-tds1,TAIL_BURST,1918,True,False,True,False,False,False,0
e01-tds1,TAIL_BURST,1919,True,True,True,False,False,False,0
e01-tds1,TAIL_BURST,1920,True,True,True,False,False,False,0
e01-tds1,TAIL_BURST,1921,False,False,True,True,False,False,0
e01-tds1,TAIL_BURST,1922,False,False,True,False,False,False,0
e01-tds1,TAIL_BURST,1923,True,False,True,False,False,False,0
e01-tds1,TAIL_BURST,1924,True,True,True,False,False,False,0
e01-tds1,TAIL_BURST,1925,True,True,True,False,False,False,0
e01-tds1,TAIL_BURST,1926,True,False,True,False,False,False,0
e01-tds1,TAIL_BURST,1927,True,False,True,False,False,False,0
e01-tds1,TAIL_BURST,1928,True,True,True,False,False,False,0
e01-tds1,TAIL_BURST,1929,True,False,True,False,False,False,0
e01-tds1,TAIL_BURST,1930,False,False,True,True,False,False,0
e01-tds1,TAIL_BURST,1931,True,True,True,False,False,False,0
e01-tds1,TAIL_BURST,1932,True,True,True,False,False,False,0
e01-tds1,TAIL_BURST,1933,True,False,True,False,False,False,0
e01-tds1,TAIL_BURST,1934,True,False,True,False,False,False,0
e01-tds1,TAIL_BURST,1935,False,False,True,False,False,False,0
e01-tds1,TAIL_BURST,1936,True,True,True,False,False,False,0
e01-tds1,TAIL_BURST,1937,True,True,True,True,True,False,0
e01-tds1,TAIL_BURST,1938,True,True,True,False,False,False,0
e01-tds1,TAIL_BURST,1939,False,False,True,False,False,False,0
e01-tds1,TAIL_BURST,1940,True,False,True,False,False,False,0
e01-tds1,TAIL_BURST,1941,True,True,True,False,False,False,0
e01-tds1,TAIL_BURST,1942,True,True,True,False,False,False,0
e01-tds1,TAIL_BURST,1943,True,True,True,False,False,False,0
e01-tds1,TAIL_BURST,1944,False,False,True,False,False,False,0
e01-tds1,TAIL_BURST,1945,True,False,True,False,False,False,0
e01-tds1,TAIL_BURST,1946,True,True,True,False,False,False,0
e01-tds1,TAIL_BURST,1947,True,False,True,False,False,False,0
e01-tds1,TAIL_BURST,1948,True,False,True,False,False,False,0
e01-tds1,TAIL_BURST,1949,True,True,True,False,False,False,0
e01-tds1,TAIL_BURST,1950,True,False,True,False,False,False,0
e01-tds1,TAIL_BURST,1951,True,False,True,True,False,False,0
e01-tds1,TAIL_BURST,1952,True,False,True,False,False,False,0
e01-tds1,TAIL_BURST,1953,True,True,True,False,False,False,0
e01-tds1,TAIL_BURST,1954,True,True,True,False,False,False,0
e01-tds1,TAIL_BURST,1955,False,False,True,False,False,False,0
e01-tds1,TAIL_BURST,1956,False,False,True,True,False,False,0
e01-tds1,TAIL_BURST,1957,False,True,True,True,False,False,0
e01-tds1,TAIL_BURST,1958,True,True,True,False,False,False,0
e01-tds1,TAIL_BURST,1959,True,True,True,False,False,False,0
e01-tds1,TAIL_BURST,1960,True,False,True,False,False,False,0
e01-tds1,TAIL_BURST,1961,True,False,True,False,False,False,0
e01-tds1,TAIL_BURST,1962,True,False,True,False,False,False,0
e01-tds1,TAIL_BURST,1963,True,True,True,False,False,False,0
e01-tds1,TAIL_BURST,1964,True,False,True,False,False,False,0
e01-tds1,TAIL_BURST,1965,True,False,True,False,False,False,0
e01-tds1,TAIL_BURST,1966,True,False,True,False,False,False,0
e01-tds1,TAIL_BURST,1967,True,False,True,False,False,False,0
e01-tds1,TAIL_BURST,1968,False,True,True,True,False,False,0
e01-tds1,TAIL_BURST,1969,True,True,True,False,False,False,0
e01-tds1,TAIL_BURST,1970,True,True,True,False,False,False,0
e01-tds1,TAIL_BURST,1971,True,True,True,False,False,False,0
e01-tds1,TAIL_BURST,1972,True,False,True,False,False,False,0
e01-tds1,TAIL_BURST,1973,True,True,True,False,False,False,0
e01-tds1,TAIL_BURST,1974,True,True,True,False,False,False,0
e01-tds1,TAIL_BURST,1975,False,False,True,False,False,False,0
e01-tds1,TAIL_BURST,1976,True,True,True,False,False,False,0
e01-tds1,TAIL_BURST,1977,True,True,True,False,False,False,0
e01-tds1,TAIL_BURST,1978,True,True,True,True,True,False,0
e01-tds1,TAIL_BURST,1979,False,False,True,False,False,False,0
e01-tds1,TAIL_BURST,1980,True,True,True,True,True,False,0
e01-tds1,TAIL_BURST,1981,True,False,True,False,False,False,0
e01-tds1,TAIL_BURST,1982,True,True,True,False,False,False,0
e01-tds1,TAIL_BURST,1983,True,False,True,False,False,False,0
e01-tds1,TAIL_BURST,1984,False,True,True,True,False,False,0
e01-tds1,TAIL_BURST,1985,False,False,True,False,False,False,0
e01-tds1,TAIL_BURST,1986,True,True,True,False,False,False,0
e01-tds1,TAIL_BURST,1987,True,False,True,False,False,False,0
e01-tds1,TAIL_BURST,1988,False,False,True,False,False,False,0
e01-tds1,TAIL_BURST,1989,True,True,True,False,False,False,0
e01-tds1,TAIL_BURST,1990,True,True,True,False,False,False,0
e01-tds1,TAIL_BURST,1991,True,True,True,False,False,False,0
e01-tds1,TAIL_BURST,1992,True,False,True,False,False,False,0
e01-tds1,TAIL_BURST,1993,True,False,True,False,False,False,0
e01-tds1,TAIL_BURST,1994,True,False,True,False,False,False,0
e01-tds1,TAIL_BURST,1995,True,False,True,False,False,False,0
e01-tds1,TAIL_BURST,1996,True,True,True,False,False,False,0
e01-tds1,TAIL_BURST,1997,False,False,True,True,False,False,0
e01-tds1,TAIL_BURST,1998,True,False,True,False,False,False,0
e01-tds1,TAIL_BURST,1999,False,True,True,False,False,False,0
e01-tds1,TAIL_BURST,2000,True,False,True,False,False,False,0
e01-tds1,TAIL_BURST,2001,True,False,True,False,False,False,0
e01-tds1,TAIL_BURST,2002,True,True,True,False,False,False,0
e01-tds1,TAIL_BURST,2003,True,False,True,False,False,False,0
e01-tds1,TAIL_BURST,2004,True,True,True,False,False,False,0
e01-tds1,TAIL_BURST,2005,True,True,True,False,False,False,0
e01-tds1,TAIL_BURST,2006,True,False,True,False,False,False,0
e01-tds1,TAIL_BURST,2007,True,True,True,False,False,False,0
e01-tds1,TAIL_BURST,2008,True,True,True,False,False,False,0
e01-tds1,TAIL_BURST,2009,False,False,True,False,False,False,0
e01-tds1,TAIL_BURST,2010,False,True,True,True,False,False,0
e01-tds1,TAIL_BURST,2011,True,True,True,False,False,False,0
e01-tds1,TAIL_BURST,2012,True,False,True,False,False,False,0
e01-tds1,TAIL_BURST,2013,True,True,True,False,False,False,0
e01-tds1,TAIL_BURST,2014,False,False,True,False,False,False,0
e01-tds1,TAIL_BURST,2015,False,False,True,True,False,False,0
e01-tds1,TAIL_BURST,2016,True,True,True,False,False,False,0
e01-tds1,TAIL_BURST,2017,True,False,True,False,False,False,0
e01-tds1,TAIL_BURST,2018,True,True,True,False,False,False,0
e01-tds1,TAIL_BURST,2019,True,True,True,False,False,False,0
e01-tds1,TAIL_BURST,2020,True,True,True,False,False,False,0
e01-tds1,TAIL_BURST,2021,True,True,True,False,False,False,0
e01-tds1,TAIL_BURST,2022,True,False,True,False,False,False,0
e01-tds1,TAIL_BURST,2023,False,False,True,True,False,False,0
e01-tds1,TAIL_BURST,2024,True,True,True,False,False,False,0
e01-tds1,TAIL_BURST,2025,True,False,True,False,False,False,0
e01-tds1,TAIL_BURST,2026,False,False,True,True,False,False,0
e01-tds1,TAIL_BURST,2027,True,True,True,False,False,False,0
e01-tds1,TAIL_BURST,2028,True,True,True,False,False,False,0
e01-tds1,TAIL_BURST,2029,True,True,True,False,False,False,0
e01-tds1,TAIL_BURST,2030,True,True,True,False,False,False,0
e01-tds1,TAIL_BURST,2031,True,True,True,False,False,False,0
e01-tds1,TAIL_BURST,2032,False,False,True,False,False,False,0
e01-tds1,TAIL_BURST,2033,True,False,True,False,False,False,0
e01-tds1,TAIL_BURST,2034,False,False,True,False,False,False,0
e01-tds1,TAIL_BURST,2035,True,False,True,False,False,False,0
e01-tds1,TAIL_BURST,2036,True,True,True,False,False,False,0
e01-tds1,TAIL_BURST,2037,True,True,True,False,False,False,0
e01-tds1,TAIL_BURST,2038,True,False,True,False,False,False,0
e01-tds1,TAIL_BURST,2039,True,False,True,False,False,False,0
e01-tds1,TAIL_BURST,2040,True,True,True,False,False,False,0
e01-tds1,TAIL_BURST,2041,True,False,True,False,False,False,0
e01-tds1,TAIL_BURST,2042,True,False,True,False,False,False,0
e01-tds1,TAIL_BURST,2043,True,False,True,False,False,False,0
e01-tds1,TAIL_BURST,2044,False,False,True,False,False,False,0
e01-tds1,TAIL_BURST,2045,True,True,True,False,False,False,0
e01-tds1,TAIL_BURST,2046,True,False,True,False,False,False,0
e01-tds1,TAIL_BURST,2047,True,True,True,False,False,False,0
e01-tds1,TAIL_BURST,2048,False,False,True,True,False,False,0
e01-tds1,TAIL_BURST,2049,True,True,True,False,False,False,0
e01-tds1,TAIL_BURST,2050,False,False,True,False,False,False,0
e01-tds1,TAIL_BURST,2051,True,True,True,False,False,False,0
e01-tds1,TAIL_BURST,2052,True,True,True,False,False,False,0
e01-tds1,TAIL_BURST,2053,True,True,True,False,False,False,0
e01-tds1,TAIL_BURST,2054,False,False,True,False,False,False,0
e01-tds1,TAIL_BURST,2055,True,True,True,False,False,False,0
e01-tds1,TAIL_BURST,2056,True,False,True,False,False,False,0
e01-tds1,TAIL_BURST,2057,True,False,True,False,False,False,0
e01-tds1,TAIL_BURST,2058,False,False,True,True,False,False,0
e01-tds1,TAIL_BURST,2059,True,True,True,False,False,False,0
e01-tds1,TAIL_BURST,2060,False,False,True,False,False,False,0
e01-tds1,TAIL_BURST,2061,True,True,True,False,False,False,0
e01-tds1,TAIL_BURST,2062,True,False,True,False,False,False,0
e01-tds1,TAIL_BURST,2063,True,False,True,False,False,False,0
e01-tds1,TAIL_BURST,2064,True,True,True,False,False,False,0
e01-tds1,TAIL_BURST,2065,True,False,True,False,False,False,0
e01-tds1,TAIL_BURST,2066,True,True,True,False,False,False,0
e01-tds1,TAIL_BURST,2067,True,True,True,False,False,False,0
e01-tds1,TAIL_BURST,2068,True,True,True,False,False,False,0
e01-tds1,TAIL_BURST,2069,True,True,True,False,False,False,0
e01-tds1,TAIL_BURST,2070,True,True,True,False,False,False,0
e01-tds1,TAIL_BURST,2071,True,False,True,True,False,False,0
e01-tds1,TAIL_BURST,2072,True,True,True,False,False,False,0
e01-tds1,TAIL_BURST,2073,False,False,True,True,False,False,0
e01-tds1,TAIL_BURST,2074,True,True,True,False,False,False,0
e01-tds1,TAIL_BURST,2075,True,False,True,False,False,False,0
e01-tds1,TAIL_BURST,2076,False,False,True,False,False,False,0
e01-tds1,TAIL_BURST,2077,True,False,True,False,False,False,0
e01-tds1,TAIL_BURST,2078,True,False,True,False,False,False,0
e01-tds1,TAIL_BURST,2079,True,True,True,False,False,False,0
e01-tds1,TAIL_BURST,2080,True,True,True,False,False,False,0
e01-tds1,TAIL_BURST,2081,True,True,True,False,False,False,0
e01-tds1,TAIL_BURST,2082,True,True,True,False,False,False,0
e01-tds1,TAIL_BURST,2083,True,False,True,False,False,False,0
e01-tds1,TAIL_BURST,2084,False,False,True,False,False,False,0
e01-tds1,TAIL_BURST,2085,True,False,True,False,False,False,0
e01-tds1,TAIL_BURST,2086,True,True,True,False,False,False,0
e01-tds1,TAIL_BURST,2087,True,True,True,False,False,False,0
e01-tds1,TAIL_BURST,2088,False,False,True,False,False,False,0
e01-tds1,TAIL_BURST,2089,False,False,True,True,False,False,0
e01-tds1,TAIL_BURST,2090,True,True,True,False,False,False,0
e01-tds1,TAIL_BURST,2091,False,False,True,False,False,False,0
e01-tds1,TAIL_BURST,2092,True,True,True,False,False,False,0
e01-tds1,TAIL_BURST,2093,True,True,True,False,False,False,0
e01-tds1,TAIL_BURST,2094,True,False,True,False,False,False,0
e01-tds1,TAIL_BURST,2095,False,False,True,False,False,False,0
e01-tds1,TAIL_BURST,2096,True,False,True,False,False,False,0
e01-tds1,TAIL_BURST,2097,True,True,True,False,False,False,0
e01-tds1,TAIL_BURST,2098,True,True,True,True,True,False,0
e01-tds1,TAIL_BURST,2099,True,False,True,False,False,False,0
e01-tds1,TAIL_BURST,2100,True,True,True,False,False,False,0
e01-tds1,TAIL_BURST,2101,False,True,True,False,False,False,0
e01-tds1,TAIL_BURST,2102,True,True,True,False,False,False,0
e01-tds1,TAIL_BURST,2103,True,True,True,False,False,False,0
e01-tds1,TAIL_BURST,2104,True,False,True,False,False,False,0
e01-tds1,TAIL_BURST,2105,True,True,True,False,False,False,0
e01-tds1,TAIL_BURST,2106,False,False,True,False,False,False,0
e01-tds1,TAIL_BURST,2107,False,True,True,False,False,False,0
e01-tds1,TAIL_BURST,2108,True,True,True,False,False,False,0
e01-tds1,TAIL_BURST,2109,False,False,True,False,False,False,0
e01-tds1,TAIL_BURST,2110,True,False,True,False,False,False,0
e01-tds1,TAIL_BURST,2111,False,False,True,False,False,False,0
e01-tds1,TAIL_BURST,2112,True,True,True,False,False,False,0
e01-tds1,TAIL_BURST,2113,True,False,True,False,False,False,0
e01-tds1,TAIL_BURST,2114,True,True,True,False,False,False,0
e01-tds1,TAIL_BURST,2115,True,False,True,False,False,False,0
e01-tds1,TAIL_BURST,2116,False,False,True,False,False,False,0
e01-tds1,TAIL_BURST,2117,True,True,True,True,False,False,0
e01-tds1,TAIL_BURST,2118,True,True,True,False,False,False,0
e01-tds1,TAIL_BURST,2119,True,False,True,False,False,False,0
e01-tds1,TAIL_BURST,2120,True,True,True,False,False,False,0
e01-tds1,TAIL_BURST,2121,True,False,True,False,False,False,0
e01-tds1,TAIL_BURST,2122,True,False,True,False,False,False,0
e01-tds1,TAIL_BURST,2123,True,True,True,False,False,False,0
e01-tds1,TAIL_BURST,2124,True,True,True,False,False,False,0
e01-tds1,TAIL_BURST,2125,True,True,True,False,False,False,0
e01-tds1,TAIL_BURST,2126,True,True,True,False,False,False,0
e01-tds1,TAIL_BURST,2127,True,False,True,False,False,False,0
e01-tds1,TAIL_BURST,2128,True,True,True,False,False,False,0
e01-tds1,TAIL_BURST,2129,True,True,True,False,False,False,0
e01-tds1,TAIL_BURST,2130,True,False,True,False,False,False,0
e01-tds1,TAIL_BURST,2131,True,False,True,False,False,False,0
e01-tds1,TAIL_BURST,2132,True,False,True,False,False,False,0
e01-tds1,TAIL_BURST,2133,False,True,True,False,False,False,0
e01-tds1,TAIL_BURST,2134,True,True,True,False,False,False,0
e01-tds1,TAIL_BURST,2135,False,False,True,False,False,False,0
e01-tds1,TAIL_BURST,2136,True,True,True,False,False,False,0
e01-tds1,TAIL_BURST,2137,False,False,True,True,False,False,0
e01-tds1,TAIL_BURST,2138,False,False,True,False,False,False,0
e01-tds1,TAIL_BURST,2139,False,False,True,False,False,False,0
e01-tds1,TAIL_BURST,2140,True,True,True,False,False,False,0
e01-tds1,TAIL_BURST,2141,True,True,True,False,False,False,0
e01-tds1,TAIL_BURST,2142,True,True,True,False,False,False,0
e01-tds1,TAIL_BURST,2143,True,True,True,True,True,False,0
e01-tds1,TAIL_BURST,2144,True,True,True,False,False,False,0
e01-tds1,TAIL_BURST,2145,True,True,True,False,False,False,0
e01-tds1,TAIL_BURST,2146,False,False,True,False,False,False,0
e01-tds1,TAIL_BURST,2147,False,False,True,False,False,False,0
e01-tds1,TAIL_BURST,2148,True,False,True,False,False,False,0
e01-tds1,TAIL_BURST,2149,True,True,True,False,False,False,0
e01-tds1,TAIL_BURST,2150,True,False,True,False,False,False,0
e01-tds1,TAIL_BURST,2151,True,True,True,False,False,False,0
e01-tds1,TAIL_BURST,2152,True,True,True,False,False,False,0
e01-tds1,TAIL_BURST,2153,True,True,True,False,False,False,0
e01-tds1,TAIL_BURST,2154,True,False,True,False,False,False,0
e01-tds1,TAIL_BURST,2155,True,True,True,False,False,False,0
e01-tds1,TAIL_BURST,2156,True,False,True,False,False,False,0
e01-tds1,TAIL_BURST,2157,True,True,True,False,False,False,0
e01-tds1,TAIL_BURST,2158,False,False,True,False,False,False,0
e01-tds1,TAIL_BURST,2159,True,False,True,False,False,False,0
e01-tds1,TAIL_BURST,2160,True,True,True,False,False,False,0
e01-tds1,TAIL_BURST,2161,True,False,True,False,False,False,0
e01-tds1,TAIL_BURST,2162,True,True,True,False,False,False,0
e01-tds1,TAIL_BURST,2163,False,False,True,False,False,False,0
e01-tds1,TAIL_BURST,2164,True,False,True,False,False,False,0
e01-tds1,TAIL_BURST,2165,False,False,True,False,False,False,0
e01-tds1,TAIL_BURST,2166,True,True,True,False,False,False,0
e01-tds1,TAIL_BURST,2167,False,False,True,True,False,False,0
e01-tds1,TAIL_BURST,2168,True,True,True,False,False,False,0
e01-tds1,TAIL_BURST,2169,False,False,True,False,False,False,0
e01-tds1,TAIL_BURST,2170,True,True,True,False,False,False,0
e01-tds1,TAIL_BURST,2171,False,False,True,False,False,False,0
e01-tds1,TAIL_BURST,2172,True,False,True,False,False,False,0
e01-tds1,TAIL_BURST,2173,False,True,True,False,False,False,0
e01-tds1,TAIL_BURST,2174,True,False,True,False,False,False,0
e01-tds1,TAIL_BURST,2175,True,False,True,False,False,False,0
e01-tds1,TAIL_BURST,2176,True,False,True,False,False,False,0
e01-tds1,TAIL_BURST,2177,True,True,True,False,False,False,0
e01-tds1,TAIL_BURST,2178,True,False,True,False,False,False,0
e01-tds1,TAIL_BURST,2179,True,True,True,True,True,False,0
e01-tds1,TAIL_BURST,2180,True,False,True,False,False,False,0
e01-tds1,TAIL_BURST,2181,True,False,True,False,False,False,0
e01-tds1,TAIL_BURST,2182,True,True,True,False,False,False,0
e01-tds1,TAIL_BURST,2183,True,True,True,False,False,False,0
e01-tds1,TAIL_BURST,2184,True,False,True,False,False,False,0
e01-tds1,TAIL_BURST,2185,True,False,True,False,False,False,0
e01-tds1,TAIL_BURST,2186,True,True,True,False,False,False,0
e01-tds1,TAIL_BURST,2187,True,True,True,False,False,False,0
e01-tds1,TAIL_BURST,2188,False,False,True,True,False,False,0
e01-tds1,TAIL_BURST,2189,True,True,True,False,False,False,0
e01-tds1,TAIL_BURST,2190,False,True,True,True,False,False,0
e01-tds1,TAIL_BURST,2191,True,True,True,False,False,False,0
e01-tds1,TAIL_BURST,2192,True,False,True,False,False,False,0
e01-tds1,TAIL_BURST,2193,True,True,True,False,False,False,0
e01-tds1,TAIL_BURST,2194,True,True,True,False,False,False,0
e01-tds1,TAIL_BURST,2195,True,True,True,False,False,False,0
e01-tds1,TAIL_BURST,2196,True,False,True,False,False,False,0
e01-tds1,TAIL_BURST,2197,False,False,True,False,False,False,0
e01-tds1,TAIL_BURST,2198,True,True,True,False,False,False,0
e01-tds1,TAIL_BURST,2199,True,False,True,False,False,False,0
e01-tds1,TAIL_BURST,2200,False,False,True,False,False,False,0
e01-tds1,TAIL_BURST,2201,True,True,True,False,False,False,0
e01-tds1,TAIL_BURST,2202,True,False,True,False,False,False,0
e01-tds1,TAIL_BURST,2203,True,False,True,False,False,False,0
e01-tds1,TAIL_BURST,2204,True,True,True,False,False,False,0
e01-tds1,TAIL_BURST,2205,False,False,True,True,False,False,0
e01-tds1,TAIL_BURST,2206,True,True,True,False,False,False,0
e01-tds1,TAIL_BURST,2207,False,False,True,True,False,False,0
e01-tds1,TAIL_BURST,2208,True,False,True,False,False,False,0
e01-tds1,TAIL_BURST,2209,True,False,True,False,False,False,0
e01-tds1,TAIL_BURST,2210,True,True,True,False,False,False,0
e01-tds1,TAIL_BURST,2211,True,False,True,False,False,False,0
e01-tds1,TAIL_BURST,2212,True,True,True,False,False,False,0
e01-tds1,TAIL_BURST,2213,True,False,True,False,False,False,0
e01-tds1,TAIL_BURST,2214,True,False,True,False,False,False,0
e01-tds1,TAIL_BURST,2215,False,False,True,False,False,False,0
e01-tds1,TAIL_BURST,2216,True,True,True,True,True,False,0
e01-tds1,TAIL_BURST,2217,True,True,True,False,False,False,0
e01-tds1,TAIL_BURST,2218,True,True,True,False,False,False,0
e01-tds1,TAIL_BURST,2219,True,True,True,False,False,False,0
e01-tds1,TAIL_BURST,2220,True,False,True,False,False,False,0
e01-tds1,TAIL_BURST,2221,True,True,True,False,False,False,0
e01-tds1,TAIL_BURST,2222,True,True,True,False,False,False,0
e01-tds1,TAIL_BURST,2223,True,True,True,False,False,False,0
e01-tds1,TAIL_BURST,2224,True,False,True,False,False,False,0
e01-tds1,TAIL_BURST,2225,True,False,True,False,False,False,0
e01-tds1,TAIL_BURST,2226,True,False,True,False,False,False,0
e01-tds1,TAIL_BURST,2227,False,True,True,True,False,False,0
e01-tds1,TAIL_BURST,2228,True,True,True,False,False,False,0
e01-tds1,TAIL_BURST,2229,False,False,True,False,False,False,0
e01-tds1,TAIL_BURST,2230,True,True,True,False,False,False,0
e01-tds1,TAIL_BURST,2231,True,True,True,False,False,False,0
e01-tds1,TAIL_BURST,2232,True,True,True,False,False,False,0
e01-tds1,TAIL_BURST,2233,True,False,True,False,False,False,0
e01-tds1,TAIL_BURST,2234,True,True,True,False,False,False,0
e01-tds1,TAIL_BURST,2235,True,True,True,False,False,False,0
e01-tds1,TAIL_BURST,2236,True,True,True,False,False,False,0
e01-tds1,TAIL_BURST,2237,True,True,True,False,False,False,0
e01-tds1,TAIL_BURST,2238,False,False,True,False,False,False,0
e01-tds1,TAIL_BURST,2239,True,True,True,True,True,False,0
e01-tds1,TAIL_BURST,2240,True,False,True,False,False,False,0
e01-tds1,TAIL_BURST,2241,False,False,True,False,False,False,0
e01-tds1,TAIL_BURST,2242,True,True,True,True,True,False,0
e01-tds1,TAIL_BURST,2243,False,False,True,False,False,False,0
e01-tds1,TAIL_BURST,2244,True,True,True,False,False,False,0
e01-tds1,TAIL_BURST,2245,True,False,True,True,False,False,0
e01-tds1,TAIL_BURST,2246,False,False,True,False,False,False,0
e01-tds1,TAIL_BURST,2247,True,True,True,False,False,False,0
e01-tds1,TAIL_BURST,2248,True,False,True,False,False,False,0
e01-tds1,TAIL_BURST,2249,True,False,True,False,False,False,0
e01-tds1,TAIL_BURST,2250,True,True,True,False,False,False,0
e01-tds1,TAIL_BURST,2251,False,False,True,True,False,False,0
e01-tds1,TAIL_BURST,2252,True,True,True,True,True,False,0
e01-tds1,TAIL_BURST,2253,False,False,True,False,False,False,0
e01-tds1,TAIL_BURST,2254,True,True,True,False,False,False,0
e01-tds1,TAIL_BURST,2255,True,True,True,False,False,False,0
e01-tds1,TAIL_BURST,2256,True,True,True,False,False,False,0
e01-tds1,TAIL_BURST,2257,True,True,True,False,False,False,0
e01-tds1,TAIL_BURST,2258,True,True,True,False,False,False,0
e01-tds1,TAIL_BURST,2259,True,True,True,False,False,False,0
e01-tds1,TAIL_BURST,2260,True,True,True,False,False,False,0
e01-tds1,TAIL_BURST,2261,False,False,True,False,False,False,0
e01-tds1,TAIL_BURST,2262,True,False,True,False,False,False,0
e01-tds1,TAIL_BURST,2263,False,False,True,False,False,False,0
e01-tds1,TAIL_BURST,2264,True,False,True,False,False,False,0
e01-tds1,TAIL_BURST,2265,True,True,True,False,False,False,0
e01-tds1,TAIL_BURST,2266,True,True,True,False,False,False,0
e01-tds1,TAIL_BURST,2267,True,False,True,False,False,False,0
e01-tds1,TAIL_BURST,2268,True,True,True,False,False,False,0
e01-tds1,TAIL_BURST,2269,False,False,True,False,False,False,0
e01-tds1,TAIL_BURST,2270,True,True,True,False,False,False,0
e01-tds1,TAIL_BURST,2271,True,False,True,False,False,False,0
e01-tds1,TAIL_BURST,2272,True,False,True,False,False,False,0
e01-tds1,TAIL_BURST,2273,True,True,True,False,False,False,0
e01-tds1,TAIL_BURST,2274,False,False,True,False,False,False,0
e01-tds1,TAIL_BURST,2275,True,True,True,False,False,False,0
e01-tds1,TAIL_BURST,2276,True,False,True,False,False,False,0
e01-tds1,TAIL_BURST,2277,True,True,True,False,False,False,0
e01-tds1,TAIL_BURST,2278,True,True,True,False,False,False,0
e01-tds1,TAIL_BURST,2279,True,True,True,False,False,False,0
e01-tds1,TAIL_BURST,2280,True,False,True,False,False,False,0
e01-tds1,TAIL_BURST,2281,True,False,True,False,False,False,0
e01-tds1,TAIL_BURST,2282,True,True,True,False,False,False,0
e01-tds1,TAIL_BURST,2283,True,False,True,False,False,False,0
e01-tds1,TAIL_BURST,2284,True,False,True,False,False,False,0
e01-tds1,TAIL_BURST,2285,True,True,True,False,False,False,0
e01-tds1,TAIL_BURST,2286,True,True,True,False,False,False,0
e01-tds1,TAIL_BURST,2287,True,True,True,False,False,False,0
e01-tds1,TAIL_BURST,2288,False,False,True,False,False,False,0
e01-tds1,TAIL_BURST,2289,True,True,True,False,False,False,0
e01-tds1,TAIL_BURST,2290,False,False,True,False,False,False,0
e01-tds1,TAIL_BURST,2291,True,False,True,False,False,False,0
e01-tds1,TAIL_BURST,2292,True,True,True,False,False,False,0
e01-tds1,TAIL_BURST,2293,True,True,True,True,True,False,0
e01-tds1,TAIL_BURST,2294,True,True,True,False,False,False,0
e01-tds1,TAIL_BURST,2295,True,False,True,False,False,False,0
e01-tds1,TAIL_BURST,2296,False,False,True,True,False,False,0
e01-tds1,TAIL_BURST,2297,True,True,True,False,False,False,0
e01-tds1,TAIL_BURST,2298,True,False,True,False,False,False,0
e01-tds1,TAIL_BURST,2299,True,False,True,False,False,False,0
e01-tds1,TAIL_BURST,2300,True,True,True,False,False,False,0
e01-tds1,TAIL_BURST,2301,True,False,True,False,False,False,0
e01-tds1,TAIL_BURST,2302,True,False,True,False,False,False,0
e01-tds1,TAIL_BURST,2303,True,False,True,False,False,False,0
e01-tds1,TAIL_BURST,2304,True,False,True,False,False,False,0
e01-tds1,TAIL_BURST,2305,True,True,True,False,False,False,0
e01-tds1,TAIL_BURST,2306,False,False,True,True,False,False,0
e01-tds1,TAIL_BURST,2307,True,True,True,False,False,False,0
e01-tds1,TAIL_BURST,2308,True,True,True,False,False,False,0
e01-tds1,TAIL_BURST,2309,True,True,True,False,False,False,0
e01-tds1,TAIL_BURST,2310,False,True,True,False,False,False,0
e01-tds1,TAIL_BURST,2311,False,False,True,False,False,False,0
e01-tds1,TAIL_BURST,2312,True,False,True,False,False,False,0
e01-tds1,TAIL_BURST,2313,True,False,True,False,False,False,0
e01-tds1,TAIL_BURST,2314,True,False,True,False,False,False,0
e01-tds1,TAIL_BURST,2315,False,False,True,False,False,False,0
e01-tds1,TAIL_BURST,2316,False,False,True,True,False,False,0
e01-tds1,TAIL_BURST,2317,True,False,True,False,False,False,0
e01-tds1,TAIL_BURST,2318,True,False,True,False,False,False,0
e01-tds1,TAIL_BURST,2319,False,False,True,False,False,False,0
e01-tds1,TAIL_BURST,2320,True,False,True,False,False,False,0
e01-tds1,TAIL_BURST,2321,False,False,True,False,False,False,0
e01-tds1,TAIL_BURST,2322,True,False,True,False,False,False,0
e01-tds1,TAIL_BURST,2323,True,True,True,False,False,False,0
e01-tds1,TAIL_BURST,2324,True,True,True,False,False,False,0
e01-tds1,TAIL_BURST,2325,True,True,True,False,False,False,0
e01-tds1,TAIL_BURST,2326,True,False,True,False,False,False,0
e01-tds1,TAIL_BURST,2327,False,False,True,True,False,False,0
e01-tds1,TAIL_BURST,2328,True,True,True,False,False,False,0
e01-tds1,TAIL_BURST,2329,True,False,True,False,False,False,0
e01-tds1,TAIL_BURST,2330,False,False,True,False,False,False,0
e01-tds1,TAIL_BURST,2331,True,True,True,False,False,False,0
e01-tds1,TAIL_BURST,2332,True,True,True,False,False,False,0
e01-tds1,TAIL_BURST,2333,True,True,True,False,False,False,0
e01-tds1,TAIL_BURST,2334,True,True,True,False,False,False,0
e01-tds1,TAIL_BURST,2335,True,True,True,False,False,False,0
e01-tds1,TAIL_BURST,2336,True,True,True,False,False,False,0
e01-tds1,TAIL_BURST,2337,True,True,True,True,True,False,0
e01-tds1,TAIL_BURST,2338,True,True,True,False,False,False,0
e01-tds1,TAIL_BURST,2339,True,True,True,False,False,False,0
e01-tds1,TAIL_BURST,2340,True,False,True,False,False,False,0
e01-tds1,TAIL_BURST,2341,False,False,True,True,False,False,0
e01-tds1,TAIL_BURST,2342,True,False,True,False,False,False,0
e01-tds1,TAIL_BURST,2343,True,False,True,False,False,False,0
e01-tds1,TAIL_BURST,2344,True,False,True,False,False,False,0
e01-tds1,TAIL_BURST,2345,True,True,True,True,True,False,0
e01-tds1,TAIL_BURST,2346,True,False,True,False,False,False,0
e01-tds1,TAIL_BURST,2347,True,False,True,False,False,False,0
e01-tds1,TAIL_BURST,2348,True,False,True,False,False,False,0
e01-tds1,TAIL_BURST,2349,True,True,True,False,False,False,0
e01-tds1,TAIL_BURST,2350,True,True,True,False,False,False,0
e01-tds1,TAIL_BURST,2351,True,False,True,False,False,False,0
e01-tds1,TAIL_BURST,2352,True,True,True,False,False,False,0
e01-tds1,TAIL_BURST,2353,False,False,True,True,False,False,0
e01-tds1,TAIL_BURST,2354,False,False,True,False,False,False,0
e01-tds1,TAIL_BURST,2355,False,True,True,True,False,False,0
e01-tds1,TAIL_BURST,2356,True,False,True,False,False,False,0
e01-tds1,TAIL_BURST,2357,False,False,True,False,False,False,0
e01-tds1,TAIL_BURST,2358,True,True,True,False,False,False,0
e01-tds1,TAIL_BURST,2359,True,True,True,False,False,False,0
e01-tds1,TAIL_BURST,2360,True,True,True,False,False,False,0
e01-tds1,TAIL_BURST,2361,True,False,True,False,False,False,0
e01-tds1,TAIL_BURST,2362,True,True,True,False,False,False,0
e01-tds1,TAIL_BURST,2363,True,False,True,False,False,False,0
e01-tds1,TAIL_BURST,2364,True,True,True,False,False,False,0
e01-tds1,TAIL_BURST,2365,True,False,True,False,False,False,0
e01-tds1,TAIL_BURST,2366,True,True,True,False,False,False,0
e01-tds1,TAIL_BURST,2367,False,True,True,False,False,False,0
e01-tds1,TAIL_BURST,2368,False,False,True,True,False,False,0
e01-tds1,TAIL_BURST,2369,True,True,True,False,False,False,0
e01-tds1,TAIL_BURST,2370,True,True,True,False,False,False,0
e01-tds1,TAIL_BURST,2371,True,True,True,False,False,False,0
e01-tds1,TAIL_BURST,2372,True,True,True,False,False,False,0
e01-tds1,TAIL_BURST,2373,True,True,True,False,False,False,0
e01-tds1,TAIL_BURST,2374,True,False,True,False,False,False,0
e01-tds1,TAIL_BURST,2375,True,False,True,False,False,False,0
e01-tds1,TAIL_BURST,2376,True,False,True,False,False,False,0
e01-tds1,TAIL_BURST,2377,True,True,True,False,False,False,0
e01-tds1,TAIL_BURST,2378,True,True,True,False,False,False,0
e01-tds1,TAIL_BURST,2379,True,False,True,False,False,False,0
e01-tds1,TAIL_BURST,2380,False,False,True,False,False,False,0
e01-tds1,TAIL_BURST,2381,True,True,True,False,False,False,0
e01-tds1,TAIL_BURST,2382,True,False,True,False,False,False,0
e01-tds1,TAIL_BURST,2383,True,True,True,False,False,False,0
e01-tds1,TAIL_BURST,2384,True,True,True,False,False,False,0
e01-tds1,TAIL_BURST,2385,False,False,True,False,False,False,0
e01-tds1,TAIL_BURST,2386,True,False,True,False,False,False,0
e01-tds1,TAIL_BURST,2387,True,False,True,False,False,False,0
e01-tds1,TAIL_BURST,2388,False,False,True,True,False,False,0
e01-tds1,TAIL_BURST,2389,False,False,True,True,False,False,0
e01-tds1,TAIL_BURST,2390,True,True,True,False,False,False,0
e01-tds1,TAIL_BURST,2391,False,False,True,False,False,False,0
e01-tds1,TAIL_BURST,2392,False,False,True,False,False,False,0
e01-tds1,TAIL_BURST,2393,True,True,True,False,False,False,0
e01-tds1,TAIL_BURST,2394,False,False,True,False,False,False,0
e01-tds1,TAIL_BURST,2395,True,False,True,False,False,False,0
e01-tds1,TAIL_BURST,2396,True,False,True,True,False,False,0
e01-tds1,TAIL_BURST,2397,True,True,True,False,False,False,0
e01-tds1,TAIL_BURST,2398,True,True,True,False,False,False,0
e01-tds1,TAIL_BURST,2399,True,True,True,False,False,False,0
e01-tds1,TAIL_BURST,2400,True,False,True,False,False,False,0
e01-tds1,TAIL_BURST,2401,True,True,True,False,False,False,0
e01-tds1,TAIL_BURST,2402,True,True,True,True,True,False,0
e01-tds1,TAIL_BURST,2403,True,True,True,False,False,False,0
e01-tds1,TAIL_BURST,2404,True,False,True,False,False,False,0
e01-tds1,TAIL_BURST,2405,True,True,True,False,False,False,0
e01-tds1,TAIL_BURST,2406,True,False,True,False,False,False,0
e01-tds1,TAIL_BURST,2407,True,True,True,False,False,False,0
e01-tds1,TAIL_BURST,2408,False,False,True,False,False,False,0
e01-tds1,TAIL_BURST,2409,True,True,True,False,False,False,0
e01-tds1,TAIL_BURST,2410,True,True,True,False,False,False,0
e01-tds1,TAIL_BURST,2411,True,False,True,False,False,False,0
e01-tds1,TAIL_BURST,2412,True,True,True,False,False,False,0
e01-tds1,TAIL_BURST,2413,True,True,True,True,True,False,0
e01-tds1,TAIL_BURST,2414,True,True,True,False,False,False,0
e01-tds1,TAIL_BURST,2415,True,False,True,False,False,False,0
e01-tds1,TAIL_BURST,2416,True,True,True,False,False,False,0
e01-tds1,TAIL_BURST,2417,False,True,True,True,False,False,0
e01-tds1,TAIL_BURST,2418,True,False,True,False,False,False,0
e01-tds1,TAIL_BURST,2419,False,False,True,True,False,False,0
e01-tds1,TAIL_BURST,2420,True,False,True,False,False,False,0
e01-tds1,TAIL_BURST,2421,True,False,True,False,False,False,0
e01-tds1,TAIL_BURST,2422,True,False,True,False,False,False,0
e01-tds1,TAIL_BURST,2423,True,True,True,False,False,False,0
e01-tds1,TAIL_BURST,2424,False,False,True,True,False,False,0
e01-tds1,TAIL_BURST,2425,True,True,True,False,False,False,0
e01-tds1,TAIL_BURST,2426,True,False,True,False,False,False,0
e01-tds1,TAIL_BURST,2427,True,True,True,False,False,False,0
e01-tds1,TAIL_BURST,2428,True,False,True,False,False,False,0
e01-tds1,TAIL_BURST,2429,True,True,True,False,False,False,0
e01-tds1,TAIL_BURST,2430,False,False,True,True,False,False,0
e01-tds1,TAIL_BURST,2431,True,False,True,False,False,False,0
e01-tds1,TAIL_BURST,2432,True,True,True,False,False,False,0
e01-tds1,TAIL_BURST,2433,False,False,True,False,False,False,0
e01-tds1,TAIL_BURST,2434,True,False,True,False,False,False,0
e01-tds1,TAIL_BURST,2435,True,False,True,False,False,False,0
e01-tds1,TAIL_BURST,2436,True,True,True,False,False,False,0
e01-tds1,TAIL_BURST,2437,True,True,True,False,False,False,0
e01-tds1,TAIL_BURST,2438,True,False,True,False,False,False,0
e01-tds1,TAIL_BURST,2439,True,False,True,False,False,False,0
e01-tds1,TAIL_BURST,2440,True,False,True,False,False,False,0
e01-tds1,TAIL_BURST,2441,True,False,True,False,False,False,0
e01-tds1,TAIL_BURST,2442,True,False,True,False,False,False,0
e01-tds1,TAIL_BURST,2443,False,False,True,True,False,False,0
e01-tds1,TAIL_BURST,2444,True,True,True,False,False,False,0
e01-tds1,TAIL_BURST,2445,True,True,True,False,False,False,0
e01-tds1,TAIL_BURST,2446,True,False,True,False,False,False,0
e01-tds1,TAIL_BURST,2447,True,True,True,False,False,False,0
e01-tds1,TAIL_BURST,2448,False,False,True,False,False,False,0
e01-tds1,TAIL_BURST,2449,True,False,True,False,False,False,0
e01-tds1,TAIL_BURST,2450,True,False,True,False,False,False,0
e01-tds1,TAIL_BURST,2451,True,False,True,False,False,False,0
e01-tds1,TAIL_BURST,2452,True,False,True,False,False,False,0
e01-tds1,TAIL_BURST,2453,True,True,True,False,False,False,0
e01-tds1,TAIL_BURST,2454,True,True,True,False,False,False,0
e01-tds1,TAIL_BURST,2455,True,True,True,False,False,False,0
e01-tds1,TAIL_BURST,2456,False,False,True,False,False,False,0
e01-tds1,TAIL_BURST,2457,True,True,True,False,False,False,0
e01-tds1,TAIL_BURST,2458,True,False,True,False,False,False,0
e01-tds1,TAIL_BURST,2459,True,False,True,False,False,False,0
e01-tds1,TAIL_BURST,2460,False,False,True,False,False,False,0
e01-tds1,TAIL_BURST,2461,True,True,True,False,False,False,0
e01-tds1,TAIL_BURST,2462,False,False,True,True,False,False,0
e01-tds1,TAIL_BURST,2463,True,True,True,False,False,False,0
e01-tds1,TAIL_BURST,2464,True,False,True,False,False,False,0
e01-tds1,TAIL_BURST,2465,True,False,True,False,False,False,0
e01-tds1,TAIL_BURST,2466,True,False,True,False,False,False,0
e01-tds1,TAIL_BURST,2467,False,False,True,False,False,False,0
e01-tds1,TAIL_BURST,2468,True,True,True,False,False,False,0
e01-tds1,TAIL_BURST,2469,True,True,True,True,True,False,0
e01-tds1,TAIL_BURST,2470,True,True,True,False,False,False,0
e01-tds1,TAIL_BURST,2471,True,True,True,False,False,False,0
e01-tds1,TAIL_BURST,2472,True,False,True,False,False,False,0
e01-tds1,TAIL_BURST,2473,True,True,True,False,False,False,0
e01-tds1,TAIL_BURST,2474,True,True,True,False,False,False,0
e01-tds1,TAIL_BURST,2475,True,True,True,False,False,False,0
e01-tds1,TAIL_BURST,2476,True,True,True,False,False,False,0
e01-tds1,TAIL_BURST,2477,False,False,True,True,False,False,0
e01-tds1,TAIL_BURST,2478,True,False,True,False,False,False,0
e01-tds1,TAIL_BURST,2479,True,False,True,False,False,False,0
e01-tds1,TAIL_BURST,2480,False,True,True,True,False,False,0
e01-tds1,TAIL_BURST,2481,True,True,True,False,False,False,0
e01-tds1,TAIL_BURST,2482,True,True,True,False,False,False,0
e01-tds1,TAIL_BURST,2483,False,True,True,True,False,False,0
e01-tds1,TAIL_BURST,2484,True,True,True,False,False,False,0
e01-tds1,TAIL_BURST,2485,True,False,True,True,False,False,0
e01-tds1,TAIL_BURST,2486,True,False,True,False,False,False,0
e01-tds1,TAIL_BURST,2487,True,True,True,False,False,False,0
e01-tds1,TAIL_BURST,2488,True,False,True,False,False,False,0
e01-tds1,TAIL_BURST,2489,True,True,True,False,False,False,0
e01-tds1,TAIL_BURST,2490,True,True,True,False,False,False,0
e01-tds1,TAIL_BURST,2491,True,True,True,False,False,False,0
e01-tds1,TAIL_BURST,2492,True,False,True,False,False,False,0
e01-tds1,TAIL_BURST,2493,True,True,True,False,False,False,0
e01-tds1,TAIL_BURST,2494,True,False,True,False,False,False,0
e01-tds1,TAIL_BURST,2495,False,False,True,False,False,False,0
e01-tds1,TAIL_BURST,2496,True,True,True,False,False,False,0
e01-tds1,TAIL_BURST,2497,True,True,True,False,False,False,0
e01-tds1,TAIL_BURST,2498,True,False,True,False,False,False,0
e01-tds1,TAIL_BURST,2499,True,True,True,False,False,False,0
e01-tds1,TAIL_BURST,2500,True,True,True,False,False,False,0
e01-tds1,TAIL_BURST,2501,True,False,True,False,False,False,0
e01-tds1,TAIL_BURST,2502,True,False,True,True,False,False,0
e01-tds1,TAIL_BURST,2503,False,False,True,True,False,False,0
e01-tds1,TAIL_BURST,2504,False,False,True,False,False,False,0
e01-tds1,TAIL_BURST,2505,True,True,True,False,False,False,0
e01-tds1,TAIL_BURST,2506,False,False,True,False,False,False,0
e01-tds1,TAIL_BURST,2507,False,False,True,True,False,False,0
e01-tds1,TAIL_BURST,2508,True,True,True,False,False,False,0
e01-tds1,TAIL_BURST,2509,True,False,True,False,False,False,0
e01-tds1,TAIL_BURST,2510,True,True,True,False,False,False,0
e01-tds1,TAIL_BURST,2511,True,False,True,False,False,False,0
e01-tds1,TAIL_BURST,2512,True,True,True,False,False,False,0
e01-tds1,TAIL_BURST,2513,True,False,True,False,False,False,0
e01-tds1,TAIL_BURST,2514,False,False,True,True,False,False,0
e01-tds1,TAIL_BURST,2515,True,True,True,False,False,False,0
e01-tds1,TAIL_BURST,2516,True,True,True,False,False,False,0
e01-tds1,TAIL_BURST,2517,True,True,True,False,False,False,0
e01-tds1,TAIL_BURST,2518,True,True,True,False,False,False,0
e01-tds1,TAIL_BURST,2519,True,True,True,True,True,False,0
e01-tds1,TAIL_BURST,2520,True,False,True,False,False,False,0
e01-tds1,TAIL_BURST,2521,True,True,True,False,False,False,0
e01-tds1,TAIL_BURST,2522,True,True,True,False,False,False,0
e01-tds1,TAIL_BURST,2523,False,False,True,False,False,False,0
e01-tds1,TAIL_BURST,2524,True,False,True,False,False,False,0
e01-tds1,TAIL_BURST,2525,True,False,True,False,False,False,0
e01-tds1,TAIL_BURST,2526,True,True,True,False,False,False,0
e01-tds1,TAIL_BURST,2527,True,False,True,False,False,False,0
e01-tds1,TAIL_BURST,2528,True,False,True,False,False,False,0
e01-tds1,TAIL_BURST,2529,True,True,True,False,False,False,0
e01-tds1,TAIL_BURST,2530,True,True,True,False,False,False,0
e01-tds1,TAIL_BURST,2531,False,False,True,False,False,False,0
e01-tds1,TAIL_BURST,2532,True,False,True,False,False,False,0
e01-tds1,TAIL_BURST,2533,True,False,True,False,False,False,0
e01-tds1,TAIL_BURST,2534,True,True,True,False,False,False,0
e01-tds1,TAIL_BURST,2535,True,True,True,False,False,False,0
e01-tds1,TAIL_BURST,2536,True,False,True,False,False,False,0
e01-tds1,TAIL_BURST,2537,True,True,True,False,False,False,0
e01-tds1,TAIL_BURST,2538,False,False,True,False,False,False,0
e01-tds1,TAIL_BURST,2539,True,False,True,False,False,False,0
e01-tds1,TAIL_BURST,2540,False,False,True,False,False,False,0
e01-tds1,TAIL_BURST,2541,True,True,True,False,False,False,0
e01-tds1,TAIL_BURST,2542,True,False,True,False,False,False,0
e01-tds1,TAIL_BURST,2543,True,False,True,False,False,False,0
e01-tds1,TAIL_BURST,2544,True,True,True,False,False,False,0
e01-tds1,TAIL_BURST,2545,True,False,True,False,False,False,0
e01-tds1,TAIL_BURST,2546,True,False,True,False,False,False,0
e01-tds1,TAIL_BURST,2547,True,False,True,False,False,False,0
e01-tds1,TAIL_BURST,2548,True,True,True,False,False,False,0
e01-tds1,TAIL_BURST,2549,True,True,True,False,False,False,0
e01-tds1,TAIL_BURST,2550,False,False,True,False,False,False,0
e01-tds1,TAIL_BURST,2551,False,False,True,False,False,False,0
e01-tds1,TAIL_BURST,2552,True,True,True,False,False,False,0
e01-tds1,TAIL_BURST,2553,True,True,True,False,False,False,0
e01-tds1,TAIL_BURST,2554,True,False,True,False,False,False,0
e01-tds1,TAIL_BURST,2555,True,True,True,False,False,False,0
e01-tds1,TAIL_BURST,2556,True,False,True,False,False,False,0
e01-tds1,TAIL_BURST,2557,True,True,True,False,False,False,0
e01-tds1,TAIL_BURST,2558,True,False,True,False,False,False,0
e01-tds1,TAIL_BURST,2559,True,True,True,False,False,False,0
e01-tds1,TAIL_BURST,2560,True,True,True,False,False,False,0
e01-tds1,TAIL_BURST,2561,True,True,True,False,False,False,0
e01-tds1,TAIL_BURST,2562,True,False,True,False,False,False,0
e01-tds1,TAIL_BURST,2563,True,False,True,False,False,False,0
e01-tds1,TAIL_BURST,2564,True,True,True,False,False,False,0
e01-tds1,TAIL_BURST,2565,True,False,True,False,False,False,0
e01-tds1,TAIL_BURST,2566,True,False,True,False,False,False,0
e01-tds1,TAIL_BURST,2567,True,True,True,True,True,False,0
e01-tds1,TAIL_BURST,2568,True,True,True,False,False,False,0
e01-tds1,TAIL_BURST,2569,True,False,True,False,False,False,0
e01-tds1,TAIL_BURST,2570,True,False,True,False,False,False,0
e01-tds1,TAIL_BURST,2571,True,False,True,False,False,False,0
e01-tds1,TAIL_BURST,2572,True,True,True,False,False,False,0
e01-tds1,TAIL_BURST,2573,False,True,True,True,False,False,0
e01-tds1,TAIL_BURST,2574,True,True,True,False,False,False,0
e01-tds1,TAIL_BURST,2575,True,False,True,False,False,False,0
e01-tds1,TAIL_BURST,2576,True,True,True,False,False,False,0
e01-tds1,TAIL_BURST,2577,True,False,True,False,False,False,0
e01-tds1,TAIL_BURST,2578,True,True,True,False,False,False,0
e01-tds1,TAIL_BURST,2579,True,True,True,False,False,False,0
e01-tds1,TAIL_BURST,2580,True,False,True,False,False,False,0
e01-tds1,TAIL_BURST,2581,True,True,True,False,False,False,0
e01-tds1,TAIL_BURST,2582,True,True,True,False,False,False,0
e01-tds1,TAIL_BURST,2583,True,True,True,False,False,False,0
e01-tds1,TAIL_BURST,2584,True,True,True,False,False,False,0
e01-tds1,TAIL_BURST,2585,True,False,True,False,False,False,0
e01-tds1,TAIL_BURST,2586,True,True,True,False,False,False,0
e01-tds1,TAIL_BURST,2587,False,False,True,False,False,False,0
e01-tds1,TAIL_BURST,2588,True,True,True,True,True,False,0
e01-tds1,TAIL_BURST,2589,True,False,True,False,False,False,0
e01-tds1,TAIL_BURST,2590,True,True,True,False,False,False,0
e01-tds1,TAIL_BURST,2591,True,True,True,False,False,False,0
e01-tds1,TAIL_BURST,2592,False,False,True,True,False,False,0
e01-tds1,TAIL_BURST,2593,False,False,True,True,False,False,0
e01-tds1,TAIL_BURST,2594,True,True,True,False,False,False,0
e01-tds1,TAIL_BURST,2595,True,False,True,False,False,False,0
e01-tds1,TAIL_BURST,2596,True,True,True,False,False,False,0
e01-tds1,TAIL_BURST,2597,True,True,True,False,False,False,0
e01-tds1,TAIL_BURST,2598,True,False,True,False,False,False,0
e01-tds1,TAIL_BURST,2599,True,True,True,False,False,False,0
e01-tds1,TAIL_BURST,2600,True,False,True,False,False,False,0
e01-tds1,TAIL_BURST,2601,True,True,True,False,False,False,0
e01-tds1,TAIL_BURST,2602,True,True,True,True,True,False,0
e01-tds1,TAIL_BURST,2603,True,False,True,False,False,False,0
e01-tds1,TAIL_BURST,2604,True,False,True,False,False,False,0
e01-tds1,TAIL_BURST,2605,True,True,True,False,False,False,0
e01-tds1,TAIL_BURST,2606,False,True,True,True,False,False,0
e01-tds1,TAIL_BURST,2607,True,False,True,False,False,False,0
e01-tds1,TAIL_BURST,2608,True,True,True,False,False,False,0
e01-tds1,TAIL_BURST,2609,True,False,True,False,False,False,0
e01-tds1,TAIL_BURST,2610,True,False,True,False,False,False,0
e01-tds1,TAIL_BURST,2611,True,True,True,False,False,False,0
e01-tds1,TAIL_BURST,2612,True,True,True,False,False,False,0
e01-tds1,TAIL_BURST,2613,True,True,True,False,False,False,0
e01-tds1,TAIL_BURST,2614,True,False,True,False,False,False,0
e01-tds1,TAIL_BURST,2615,True,True,True,True,True,False,0
e01-tds1,TAIL_BURST,2616,False,False,True,False,False,False,0
e01-tds1,TAIL_BURST,2617,True,True,True,False,False,False,0
e01-tds1,TAIL_BURST,2618,True,False,True,False,False,False,0
e01-tds1,TAIL_BURST,2619,True,True,True,True,True,False,0
e01-tds1,TAIL_BURST,2620,True,True,True,False,False,False,0
e01-tds1,TAIL_BURST,2621,True,False,True,False,False,False,0
e01-tds1,TAIL_BURST,2622,True,False,True,False,False,False,0
e01-tds1,TAIL_BURST,2623,True,True,True,False,False,False,0
e01-tds1,TAIL_BURST,2624,True,False,True,False,False,False,0
e01-tds1,TAIL_BURST,2625,True,False,True,False,False,False,0
e01-tds1,TAIL_BURST,2626,False,False,True,False,False,False,0
e01-tds1,TAIL_BURST,2627,True,True,True,False,False,False,0
e01-tds1,TAIL_BURST,2628,False,False,True,True,False,False,0
e01-tds1,TAIL_BURST,2629,True,True,True,False,False,False,0
e01-tds1,TAIL_BURST,2630,True,True,True,True,True,False,0
e01-tds1,TAIL_BURST,2631,True,False,True,False,False,False,0
e01-tds1,TAIL_BURST,2632,True,True,True,False,False,False,0
e01-tds1,TAIL_BURST,2633,True,False,True,False,False,False,0
e01-tds1,TAIL_BURST,2634,True,True,True,False,False,False,0
e01-tds1,TAIL_BURST,2635,True,False,True,False,False,False,0
e01-tds1,TAIL_BURST,2636,True,False,True,False,False,False,0
e01-tds1,TAIL_BURST,2637,True,False,True,False,False,False,0
e01-tds1,TAIL_BURST,2638,True,True,False,False,False,False,0
e01-tds1,TAIL_BURST,2639,True,True,True,False,False,False,0
e01-tds1,TAIL_BURST,2640,True,False,True,False,False,False,0
e01-tds1,TAIL_BURST,2641,False,False,True,False,False,False,0
e01-tds1,TAIL_BURST,2642,False,False,True,True,False,False,0
e01-tds1,TAIL_BURST,2643,True,True,True,False,False,False,0
e01-tds1,TAIL_BURST,2644,True,True,True,False,False,False,0
e01-tds1,TAIL_BURST,2645,True,False,True,False,False,False,0
e01-tds1,TAIL_BURST,2646,False,False,True,False,False,False,0
e01-tds1,TAIL_BURST,2647,False,False,True,False,False,False,0
e01-tds1,TAIL_BURST,2648,True,False,True,False,False,False,0
e01-tds1,TAIL_BURST,2649,True,False,True,False,False,False,0
e01-tds1,TAIL_BURST,2650,False,False,True,False,False,False,0
e01-tds1,TAIL_BURST,2651,True,True,True,False,False,False,0
e01-tds1,TAIL_BURST,2652,True,False,True,False,False,False,0
e01-tds1,TAIL_BURST,2653,True,True,True,False,False,False,0
e01-tds1,TAIL_BURST,2654,True,True,True,True,True,False,0
e01-tds1,TAIL_BURST,2655,True,True,True,False,False,False,0
e01-tds1,TAIL_BURST,2656,True,True,True,False,False,False,0
e01-tds1,TAIL_BURST,2657,True,False,True,False,False,False,0
e01-tds1,TAIL_BURST,2658,True,False,True,False,False,False,0
e01-tds1,TAIL_BURST,2659,True,False,True,False,False,False,0
e01-tds1,TAIL_BURST,2660,True,False,True,False,False,False,0
e01-tds1,TAIL_BURST,2661,True,True,True,False,False,False,0
e01-tds1,TAIL_BURST,2662,True,True,True,False,False,False,0
e01-tds1,TAIL_BURST,2663,False,False,True,False,False,False,0
e01-tds1,TAIL_BURST,2664,False,False,True,True,False,False,0
e01-tds1,TAIL_BURST,2665,True,False,True,False,False,False,0
e01-tds1,TAIL_BURST,2666,False,True,True,False,False,False,0
e01-tds1,TAIL_BURST,2667,True,True,True,False,False,False,0
e01-tds1,TAIL_BURST,2668,True,False,True,False,False,False,0
e01-tds1,TAIL_BURST,2669,True,False,True,False,False,False,0
e01-tds1,TAIL_BURST,2670,True,False,True,False,False,False,0
e01-tds1,TAIL_BURST,2671,True,False,True,False,False,False,0
e01-tds1,TAIL_BURST,2672,True,True,True,False,False,False,0
e01-tds1,TAIL_BURST,2673,True,False,True,False,False,False,0
e01-tds1,TAIL_BURST,2674,True,True,True,True,True,False,0
e01-tds1,TAIL_BURST,2675,False,False,True,False,False,False,0
e01-tds1,TAIL_BURST,2676,True,True,True,False,False,False,0
e01-tds1,TAIL_BURST,2677,True,True,True,False,False,False,0
e01-tds1,TAIL_BURST,2678,True,True,True,True,True,False,0
e01-tds1,TAIL_BURST,2679,True,True,True,True,True,False,0
e01-tds1,TAIL_BURST,2680,True,True,True,False,False,False,0
e01-tds1,TAIL_BURST,2681,False,False,True,True,False,False,0
e01-tds1,TAIL_BURST,2682,True,True,True,False,False,False,0
e01-tds1,TAIL_BURST,2683,True,False,True,False,False,False,0
e01-tds1,TAIL_BURST,2684,False,False,True,False,False,False,0
e01-tds1,TAIL_BURST,2685,False,False,True,False,False,False,0
e01-tds1,TAIL_BURST,2686,True,False,True,False,False,False,0
e01-tds1,TAIL_BURST,2687,False,False,True,False,False,False,0
e01-tds1,TAIL_BURST,2688,True,True,True,False,False,False,0
e01-tds1,TAIL_BURST,2689,True,True,True,False,False,False,0
e01-tds1,TAIL_BURST,2690,True,True,True,False,False,False,0
e01-tds1,TAIL_BURST,2691,True,False,True,False,False,False,0
e01-tds1,TAIL_BURST,2692,True,False,True,False,False,False,0
e01-tds1,TAIL_BURST,2693,True,False,True,False,False,False,0
e01-tds1,TAIL_BURST,2694,False,False,True,True,False,False,0
e01-tds1,TAIL_BURST,2695,True,False,True,False,False,False,0
e01-tds1,TAIL_BURST,2696,True,False,True,False,False,False,0
e01-tds1,TAIL_BURST,2697,True,True,True,False,False,False,0
e01-tds1,TAIL_BURST,2698,True,False,True,False,False,False,0
e01-tds1,TAIL_BURST,2699,False,False,True,False,False,False,0
e01-tds1,TAIL_BURST,2700,True,True,True,False,False,False,0
e01-tds1,TAIL_BURST,2701,False,True,True,False,False,False,0
e01-tds1,TAIL_BURST,2702,True,False,True,False,False,False,0
e01-tds1,TAIL_BURST,2703,False,False,True,True,False,False,0
e01-tds1,TAIL_BURST,2704,True,True,True,False,False,False,0
e01-tds1,TAIL_BURST,2705,True,True,True,False,False,False,0
e01-tds1,TAIL_BURST,2706,True,True,True,False,False,False,0
e01-tds1,TAIL_BURST,2707,True,False,True,False,False,False,0
e01-tds1,TAIL_BURST,2708,True,True,True,False,False,False,0
e01-tds1,TAIL_BURST,2709,False,False,True,False,False,False,0
e01-tds1,TAIL_BURST,2710,False,False,True,False,False,False,0
e01-tds1,TAIL_BURST,2711,True,True,True,True,True,False,0
e01-tds1,TAIL_BURST,2712,True,True,True,False,False,False,0
e01-tds1,TAIL_BURST,2713,True,True,True,False,False,False,0
e01-tds1,TAIL_BURST,2714,False,True,True,True,False,False,0
e01-tds1,TAIL_BURST,2715,True,True,True,False,False,False,0
e01-tds1,TAIL_BURST,2716,True,True,True,False,False,False,0
e01-tds1,TAIL_BURST,2717,True,True,True,False,False,False,0
e01-tds1,TAIL_BURST,2718,True,False,True,False,False,False,0
e01-tds1,TAIL_BURST,2719,True,True,True,True,True,False,0
e01-tds1,TAIL_BURST,2720,True,False,True,False,False,False,0
e01-tds1,TAIL_BURST,2721,True,True,True,False,False,False,0
e01-tds1,TAIL_BURST,2722,True,True,True,False,False,False,0
e01-tds1,TAIL_BURST,2723,False,False,True,True,False,False,0
e01-tds1,TAIL_BURST,2724,True,True,True,True,True,False,0
e01-tds1,TAIL_BURST,2725,True,True,True,False,False,False,0
e01-tds1,TAIL_BURST,2726,True,False,True,False,False,False,0
e01-tds1,TAIL_BURST,2727,True,True,True,False,False,False,0
e01-tds1,TAIL_BURST,2728,True,True,True,False,False,False,0
e01-tds1,TAIL_BURST,2729,True,True,True,False,False,False,0
e01-tds1,TAIL_BURST,2730,True,False,True,False,False,False,0
e01-tds1,TAIL_BURST,2731,False,False,True,True,False,False,0
e01-tds1,TAIL_BURST,2732,False,False,True,False,False,False,0
e01-tds1,TAIL_BURST,2733,True,True,True,False,False,False,0
e01-tds1,TAIL_BURST,2734,True,True,True,False,False,False,0
e01-tds1,TAIL_BURST,2735,True,True,True,False,False,False,0
e01-tds1,TAIL_BURST,2736,True,True,True,False,False,False,0
e01-tds1,TAIL_BURST,2737,False,False,True,False,False,False,0
e01-tds1,TAIL_BURST,2738,False,False,True,True,False,False,0
e01-tds1,TAIL_BURST,2739,False,False,True,False,False,False,0
e01-tds1,TAIL_BURST,2740,True,True,True,False,False,False,0
e01-tds1,TAIL_BURST,2741,True,False,True,False,False,False,0
e01-tds1,TAIL_BURST,2742,True,True,True,False,False,False,0
e01-tds1,TAIL_BURST,2743,True,False,True,False,False,False,0
e01-tds1,TAIL_BURST,2744,True,True,True,False,False,False,0
e01-tds1,TAIL_BURST,2745,True,True,True,False,False,False,0
e01-tds1,TAIL_BURST,2746,True,False,True,False,False,False,0
e01-tds1,TAIL_BURST,2747,False,False,True,False,False,False,0
e01-tds1,TAIL_BURST,2748,False,False,True,False,False,False,0
e01-tds1,TAIL_BURST,2749,True,True,True,False,False,False,0
e01-tds1,TAIL_BURST,2750,True,True,True,True,True,False,0
e01-tds1,TAIL_BURST,2751,True,True,True,False,False,False,0
e01-tds1,TAIL_BURST,2752,True,False,True,False,False,False,0
e01-tds1,TAIL_BURST,2753,True,True,True,False,False,False,0
e01-tds1,TAIL_BURST,2754,True,True,True,False,False,False,0
e01-tds1,TAIL_BURST,2755,False,False,True,False,False,False,0
e01-tds1,TAIL_BURST,2756,True,True,True,False,False,False,0
e01-tds1,TAIL_BURST,2757,True,True,True,True,True,False,0
e01-tds1,TAIL_BURST,2758,True,False,True,False,False,False,0
e01-tds1,TAIL_BURST,2759,True,False,True,False,False,False,0
e01-tds1,TAIL_BURST,2760,False,True,True,True,False,False,0
e01-tds1,TAIL_BURST,2761,True,True,True,False,False,False,0
e01-tds1,TAIL_BURST,2762,True,False,True,False,False,False,0
e01-tds1,TAIL_BURST,2763,False,False,True,False,False,False,0
e01-tds1,TAIL_BURST,2764,False,True,True,False,False,False,0
e01-tds1,TAIL_BURST,2765,True,True,True,False,False,False,0
e01-tds1,TAIL_BURST,2766,True,False,True,False,False,False,0
e01-tds1,TAIL_BURST,2767,True,False,True,False,False,False,0
e01-tds1,TAIL_BURST,2768,True,True,True,False,False,False,0
e01-tds1,TAIL_BURST,2769,False,False,True,False,False,False,0
e01-tds1,TAIL_BURST,2770,False,False,True,False,False,False,0
e01-tds1,TAIL_BURST,2771,True,True,True,False,False,False,0
e01-tds1,TAIL_BURST,2772,True,True,True,False,False,False,0
e01-tds1,TAIL_BURST,2773,True,False,True,False,False,False,0
e01-tds1,TAIL_BURST,2774,True,False,True,False,False,False,0
e01-tds1,TAIL_BURST,2775,True,False,True,False,False,False,0
e01-tds1,TAIL_BURST,2776,True,True,True,False,False,False,0
e01-tds1,TAIL_BURST,2777,True,True,True,False,False,False,0
e01-tds1,TAIL_BURST,2778,True,False,True,False,False,False,0
e01-tds1,TAIL_BURST,2779,True,False,True,True,False,False,0
e01-tds1,TAIL_BURST,2780,True,False,True,False,False,False,0
e01-tds1,TAIL_BURST,2781,True,False,True,False,False,False,0
e01-tds1,TAIL_BURST,2782,True,False,True,False,False,False,0
e01-tds1,TAIL_BURST,2783,True,False,True,False,False,False,0
e01-tds1,TAIL_BURST,2784,True,True,True,False,False,False,0
e01-tds1,TAIL_BURST,2785,True,True,True,False,False,False,0
e01-tds1,TAIL_BURST,2786,True,True,True,False,False,False,0
e01-tds1,TAIL_BURST,2787,True,True,True,False,False,False,0
e01-tds1,TAIL_BURST,2788,True,False,True,False,False,False,0
e01-tds1,TAIL_BURST,2789,True,True,True,False,False,False,0
e01-tds1,TAIL_BURST,2790,True,True,True,False,False,False,0
e01-tds1,TAIL_BURST,2791,True,True,True,False,False,False,0
e01-tds1,TAIL_BURST,2792,True,False,True,False,False,False,0
e01-tds1,TAIL_BURST,2793,True,False,True,False,False,False,0
e01-tds1,TAIL_BURST,2794,True,False,True,False,False,False,0
e01-tds1,TAIL_BURST,2795,True,True,True,False,False,False,0
e01-tds1,TAIL_BURST,2796,True,True,True,False,False,False,0
e01-tds1,TAIL_BURST,2797,True,True,True,False,False,False,0
e01-tds1,TAIL_BURST,2798,True,False,True,False,False,False,0
e01-tds1,TAIL_BURST,2799,True,False,True,False,False,False,0
e01-tds1,TAIL_BURST,2800,True,True,True,False,False,False,0
e01-tds1,TAIL_BURST,2801,True,True,True,True,True,False,0
e01-tds1,TAIL_BURST,2802,True,True,True,False,False,False,0
e01-tds1,TAIL_BURST,2803,True,True,True,False,False,False,0
e01-tds1,TAIL_BURST,2804,True,True,True,False,False,False,0
e01-tds1,TAIL_BURST,2805,True,False,True,False,False,False,0
e01-tds1,TAIL_BURST,2806,True,True,True,False,False,False,0
e01-tds1,TAIL_BURST,2807,True,False,True,False,False,False,0
e01-tds1,TAIL_BURST,2808,True,True,True,False,False,False,0
e01-tds1,TAIL_BURST,2809,True,True,True,False,False,False,0
e01-tds1,TAIL_BURST,2810,True,True,True,False,False,False,0
e01-tds1,TAIL_BURST,2811,True,True,True,False,False,False,0
e01-tds1,TAIL_BURST,2812,True,True,True,False,False,False,0
e01-tds1,TAIL_BURST,2813,True,True,True,False,False,False,0
e01-tds1,TAIL_BURST,2814,False,False,True,False,False,False,0
e01-tds1,TAIL_BURST,2815,True,False,True,False,False,False,0
e01-tds1,TAIL_BURST,2816,True,True,True,False,False,False,0
e01-tds1,TAIL_BURST,2817,True,False,True,False,False,False,0
e01-tds1,TAIL_BURST,2818,True,False,True,False,False,False,0
e01-tds1,TAIL_BURST,2819,True,False,True,False,False,False,0
e01-tds1,TAIL_BURST,2820,False,False,True,True,False,False,0
e01-tds1,TAIL_BURST,2821,True,True,True,True,True,False,0
e01-tds1,TAIL_BURST,2822,False,False,True,True,False,False,0
e01-tds1,TAIL_BURST,2823,False,False,True,True,False,False,0
e01-tds1,TAIL_BURST,2824,True,True,True,False,False,False,0
e01-tds1,TAIL_BURST,2825,True,False,True,False,False,False,0
e01-tds1,TAIL_BURST,2826,False,False,True,False,False,False,0
e01-tds1,TAIL_BURST,2827,True,True,True,False,False,False,0
e01-tds1,TAIL_BURST,2828,True,False,True,False,False,False,0
e01-tds1,TAIL_BURST,2829,False,False,True,False,False,False,0
e01-tds1,TAIL_BURST,2830,True,False,True,False,False,False,0
e01-tds1,TAIL_BURST,2831,True,False,True,False,False,False,0
e01-tds1,TAIL_BURST,2832,True,False,True,True,False,False,0
e01-tds1,TAIL_BURST,2833,True,True,True,False,False,False,0
e01-tds1,TAIL_BURST,2834,True,False,True,False,False,False,0
e01-tds1,TAIL_BURST,2835,True,False,True,False,False,False,0
e01-tds1,TAIL_BURST,2836,True,True,True,False,False,False,0
e01-tds1,TAIL_BURST,2837,True,True,True,False,False,False,0
e01-tds1,TAIL_BURST,2838,True,False,True,False,False,False,0
e01-tds1,TAIL_BURST,2839,True,True,True,True,True,False,0
e01-tds1,TAIL_BURST,2840,True,True,False,False,False,False,0
e01-tds1,TAIL_BURST,2841,True,False,True,False,False,False,0
e01-tds1,TAIL_BURST,2842,True,False,True,False,False,False,0
e01-tds1,TAIL_BURST,2843,True,True,True,False,False,False,0
e01-tds1,TAIL_BURST,2844,True,True,True,True,True,False,0
e01-tds1,TAIL_BURST,2845,False,False,True,True,False,False,0
e01-tds1,TAIL_BURST,2846,True,False,True,False,False,False,0
e01-tds1,TAIL_BURST,2847,True,False,True,False,False,False,0
e01-tds1,TAIL_BURST,2848,True,True,True,False,False,False,0
e01-tds1,TAIL_BURST,2849,True,False,True,False,False,False,0
e01-tds1,TAIL_BURST,2850,True,False,True,False,False,False,0
e01-tds1,TAIL_BURST,2851,True,False,True,False,False,False,0
e01-tds1,TAIL_BURST,2852,True,True,True,False,False,False,0
e01-tds1,TAIL_BURST,2853,True,True,True,False,False,False,0
e01-tds1,TAIL_BURST,2854,True,True,True,False,False,False,0
e01-tds1,TAIL_BURST,2855,False,False,True,False,False,False,0
e01-tds1,TAIL_BURST,2856,True,True,True,False,False,False,0
e01-tds1,TAIL_BURST,2857,True,True,True,False,False,False,0
e01-tds1,TAIL_BURST,2858,True,True,True,False,False,False,0
e01-tds1,TAIL_BURST,2859,True,True,True,False,False,False,0
e01-tds1,TAIL_BURST,2860,True,False,True,False,False,False,0
e01-tds1,TAIL_BURST,2861,False,False,True,False,False,False,0
e01-tds1,TAIL_BURST,2862,False,False,True,True,False,False,0
e01-tds1,TAIL_BURST,2863,True,True,True,False,False,False,0
e01-tds1,TAIL_BURST,2864,True,False,True,False,False,False,0
e01-tds1,TAIL_BURST,2865,False,False,True,True,False,False,0
e01-tds1,TAIL_BURST,2866,True,False,True,False,False,False,0
e01-tds1,TAIL_BURST,2867,True,False,True,False,False,False,0
e01-tds1,TAIL_BURST,2868,True,False,True,False,False,False,0
e01-tds1,TAIL_BURST,2869,True,False,True,False,False,False,0
e01-tds1,TAIL_BURST,2870,True,False,True,False,False,False,0
e01-tds1,TAIL_BURST,2871,True,True,True,False,False,False,0
e01-tds1,TAIL_BURST,2872,True,True,True,False,False,False,0
e01-tds1,TAIL_BURST,2873,False,False,True,True,False,False,0
e01-tds1,TAIL_BURST,2874,True,False,True,False,False,False,0
e01-tds1,TAIL_BURST,2875,True,True,True,False,False,False,0
e01-tds1,TAIL_BURST,2876,True,True,True,False,False,False,0
e01-tds1,TAIL_BURST,2877,True,False,True,False,False,False,0
e01-tds1,TAIL_BURST,2878,True,True,True,False,False,False,0
e01-tds1,TAIL_BURST,2879,True,True,True,False,False,False,0
e01-tds1,TAIL_BURST,2880,False,False,True,False,False,False,0
e01-tds1,TAIL_BURST,2881,True,True,True,True,True,False,0
e01-tds1,TAIL_BURST,2882,False,False,True,False,False,False,0
e01-tds1,TAIL_BURST,2883,True,True,True,False,False,False,0
e01-tds1,TAIL_BURST,2884,False,False,True,False,False,False,0
e01-tds1,TAIL_BURST,2885,True,False,True,False,False,False,0
e01-tds1,TAIL_BURST,2886,False,False,True,False,False,False,0
e01-tds1,TAIL_BURST,2887,True,True,True,True,True,False,0
e01-tds1,TAIL_BURST,2888,True,True,True,False,False,False,0
e01-tds1,TAIL_BURST,2889,True,True,True,False,False,False,0
e01-tds1,TAIL_BURST,2890,True,True,True,False,False,False,0
e01-tds1,TAIL_BURST,2891,True,False,True,False,False,False,0
e01-tds1,TAIL_BURST,2892,False,False,True,True,False,False,0
e01-tds1,TAIL_BURST,2893,True,True,True,False,False,False,0
e01-tds1,TAIL_BURST,2894,True,False,True,False,False,False,0
e01-tds1,TAIL_BURST,2895,False,False,True,False,False,False,0
e01-tds1,TAIL_BURST,2896,True,True,True,True,True,False,0
e01-tds1,TAIL_BURST,2897,True,True,True,False,False,False,0
e01-tds1,TAIL_BURST,2898,True,False,True,False,False,False,0
e01-tds1,TAIL_BURST,2899,True,True,True,False,False,False,0
e01-tds1,TAIL_BURST,2900,True,False,True,False,False,False,0
e01-tds1,TAIL_BURST,2901,True,True,True,False,False,False,0
e01-tds1,TAIL_BURST,2902,True,False,True,False,False,False,0
e01-tds1,TAIL_BURST,2903,True,False,True,False,False,False,0
e01-tds1,TAIL_BURST,2904,True,True,True,False,False,False,0
e01-tds1,TAIL_BURST,2905,True,True,True,True,True,False,0
e01-tds1,TAIL_BURST,2906,True,False,True,False,False,False,0
e01-tds1,TAIL_BURST,2907,True,True,True,False,False,False,0
e01-tds1,TAIL_BURST,2908,True,True,True,False,False,False,0
e01-tds1,TAIL_BURST,2909,False,False,True,False,False,False,0
e01-tds1,TAIL_BURST,2910,False,False,True,True,False,False,0
e01-tds1,TAIL_BURST,2911,True,False,True,False,False,False,0
e01-tds1,TAIL_BURST,2912,True,False,True,False,False,False,0
e01-tds1,TAIL_BURST,2913,True,True,True,False,False,False,0
e01-tds1,TAIL_BURST,2914,True,True,True,False,False,False,0
e01-tds1,TAIL_BURST,2915,True,True,True,False,False,False,0
e01-tds1,TAIL_BURST,2916,True,False,True,False,False,False,0
e01-tds1,TAIL_BURST,2917,True,True,True,False,False,False,0
e01-tds1,TAIL_BURST,2918,True,True,True,False,False,False,0
e01-tds1,TAIL_BURST,2919,False,False,True,True,False,False,0
e01-tds1,TAIL_BURST,2920,True,True,True,False,False,False,0
e01-tds1,TAIL_BURST,2921,True,True,True,False,False,False,0
e01-tds1,TAIL_BURST,2922,True,False,True,False,False,False,0
e01-tds1,TAIL_BURST,2923,True,False,True,False,False,False,0
e01-tds1,TAIL_BURST,2924,True,True,True,False,False,False,0
e01-tds1,TAIL_BURST,2925,False,True,True,False,False,False,0
e01-tds1,TAIL_BURST,2926,True,True,True,False,False,False,0
e01-tds1,TAIL_BURST,2927,True,False,True,False,False,False,0
e01-tds1,TAIL_BURST,2928,True,False,True,False,False,False,0
e01-tds1,TAIL_BURST,2929,True,False,True,False,False,False,0
e01-tds1,TAIL_BURST,2930,True,False,True,False,False,False,0
e01-tds1,TAIL_BURST,2931,True,False,True,False,False,False,0
e01-tds1,TAIL_BURST,2932,True,True,True,False,False,False,0
e01-tds1,TAIL_BURST,2933,True,True,True,False,False,False,0
e01-tds1,TAIL_BURST,2934,True,False,True,False,False,False,0
e01-tds1,TAIL_BURST,2935,True,True,True,False,False,False,0
e01-tds1,TAIL_BURST,2936,True,True,True,False,False,False,0
e01-tds1,TAIL_BURST,2937,True,False,True,False,False,False,0
e01-tds1,TAIL_BURST,2938,False,False,True,False,False,False,0
e01-tds1,TAIL_BURST,2939,True,False,True,False,False,False,0
e01-tds1,TAIL_BURST,2940,True,True,True,False,False,False,0
e01-tds1,TAIL_BURST,2941,True,True,True,False,False,False,0
e01-tds1,TAIL_BURST,2942,False,False,True,True,False,False,0
e01-tds1,TAIL_BURST,2943,True,False,True,False,False,False,0
e01-tds1,TAIL_BURST,2944,True,True,True,False,False,False,0
e01-tds1,TAIL_BURST,2945,True,False,True,False,False,False,0
e01-tds1,TAIL_BURST,2946,True,True,True,False,False,False,0
e01-tds1,TAIL_BURST,2947,True,False,True,False,False,False,0
e01-tds1,TAIL_BURST,2948,True,True,True,False,False,False,0
e01-tds1,TAIL_BURST,2949,True,True,True,False,False,False,0
e01-tds1,TAIL_BURST,2950,True,False,True,False,False,False,0
e01-tds1,TAIL_BURST,2951,True,True,True,False,False,False,0
e01-tds1,TAIL_BURST,2952,True,True,True,False,False,False,0
e01-tds1,TAIL_BURST,2953,True,True,True,True,True,False,0
e01-tds1,TAIL_BURST,2954,True,False,True,False,False,False,0
e01-tds1,TAIL_BURST,2955,False,False,True,False,False,False,0
e01-tds1,TAIL_BURST,2956,True,True,True,False,False,False,0
e01-tds1,TAIL_BURST,2957,False,False,True,False,False,False,0
e01-tds1,TAIL_BURST,2958,True,True,True,False,False,False,0
e01-tds1,TAIL_BURST,2959,True,False,True,False,False,False,0
e01-tds1,TAIL_BURST,2960,True,True,True,False,False,False,0
e01-tds1,TAIL_BURST,2961,True,False,True,False,False,False,0
e01-tds1,TAIL_BURST,2962,True,True,True,False,False,False,0
e01-tds1,TAIL_BURST,2963,True,True,True,False,False,False,0
e01-tds1,TAIL_BURST,2964,True,False,True,False,False,False,0
e01-tds1,TAIL_BURST,2965,True,False,True,False,False,False,0
e01-tds1,TAIL_BURST,2966,False,False,True,True,False,False,0
e01-tds1,TAIL_BURST,2967,True,True,True,False,False,False,0
e01-tds1,TAIL_BURST,2968,True,True,True,False,False,False,0
e01-tds1,TAIL_BURST,2969,True,False,True,False,False,False,0
e01-tds1,TAIL_BURST,2970,False,False,True,False,False,False,0
e01-tds1,TAIL_BURST,2971,False,False,True,False,False,False,0
e01-tds1,TAIL_BURST,2972,False,False,True,True,False,False,0
e01-tds1,TAIL_BURST,2973,True,True,True,True,True,False,0
e01-tds1,TAIL_BURST,2974,True,False,True,False,False,False,0
e01-tds1,TAIL_BURST,2975,True,True,True,False,False,False,0
e01-tds1,TAIL_BURST,2976,True,False,True,False,False,False,0
e01-tds1,TAIL_BURST,2977,True,False,True,False,False,False,0
e01-tds1,TAIL_BURST,2978,True,True,True,False,False,False,0
e01-tds1,TAIL_BURST,2979,True,True,True,False,False,False,0
e01-tds1,TAIL_BURST,2980,True,True,True,False,False,False,0
e01-tds1,TAIL_BURST,2981,False,False,True,False,False,False,0
e01-tds1,TAIL_BURST,2982,True,False,True,False,False,False,0
e01-tds1,TAIL_BURST,2983,True,False,True,False,False,False,0
e01-tds1,TAIL_BURST,2984,True,True,True,False,False,False,0
e01-tds1,TAIL_BURST,2985,True,False,True,False,False,False,0
e01-tds1,TAIL_BURST,2986,True,True,True,False,False,False,0
e01-tds1,TAIL_BURST,2987,True,True,True,True,True,False,0
e01-tds1,TAIL_BURST,2988,False,False,True,False,False,False,0
e01-tds1,TAIL_BURST,2989,True,False,True,False,False,False,0
e01-tds1,TAIL_BURST,2990,True,False,True,False,False,False,0
e01-tds1,TAIL_BURST,2991,True,False,True,False,False,False,0
e01-tds1,TAIL_BURST,2992,True,True,True,False,False,False,0
e01-tds1,TAIL_BURST,2993,True,True,True,False,False,False,0
e01-tds1,TAIL_BURST,2994,True,False,True,False,False,False,0
e01-tds1,TAIL_BURST,2995,True,False,True,False,False,False,0
e01-tds1,TAIL_BURST,2996,True,False,True,False,False,False,0
e01-tds1,TAIL_BURST,2997,True,True,True,False,False,False,0
e01-tds1,TAIL_BURST,2998,True,True,True,False,False,False,0
e01-tds1,TAIL_BURST,2999,False,False,True,True,False,False,0
